{
"type": "FeatureCollection",
"name": "logradouros",
"crs": { "type": "name", "properties": { "name": "urn:ogc:def:crs:OGC:1.3:CRS84" } },
"features": [
{"type":"Feature","properties":{"fid":1,"NOM_LOGRAD":"RUA GÉRBERA (RUA 38)","DOC_CRIAç":"Lei n 2.172 de 21.12.2015","LOCALIDADE":"AGROBRASIL","BAIRRO":"CENTRO","CEP":null,"NOME ANTIGO":null},"geometry":{"type":"MultiLineString","coordinates":[[[-42.772902950958155,-22.645678852058165,0.0],[-42.773389866839807,-22.645476634618973,0.0],[-42.773649935863041,-22.645379626172691,0.0],[-42.774026847074211,-22.645276500254436,0.0],[-42.774302092268968,-22.645272583370804,0.0],[-42.774543365851308,-22.645306894997869,0.0],[-42.774842250175929,-22.645388447218245,0.0],[-42.775281492207654,-22.645557089372502,0.0],[-42.775437410068285,-22.645570230059658,0.0],[-42.775601321881474,-22.645588549422513,0.0],[-42.775696561666187,-22.645577838531395,0.0],[-42.775822366359371,-22.645547496926685,0.0],[-42.775948300207588,-22.645509135048901,0.0],[-42.7761576109882,-22.645391710561348,0.0],[-42.776331907200721,-22.645301876761639,0.0],[-42.776532899763097,-22.645164281393445,0.0],[-42.776764456609079,-22.645007054881496,0.0],[-42.7769521647283,-22.644889329534585,0.0],[-42.777078872517848,-22.644802845632892,0.0],[-42.77723195356949,-22.644688650555029,0.0],[-42.777315587675119,-22.644593546993029,0.0],[-42.777351699003184,-22.644497784238297,0.0],[-42.777397741857058,-22.64432193952506,0.0],[-42.777409932820902,-22.644101504445313,0.0],[-42.777460881339444,-22.643620892863982,0.0],[-42.777504669018597,-22.643316665266742,0.0],[-42.777590472919854,-22.64254975146163,0.0],[-42.777624522199488,-22.642313575470329,0.0],[-42.777655025643391,-22.642029218453231,0.0],[-42.77764709525772,-22.641984987633528,0.0],[-42.777663444080659,-22.641774637562605,0.0],[-42.777647389703368,-22.64169820619729,0.0],[-42.777626950647637,-22.641625725014759,0.0],[-42.777567888422105,-22.641536664287987,0.0],[-42.777465624801927,-22.641447004433882,0.0],[-42.777380383705065,-22.641373624543267,0.0],[-42.777303653886278,-22.641308384626736,0.0],[-42.777248912136237,-22.641219383722014,0.0],[-42.77718991486816,-22.641126312794658,0.0],[-42.777139687045633,-22.64102534150933,0.0],[-42.777094554056497,-22.640876309050171,0.0],[-42.777054741853554,-22.640665180105497,0.0],[-42.777053907601839,-22.640448575307047,0.0],[-42.777068357495565,-22.640087787001736,0.0],[-42.77706920145026,-22.63976691982829,0.0],[-42.777059597778383,-22.639558215352348,0.0],[-42.777056568686675,-22.639477953617295,0.0],[-42.777061787719084,-22.639690608267252,0.0],[-42.777075969683395,-22.639883332296364,0.0],[-42.777068163841967,-22.640099817273544,0.0],[-42.777061132569102,-22.640268181157179,0.0],[-42.777054294918045,-22.640424514764717,0.0],[-42.777053068414965,-22.640500706481877,0.0],[-42.77705964295351,-22.640629149213499,0.0],[-42.777078274121848,-22.640813912969438,0.0],[-42.777119345158113,-22.640946845150282,0.0],[-42.777160674469037,-22.6410637369634,0.0],[-42.777227731017419,-22.641193018547806,0.0],[-42.777303686160387,-22.641306379581422,0.0],[-42.777371840236469,-22.641367489579341,0.0],[-42.777282924585144,-22.641253948823923,0.0],[-42.777210966869362,-22.64116069815358,0.0],[-42.777160674469037,-22.6410637369634,0.0],[-42.777135592845717,-22.64101124627377,0.0],[-42.777102516508208,-22.640918534838477,0.0],[-42.777070408510639,-22.640765672045085,0.0],[-42.777063898520417,-22.640633219224295,0.0],[-42.777053843049103,-22.640452585397437,0.0],[-42.777072742149642,-22.640083836830016,0.0],[-42.777073586093252,-22.639762969655585,0.0],[-42.777059791427597,-22.639546185079798,0.0],[-42.777036097893827,-22.63940747743742,0.0],[-42.776998895482926,-22.639302675809287,0.0],[-42.776957373047082,-22.639197814256132,0.0],[-42.776911207833393,-22.639112943228692,0.0],[-42.776860787157467,-22.639024002179237,0.0],[-42.776800693524166,-22.638999102718895,0.0],[-42.776757621956513,-22.638990483297981,0.0],[-42.776714292163369,-22.63899790422666,0.0],[-42.776626986959897,-22.63905284694701,0.0],[-42.776370682391679,-22.639137532939589,0.0],[-42.776196846376727,-22.639199296850414,0.0],[-42.776018883884063,-22.639248970350057,0.0],[-42.775945248889904,-22.639259981529811,0.0]]]}},
{"type":"Feature","properties":{"fid":2,"NOM_LOGRAD":"RUA HIBISCO (RUA 50)","DOC_CRIAç":"Lei n 2.172 de 21.12.2015","LOCALIDADE":"AGROBRASIL","BAIRRO":"CENTRO","CEP":null,"NOME ANTIGO":null},"geometry":{"type":"MultiLineString","coordinates":[[[-42.767638094082486,-22.657667540309625,0.0],[-42.767723893921215,-22.657519238354766,0.0],[-42.767820690388419,-22.657371629246491,0.0],[-42.767950876363116,-22.657202579746055,0.0],[-42.768081203713521,-22.657024769843453,0.0],[-42.768292397041691,-22.656808656414128,0.0],[-42.76855677735751,-22.656514423408776,0.0],[-42.7688460987873,-22.656137295950508,0.0],[-42.769043485687966,-22.655899083414429,0.0],[-42.76926461000695,-22.655652438904607,0.0],[-42.769390285623082,-22.655470181791621,0.0],[-42.769579435583729,-22.655157374627525,0.0],[-42.769666860513283,-22.655005252510215,0.0],[-42.76971511519455,-22.654940207481904,0.0],[-42.769763829972213,-22.654846691525673,0.0],[-42.769803141534055,-22.654750854073185,0.0],[-42.769813571123265,-22.654689663516695,0.0],[-42.769800192003913,-22.654641284868415,0.0],[-42.769801253842537,-22.654575582766402,0.0],[-42.769769493215527,-22.654496280325894,0.0],[-42.769700261722505,-22.654398931687663,0.0],[-42.769616589385478,-22.654318906465061,0.0],[-42.76936113691545,-22.654061244307009,0.0],[-42.769124491526647,-22.653808224830073,0.0],[-42.768925105111101,-22.653586391838541,0.0],[-42.768790088784158,-22.653470602165442,0.0],[-42.768720504373285,-22.653395153876779,0.0],[-42.76860908448522,-22.653279692728127,0.0],[-42.768576829032355,-22.653231051078841,0.0],[-42.768497735607504,-22.653159851378312,0.0],[-42.76844632007387,-22.653128467307582,0.0]]]}},
{"type":"Feature","properties":{"fid":3,"NOM_LOGRAD":"RUA AMARÍLIS (RUA 51)","DOC_CRIAç":"Lei n 2.172 de 21.12.2015","LOCALIDADE":"AGROBRASIL","BAIRRO":"CENTRO","CEP":0,"NOME ANTIGO":null},"geometry":{"type":"MultiLineString","coordinates":[[[-42.77131179477955,-22.651567504560465,0.0],[-42.771186617885853,-22.651586806417367,0.0],[-42.771018148265668,-22.651628476694928,0.0],[-42.770820339060649,-22.651679895653078,0.0],[-42.770666566346279,-22.651714998640422,0.0],[-42.770520196799474,-22.651743433097398,0.0],[-42.77036664269869,-22.651764996025769,0.0],[-42.770260061248038,-22.6518142981766,0.0],[-42.770164365852743,-22.651867137470088,0.0],[-42.77004983407577,-22.651956957214122,0.0],[-42.769876075920813,-22.652100123614677,0.0],[-42.769639881680099,-22.652269506170288,0.0],[-42.769436782981558,-22.652422420646239,0.0],[-42.769097269145995,-22.652664849085191,0.0],[-42.768916324661603,-22.652801142836413,0.0],[-42.76869095952901,-22.652977446030089,0.0],[-42.768565430270414,-22.653070497095342,0.0],[-42.768499128077806,-22.653110201915386,0.0],[-42.76844632007387,-22.653128467307582,0.0],[-42.768425641382414,-22.653143035230819,0.0],[-42.768334084023444,-22.653165459684626,0.0],[-42.767949674233222,-22.653251517951691,0.0],[-42.76780684016606,-22.653286770426437,0.0],[-42.767649527662876,-22.65331504962106,0.0],[-42.766924716442048,-22.653472539630549,0.0],[-42.766620976894707,-22.653532633525252,0.0],[-42.766452229987372,-22.653591223335756,0.0],[-42.766327301452336,-22.653647038247975,0.0],[-42.766183370853661,-22.653749987790132,0.0],[-42.765946238003046,-22.653976908057729,0.0],[-42.765693913557897,-22.654240858644528,0.0],[-42.765385869142015,-22.654566666788835,0.0],[-42.765344875131412,-22.654620265992374,0.0],[-42.765329684168556,-22.654657296683659,0.0],[-42.765325434200491,-22.654694480001805,0.0],[-42.765318711262964,-22.654756927623058,0.0]]]}},
{"type":"Feature","properties":{"fid":4,"NOM_LOGRAD":"RUA GIRASSOL (RUA 11)","DOC_CRIAç":"Lei nº 876 de 29.11.1993","LOCALIDADE":"AGROBRASIL","BAIRRO":"CENTRO","CEP":null,"NOME ANTIGO":null},"geometry":{"type":"MultiLineString","coordinates":[[[-42.763800589572661,-22.652930916594382,0.0],[-42.763720431127958,-22.652891209419089,0.0],[-42.763629805910455,-22.652856087433292,0.0],[-42.763575321097591,-22.652841784065838,0.0],[-42.763469779034445,-22.652826767885475,0.0],[-42.763360644912396,-22.652808315797412,0.0],[-42.763211339561352,-22.652792688441313,0.0],[-42.76293820274023,-22.652765174728856,0.0],[-42.762726954354974,-22.652745296245161,0.0],[-42.762552285235287,-22.652719157001322,0.0],[-42.762312135913582,-22.652681945893171,0.0],[-42.762155646803805,-22.652659445850922,0.0],[-42.761962907942277,-22.652622896500425,0.0],[-42.761773486759971,-22.652606707394973,0.0],[-42.761685960269084,-22.652605484507326,0.0],[-42.761579924593015,-22.652620931382444,0.0],[-42.761385648624632,-22.65267915907279,0.0],[-42.761217230551267,-22.65271743376665,0.0],[-42.761133131310991,-22.652729801208526,0.0],[-42.760863010723952,-22.652741261514979,0.0],[-42.76072442706765,-22.652739324456068,0.0],[-42.760534841226786,-22.652733288633499,0.0],[-42.760378297580786,-22.652714171788645,0.0],[-42.760203574249402,-22.652691414936612,0.0],[-42.760076261142785,-22.652669320793795,0.0],[-42.759901922547357,-22.652622869215325,0.0],[-42.75980024798892,-22.652594361996616,0.0],[-42.759695201284991,-22.65254887914384,0.0],[-42.759579598520013,-22.652479548820317,0.0],[-42.759467807660364,-22.65240011468449,0.0],[-42.759402987307645,-22.652348422877015,0.0],[-42.759305399654309,-22.652292887063059,0.0],[-42.759232790949838,-22.652271557401757,0.0],[-42.759033446919787,-22.652192591193167,0.0],[-42.758942658691851,-22.652167621423231,0.0],[-42.758840764845935,-22.652152653287921,0.0],[-42.758709750660877,-22.652133892008685,0.0],[-42.758590336951293,-22.652074664751016,0.0],[-42.758365987546739,-22.651963183931358,0.0],[-42.758105554336616,-22.651827498105707,0.0],[-42.757895793387007,-22.651716220824174,0.0],[-42.757794449964393,-22.651667402952359,0.0],[-42.757696643530771,-22.651625405885913,0.0],[-42.757541407372898,-22.651582724730325,0.0],[-42.757445145147059,-22.651571475025186,0.0]]]}},
{"type":"Feature","properties":{"fid":5,"NOM_LOGRAD":"RUA BUGANVILLE (RUA 23)","DOC_CRIAç":"Lei nº 876 de 29.11.1993","LOCALIDADE":"AGROBRASIL","BAIRRO":"CENTRO","CEP":null,"NOME ANTIGO":null},"geometry":{"type":"MultiLineString","coordinates":[[[-42.74504700069123,-22.655300589272414,0.0],[-42.745071157668178,-22.655193106452224,0.0],[-42.745100376689045,-22.655079251803702,0.0],[-42.745159229386879,-22.65482615587624,0.0],[-42.745193283463891,-22.654695440963241,0.0],[-42.745240875249898,-22.654573380735332,0.0],[-42.745307047324822,-22.654430421640438,0.0],[-42.745350564133069,-22.654278679493164,0.0],[-42.745408309862547,-22.654093280998815,0.0],[-42.745452033797434,-22.653928845497354,0.0],[-42.745500108898732,-22.653777167432953,0.0],[-42.745553295505459,-22.653591704685876,0.0],[-42.745605859874864,-22.65344432182129,0.0],[-42.745650136238737,-22.653246037402067,0.0],[-42.74568405109742,-22.65312378449568,0.0],[-42.745690337620658,-22.653018071090926,0.0],[-42.745668857646365,-22.652937359401395,0.0],[-42.74550547596337,-22.652611306485063,0.0],[-42.745364300499929,-22.652321538601186,0.0],[-42.745253238528711,-22.652142228385237,0.0],[-42.745178161725747,-22.651993049113603,0.0],[-42.744983736195643,-22.651613657927211,0.0],[-42.744851195901539,-22.651353635763883,0.0],[-42.744749390709231,-22.651165991431125,0.0],[-42.7445382409825,-22.650787874977329,0.0],[-42.74438613303483,-22.650515486281879,0.0],[-42.744249105385464,-22.650251168485706,0.0],[-42.744036934505175,-22.649841902057513,0.0],[-42.743846796593232,-22.649479498479302,0.0],[-42.743679625018721,-22.649106837977431,0.0],[-42.743542254091118,-22.64886367524792,0.0],[-42.743356776908257,-22.648550334722056,0.0]]]}},
{"type":"Feature","properties":{"fid":6,"NOM_LOGRAD":"RUA CRAVINA (RUA 24)","DOC_CRIAç":"Lei nº 876 de 29.11.1993","LOCALIDADE":"AGROBRASIL","BAIRRO":"CENTRO","CEP":null,"NOME ANTIGO":null},"geometry":{"type":"MultiLineString","coordinates":[[[-42.7445382409825,-22.650787874977329,0.0],[-42.74480486274598,-22.650561585729562,0.0],[-42.745253193909129,-22.650191241306626,0.0],[-42.745466342375472,-22.649982637108966,0.0],[-42.745661186978808,-22.649778007109067,0.0],[-42.745980700257384,-22.649477793016857,0.0],[-42.746184384048405,-22.649290214932531,0.0]]]}},
{"type":"Feature","properties":{"fid":7,"NOM_LOGRAD":"RUA ORQUÍDEA (RUA 22)","DOC_CRIAç":"Lei nº 876 de 29.11.1993","LOCALIDADE":"AGROBRASIL","BAIRRO":"CENTRO","CEP":null,"NOME ANTIGO":null},"geometry":{"type":"MultiLineString","coordinates":[[[-42.749860433659393,-22.65456660037653,0.0],[-42.749697512398924,-22.654464649322467,0.0],[-42.749076211401828,-22.653977695080236,0.0],[-42.748797645805801,-22.653724087843951,0.0],[-42.748649142526666,-22.653603502604959,0.0],[-42.748559280816991,-22.653521830148186,0.0],[-42.748203081953875,-22.653275595052879,0.0],[-42.748022807254848,-22.653146098538897,0.0],[-42.747598374182118,-22.652774529098298,0.0],[-42.747549739768139,-22.65268870474879,0.0],[-42.747490825510226,-22.652495343354083,0.0],[-42.747440299377793,-22.651959274958216,0.0],[-42.747439538944427,-22.651726499925072,0.0],[-42.747437328287511,-22.651582578155907,0.0],[-42.747411219765752,-22.651506033634394,0.0],[-42.747261269196684,-22.651194983423157,0.0],[-42.747017592258061,-22.650759884808721,0.0],[-42.746796674972835,-22.650327222034701,0.0],[-42.7466590209822,-22.650100985895794,0.0],[-42.746504653033327,-22.649781408861049,0.0],[-42.746336541102743,-22.649465870465857,0.0],[-42.746216500900374,-22.6492779704895,0.0],[-42.746172539330821,-22.649177898257189,0.0],[-42.746196162092396,-22.648848128505715,0.0],[-42.746211290467599,-22.648200833397926,0.0],[-42.746211360517101,-22.647917285151262,0.0],[-42.74620369521601,-22.647548986523329,0.0],[-42.746234673386454,-22.647047920965711,0.0],[-42.746245517209942,-22.64694227152604,0.0]]]}},
{"type":"Feature","properties":{"fid":8,"NOM_LOGRAD":"RUA ROSAS","DOC_CRIAç":"Lei nº 876 de 29.11.1993\n","LOCALIDADE":"AGROBRASIL","BAIRRO":"CENTRO","CEP":null,"NOME ANTIGO":null},"geometry":{"type":"MultiLineString","coordinates":[[[-42.736107566594896,-22.650197673870917,0.0],[-42.736228840596837,-22.650126631050888,0.0],[-42.736424876413615,-22.649942779825672,0.0],[-42.7368007428352,-22.649582312468571,0.0],[-42.737250073942249,-22.649155698026867,0.0],[-42.737405169985053,-22.649016056283024,0.0],[-42.737560143389089,-22.64888387748065,0.0],[-42.737746422666753,-22.648804394469799,0.0],[-42.737997271090507,-22.648710893132264,0.0],[-42.738256404366055,-22.648602578630229,0.0],[-42.738426357203181,-22.648537794002731,0.0],[-42.738604350476521,-22.648473122667284,0.0],[-42.738740918113812,-22.648482514992946,0.0],[-42.738973850549506,-22.648500731967491,0.0],[-42.739238700964471,-22.648534328684974,0.0],[-42.739447878512408,-22.648529815229058,0.0],[-42.739899740175289,-22.648439146729228,0.0],[-42.740553471102942,-22.648299069768235,0.0],[-42.740786892310425,-22.648287431553101,0.0],[-42.741037371748845,-22.648216314616032,0.0],[-42.741296807433052,-22.648089337068125,0.0],[-42.741540344688872,-22.647950937676267,0.0],[-42.741670336852152,-22.64787065644245,0.0],[-42.741874403108007,-22.647686910973174,0.0],[-42.742054103039131,-22.647517751561224,0.0],[-42.742234656974276,-22.647296349892365,0.0],[-42.742416186732683,-22.647015242796428,0.0],[-42.742540211761472,-22.64680797394735,0.0],[-42.742615017115376,-22.646659730502137,0.0],[-42.742681171632967,-22.646548689475619,0.0],[-42.742716018318632,-22.646384953295769,0.0],[-42.742761589996071,-22.646057141088217,0.0],[-42.742795460209585,-22.645953110058546,0.0],[-42.742861370154614,-22.64585699520859,0.0],[-42.742999766049849,-22.645754436461083,0.0],[-42.74310599997299,-22.645651424592742,0.0],[-42.743196518865602,-22.645525796702021,0.0],[-42.743361231313315,-22.645289240563883,0.0],[-42.743575222442608,-22.644989926722392,0.0],[-42.743715324496982,-22.644782883062412,0.0],[-42.74378976144574,-22.644657028308792,0.0],[-42.74387893747344,-22.644613494631677,0.0],[-42.744081776358271,-22.644504377221242,0.0],[-42.744384857251319,-22.644343819254406,0.0],[-42.744509527851747,-22.644273911262154,0.0],[-42.744629052496947,-22.644203930737518,0.0],[-42.744717389940647,-22.644152621279005,0.0],[-42.744774618271208,-22.644115206521114,0.0],[-42.744863735780648,-22.644016132737466,0.0],[-42.744958545079079,-22.643883696338442,0.0],[-42.745091403133472,-22.643627579693,0.0],[-42.745257007516066,-22.643257263098352,0.0],[-42.745390722271019,-22.642948605407874,0.0],[-42.745428302673126,-22.642853583656883,0.0],[-42.745680487497587,-22.642224109442012,0.0],[-42.745755491412183,-22.642043618564998,0.0],[-42.745824803529899,-22.641896490250048,0.0],[-42.745861837468453,-22.641834903335159,0.0],[-42.745935125527673,-22.641759493754719,0.0],[-42.746195687376371,-22.641562502280724,0.0],[-42.746534447867006,-22.641304502061427,0.0],[-42.746779570850357,-22.641107292424799,0.0],[-42.747531336708064,-22.640528820888598,0.0]]]}},
{"type":"Feature","properties":{"fid":9,"NOM_LOGRAD":"RUA ESPIRRADEIRA (RUA 52)","DOC_CRIAç":"Lei nº 876 de 29.11.1993","LOCALIDADE":"AGROBRASIL","BAIRRO":"CENTRO","CEP":null,"NOME ANTIGO":null},"geometry":{"type":"MultiLineString","coordinates":[[[-42.746620004162935,-22.641189394800133,0.0],[-42.746567478748048,-22.6409968685604,0.0],[-42.746493631730139,-22.640967112503521,0.0],[-42.746161030975507,-22.640847774770105,0.0],[-42.744522360834644,-22.640337414142707,0.0],[-42.743790039127688,-22.640112117920445,0.0],[-42.742909588684142,-22.63981784719741,0.0],[-42.742362204202067,-22.639614259205235,0.0],[-42.742050505969161,-22.639476097733706,0.0],[-42.741723840121516,-22.639309059699585,0.0],[-42.740489340876707,-22.638634752477397,0.0],[-42.739759694111868,-22.638247041096459,0.0],[-42.739662865897955,-22.638188345455021,0.0],[-42.739375338200809,-22.638146070242605,0.0],[-42.739082665139662,-22.638103721944059,0.0],[-42.738568693060778,-22.638060639660175,0.0],[-42.738065208192133,-22.638005759974444,0.0],[-42.73765410952489,-22.637966515305688,0.0],[-42.737479629395594,-22.637935387389291,0.0]]]}},
{"type":"Feature","properties":{"fid":10,"NOM_LOGRAD":"RUA ALFAZEMA","DOC_CRIAç":"Lei n 2.172 de 21.12.2015","LOCALIDADE":"AGROBRASIL","BAIRRO":"CENTRO","CEP":0,"NOME ANTIGO":" RUA 54"},"geometry":{"type":"MultiLineString","coordinates":[[[-42.742229222099525,-22.639555314468101,0.0],[-42.742504041209834,-22.638808856497565,0.0],[-42.742783636256526,-22.638077056374598,0.0],[-42.742912907192895,-22.63772534035942,0.0]]]}},
{"type":"Feature","properties":{"fid":11,"NOM_LOGRAD":"RUA FLOR DE LIS (RUA 53)","DOC_CRIAç":"Lei nº 876 de 29.11.1993","LOCALIDADE":"AGROBRASIL","BAIRRO":"CENTRO","CEP":null,"NOME ANTIGO":null},"geometry":{"type":"MultiLineString","coordinates":[[[-42.744988053266795,-22.639240359231081,0.0],[-42.744873366973792,-22.639329518535238,0.0],[-42.744795948161588,-22.639342761764755,0.0],[-42.744662785207929,-22.639302667785543,0.0],[-42.744596281771862,-22.639277844331218,0.0],[-42.744284035490182,-22.639173122054373,0.0],[-42.744027923622639,-22.63909785447008,0.0],[-42.743761520792027,-22.639022441625034,0.0],[-42.743597562742536,-22.638977135762886,0.0],[-42.743357122753444,-22.638887755223081,0.0],[-42.742978765965425,-22.638734324487615,0.0],[-42.74280475154,-22.638674543678906,0.0],[-42.742581845581533,-22.638605215604084,0.0],[-42.742298146102009,-22.638495417636499,0.0],[-42.741944738832238,-22.638390111215159,0.0],[-42.741709290530771,-22.638310353691608,0.0],[-42.741345749327429,-22.63819534818958,0.0],[-42.741094943115684,-22.638110595866166,0.0],[-42.740849204702343,-22.638030692115358,0.0],[-42.740705596981122,-22.63800000280828,0.0],[-42.740623384760248,-22.637991677659755,0.0],[-42.740468626367978,-22.63801338361823,0.0],[-42.740179457369472,-22.638071414505813,0.0],[-42.739931452908074,-22.638130025312076,0.0],[-42.739662865897955,-22.638188345455021,0.0]]]}},
{"type":"Feature","properties":{"fid":12,"NOM_LOGRAD":"RUA ANTÚRIO","DOC_CRIAç":"Lei nº 876 de 29.11.1993","LOCALIDADE":"AGROBRASIL","BAIRRO":"CENTRO","CEP":28690700,"NOME ANTIGO":"Rua 28"},"geometry":{"type":"MultiLineString","coordinates":[[[-42.743816571059625,-22.644643940482929,0.0],[-42.743703069773765,-22.644489490315305,0.0],[-42.743611693614113,-22.644411763389154,0.0],[-42.743520551752525,-22.644319707161742,0.0],[-42.743414440925818,-22.644198774989285,0.0],[-42.743297179843537,-22.644130238427973,0.0],[-42.743124017513736,-22.644017916842362,0.0],[-42.742904699286171,-22.643895389952061,0.0],[-42.742793599692476,-22.643764832120137,0.0],[-42.742647104397307,-22.643595555493118,0.0],[-42.742495463656532,-22.64342620626735,0.0],[-42.742358479646789,-22.643304838566564,0.0],[-42.7421811106409,-22.643135126619043,0.0],[-42.742059486431259,-22.64301875261722,0.0],[-42.741969049538092,-22.642883707918671,0.0],[-42.741914476981165,-22.642758723565638,0.0],[-42.741890935341857,-22.642624621420413,0.0],[-42.741945126939243,-22.64245817197164,0.0],[-42.742010937750244,-22.642210668438739,0.0],[-42.742007432283884,-22.64211029121649,0.0],[-42.741973442901021,-22.641985596901204,0.0],[-42.741877392268449,-22.641879138184063,0.0],[-42.741708989037434,-22.641790769940929,0.0],[-42.741443207789786,-22.641677141632712,0.0],[-42.741075059506493,-22.641528627449414,0.0],[-42.740661264935625,-22.641338860102049,0.0],[-42.740492628758048,-22.641264819923762,0.0],[-42.740247276164965,-22.641161032798934,0.0],[-42.739889109440625,-22.641031766844144,0.0],[-42.739648825296122,-22.640932827845244,0.0],[-42.73932722702812,-22.640770633887456,0.0],[-42.739194142954588,-22.640725758977709,0.0],[-42.739045934747651,-22.640661560560272,0.0],[-42.738948792446529,-22.640621970014465,0.0],[-42.738820697917767,-22.640586720222487,0.0],[-42.738677166430854,-22.640551252520336,0.0],[-42.738455706756611,-22.640560071383369,0.0],[-42.738002496057817,-22.640577562931497,0.0],[-42.737538994015118,-22.640594907905456,0.0],[-42.737116735647199,-22.640608056372123,0.0],[-42.73685407145765,-22.64061867996039,0.0],[-42.736334045349778,-22.6406304457198,0.0],[-42.736112781471455,-22.640627320328164,0.0],[-42.735911904529104,-22.640636426396881,0.0],[-42.735772658152321,-22.640653569193052,0.0],[-42.735638165806769,-22.640694666542938,0.0],[-42.735348284872977,-22.640795675612868,0.0],[-42.734741539769566,-22.641073750681969,0.0],[-42.734010355218786,-22.64140739380095,0.0],[-42.733512448820854,-22.641639227752702,0.0],[-42.732838292844946,-22.64194739540175,0.0],[-42.732423969279274,-22.64210396822299,0.0],[-42.731849186105869,-22.642315598856626,0.0],[-42.731149883635375,-22.642587571803094,0.0],[-42.730940223554256,-22.642663519737322,0.0]]]}},
{"type":"Feature","properties":{"fid":13,"NOM_LOGRAD":"RUA CRISÂNTEMO (RUA 29)","DOC_CRIAç":"Lei nº 876 de 29.11.1993\n","LOCALIDADE":"AGROBRASIL","BAIRRO":"CENTRO","CEP":null,"NOME ANTIGO":null},"geometry":{"type":"MultiLineString","coordinates":[[[-42.739845253046134,-22.64101370864455,0.0],[-42.739667715436653,-22.641493224668832,0.0],[-42.739555963326758,-22.641770923781632,0.0],[-42.739351111182508,-22.642243123200029,0.0],[-42.739134834025222,-22.642779362254949,0.0],[-42.738998088774878,-22.643104859084019,0.0],[-42.738828674735558,-22.643524591529001,0.0],[-42.738702720946087,-22.643824559781915,0.0],[-42.738587401967045,-22.644108627675664,0.0],[-42.738482875620228,-22.644367167293815,0.0],[-42.738453927391433,-22.644445405179088,0.0],[-42.738558943636463,-22.644790363508804,0.0],[-42.738702559774858,-22.645312419732662,0.0],[-42.738788829224255,-22.645535131183685,0.0],[-42.738834422873644,-22.64570751270832,0.0],[-42.738879254433378,-22.645926429319687,0.0],[-42.738915080040357,-22.646061757317483,0.0],[-42.738925073164395,-22.64629623260376,0.0],[-42.738917714054587,-22.646745536936798,0.0],[-42.738921962886565,-22.647119568683241,0.0],[-42.738943631118175,-22.64748582108632,0.0],[-42.738899458808959,-22.647648910701349,0.0],[-42.738791734955193,-22.647891354871724,0.0],[-42.738723648078413,-22.648036451591562,0.0],[-42.738686390533005,-22.648199638698479,0.0],[-42.738649238034249,-22.648356407155838,0.0],[-42.738630208696364,-22.648474901053842,0.0]]]}},
{"type":"Feature","properties":{"fid":14,"NOM_LOGRAD":"RUA ADÃO PEREIRA NUNES","DOC_CRIAç":"Lei nº 442/90\t de 11.01.1990\n","LOCALIDADE":"AGROBRASIL","BAIRRO":"","CEP":28690660,"NOME ANTIGO":"Rua 26"},"geometry":{"type":"MultiLineString","coordinates":[[[-42.740762603592074,-22.652120990518142,0.0],[-42.740528849067509,-22.651949510041817,0.0],[-42.740159121029329,-22.651637587792766,0.0],[-42.739493108370233,-22.651046821358953,0.0],[-42.738851380797534,-22.650479283837729,0.0],[-42.738487491245358,-22.650112507987487,0.0],[-42.738103130332696,-22.64979121958066,0.0],[-42.737333854291045,-22.649080265895059,0.0]]]}},
{"type":"Feature","properties":{"fid":15,"NOM_LOGRAD":"RUA PETÚNIA","DOC_CRIAç":"Lei n 2.172 de 21.12.2015","LOCALIDADE":"AGROBRASIL","BAIRRO":"CENTRO","CEP":null,"NOME ANTIGO":null},"geometry":{"type":"MultiLineString","coordinates":[[[-42.756852416207479,-22.660457777988224,0.0],[-42.756758966918667,-22.660451941259598,0.0],[-42.756628373982643,-22.660467393507453,0.0],[-42.756505799451631,-22.660480489191087,0.0],[-42.756287365059826,-22.660499648198247,0.0],[-42.756008004677817,-22.660503140603261,0.0],[-42.755691492652808,-22.660501174356742,0.0],[-42.755170204864918,-22.660496337390651,0.0],[-42.754734219735063,-22.660480350740244,0.0],[-42.75409843648599,-22.660482545830469,0.0],[-42.753710080272697,-22.660482036944163,0.0],[-42.75334859974739,-22.660464622703298,0.0],[-42.753069179541733,-22.660471812292798,0.0],[-42.752811497088025,-22.66045091550199,0.0],[-42.752466415795439,-22.660406572871825,0.0],[-42.752233030354091,-22.660363797170145,0.0],[-42.752015480931838,-22.660328649731465,0.0],[-42.751572826641876,-22.660232325809808,0.0],[-42.751276098762879,-22.660159034223419,0.0],[-42.751003265705712,-22.66008854641758,0.0],[-42.750650690949207,-22.660014469485098,0.0],[-42.749336557614427,-22.659693583541131,0.0],[-42.748809169656411,-22.659573842559986,0.0],[-42.74856797016843,-22.659521076765067,0.0],[-42.748334789362474,-22.65946595458167,0.0],[-42.748123850804404,-22.659351894356433,0.0],[-42.747949821733506,-22.659258103006675,0.0],[-42.747636840031625,-22.659040153463,0.0],[-42.747310542296667,-22.658823250465456,0.0],[-42.747039850659569,-22.658621941652239,0.0],[-42.746977073617387,-22.658556870650653,0.0],[-42.746903357739697,-22.658347222873658,0.0],[-42.746772526675798,-22.658051599136563,0.0],[-42.746662124472024,-22.65780810682794,0.0],[-42.746530952926257,-22.657370524056738,0.0],[-42.746479097505265,-22.657125386574087,0.0],[-42.746341459383601,-22.656758072576949,0.0],[-42.746285997710757,-22.656570900336455,0.0],[-42.746217864401174,-22.656345283902837,0.0],[-42.746174349066166,-22.65624098341441,0.0],[-42.74609287912304,-22.656017648056164,0.0],[-42.746012634517619,-22.655746173599219,0.0]]]}},
{"type":"Feature","properties":{"fid":16,"NOM_LOGRAD":"RUA AGENOR CIPRIANO PINTO","DOC_CRIAç":"Lei nº 2450 de 26.11.2019","LOCALIDADE":"AGROBRASIL","BAIRRO":"CENTRO","CEP":28690510,"NOME ANTIGO":null},"geometry":{"type":"MultiLineString","coordinates":[[[-42.758019892195115,-22.660696860575491,0.0],[-42.757817997089639,-22.660604077758531,0.0],[-42.757579120716137,-22.660498982535859,0.0],[-42.756977364479489,-22.660236179081259,0.0],[-42.75663284503176,-22.660073074769485,0.0],[-42.756242564566939,-22.659914981505423,0.0],[-42.755970061590325,-22.659817892164867,0.0],[-42.755822068299928,-22.659742331920885,0.0],[-42.754730557636293,-22.659259263556134,0.0],[-42.754379724375568,-22.659110198235389,0.0],[-42.754276804477577,-22.659072011904929,0.0],[-42.753944539105369,-22.658904834392661,0.0],[-42.752692124891865,-22.658364136596131,0.0],[-42.752418668984561,-22.658249768997816,0.0],[-42.752204052199509,-22.658160009268769,0.0],[-42.752023382291867,-22.658084446925461,0.0],[-42.751053177635612,-22.657745744790667,0.0],[-42.750538995114695,-22.657463624987802,0.0],[-42.750448578587573,-22.657405827119717,0.0],[-42.750312447131627,-22.657350213535285,0.0],[-42.750103798475052,-22.657259664422654,0.0],[-42.749698772568763,-22.657073085031485,0.0],[-42.749450637360262,-22.656976327568547,0.0],[-42.749090959315168,-22.656810168697405,0.0],[-42.748818883377304,-22.656687636279695,0.0],[-42.74854662352331,-22.656576406443367,0.0],[-42.748422764288733,-22.656515311048327,0.0],[-42.748389827319876,-22.656480931266472,0.0],[-42.748326335585581,-22.656378746301542,0.0],[-42.74829145844793,-22.656329453231962,0.0]]]}},
{"type":"Feature","properties":{"fid":17,"NOM_LOGRAD":"RUA DÁLIAS (RUA 14)","DOC_CRIAç":"Lei nº 876 de 29.11.1993","LOCALIDADE":"AGROBRASIL","BAIRRO":"CENTRO","CEP":null,"NOME ANTIGO":null},"geometry":{"type":"MultiLineString","coordinates":[[[-42.749107455861093,-22.655464802472721,0.0],[-42.749357527823044,-22.655590082858868,0.0],[-42.749801990052767,-22.655785696020899,0.0],[-42.750442968343322,-22.656068860052699,0.0],[-42.751186866314335,-22.65639020988133,0.0],[-42.751422639465709,-22.656498096743611,0.0],[-42.75187326619978,-22.656689551450032,0.0],[-42.752450777416307,-22.656943553124961,0.0],[-42.752949867681878,-22.657151230233932,0.0],[-42.753745053444256,-22.657502965670123,0.0],[-42.75396615972334,-22.657576726458601,0.0]]]}},
{"type":"Feature","properties":{"fid":18,"NOM_LOGRAD":"RUA CAMÉLIA (RUA 21)","DOC_CRIAç":"Lei nº 876 de\t29.11.1993\n","LOCALIDADE":"AGROBRASIL","BAIRRO":"CENTRO","CEP":null,"NOME ANTIGO":null},"geometry":{"type":"MultiLineString","coordinates":[[[-42.747437328287511,-22.651582578155907,0.0],[-42.747590384460644,-22.651540451458718,0.0],[-42.74793565363511,-22.651468992575833,0.0],[-42.748234979000969,-22.65141384557722,0.0],[-42.748427379301283,-22.651379806505879,0.0],[-42.74852835354914,-22.651350135168268,0.0],[-42.748699626878789,-22.651304493243043,0.0],[-42.748846682715687,-22.651250031631616,0.0],[-42.749031101483062,-22.651145219605482,0.0],[-42.749167269547783,-22.651011465439765,0.0],[-42.7493077720302,-22.650798632760957,0.0],[-42.749571568678768,-22.650307717946724,0.0],[-42.74963944829917,-22.650195777705285,0.0],[-42.749656394586893,-22.650147804451723,0.0],[-42.749736075835017,-22.649929877369463,0.0],[-42.749839670521965,-22.649552594278912,0.0],[-42.749870340948455,-22.649352350365358,0.0],[-42.749885144291717,-22.649191453252353,0.0],[-42.749888299670758,-22.648997888906738,0.0],[-42.749878701597162,-22.64883947549777,0.0],[-42.749858910854762,-22.648745926231395,0.0],[-42.749830079053304,-22.648646597182733,0.0],[-42.749797880435118,-22.648567005673126,0.0],[-42.749738282259685,-22.648487029346288,0.0],[-42.749684819011698,-22.648404312761798,0.0],[-42.749559395997061,-22.648252751774951,0.0],[-42.749433374328738,-22.648137925541839,0.0],[-42.749256957471204,-22.647939012415119,0.0],[-42.749110593272455,-22.647764545736567,0.0],[-42.749044999218931,-22.647678832157549,0.0],[-42.748988722692985,-22.647581943844777,0.0],[-42.74895066641313,-22.647488137896797,0.0],[-42.748904859463337,-22.647309430962569,0.0],[-42.748863986271246,-22.647014910813557,0.0],[-42.748822445030108,-22.646761364114862,0.0],[-42.748796520387536,-22.646670554989679,0.0],[-42.748764460983004,-22.646582486073076,0.0],[-42.748717133768317,-22.646497029043203,0.0],[-42.74862460218197,-22.646382672835443,0.0],[-42.748519386414287,-22.646299228786994,0.0],[-42.748432160329116,-22.646232995878282,0.0],[-42.74829954569573,-22.646149166699249,0.0],[-42.748154523397439,-22.646079295063846,0.0],[-42.74803685422679,-22.646012634131484,0.0],[-42.747993530236975,-22.645997702028211,0.0]]]}},
{"type":"Feature","properties":{"fid":19,"NOM_LOGRAD":"RUA F","DOC_CRIAç":null,"LOCALIDADE":"AGROBRASIL","BAIRRO":"CENTRO","CEP":null,"NOME ANTIGO":null},"geometry":{"type":"MultiLineString","coordinates":[[[-42.763653606488127,-22.666813325328704,0.0],[-42.763531060587624,-22.666691607686253,0.0],[-42.763427162966103,-22.666601263120697,0.0],[-42.763220737457807,-22.666336144241615,0.0],[-42.762995232361682,-22.666066313928471,0.0],[-42.762779160162374,-22.665805504475145,0.0],[-42.762548436141401,-22.665562268721658,0.0],[-42.762285349897837,-22.665247465773692,0.0],[-42.762125727687916,-22.665049669754069,0.0],[-42.762013337627543,-22.664892535713591,0.0],[-42.761849324732644,-22.664670232435324,0.0],[-42.761788089536054,-22.664607151229404,0.0],[-42.761726710172418,-22.664552957320776,0.0],[-42.761645890203098,-22.664516270318728,0.0],[-42.761521905723107,-22.664483424568967,0.0],[-42.761431077039489,-22.664473265550026,0.0],[-42.761263639615656,-22.664462035489429,0.0],[-42.76090453612251,-22.664457014730775,0.0],[-42.760263298924194,-22.664425824037856,0.0],[-42.760014465059569,-22.664413454208283,0.0],[-42.759804296461226,-22.664379401589404,0.0],[-42.759536888083602,-22.664331213885177,0.0],[-42.758873336669289,-22.664199700618511,0.0],[-42.758629869244508,-22.664151846493205,0.0],[-42.75836732213844,-22.664099280269067,0.0],[-42.75824341126507,-22.664061988422464,0.0],[-42.75798673600017,-22.66394283391535,0.0],[-42.757744136300595,-22.663841654742114,0.0],[-42.757439726336685,-22.663712941711641,0.0],[-42.757213690392561,-22.663618797874737,0.0],[-42.756914391913263,-22.663478190730604,0.0]]]}},
{"type":"Feature","properties":{"fid":20,"NOM_LOGRAD":"RUA I","DOC_CRIAç":null,"LOCALIDADE":"AGROBRASIL","BAIRRO":"CENTRO","CEP":null,"NOME ANTIGO":null},"geometry":{"type":"MultiLineString","coordinates":[[[-42.760014465059569,-22.664413454208283,0.0],[-42.760029947746901,-22.664344778507921,0.0],[-42.760060407919624,-22.664238532671472,0.0],[-42.760155638061413,-22.663977629567061,0.0],[-42.760211481299251,-22.663782845446839,0.0],[-42.760242518418075,-22.663641050313178,0.0],[-42.760297784127431,-22.663481815370897,0.0],[-42.760437403852798,-22.663141528871147,0.0],[-42.760481794475091,-22.663062145700966,0.0],[-42.760627021475308,-22.662966393934685,0.0],[-42.760762455889747,-22.662883839091325,0.0],[-42.761028464136892,-22.662723105736205,0.0],[-42.761266101281898,-22.662556094120898,0.0],[-42.761452134252472,-22.66240698240777,0.0]]]}},
{"type":"Feature","properties":{"fid":21,"NOM_LOGRAD":"RUA A","DOC_CRIAç":null,"LOCALIDADE":"AGROBRASIL","BAIRRO":"CENTRO","CEP":28690330,"NOME ANTIGO":null},"geometry":{"type":"MultiLineString","coordinates":[[[-42.759494649427623,-22.662803881543137,0.0],[-42.759632634897081,-22.662859147921495,0.0],[-42.759937189814949,-22.662978969498358,0.0],[-42.760331779280236,-22.663157830355882,0.0],[-42.760750454148265,-22.663328137760363,0.0],[-42.761002848025548,-22.663416115402587,0.0],[-42.761188065813073,-22.663512042872924,0.0],[-42.76131147236778,-22.663580438069275,0.0],[-42.761406583643684,-22.663621769645751,0.0],[-42.761554002636473,-22.663686055669164,0.0],[-42.76169670586215,-22.663745830985551,0.0],[-42.761763305553565,-22.663773429849002,0.0],[-42.761930093316728,-22.663824652257912,0.0],[-42.762125969876664,-22.663854057669713,0.0],[-42.762370015202208,-22.663866357247063,0.0],[-42.762633501050679,-22.663861149393025,0.0],[-42.762834742510712,-22.663855071552824,0.0],[-42.763702132954684,-22.663820517721874,0.0],[-42.764727924620466,-22.663763724537102,0.0],[-42.765408704771957,-22.663731690375265,0.0],[-42.765456425939277,-22.66372944474244,0.0],[-42.766946584981298,-22.66368356085432,0.0],[-42.768512923882099,-22.663626974647229,0.0],[-42.768838390388311,-22.663606065214829,0.0]]]}},
{"type":"Feature","properties":{"fid":22,"NOM_LOGRAD":"RUA SEM NOME","DOC_CRIAç":null,"LOCALIDADE":"AGROBRASIL","BAIRRO":"CENTRO","CEP":null,"NOME ANTIGO":null},"geometry":{"type":"MultiLineString","coordinates":[[[-42.765627399567926,-22.662609535023691,0.0],[-42.765569606550009,-22.662655412604401,0.0],[-42.765506642738991,-22.662698980844279,0.0],[-42.765457682969178,-22.66276496783394,0.0],[-42.76541837114582,-22.662826644752858,0.0],[-42.765392775417197,-22.662928515124079,0.0],[-42.765426832256232,-22.66319122615851,0.0],[-42.765444184649674,-22.663302585157389,0.0],[-42.765459809369304,-22.663520592242566,0.0],[-42.765456425939277,-22.66372944474244,0.0],[-42.765455922020756,-22.663760550433384,0.0],[-42.76547547092396,-22.664031948363128,0.0],[-42.765484651858969,-22.664352093034381,0.0],[-42.765512265142164,-22.664716941642443,0.0]]]}},
{"type":"Feature","properties":{"fid":23,"NOM_LOGRAD":"RUA BEGONIA","DOC_CRIAç":"Lei nº 876 de 29.11.1993\n","LOCALIDADE":"AGROBRASIL","BAIRRO":"CENTRO","CEP":28690450,"NOME ANTIGO":"Rua 10"},"geometry":{"type":"MultiLineString","coordinates":[[[-42.761221078735751,-22.655880061265997,0.0],[-42.76114319802312,-22.655866142105925,0.0],[-42.761044552589276,-22.655851652727446,0.0],[-42.760808531054771,-22.655815577086774,0.0],[-42.760452893276373,-22.655751607598049,0.0],[-42.760192210850427,-22.655711908633005,0.0],[-42.759892851174733,-22.655661835431623,0.0],[-42.759720435097755,-22.655623370060393,0.0],[-42.759534588265687,-22.655542107255165,0.0],[-42.759327717505357,-22.655450717228096,0.0],[-42.759035920302026,-22.655279859845386,0.0],[-42.758900058199899,-22.655216359043482,0.0]]]}},
{"type":"Feature","properties":{"fid":24,"NOM_LOGRAD":"RUA ANGÉLICA","DOC_CRIAç":"Lei nº 876 de 29.11.1993","LOCALIDADE":"AGROBRASIL","BAIRRO":"CENTRO","CEP":28690380,"NOME ANTIGO":"Rua 7"},"geometry":{"type":"MultiLineString","coordinates":[[[-42.762721790123315,-22.657464349800392,0.0],[-42.762666143716707,-22.657454133622739,0.0],[-42.76246666499911,-22.657441518570337,0.0],[-42.76205094713476,-22.657379990678358,0.0],[-42.761624584522508,-22.657321590623184,0.0],[-42.761019169028835,-22.657244803731086,0.0]]]}},
{"type":"Feature","properties":{"fid":25,"NOM_LOGRAD":"RUA SEMPRE VIVA (RUA 06)","DOC_CRIAç":"Lei nº 876 de 29.11.1993","LOCALIDADE":"AGROBRASIL","BAIRRO":"CENTRO","CEP":null,"NOME ANTIGO":null},"geometry":{"type":"MultiLineString","coordinates":[[[-42.76241056706764,-22.659810868062515,0.0],[-42.762472751314604,-22.659921049469894,0.0],[-42.762581061438802,-22.660107067976629,0.0],[-42.762713461605934,-22.660278662513509,0.0],[-42.762849478209738,-22.660472448124764,0.0],[-42.762958447301727,-22.660617884440441,0.0],[-42.76304024904519,-22.660722350047926,0.0],[-42.763141806723127,-22.660834471765462,0.0],[-42.763263000767395,-22.660961628107035,0.0],[-42.763313480680516,-22.661036135281776,0.0],[-42.763332638376838,-22.661080684139186,0.0],[-42.763331860767792,-22.66112864469418,0.0],[-42.763314225681029,-22.661235411560998,0.0],[-42.763288700164885,-22.661338378115939,0.0],[-42.763275458842195,-22.66141937557569,0.0],[-42.763266551524126,-22.661478292911319,0.0],[-42.763264517673235,-22.661603728196443,0.0],[-42.763258867609792,-22.661706972323206,0.0],[-42.76323328211209,-22.661813628126222,0.0],[-42.763203900910554,-22.661909160582301,0.0],[-42.763174459839647,-22.662008382301291,0.0],[-42.763149592086641,-22.662070766806831,0.0],[-42.763132136145551,-22.662166465803534,0.0],[-42.763130281578675,-22.662280833249095,0.0],[-42.763120895506091,-22.662369264740118,0.0],[-42.763124033085532,-22.662420970076095,0.0],[-42.763147225832348,-22.662461885210082,0.0],[-42.763181805591884,-22.662536170360028,0.0],[-42.763216863974023,-22.662580941324975,0.0],[-42.763283364591956,-22.662648292081048,0.0],[-42.76335053996133,-22.662694919817149,0.0],[-42.763349914536413,-22.662694880501231,0.0],[-42.763357419635554,-22.662695352292047,0.0]]]}},
{"type":"Feature","properties":{"fid":26,"NOM_LOGRAD":"RUA L","DOC_CRIAç":null,"LOCALIDADE":"AGROBRASIL","BAIRRO":"CENTRO","CEP":null,"NOME ANTIGO":null},"geometry":{"type":"MultiLineString","coordinates":[[[-42.767667177978176,-22.664616817906033,0.0],[-42.767245431748186,-22.664660880097376,0.0],[-42.766929130847402,-22.664667543191808,0.0],[-42.766612471436332,-22.664696347803925,0.0],[-42.766415640995803,-22.664693602503643,0.0],[-42.766003727900738,-22.664710003686139,0.0],[-42.765675497943214,-22.664716497868039,0.0],[-42.765512265142164,-22.664716941642443,0.0],[-42.76415328072553,-22.66477276637249,0.0],[-42.763263485477502,-22.664826781611719,0.0],[-42.762624829680639,-22.66484554352235,0.0],[-42.762290545530689,-22.66485748290533,0.0],[-42.762146947300636,-22.66488316006879,0.0],[-42.762068869258506,-22.664915289560046,0.0],[-42.762038711569403,-22.664928011395219,0.0]]]}},
{"type":"Feature","properties":{"fid":27,"NOM_LOGRAD":"RUA JASMIN (RUA 12)","DOC_CRIAç":"Lei nº 876 de 29.11.1993\n","LOCALIDADE":"AGROBRASIL","BAIRRO":"CENTRO","CEP":null,"NOME ANTIGO":null},"geometry":{"type":"MultiLineString","coordinates":[[[-42.75588330265505,-22.652549506186837,0.0],[-42.75585822925629,-22.652705438026565,0.0],[-42.755830679675917,-22.652850529944228,0.0],[-42.755799233624955,-22.653063110548086,0.0],[-42.755672847569947,-22.65391809231166,0.0],[-42.755652289197805,-22.654106552005938,0.0],[-42.75563508007054,-22.654357974519041,0.0],[-42.755635756302915,-22.654585293063494,0.0],[-42.755616253754653,-22.654708822076596,0.0],[-42.755545998347834,-22.654995018355059,0.0],[-42.755525076462234,-22.655205797890915,0.0],[-42.755505944621618,-22.655440957036166,0.0],[-42.755461534602702,-22.655885819854554,0.0],[-42.75544610695561,-22.656027671809209,0.0],[-42.755457524349907,-22.656132353350063,0.0],[-42.755502947385779,-22.656297382960876,0.0],[-42.755601672573135,-22.656546370766875,0.0],[-42.755772369710584,-22.656941479394966,0.0],[-42.756005123432793,-22.657554618608895,0.0],[-42.756088975614233,-22.657777013746269,0.0],[-42.756359203384413,-22.658506361645276,0.0],[-42.756386288191166,-22.658588937625687,0.0],[-42.756405007500291,-22.658648056651796,0.0],[-42.756433800156366,-22.658760084954345,0.0],[-42.756441390279491,-22.658831225353889,0.0],[-42.756438049155165,-22.658902212631411,0.0],[-42.756430632491387,-22.65895487691305,0.0],[-42.756412020583618,-22.6590236207321,0.0],[-42.756382576380574,-22.659086124171953,0.0],[-42.756323555893239,-22.659219247358216,0.0],[-42.75603186725219,-22.659797031828539,0.0],[-42.756015003579691,-22.659833935071088,0.0]]]}},
{"type":"Feature","properties":{"fid":28,"NOM_LOGRAD":"RUA DAMA DA NOITE (RUA 36)","DOC_CRIAç":"Lei n 2.172 de 21.12.2015","LOCALIDADE":"AGROBRASIL","BAIRRO":"CENTRO","CEP":null,"NOME ANTIGO":null},"geometry":{"type":"MultiLineString","coordinates":[[[-42.771694884760578,-22.638104772822693,0.0],[-42.771675591786547,-22.638107752627185,0.0],[-42.771567950471088,-22.638136404359589,0.0],[-42.771368708775753,-22.638205989940648,0.0],[-42.771244248019237,-22.63827058547891,0.0],[-42.771067589930631,-22.638349529165428,0.0],[-42.77002651187167,-22.638861134728884,0.0],[-42.769470069025104,-22.639127740688085,0.0],[-42.768449047243593,-22.63960343643436,0.0],[-42.768197165789232,-22.639714492355765,0.0],[-42.768072653636452,-22.639782099330962,0.0],[-42.767964718155454,-22.639828833318919,0.0],[-42.767915328807256,-22.639870352964394,0.0],[-42.767856100526593,-22.639917765202629,0.0],[-42.76779364941109,-22.639963625119698,0.0],[-42.767753514207627,-22.640035421790465,0.0],[-42.767716577394872,-22.640110277815069,0.0],[-42.767696119961649,-22.640170289263533,0.0],[-42.76768855370505,-22.640236509900951,0.0],[-42.767689559534958,-22.640375205594154,0.0],[-42.76769090642938,-22.640492802301942,0.0],[-42.767714886059757,-22.640616743887694,0.0],[-42.767766726011153,-22.640825488454535,0.0],[-42.767797005202354,-22.640961577050728,0.0],[-42.767823135871502,-22.641153382016572,0.0],[-42.767824336653575,-22.641280021143853,0.0],[-42.767829693431203,-22.641362821557944,0.0]]]}},
{"type":"Feature","properties":{"fid":29,"NOM_LOGRAD":"RUA TULIPA (RUA 37)","DOC_CRIAç":"Lei n 2.172 de 21.12.2015","LOCALIDADE":"AGROBRASIL","BAIRRO":"CENTRO","CEP":null,"NOME ANTIGO":null},"geometry":{"type":"MultiLineString","coordinates":[[[-42.769834624946299,-22.64706063985199,0.0],[-42.769812602171228,-22.64689156197251,0.0],[-42.769774126318552,-22.646765691470268,0.0],[-42.769706512224111,-22.646493191253438,0.0],[-42.769673278846945,-22.646321437546238,0.0],[-42.769622652862004,-22.646111841251198,0.0],[-42.769579609859278,-22.645990084979395,0.0],[-42.769545094525419,-22.64589769222852,0.0],[-42.769479754151291,-22.645763092068623,0.0],[-42.769399969126361,-22.645686780466786,0.0],[-42.769306684239936,-22.64561028090036,0.0],[-42.769195062073123,-22.645554415162469,0.0],[-42.769083440001872,-22.645498549353636,0.0],[-42.76901634530882,-22.645472548239674,0.0],[-42.768917548304117,-22.645458639196431,0.0],[-42.768737549236015,-22.645456132916969,0.0],[-42.768561982657502,-22.645457865990746,0.0],[-42.768359348722612,-22.645463399743146,0.0],[-42.767900148713615,-22.645469537398363,0.0],[-42.767382719327578,-22.645458151126416,0.0],[-42.766901425069499,-22.645438911109789,0.0],[-42.766779925880556,-22.645437217866782,0.0],[-42.766613562151633,-22.645426543577319,0.0],[-42.766474738869057,-22.645382830379809,0.0],[-42.766358280354851,-22.645347784468981,0.0]]]}},
{"type":"Feature","properties":{"fid":30,"NOM_LOGRAD":"RUA FLOR DE LOTUS (RUA 08)","DOC_CRIAç":"Lei nº 876 de 29.11.1993","LOCALIDADE":"AGROBRASIL","BAIRRO":"CENTRO","CEP":null,"NOME ANTIGO":null},"geometry":{"type":"MultiLineString","coordinates":[[[-42.772836923590681,-22.645708414525355,0.0],[-42.77288445669371,-22.645514713192181,0.0],[-42.772941410152946,-22.645198637668933,0.0],[-42.772984044176617,-22.644966593588141,0.0],[-42.773022163734993,-22.644746519670431,0.0],[-42.773068858918641,-22.644530575881642,0.0],[-42.773142316087707,-22.644262861265201,0.0],[-42.773234282602495,-22.643919195227522,0.0],[-42.773335600362302,-22.643531538278058,0.0],[-42.773409573652053,-22.643231742792029,0.0],[-42.773552002686337,-22.642706278063628,0.0],[-42.773601335086298,-22.642594656043613,0.0],[-42.773792080805244,-22.642288460541668,0.0],[-42.774169120152003,-22.641684028782819,0.0],[-42.774488734115558,-22.641157012576727,0.0],[-42.774674315458284,-22.640902886752208,0.0],[-42.774736024965904,-22.640827534944791,0.0],[-42.774911026691605,-22.640693591329029,0.0],[-42.775099053028917,-22.640555817327833,0.0],[-42.775334406380736,-22.640430732969232,0.0],[-42.775521850588063,-22.640329049180622,0.0],[-42.775652874818931,-22.640242626059131,0.0],[-42.775727446917493,-22.640173468799112,0.0],[-42.775811401898935,-22.640058315401319,0.0],[-42.775855894607012,-22.639978713176486,0.0],[-42.775888460335487,-22.639834769684185,0.0],[-42.775939927804508,-22.639322077945398,0.0],[-42.775945248889904,-22.639259981529811,0.0],[-42.775945991572193,-22.639213865518201,0.0],[-42.77597565763579,-22.63898164008776,0.0],[-42.77599184676388,-22.638781315510936,0.0],[-42.776057977981822,-22.638431271974632,0.0],[-42.776096089930093,-22.638211196621683,0.0],[-42.776115759285268,-22.638063063090495,0.0],[-42.776106027795649,-22.637862378819523,0.0],[-42.776087785402581,-22.637653554488903,0.0],[-42.776090142268082,-22.637507186233695,0.0],[-42.776108907472633,-22.637415193934405,0.0],[-42.776166811045783,-22.637307700703591,0.0],[-42.776330589923958,-22.637065302774815,0.0],[-42.7764373043847,-22.636878266841546,0.0],[-42.776530412992642,-22.636731151943909,0.0],[-42.776632742350913,-22.636548065997296,0.0],[-42.776712309596533,-22.636436862011713,0.0],[-42.77678742762987,-22.636333618241249,0.0],[-42.776844813801432,-22.636258205408396,0.0],[-42.7768889172469,-22.636202663268069,0.0],[-42.7769371470078,-22.636159211301727,0.0],[-42.777029028302884,-22.636088287777604,0.0],[-42.77712084496828,-22.636021374285452,0.0],[-42.777911502397927,-22.635488847737079,0.0],[-42.778444213503306,-22.63514326429901,0.0],[-42.778754412426352,-22.634930969466094,0.0],[-42.77912547644307,-22.634695451270765,0.0],[-42.779369842883106,-22.634546418907071,0.0],[-42.779400791563951,-22.634502726708771,0.0],[-42.779425638269316,-22.634464490779749,0.0]],[[-42.76019719168346,-22.661906054466446,0.0],[-42.76026233742504,-22.661747574413479,0.0],[-42.760284503379431,-22.661447063579342,0.0],[-42.760343448400128,-22.661010694943688,0.0],[-42.760361772877857,-22.660946776081783,0.0],[-42.760376818262777,-22.660818636243327,0.0],[-42.760495511813588,-22.66016250099339,0.0],[-42.760572128474458,-22.659702313556163,0.0],[-42.760738614641284,-22.658764074429012,0.0],[-42.76086620536509,-22.658092019127206,0.0],[-42.761027650215844,-22.657197829227236,0.0],[-42.761100527583807,-22.656701490364323,0.0],[-42.76118227310652,-22.65619123703625,0.0],[-42.76121203515175,-22.655955007048654,0.0],[-42.761227013713935,-22.655830876988265,0.0],[-42.761255604472801,-22.655666827681237,0.0],[-42.761318954627754,-22.655491231301681,0.0],[-42.761394550599789,-22.655359926460086,0.0],[-42.761523423899952,-22.655141125198313,0.0],[-42.761669351195479,-22.654936600423426,0.0],[-42.761826906262577,-22.654814462426476,0.0],[-42.762226771447779,-22.654406920914514,0.0],[-42.762648951882021,-22.653955569422081,0.0],[-42.76293439941265,-22.653674778231277,0.0],[-42.76319350042867,-22.653419689772136,0.0],[-42.763404067953338,-22.65322609301921,0.0],[-42.763605474084869,-22.653064455687275,0.0],[-42.763806489888346,-22.652926878348129,0.0],[-42.764050190163594,-22.652821984132871,0.0],[-42.76422385323103,-22.652772265470109,0.0],[-42.764931011177978,-22.652601640021746,0.0],[-42.766051174922403,-22.652278338137446,0.0],[-42.766264045342851,-22.652209109082431,0.0],[-42.766507937466358,-22.652092180697569,0.0],[-42.766721715869721,-22.65196681020343,0.0],[-42.767132249314756,-22.651699787166571,0.0],[-42.767184808183345,-22.651656399112504,0.0],[-42.767538558085988,-22.651426687648456,0.0],[-42.767914071095305,-22.651187251120707,0.0],[-42.768228902483102,-22.650959001214094,0.0],[-42.768438616613146,-22.650817527713585,0.0],[-42.76857507786179,-22.650663000767967,0.0],[-42.768650080709243,-22.65056778221911,0.0],[-42.768700003782421,-22.650420071791924,0.0],[-42.768722902313314,-22.650340171389598,0.0],[-42.768755089854643,-22.650220290690427,0.0],[-42.768784058936603,-22.65003217874116,0.0],[-42.768800445960252,-22.649553096531513,0.0],[-42.768803968865321,-22.649067818697315,0.0],[-42.768838105138741,-22.648774659128257,0.0],[-42.768849625552932,-22.648649308510141,0.0],[-42.768852542300927,-22.648468855634967,0.0],[-42.768863257088654,-22.648340653909361,0.0],[-42.768894990181821,-22.648248843556281,0.0],[-42.76895303409033,-22.648133333755506,0.0],[-42.769059249583627,-22.647978384985116,0.0],[-42.769226986185863,-22.647760117183989,0.0],[-42.769574965129912,-22.647351831793003,0.0],[-42.769693816250943,-22.647217113232905,0.0],[-42.769834624946299,-22.64706063985199,0.0],[-42.769913297277803,-22.647005581251264,0.0],[-42.770157177212866,-22.646888646249035,0.0],[-42.770365976285035,-22.646803310465501,0.0],[-42.770627136688518,-22.646686615148585,0.0],[-42.770866306732245,-22.646593679281022,0.0],[-42.771201752869715,-22.646425873750086,0.0],[-42.771689184757776,-22.646212049422882,0.0],[-42.771967883053378,-22.646079551751999,0.0],[-42.772759769516171,-22.645743611252708,0.0],[-42.772836946727409,-22.645708119733754,0.0]]]}},
{"type":"Feature","properties":{"fid":31,"NOM_LOGRAD":"RUA ALECRIM (RUA 34)","DOC_CRIAç":"Lei n 2.172 de 21.12.2015","LOCALIDADE":"AGROBRASIL","BAIRRO":"CENTRO","CEP":null,"NOME ANTIGO":null},"geometry":{"type":"MultiLineString","coordinates":[[[-42.773142316087707,-22.644262861265201,0.0],[-42.77291845998927,-22.644128426813527,0.0],[-42.772258323290721,-22.643784912577416,0.0],[-42.772135928881987,-22.643740889720316,0.0],[-42.77198597926818,-22.643709180067713,0.0],[-42.771858821776867,-22.643677787183588,0.0],[-42.771754319816452,-22.643655173486611,0.0],[-42.771622808904922,-22.643611023492181,0.0],[-42.771382989144968,-22.643497653076903,0.0],[-42.771129767828143,-22.643367167407423,0.0],[-42.770939749708653,-22.64327564968751,0.0],[-42.770794769239018,-22.643218615303418,0.0],[-42.770631623667306,-22.643157095962902,0.0],[-42.77046412483751,-22.643082819510724,0.0],[-42.770337719959713,-22.643004882519957,0.0],[-42.770239417119576,-22.642880783021614,0.0],[-42.770146561130581,-22.642701741579046,0.0],[-42.770052543695684,-22.642594630133072,0.0],[-42.769931107888844,-22.642491369230633,0.0],[-42.769706470246994,-22.642285100942168,0.0],[-42.769389491392381,-22.641868056784357,0.0],[-42.76924234722884,-22.641662866526826,0.0],[-42.769138736010909,-22.641585245981222,0.0],[-42.769080229672376,-22.641537878153613,0.0],[-42.768917223674983,-22.641467894923782,0.0],[-42.768676247756808,-22.641426450883799,0.0],[-42.768452889895975,-22.641423340948595,0.0],[-42.768047677925303,-22.641388073282787,0.0],[-42.767715467754826,-22.641349589324548,0.0],[-42.767392237643747,-22.641319694037261,0.0],[-42.76732852383266,-22.641312458252038,0.0],[-42.767032507006085,-22.641291405607966,0.0],[-42.766927665776656,-22.641289944814663,0.0],[-42.766840647244742,-22.641314125040012,0.0],[-42.766762813746986,-22.641334201084305,0.0],[-42.766648992742383,-22.641324150729094,0.0],[-42.766431151833473,-22.641261865149861,0.0],[-42.766123034811521,-22.641143303395129,0.0],[-42.765770772994465,-22.640935251124219,0.0],[-42.765196594046103,-22.640635229301989,0.0],[-42.765033728372352,-22.64055678002579,0.0],[-42.764527481640584,-22.640285212078314,0.0],[-42.76416651912885,-22.640051642491482,0.0],[-42.763805352331119,-22.63983076566879,0.0],[-42.76350275871286,-22.639653026633741,0.0],[-42.763204655615901,-22.639479581861767,0.0],[-42.763014785821063,-22.639379593230782,0.0],[-42.762865666260737,-22.639297101658066,0.0],[-42.7627897527885,-22.639198703361668,0.0],[-42.762683371318062,-22.639011005296528,0.0],[-42.762630729073543,-22.638883306972978,0.0],[-42.762408165923752,-22.638268659274893,0.0],[-42.762312204536016,-22.638000696298704,0.0],[-42.762226388195828,-22.637669393187675,0.0],[-42.762146158737337,-22.637274686315084,0.0],[-42.762111681609554,-22.637151473602898,0.0],[-42.762019011169869,-22.636961850593011,0.0],[-42.761943236593275,-22.63685498970494,0.0],[-42.761791070678363,-22.636679348265019,0.0],[-42.761567826377615,-22.636388447017975,0.0],[-42.761460282671592,-22.636272678057612,0.0],[-42.761343279994918,-22.63617793750295,0.0],[-42.761248382289104,-22.636125826749854,0.0],[-42.761125312891771,-22.636124107829339,0.0],[-42.760093324262222,-22.636223957261443,0.0],[-42.759627880792067,-22.636249193329139,0.0],[-42.759345482991002,-22.636232549709565,0.0],[-42.758876888852662,-22.636170981296456,0.0],[-42.758040255418841,-22.636032318465119,0.0],[-42.757794666839942,-22.635995026447848,0.0],[-42.75767214737526,-22.635959455717479,0.0],[-42.757504218643078,-22.635912669362114,0.0],[-42.756986587139387,-22.635782695807936,0.0],[-42.756551277372623,-22.635636944402631,0.0],[-42.756206992938665,-22.635500930267629,0.0],[-42.755604204755095,-22.635280886224447,0.0],[-42.75524151809568,-22.635155192724774,0.0],[-42.754896170401508,-22.635084758615577,0.0],[-42.754673822200672,-22.635020278813517,0.0],[-42.754219803996179,-22.634903884025658,0.0],[-42.753943138157773,-22.634815365700216,0.0],[-42.753644164100514,-22.634696909608969,0.0],[-42.753408728039091,-22.634596271879296,0.0],[-42.753254786628403,-22.634530632850055,0.0],[-42.752969315934038,-22.634422945079631,0.0],[-42.752769519204392,-22.634373591214185,0.0],[-42.752569860321763,-22.634315774846549,0.0],[-42.752397067923532,-22.634287959618504,0.0],[-42.752242025799681,-22.634290017780973,0.0],[-42.751972344174192,-22.63433278911991,0.0],[-42.751702318083218,-22.634396715638932,0.0],[-42.751432705040713,-22.634435254909423,0.0],[-42.751213092563461,-22.634482959348389,0.0],[-42.751062263910768,-22.634506235931038,0.0],[-42.750930080736715,-22.634504381408892,0.0],[-42.750803454605204,-22.634441239392309,0.0],[-42.750709044886065,-22.634359504915654,0.0],[-42.75057043300496,-22.634192508265222,0.0],[-42.750472981466963,-22.634017624935389,0.0],[-42.750433475182227,-22.633923964492507,0.0],[-42.750399905079057,-22.633745745485534,0.0],[-42.750384635977589,-22.633563551205384,0.0],[-42.750383247613165,-22.633368855435425,0.0],[-42.750417771958652,-22.633208520372563,0.0],[-42.750476946482237,-22.632934264672155,0.0],[-42.75050684368361,-22.632778096732135,0.0],[-42.750494168779369,-22.632716553516172,0.0],[-42.750453698164719,-22.632682128869497,0.0],[-42.750304938593935,-22.632578471098245,0.0],[-42.750164675016407,-22.632513021275312,0.0],[-42.750042023248334,-22.632485907355257,0.0],[-42.749905697628002,-22.632458601421998,0.0],[-42.749750450987577,-22.632473350711617,0.0],[-42.749585743757038,-22.632509127502917,0.0],[-42.749325181202188,-22.632552022576562,0.0],[-42.749092035294645,-22.632591070080739,0.0],[-42.748923390365086,-22.632588702064652,0.0],[-42.748791553974598,-22.632565690318003,0.0],[-42.748610683286678,-22.632474276401446,0.0],[-42.748389480816144,-22.632339974937292,0.0],[-42.748141000027836,-22.63220105793825,0.0],[-42.747658162247596,-22.631895912736436,0.0],[-42.747482196149001,-22.631783406113769,0.0],[-42.747346492852117,-22.631718018032647,0.0],[-42.747242074275881,-22.631691158248319,0.0],[-42.747092145400217,-22.631659426764102,0.0],[-42.746878129522464,-22.631643722808377,0.0],[-42.746736626569877,-22.631654430284751,0.0],[-42.746599543510094,-22.631673663933043,0.0],[-42.746470955118404,-22.631731105642956,0.0],[-42.746259564492682,-22.631833936152692,0.0],[-42.746020480761821,-22.631957537429077,0.0],[-42.74580957277702,-22.632030749490866,0.0],[-42.745717861582897,-22.63206331657539,0.0],[-42.745438756763654,-22.63212498893531,0.0],[-42.74525540312991,-22.632185891486589,0.0],[-42.744984964889582,-22.632275193452973,0.0],[-42.744750989938524,-22.632365007903964,0.0],[-42.744475854972663,-22.632462707052067,0.0],[-42.744080900022446,-22.63263912914757,0.0],[-42.743797131937505,-22.632707081009382,0.0],[-42.743590918048767,-22.632771891889892,0.0],[-42.743472065521139,-22.632791379351978,0.0],[-42.743280251040815,-22.632811955672061,0.0],[-42.74313916165147,-22.632797273216145,0.0],[-42.743039370441913,-22.632766243758144,0.0],[-42.74292597454324,-22.632730790616286,0.0],[-42.742816998396073,-22.632703863784521,0.0],[-42.742667761237115,-22.632629817114235,0.0],[-42.742568246844826,-22.632581862964965,0.0],[-42.742459616628672,-22.632533780386762,0.0],[-42.742346082806968,-22.632506789067698,0.0],[-42.742200574261972,-22.632483579422654,0.0],[-42.741923162025486,-22.632441583454483,0.0],[-42.741623375312564,-22.632373879364859,0.0],[-42.741418890580618,-22.632332909891723,0.0],[-42.741237126496124,-22.63229649237126,0.0],[-42.741128289490781,-22.632261102244236,0.0],[-42.741078152202107,-22.632260395778264,0.0],[-42.740900565718725,-22.632247313161287,0.0],[-42.740854637438005,-22.632253755456681,0.0]]]}},
{"type":"Feature","properties":{"fid":32,"NOM_LOGRAD":"RUA MARGARIDA (RUA 25)","DOC_CRIAç":"Lei nº 876 de 29.11.1993","LOCALIDADE":"AGROBRASIL","BAIRRO":"CENTRO","CEP":null,"NOME ANTIGO":null},"geometry":{"type":"MultiLineString","coordinates":[[[-42.740379033689322,-22.653307697086081,0.0],[-42.74047723111358,-22.653103329561954,0.0],[-42.740568347600281,-22.652829530526379,0.0],[-42.740664022282353,-22.652555795692013,0.0],[-42.740764601451559,-22.652260969607529,0.0],[-42.740817793501968,-22.65207550887148,0.0],[-42.741005031727376,-22.651500472235739,0.0],[-42.741121016109055,-22.651100061357617,0.0],[-42.741220762036257,-22.650856007854383,0.0],[-42.741341649822658,-22.650434505507253,0.0],[-42.741394286278918,-22.650282893148887,0.0],[-42.741515369730976,-22.650128013589676,0.0],[-42.741751800452164,-22.649890118439377,0.0],[-42.742514820867115,-22.649236436547277,0.0],[-42.742903027743338,-22.648918152517584,0.0],[-42.743245267571844,-22.648622496360904,0.0],[-42.743590888632397,-22.648398832214962,0.0],[-42.744437530069284,-22.647928296690566,0.0],[-42.746245517209942,-22.64694227152604,0.0],[-42.746461663161881,-22.646828929435149,0.0],[-42.747280107047352,-22.646408765876139,0.0],[-42.747993530236975,-22.645997702028211,0.0],[-42.748142436076677,-22.645813583067444,0.0],[-42.748906227503298,-22.64482977505175,0.0],[-42.749519830255451,-22.644108358843685,0.0],[-42.749831721932225,-22.643714922473443,0.0],[-42.750187242184829,-22.643337070632263,0.0]]]}},
{"type":"Feature","properties":{"fid":33,"NOM_LOGRAD":"RUA PALMAS (RUA 20)","DOC_CRIAç":"Lei nº 876 de 29.11.1993","LOCALIDADE":"AGROBRASIL","BAIRRO":"CENTRO","CEP":null,"NOME ANTIGO":null},"geometry":{"type":"MultiLineString","coordinates":[[[-42.751389659914338,-22.644259535489258,0.0],[-42.750999721566515,-22.644137962282972,0.0],[-42.75073458344319,-22.644033620073738,0.0],[-42.750444057209748,-22.643952141257493,0.0],[-42.7501705831775,-22.643847681144162,0.0],[-42.749946751780598,-22.643767137824788,0.0],[-42.749855551951818,-22.643734897003007,0.0]]]}},
{"type":"Feature","properties":{"fid":34,"NOM_LOGRAD":"RUA LÍRIO (RUA 19)","DOC_CRIAç":"Lei nº 876 de 29.11.1993","LOCALIDADE":"AGROBRASIL","BAIRRO":"CENTRO","CEP":null,"NOME ANTIGO":null},"geometry":{"type":"MultiLineString","coordinates":[[[-42.757384548414414,-22.651610036592835,0.0],[-42.757352432487657,-22.651582664484067,0.0],[-42.757234143922247,-22.651475565377531,0.0],[-42.757156775829124,-22.651401165325517,0.0],[-42.757135114495036,-22.651387319356679,0.0],[-42.756996807604942,-22.651368454639979,0.0],[-42.75684043134796,-22.651339179771295,0.0],[-42.756564313028441,-22.651270985555641,0.0],[-42.756419042747815,-22.651231708773008,0.0],[-42.756186577476512,-22.651170896604324,0.0],[-42.756063078676611,-22.651138695787296,0.0],[-42.755881119741247,-22.651112447366344,0.0],[-42.755731762668319,-22.651100198153383,0.0],[-42.755615227569976,-22.651088408612438,0.0],[-42.755458411665309,-22.65108621168546,0.0],[-42.755330715776424,-22.651087808281055,0.0],[-42.755177711946679,-22.651075507461197,0.0],[-42.755014152927096,-22.651039358857716,0.0],[-42.754879934213136,-22.650993464233192,0.0],[-42.754507582580857,-22.650786798126259,0.0],[-42.754286996028355,-22.650668593317171,0.0],[-42.754084754350693,-22.650543874045454,0.0],[-42.753727681260649,-22.65029509952619,0.0],[-42.75360945908109,-22.6502324231645,0.0],[-42.753566891651708,-22.650210287565979,0.0],[-42.753561878405726,-22.650213054734547,0.0],[-42.753468432805533,-22.650262210183811,0.0],[-42.753303153526709,-22.650331838091248,0.0],[-42.752867609547103,-22.650478085051617,0.0],[-42.752537325396126,-22.650600414852949,0.0],[-42.752202895580581,-22.650697293231168,0.0],[-42.75202407732948,-22.650758265601844,0.0],[-42.751859554948858,-22.650781349571815,0.0],[-42.751699797879809,-22.650791803978073,0.0],[-42.751217002111957,-22.65075963544945,0.0],[-42.750930777017395,-22.650696368404006,0.0],[-42.750744909760918,-22.650630277763774,0.0],[-42.750573407978898,-22.650522067756373,0.0],[-42.750433333692897,-22.650443923463232,0.0],[-42.750302238766423,-22.650374369316236,0.0],[-42.750080041769458,-22.650299303636366,0.0],[-42.749866755217354,-22.650237059061116,0.0],[-42.749639448299156,-22.650195777705274,0.0]]]}},
{"type":"Feature","properties":{"fid":35,"NOM_LOGRAD":"RUA VIOLETA (RUA 16)","DOC_CRIAç":"Lei nº 876 de 29.11.1993","LOCALIDADE":"AGROBRASIL","BAIRRO":"CENTRO","CEP":null,"NOME ANTIGO":null},"geometry":{"type":"MultiLineString","coordinates":[[[-42.757445145147045,-22.651571475025175,0.0],[-42.757475463636105,-22.651535361157421,0.0],[-42.757702346075881,-22.651205090579943,0.0],[-42.758177992540467,-22.650433576666639,0.0],[-42.758394224343469,-22.650028844661204,0.0],[-42.758501906834987,-22.649840310932522,0.0],[-42.758577884397418,-22.649713237655867,0.0],[-42.758621673948277,-22.649677751746836,0.0],[-42.758633502272509,-22.649620733638152,0.0],[-42.758671151251029,-22.649558115518946,0.0],[-42.7589349712838,-22.649012306215621,0.0],[-42.75904969800532,-22.648811056991864,0.0],[-42.759074266875864,-22.648751002130329,0.0],[-42.759312419878803,-22.648246588756368,0.0],[-42.759382006947305,-22.648144638283348,0.0],[-42.759512905907222,-22.647926832357353,0.0],[-42.760086114361954,-22.646949980131879,0.0],[-42.760274689423305,-22.646608425814307,0.0],[-42.760336669350217,-22.646517040277683,0.0]]]}},
{"type":"Feature","properties":{"fid":36,"NOM_LOGRAD":"RUA CRAVO (RUA 15)","DOC_CRIAç":"Lei nº 876 de 29.11.1993","LOCALIDADE":"AGROBRASIL","BAIRRO":"CENTRO","CEP":null,"NOME ANTIGO":null},"geometry":{"type":"MultiLineString","coordinates":[[[-42.752664488931273,-22.654563973653911,0.0],[-42.752713194068171,-22.654541979940653,0.0],[-42.752822085064778,-22.654477819241968,0.0],[-42.753097278892227,-22.654297176537892,0.0],[-42.753695287498516,-22.653930540921991,0.0],[-42.754070828729823,-22.653691139425931,0.0],[-42.754385295072744,-22.65348697924999,0.0],[-42.754769409634584,-22.653251707057315,0.0],[-42.755175451287599,-22.652996686418842,0.0],[-42.755520581486991,-22.652766882356687,0.0],[-42.755874058001666,-22.652555243612454,0.0],[-42.756297507783536,-22.652292441804079,0.0],[-42.756659948727105,-22.652060871993246,0.0],[-42.757017872570785,-22.651841270857862,0.0],[-42.757213990423246,-22.651717462995588,0.0],[-42.757298117653249,-22.651672200185654,0.0],[-42.757357227970054,-22.651627422319649,0.0],[-42.757445145147059,-22.651571475025186,0.0]]]}},
{"type":"Feature","properties":{"fid":37,"NOM_LOGRAD":"RUA HORTÊNCIA (RUA 13)","DOC_CRIAç":"Lei nº 876 de 29.11.1993","LOCALIDADE":"AGROBRASIL","BAIRRO":"CENTRO","CEP":null,"NOME ANTIGO":null},"geometry":{"type":"MultiLineString","coordinates":[[[-42.753944539105369,-22.658904834392661,0.0],[-42.753909291559332,-22.658825200722443,0.0],[-42.753894850446315,-22.6587769492983,0.0],[-42.753887372680175,-22.658675093802877,0.0],[-42.753918308119758,-22.658271351493408,0.0],[-42.753941406005886,-22.657974902699081,0.0],[-42.753966159723333,-22.65757672645859,0.0],[-42.753990392912876,-22.657397589428971,0.0],[-42.754018521575212,-22.657166218480491,0.0],[-42.754063712920015,-22.656822030474856,0.0],[-42.754116993863455,-22.656355007131939,0.0],[-42.754139216756514,-22.656112247673953,0.0],[-42.754162681305999,-22.655793192603809,0.0],[-42.754174229550287,-22.655644968111389,0.0],[-42.754148852076732,-22.655520250370817,0.0],[-42.75410483934148,-22.655417882612308,0.0],[-42.754030335087357,-22.655317913732361,0.0],[-42.75394941986292,-22.655237639785259,0.0],[-42.753877316424372,-22.655177274213361,0.0],[-42.753750595079161,-22.655104837102435,0.0],[-42.753581112149007,-22.655040279449867,0.0],[-42.753417994520547,-22.654958852458169,0.0],[-42.753215343991769,-22.654874044424769,0.0],[-42.753076215068809,-22.654815564823195,0.0],[-42.752955261508397,-22.654762992876538,0.0],[-42.752867705985082,-22.654716542168462,0.0],[-42.752804759949449,-22.654654891415955,0.0],[-42.752664488931266,-22.654563973653904,0.0],[-42.752448825604269,-22.654576866887194,0.0],[-42.752288902410662,-22.65457863392491,0.0],[-42.752163739050467,-22.654568855773832,0.0],[-42.751753685289266,-22.654539035645488,0.0],[-42.751352338103345,-22.654505325764806,0.0],[-42.750959860901496,-22.654457701170244,0.0],[-42.750584175706521,-22.654440393390953,0.0],[-42.750277814365745,-22.654412025554876,0.0],[-42.75010460322661,-22.65443365843921,0.0],[-42.749956530272833,-22.654503775355352,0.0],[-42.749860433659393,-22.65456660037653,0.0],[-42.749657637407545,-22.654812429074067,0.0],[-42.749075952191951,-22.655502157435798,0.0],[-42.748780721419536,-22.655850969910702,0.0],[-42.748104443662953,-22.656512347627469,0.0],[-42.748007430874267,-22.656594242731661,0.0]]]}},
{"type":"Feature","properties":{"fid":38,"NOM_LOGRAD":"ESTRADA 49","DOC_CRIAç":null,"LOCALIDADE":"AGROBRASIL","BAIRRO":"CENTRO","CEP":0,"NOME ANTIGO":null},"geometry":{"type":"MultiLineString","coordinates":[[[-42.775124263681022,-22.651325647763809,0.0],[-42.775037563802087,-22.651342493108924,0.0],[-42.774868225839306,-22.651392283975415,0.0],[-42.774750991802243,-22.651426754464467,0.0],[-42.774629437262163,-22.651461164849749,0.0],[-42.774520844026164,-22.651495755186694,0.0],[-42.774381748908453,-22.65154596561867,0.0],[-42.774242718368711,-22.651592165844232,0.0],[-42.774155533213509,-22.651639086265934,0.0],[-42.774059125009686,-22.651721977266462,0.0],[-42.773953946412504,-22.651812768287115,0.0],[-42.773791469690536,-22.651972955083405,0.0],[-42.773549962650961,-22.652210257372229,0.0],[-42.773391708417655,-22.652376518836416,0.0],[-42.773171867095535,-22.65261011060359,0.0],[-42.773040052532174,-22.652744651384726,0.0],[-42.772904429382862,-22.652823028212623,0.0]]]}},
{"type":"Feature","properties":{"fid":39,"NOM_LOGRAD":"RUA DAS ACÁCIAS","DOC_CRIAç":"Lei nº 876 de 29.11.1993","LOCALIDADE":"AGROBRASIL","BAIRRO":"CENTRO","CEP":28690370,"NOME ANTIGO":"Rua 5"},"geometry":{"type":"MultiLineString","coordinates":[[[-42.768603466374039,-22.659396466283042,0.0],[-42.768621518726071,-22.659311576436618,0.0],[-42.768632234513149,-22.65916466339257,0.0],[-42.768658111318864,-22.658890643291482,0.0],[-42.768653231571143,-22.658657939528158,0.0],[-42.768626229707465,-22.658457015265871,0.0],[-42.768606507240129,-22.658340422611289,0.0],[-42.768564533013006,-22.658263629571703,0.0],[-42.768488058535603,-22.658182344905484,0.0],[-42.768393977281953,-22.658120869707993,0.0],[-42.768171444536158,-22.657985407368937,0.0],[-42.767936144966981,-22.657837733954995,0.0],[-42.767529351009287,-22.657605445376859,0.0],[-42.767079644371087,-22.657354508313794,0.0],[-42.76687426688617,-22.657227305394052,0.0],[-42.766733114715542,-22.657137096338445,0.0],[-42.76657997457044,-22.656986555638817,0.0],[-42.766516983071149,-22.656873370473576,0.0],[-42.766424980864777,-22.656683572549962,0.0],[-42.766389276319806,-22.656486537715615,0.0],[-42.766290386065556,-22.656188347813302,0.0],[-42.766154136674217,-22.655795379362029,0.0],[-42.766046930793784,-22.655477018598731,0.0],[-42.765976532740815,-22.655287521782558,0.0],[-42.765908832324179,-22.655198336517515,0.0],[-42.765820048697194,-22.655076769514093,0.0],[-42.765773431745494,-22.655019965919823,0.0],[-42.765640728787453,-22.65494190679415,0.0],[-42.765486423330309,-22.654863546230654,0.0],[-42.765379513994326,-22.654793868620228,0.0],[-42.765251132021163,-22.65471586947552,0.0],[-42.765096047720455,-22.654685629179067,0.0],[-42.764850102618318,-22.654662142883435,0.0],[-42.76446992914353,-22.6546548323488,0.0],[-42.764279631304277,-22.654664209401076,0.0],[-42.764089398434599,-22.654669576177255,0.0],[-42.76392914929859,-22.654691405085636,0.0],[-42.763763734812855,-22.654765304124389,0.0],[-42.763567166627411,-22.654894921389094,0.0],[-42.763409547847928,-22.655021071260389,0.0],[-42.763269340916601,-22.655139442176196,0.0],[-42.763189946269605,-22.655238607368993,0.0],[-42.763114612024999,-22.655353873024456,0.0],[-42.763049638983965,-22.655629721418393,0.0],[-42.763007568607698,-22.655825670561654,0.0],[-42.762876093318638,-22.656471603130068,0.0],[-42.762814204311368,-22.656823702476821,0.0],[-42.762751794736218,-22.657207882102636,0.0],[-42.762717974319841,-22.657428012013437,0.0],[-42.762732948424805,-22.657570609922917,0.0],[-42.762777939254832,-22.65772766542138,0.0],[-42.762827445853304,-22.657872751131936,0.0],[-42.762889004129676,-22.658074158470907,0.0],[-42.762990908072418,-22.658452611129025,0.0],[-42.763068839108307,-22.658710400405386,0.0],[-42.763129845371353,-22.658945893056114,0.0],[-42.763141051903347,-22.659054345242502,0.0],[-42.763121818784001,-22.659174405160893,0.0],[-42.763081177363482,-22.659282133225439,0.0],[-42.763001584862721,-22.659393328201904,0.0],[-42.762869949129524,-22.659515829057526,0.0],[-42.762655765166691,-22.659665253322569,0.0],[-42.762114667888596,-22.659986591482475,0.0],[-42.761813678368284,-22.660158867251951,0.0],[-42.761630582986612,-22.660256582126319,0.0],[-42.760915188903859,-22.660665726095651,0.0],[-42.760588337407285,-22.660833626831227,0.0],[-42.760415015223337,-22.660937379849571,0.0],[-42.760357199886705,-22.660962727451217,0.0]]]}},
{"type":"Feature","properties":{"fid":40,"NOM_LOGRAD":"RUA PAPOULA (RUA 18)","DOC_CRIAç":"Lei nº 876 de 29.11.1993","LOCALIDADE":"AGROBRASIL","BAIRRO":"CENTRO","CEP":null,"NOME ANTIGO":null},"geometry":{"type":"MultiLineString","coordinates":[[[-42.7593542284663,-22.648185335944287,0.0],[-42.758828494314272,-22.647966085254279,0.0],[-42.758368373080764,-22.647773436100699,0.0],[-42.75803468160823,-22.647657039802237,0.0],[-42.757813299117977,-22.647587921199396,0.0],[-42.757584870725864,-22.647503468130498,0.0],[-42.757352795850018,-22.647418963715275,0.0],[-42.757048280544936,-22.647302973827415,0.0],[-42.756870468116276,-22.647246313768775,0.0],[-42.756688789041299,-22.647203142106765,0.0],[-42.756554133171591,-22.64718432839906,0.0],[-42.756408371967787,-22.647175516119624,0.0],[-42.756302560324663,-22.647177420161995,0.0],[-42.75619288182947,-22.647192812701018,0.0],[-42.756031735719262,-22.647232876978443,0.0],[-42.75591791515253,-22.647278682423838,0.0],[-42.755800282646739,-22.647334591427942,0.0],[-42.755612645713853,-22.647433533594622,0.0],[-42.755483907496803,-22.647499443819392,0.0],[-42.755380531560419,-22.647575866263779,0.0],[-42.755232678461631,-22.647695679328237,0.0],[-42.755033329601744,-22.647841856146666,0.0],[-42.754818842588371,-22.64802167732854,0.0],[-42.754633914863753,-22.648178212689913,0.0],[-42.754455867350067,-22.648360236802578,0.0],[-42.754333044678198,-22.648510870797907,0.0],[-42.754206354630782,-22.648674993172218,0.0],[-42.754031209180923,-22.648902764012458,0.0],[-42.753889435372251,-22.649097145708112,0.0],[-42.753799818429485,-22.649224544982783,0.0],[-42.753728931236765,-22.649321735718271,0.0],[-42.753661415338172,-22.649435902053057,0.0],[-42.753589784227756,-22.649578788880625,0.0],[-42.753548732489051,-22.649635769745359,0.0],[-42.753511217371937,-22.649699571533752,0.0],[-42.753488454860225,-22.649753423147178,0.0],[-42.753493655039598,-22.64988215166758,0.0],[-42.753516758904262,-22.650031445270429,0.0],[-42.753540634091856,-22.650133350253331,0.0],[-42.753566891651708,-22.650210287565979,0.0]]]}},
{"type":"Feature","properties":{"fid":41,"NOM_LOGRAD":"RUA PALMAS (RUA 20)","DOC_CRIAç":"Lei nº 876 de 29.11.1993","LOCALIDADE":"AGROBRASIL","BAIRRO":"CENTRO","CEP":null,"NOME ANTIGO":null},"geometry":{"type":"MultiLineString","coordinates":[[[-42.753765440042606,-22.649271679905077,0.0],[-42.753756481254371,-22.649197896535501,0.0],[-42.753708025110022,-22.648845081312981,0.0],[-42.753596347655886,-22.648380708425513,0.0],[-42.753600767400535,-22.648109122713144,0.0],[-42.753551002227532,-22.647836777304995,0.0],[-42.753543602836949,-22.647625392028495,0.0],[-42.753482673540823,-22.647373012131322,0.0],[-42.753379051581021,-22.647079789523048,0.0],[-42.75337001538464,-22.646968991546533,0.0],[-42.753373125680078,-22.646777875672019,0.0],[-42.753464240431697,-22.646507505461841,0.0],[-42.753598211124412,-22.64626791906862,0.0]]]}},
{"type":"Feature","properties":{"fid":42,"NOM_LOGRAD":"RUA AZALÉA","DOC_CRIAç":"Lei nº 876 de 29.11.1993","LOCALIDADE":"AGROBRASIL","BAIRRO":"CENTRO","CEP":28690410,"NOME ANTIGO":"Rua 17"},"geometry":{"type":"MultiLineString","coordinates":[[[-42.772904429382862,-22.652823028212623,0.0],[-42.772927542882151,-22.653021849935048,0.0],[-42.772908448933023,-22.653133891719275,0.0],[-42.772863869514694,-22.65348623752207,0.0],[-42.772834645895983,-22.653690390811921,0.0],[-42.77280555160057,-22.65388652394055,0.0],[-42.77269873651619,-22.654346300577991,0.0],[-42.772625756759339,-22.654583938645828,0.0],[-42.772567194758722,-22.654731530289251,0.0],[-42.772476511538663,-22.654994993392158,0.0],[-42.772248847703537,-22.655445067056093,0.0],[-42.772038917837506,-22.655867310148224,0.0],[-42.771667972995004,-22.656626239857875,0.0],[-42.771457780214035,-22.657064522110851,0.0],[-42.771332592751556,-22.657323493225107,0.0],[-42.770971869637336,-22.658028217254003,0.0],[-42.770966672796519,-22.658038369958547,0.0]],[[-42.75904969800532,-22.648811056991864,0.0],[-42.759132478335488,-22.648824548688989,0.0],[-42.759223009836766,-22.648837847683396,0.0],[-42.759283429278604,-22.64884270361452,0.0],[-42.759584875716286,-22.64890708331604,0.0],[-42.759726860778017,-22.648945167203554,0.0],[-42.759976268513185,-22.649020851407453,0.0],[-42.76016590764042,-22.64905157925925,0.0],[-42.760347752049199,-22.649030055585246,0.0],[-42.761346176708123,-22.648751209512422,0.0],[-42.76238465082853,-22.648400719072811,0.0],[-42.762567274240496,-22.648331072218962,0.0],[-42.763069569511551,-22.648001165393588,0.0],[-42.763249041384547,-22.647859276494415,0.0],[-42.763550488338524,-22.647656920102264,0.0],[-42.763734019734571,-22.647531131080871,0.0],[-42.763917420892376,-22.647413361922165,0.0],[-42.764048458649427,-22.647326949491603,0.0],[-42.764174656372575,-22.647272557069186,0.0],[-42.764313425203788,-22.647242405693657,0.0],[-42.7644996522219,-22.647216927282958,0.0],[-42.764694130170348,-22.647215629509638,0.0],[-42.764857781752752,-22.647250000124284,0.0],[-42.765055541312805,-22.647312923046091,0.0],[-42.765270192756716,-22.647400147087026,0.0],[-42.76548052419362,-22.647487310611435,0.0],[-42.765704043994823,-22.647560619417263,0.0],[-42.766077704028021,-22.647702202126808,0.0],[-42.766936900826401,-22.648015001064824,0.0],[-42.767040004728543,-22.648052536647818,0.0],[-42.767134208584018,-22.648105991993322,0.0],[-42.767207005472891,-22.648147116087006,0.0],[-42.767447841197267,-22.648218658401724,0.0],[-42.768740126027666,-22.648740035888189,0.0],[-42.768929184360843,-22.648806844061639,0.0],[-42.769096608718058,-22.648875356280797,0.0],[-42.769680807766946,-22.649092059820752,0.0],[-42.769985739572427,-22.649208611376284,0.0],[-42.770080075045328,-22.649254045002607,0.0],[-42.770313614435494,-22.64950998624089,0.0],[-42.770551280753097,-22.649778017523161,0.0],[-42.77080616479828,-22.650050299038444,0.0],[-42.770962910971626,-22.65024500643332,0.0],[-42.771004528389689,-22.6503438542053,0.0],[-42.771037602182204,-22.650436566652115,0.0],[-42.771291916083918,-22.651547132336194,0.0],[-42.771351431003403,-22.65160812480956,0.0],[-42.771488001802211,-22.651714309818036,0.0],[-42.772115955207212,-22.652166255894084,0.0],[-42.772499943035868,-22.65247241826177,0.0],[-42.772814840653233,-22.652690200290287,0.0],[-42.772921104245704,-22.652823260024118,0.0]]]}},
{"type":"Feature","properties":{"fid":43,"NOM_LOGRAD":"RUA VITÓRIA-RÉGIA (RUA 9)","DOC_CRIAç":"Lei nº 876 de 29.11.1993","LOCALIDADE":"AGROBRASIL","BAIRRO":"CENTRO","CEP":null,"NOME ANTIGO":null},"geometry":{"type":"MultiLineString","coordinates":[[[-42.760672134383213,-22.659138728431888,0.0],[-42.760595092775233,-22.659195252857021,0.0],[-42.760378798307158,-22.659318630682392,0.0],[-42.760119173814616,-22.659461953877745,0.0],[-42.759683628008588,-22.65971303129438,0.0],[-42.759427840350988,-22.659863754620226,0.0],[-42.758884543386884,-22.66016842988817,0.0],[-42.758336928475153,-22.660495085753304,0.0],[-42.758180972291107,-22.66059209653535,0.0],[-42.758019892195115,-22.660696860575491,0.0],[-42.758028116447498,-22.660826972274464,0.0],[-42.758017685963388,-22.660969066292008,0.0]]]}},
{"type":"Feature","properties":{"fid":44,"NOM_LOGRAD":"CMU-108","DOC_CRIAç":null,"LOCALIDADE":"AGROBRASIL","BAIRRO":"CENTRO","CEP":1,"NOME ANTIGO":null},"geometry":{"type":"MultiLineString","coordinates":[[[-42.740872691143785,-22.632231035256972,0.0],[-42.740852020253776,-22.632254122565016,0.0]],[[-42.740854637438005,-22.632253755456681,0.0],[-42.740818315323082,-22.632258850298847,0.0],[-42.740662376780634,-22.632315901705137,0.0],[-42.740510996058561,-22.63237301719014,0.0],[-42.740401051913992,-22.632405324142482,0.0],[-42.74024552833913,-22.632436988531246,0.0],[-42.74004435609902,-22.632472241317867,0.0],[-42.739848295514278,-22.632473709336288,0.0],[-42.739369850551412,-22.632458499090902,0.0],[-42.739142230736341,-22.632438360855225,0.0],[-42.738841545572107,-22.632425655882258,0.0],[-42.738795966236559,-22.632425012986854,0.0],[-42.738591032403761,-22.63241154206678,0.0],[-42.738422527452585,-22.632400700843604,0.0],[-42.738294489746956,-22.632424286921069,0.0],[-42.738192899024924,-22.632503262923468,0.0],[-42.7380118833997,-22.632699616085777,0.0],[-42.737909045187287,-22.632854751498567,0.0],[-42.737805375267662,-22.63306065989994,0.0],[-42.737664825590642,-22.633291440146479,0.0],[-42.737562471588717,-22.633416957636868,0.0],[-42.7374697184338,-22.63351298608783,0.0],[-42.73734540589686,-22.63358740869435,0.0],[-42.737267227384024,-22.633628625866692,0.0],[-42.737124752073179,-22.633698559846945,0.0],[-42.737042223410953,-22.633727019295847,0.0],[-42.736904895082482,-22.633761053168762,0.0],[-42.736626165573561,-22.633799438588145,0.0],[-42.736511938955907,-22.633814754001229,0.0],[-42.736297367597594,-22.633832884417828,0.0],[-42.736128375930015,-22.633851658247057,0.0],[-42.735963664812992,-22.633887420604147,0.0],[-42.735853441253006,-22.633936648578405,0.0],[-42.735715384275757,-22.63401510776232,0.0],[-42.735507362128267,-22.634189915901455,0.0],[-42.735239114428687,-22.634423121721142,0.0],[-42.734892269777603,-22.634722929393902,0.0],[-42.734725857365888,-22.634862351818253,0.0],[-42.734494556898539,-22.635066453905452,0.0],[-42.734198541279575,-22.635324657625087,0.0],[-42.734082925062872,-22.635424592729649,0.0],[-42.734000256028857,-22.635461512624605,0.0],[-42.733912681852203,-22.635519523420804,0.0],[-42.733770619607526,-22.635564067644797,0.0],[-42.733610602897265,-22.635591429647622,0.0],[-42.733223310003957,-22.6355774891158,0.0],[-42.732840366947286,-22.635576305343069,0.0],[-42.732558047659694,-22.635555383792511,0.0],[-42.732125418211915,-22.635525987106536,0.0],[-42.731783914567458,-22.635499994782492,0.0],[-42.731610849069909,-22.635489081635132,0.0],[-42.731346206433095,-22.635502264543597,0.0],[-42.730939709393866,-22.635547295444539,0.0],[-42.730606696519899,-22.635559509273985,0.0],[-42.730379074092085,-22.635539358278933,0.0],[-42.730174380864106,-22.635511067553082,0.0],[-42.72989721164906,-22.635454241844371,0.0],[-42.729706123168945,-22.635430375255751,0.0],[-42.729591825335824,-22.635449916622036,0.0],[-42.7294865739348,-22.63547381809413,0.0],[-42.729398719867731,-22.63554875052116,0.0],[-42.729268939358029,-22.635678105593204,0.0],[-42.729002315121598,-22.636089069019778,0.0],[-42.728814636929499,-22.636412277523586,0.0],[-42.72858635291874,-22.636709518037364,0.0],[-42.728432458095071,-22.636918939443444,0.0],[-42.728362765129127,-22.636998360614488,0.0],[-42.728247561140599,-22.637072904670077,0.0],[-42.728072684706589,-22.637171995097201,0.0],[-42.727941636782013,-22.63723240332094,0.0],[-42.727816777145918,-22.637283398207803,0.0],[-42.727712661632587,-22.637329890271353,0.0],[-42.727613238946645,-22.637405229619116,0.0],[-42.727550296105981,-22.63746189888986,0.0],[-42.727471696393927,-22.637527939752076,0.0],[-42.727430577604537,-22.637563962010571,0.0]]]}},
{"type":"Feature","properties":{"fid":45,"NOM_LOGRAD":"RJ-116","DOC_CRIAç":null,"LOCALIDADE":"AGROBRASIL","BAIRRO":"CENTRO","CEP":28690300,"NOME ANTIGO":null},"geometry":{"type":"MultiLineString","coordinates":[[[-42.770195071337731,-22.663315470243418,0.0],[-42.769803277028124,-22.663018332070504,0.0],[-42.76942498738277,-22.662811663774082,0.0],[-42.769067907481563,-22.662681683105344,0.0],[-42.768717748018972,-22.662586522181904,0.0],[-42.768378986834726,-22.662520684594266,0.0],[-42.768015976693547,-22.662536723786864,0.0],[-42.766763688974152,-22.662585188713688,0.0],[-42.765674179260166,-22.662607662155384,0.0],[-42.763406474064745,-22.662698435977326,0.0],[-42.763021268842095,-22.662674220598532,0.0],[-42.762554903775616,-22.662648870411918,0.0],[-42.762102982192026,-22.662567215323666,0.0],[-42.761732119326581,-22.662492970294789,0.0],[-42.761260927708832,-22.662348259825027,0.0],[-42.760944783873995,-22.662237107717512,0.0],[-42.760232714199432,-22.661928927941265,0.0],[-42.760147914850641,-22.661874324358486,0.0],[-42.759554107500946,-22.661643187622765,0.0],[-42.756852416207479,-22.660457777988224,0.0],[-42.756753167208657,-22.660414229709545,0.0],[-42.755517214777825,-22.659875809865575,0.0],[-42.753562574158757,-22.659022802326596,0.0],[-42.752467957533234,-22.658530291178533,0.0],[-42.750149995885366,-22.657559135626627,0.0],[-42.749451760016981,-22.657235409346331,0.0],[-42.748444376107685,-22.656788046477693,0.0],[-42.748076677992955,-22.656623203628349,0.0],[-42.746677551491757,-22.656038053533599,0.0],[-42.746012634517619,-22.655746173599219,0.0],[-42.745043753856052,-22.655341300655984,0.0],[-42.743983625552019,-22.654898288274254,0.0],[-42.743768855730366,-22.654794810179478,0.0],[-42.742016279157902,-22.654004160562742,0.0],[-42.74053151161452,-22.653383645917774,0.0],[-42.74037903368928,-22.653307697086071,0.0],[-42.740142353920412,-22.653189807112206,0.0],[-42.739356456695944,-22.652852246385244,0.0],[-42.73892703443434,-22.652639001688211,0.0],[-42.738531941485043,-22.652394848978741,0.0],[-42.738130961690779,-22.652097246627562,0.0],[-42.73731067459093,-22.651382492521954,0.0],[-42.736651155187936,-22.650764180635584,0.0],[-42.736069415414882,-22.650233621043341,0.0],[-42.735817550108493,-22.650003912469483,0.0],[-42.735584838265964,-22.649791671440465,0.0],[-42.734630769526476,-22.648987118171284,0.0],[-42.733937255005792,-22.648380872457235,0.0],[-42.733490763235061,-22.647972745880626,0.0],[-42.733124186732468,-22.647641088447756,0.0],[-42.732938291050985,-22.647428135332802,0.0],[-42.732738510221466,-22.647236959598715,0.0],[-42.732506670508997,-22.646938598930209,0.0],[-42.732408017939555,-22.646767688822639,0.0],[-42.732276893978906,-22.646514701263399,0.0],[-42.73210132096731,-22.646085292230584,0.0],[-42.73197184804728,-22.645731875123186,0.0],[-42.731720542886883,-22.64497178333578,0.0],[-42.73151394626764,-22.644372420722224,0.0],[-42.731236266851361,-22.643571146129027,0.0],[-42.730940223554242,-22.642663519737322,0.0],[-42.730914297746288,-22.64258403441055,0.0],[-42.730616441184814,-22.64177619508704,0.0],[-42.730420385373925,-22.641359051289214,0.0],[-42.730209877819533,-22.640998207275224,0.0],[-42.730084802391438,-22.640789252123252,0.0],[-42.729899539094212,-22.640538635462935,0.0],[-42.729660644115356,-22.640259006574713,0.0],[-42.729336010546952,-22.639846318556959,0.0],[-42.728294346274524,-22.638616708216304,0.0],[-42.727604628047978,-22.637784475238437,0.0],[-42.727213729602596,-22.63728922641145,0.0],[-42.727175129184737,-22.63724390393168,0.0],[-42.726976969737898,-22.637011235472247,0.0]]]}},
{"type":"Feature","properties":{"fid":46,"NOM_LOGRAD":"RJ-120","DOC_CRIAç":null,"LOCALIDADE":"AGROBRASIL","BAIRRO":"","CEP":28690720,"NOME ANTIGO":null},"geometry":{"type":"MultiLineString","coordinates":[[[-42.735817550108521,-22.650003912469487,0.0],[-42.7353714854423,-22.65021435440061,0.0],[-42.734763658776316,-22.650496890101042,0.0],[-42.7342691345535,-22.650736236714621,0.0],[-42.734194315730413,-22.650769223874491,0.0]]]}},
{"type":"Feature","properties":{"fid":47,"NOM_LOGRAD":"RUA DENTE DE LEÃO (RUA 33)","DOC_CRIAç":"Lei n 2.172 de 21.12.2015","LOCALIDADE":"AGROBRASIL","BAIRRO":"CENTRO","CEP":null,"NOME ANTIGO":null},"geometry":{"type":"MultiLineString","coordinates":[[[-42.77609014226806,-22.637507186233695,0.0],[-42.775709872520828,-22.637474899545673,0.0],[-42.7753958249045,-22.637413259394258,0.0],[-42.775194940944516,-22.637383337727805,0.0],[-42.775036123853027,-22.637363044250552,0.0],[-42.774847937153488,-22.637351387393675,0.0],[-42.774688780227343,-22.63735219267172,0.0],[-42.774581188520209,-22.637377832373449,0.0],[-42.774443984226622,-22.637427179474269,0.0],[-42.774306342682223,-22.637503653846412,0.0],[-42.774178296603132,-22.637589305826982,0.0],[-42.773977696463248,-22.637743291153885,0.0],[-42.773796772946206,-22.637885490175073,0.0],[-42.773645947772515,-22.637973840124715,0.0],[-42.77344277969123,-22.638085581433113,0.0],[-42.773213974482672,-22.638175862491302,0.0],[-42.773018709545433,-22.638200283013685,0.0],[-42.77281704752513,-22.638218584748081,0.0],[-42.771922178449842,-22.638123239920553,0.0],[-42.771711407374312,-22.638102220899047,0.0],[-42.771694884760578,-22.638104772822693,0.0],[-42.771469932997277,-22.63807389051939,0.0],[-42.770987187770807,-22.637893260683001,0.0],[-42.770419722355577,-22.637669471505159,0.0],[-42.769985731199995,-22.637532800257265,0.0],[-42.769407076325869,-22.637353768914981,0.0],[-42.769287189266315,-22.6373186020442,0.0],[-42.769168900700897,-22.637309011079441,0.0],[-42.768680532534553,-22.637221086111609,0.0],[-42.768163775330201,-22.637347671447444,0.0],[-42.767959017647044,-22.637277930200213,0.0]]]}},
{"type":"Feature","properties":{"fid":48,"NOM_LOGRAD":"RUA DONA MARIANA","DOC_CRIAç":null,"LOCALIDADE":"GUAPIAÇU","BAIRRO":"","CEP":null,"NOME ANTIGO":null},"geometry":{"type":"MultiLineString","coordinates":[[[-42.751350246785577,-22.436834007821943,0.0],[-42.751368685903564,-22.436776693719398,0.0],[-42.751392701900897,-22.43668288808264,0.0],[-42.751414031957317,-22.436581200002554,0.0],[-42.751443461829489,-22.436500544804115,0.0],[-42.751489934251296,-22.436409666987441,0.0],[-42.75153405784171,-22.436289991363054,0.0],[-42.751590273492603,-22.436118184033514,0.0],[-42.751652745731406,-22.43590723872434,0.0],[-42.751709213868729,-22.435719744802789,0.0],[-42.751757329150713,-22.435526904490679,0.0],[-42.75183304609277,-22.435279533443733,0.0],[-42.751865119159163,-22.435209374964355,0.0],[-42.751889008059152,-22.435123412448043,0.0],[-42.751898371918919,-22.435066012707377,0.0],[-42.75190450213222,-22.435034718000249,0.0],[-42.751930824084987,-22.434972324423114,0.0],[-42.751976307948446,-22.434829642130229,0.0],[-42.75200327589242,-22.43470617381098,0.0]]]}},
{"type":"Feature","properties":{"fid":49,"NOM_LOGRAD":"RUA ILHA SÃO JORGE","DOC_CRIAç":null,"LOCALIDADE":"GUAPIAÇU","BAIRRO":"","CEP":null,"NOME ANTIGO":null},"geometry":{"type":"MultiLineString","coordinates":[[[-42.75359784745941,-22.436972561371793,0.0],[-42.753592846463654,-22.436920109874411,0.0],[-42.753602630870638,-22.436836565771081,0.0],[-42.753621189134776,-22.436732223706251,0.0],[-42.753636050839802,-22.436682745376231,0.0],[-42.753696036346653,-22.436626050015285,0.0],[-42.753781122387068,-22.436582778988118,0.0],[-42.753860709990576,-22.436531586368289,0.0],[-42.753949071342845,-22.436459595721036,0.0],[-42.753985968553089,-22.436439189082424,0.0],[-42.754266655474439,-22.436477089778915,0.0],[-42.754434890950371,-22.436510810550693,0.0],[-42.754586378716311,-22.436536453136458,0.0],[-42.754707225344077,-22.43654336427214,0.0],[-42.754833907087551,-22.436537281432226,0.0],[-42.754980359398118,-22.436526243462154,0.0],[-42.755039586942758,-22.436516607208606,0.0],[-42.755214920007973,-22.436458900516577,0.0],[-42.755367922485306,-22.436390423037579,0.0],[-42.755427276167097,-22.436372943355966,0.0],[-42.755480668602516,-22.43637630084573,0.0],[-42.75555357917122,-22.436390389773116,0.0],[-42.755667917732488,-22.436452124927456,0.0],[-42.755715391071128,-22.436473705119177,0.0],[-42.755748466187171,-22.436516005194399,0.0],[-42.755903518010371,-22.436669831691901,0.0],[-42.756056052233099,-22.436805317976336,0.0],[-42.756220443287184,-22.436990654193664,0.0],[-42.756381289085645,-22.437134100791727,0.0],[-42.756492269618015,-22.437229783904343,0.0],[-42.756634144256147,-22.437328511368875,0.0],[-42.756792725112064,-22.437437930960265,0.0],[-42.756937832992435,-22.437510552991959,0.0]]]}},
{"type":"Feature","properties":{"fid":50,"NOM_LOGRAD":"RUA DAS FLORES","DOC_CRIAç":null,"LOCALIDADE":"GUAPIAÇU","BAIRRO":"","CEP":null,"NOME ANTIGO":null},"geometry":{"type":"MultiLineString","coordinates":[[[-42.748719903130926,-22.436404603485393,0.0],[-42.748738404624724,-22.436350392882545,0.0],[-42.748751088557412,-22.436261659700566,0.0],[-42.748758274400608,-22.436165004822822,0.0],[-42.748780039851276,-22.436047808032065,0.0],[-42.748785983902089,-22.435941684267966,0.0],[-42.748795460178172,-22.435878879150014,0.0],[-42.748814222295415,-22.435765066994726,0.0],[-42.748828944388364,-22.435639397746954,0.0],[-42.748846944841254,-22.435572777925103,0.0],[-42.74886596071093,-22.435443234970837,0.0],[-42.748902976903857,-22.435247072173262,0.0],[-42.74892383834495,-22.434969642489644,0.0],[-42.748964068587533,-22.434742698233894,0.0],[-42.748971647763241,-22.434708808884295,0.0],[-42.749051404514532,-22.434647161022809,0.0],[-42.749256336311312,-22.434498348427653,0.0],[-42.749302050060948,-22.434454530767557,0.0],[-42.749357782742038,-22.434332956160755,0.0],[-42.749400741175293,-22.43403066928925,0.0],[-42.749461635750649,-22.433665695129175,0.0],[-42.749485007831709,-22.433528345587494,0.0],[-42.749529166246326,-22.433192035214716,0.0],[-42.749563221963129,-22.432998999645719,0.0],[-42.74958799734997,-22.432858134780446,0.0],[-42.749629088776892,-22.432727903307367,0.0],[-42.749652079848474,-22.432614149894594,0.0],[-42.74966648342609,-22.432508143931486,0.0],[-42.74969933048385,-22.432307989059353,0.0],[-42.749716471215599,-22.432130339347772,0.0],[-42.749781684651055,-22.431749457614874,0.0],[-42.749786149997263,-22.431699767037799,0.0]]]}},
{"type":"Feature","properties":{"fid":51,"NOM_LOGRAD":"RUA JULIO LUIZ NOGUEIRA","DOC_CRIAç":null,"LOCALIDADE":"GUAPIAÇU","BAIRRO":"","CEP":null,"NOME ANTIGO":null},"geometry":{"type":"MultiLineString","coordinates":[[[-42.750493673975605,-22.434280209394661,0.0],[-42.750467308805774,-22.434404407590318,0.0],[-42.750440669726032,-22.434545588179567,0.0],[-42.750413026430962,-22.434749037568121,0.0],[-42.750392750327585,-22.434873320595244,0.0],[-42.750331830446832,-22.435251830433174,0.0],[-42.750283362622419,-22.435613527548067,0.0],[-42.750211267607405,-22.435929598719529,0.0],[-42.750140815671671,-22.436143775441302,0.0],[-42.750088266250401,-22.436380849947891,0.0],[-42.750017448018937,-22.436678146103542,0.0]]]}},
{"type":"Feature","properties":{"fid":52,"NOM_LOGRAD":"RUA JUCA BARCELOS","DOC_CRIAç":null,"LOCALIDADE":"GUAPIAÇU","BAIRRO":"","CEP":null,"NOME ANTIGO":null},"geometry":{"type":"MultiLineString","coordinates":[[[-42.75006264209906,-22.436488420758373,0.0],[-42.750566409300454,-22.436551553889679,0.0],[-42.750657638957186,-22.436057450103039,0.0],[-42.750704126954169,-22.435756228667593,0.0],[-42.750740418760927,-22.435570968685489,0.0],[-42.750786781545237,-22.435277485681301,0.0],[-42.750815622217566,-22.435037940158388,0.0],[-42.750869310649932,-22.434806481080535,0.0],[-42.750906475215338,-22.434567051494966,0.0],[-42.750907722841923,-22.434489666482939,0.0],[-42.750909469509942,-22.434381327464795,0.0],[-42.750927490268097,-22.434296435914245,0.0],[-42.750998200736596,-22.434041993189727,0.0]]]}},
{"type":"Feature","properties":{"fid":53,"NOM_LOGRAD":"RUA SEM NOME","DOC_CRIAç":null,"LOCALIDADE":"GUAPIAÇU","BAIRRO":"","CEP":null,"NOME ANTIGO":null},"geometry":{"type":"MultiLineString","coordinates":[[[-42.750907722841923,-22.434489666482939,0.0],[-42.751427417153387,-22.434624639217667,0.0]]]}},
{"type":"Feature","properties":{"fid":54,"NOM_LOGRAD":"CMU-009","DOC_CRIAç":null,"LOCALIDADE":"GUAPIAÇU","BAIRRO":"","CEP":1,"NOME ANTIGO":null},"geometry":{"type":"MultiLineString","coordinates":[[[-42.788336983320697,-22.468023376086279,0.0],[-42.788177097999977,-22.46791753499993,0.0],[-42.787985836999965,-22.467788701999929,0.0],[-42.787815617,-22.467674041999949,0.0],[-42.787582442999977,-22.467422402999912,0.0],[-42.78741919499997,-22.467281504999978,0.0],[-42.787099056999949,-22.467089307999981,0.0],[-42.786920602999935,-22.466943474999894,0.0]]]}},
{"type":"Feature","properties":{"fid":55,"NOM_LOGRAD":"ESTRADA JAIME FONSECA NOGUEIRA (CMU-013)","DOC_CRIAç":"Lei 2320/2016","LOCALIDADE":"GUAPIAÇU","BAIRRO":"","CEP":28696300,"NOME ANTIGO":null},"geometry":{"type":"MultiLineString","coordinates":[[[-42.763621040480402,-22.460011287041752,0.0],[-42.763570547612666,-22.459954446032036,0.0],[-42.763517465927009,-22.45989876359425,0.0],[-42.763446204323593,-22.459774743348369,0.0],[-42.763364175250224,-22.459681033133236,0.0],[-42.763244300809596,-22.459543199289914,0.0],[-42.763127159247205,-22.459395250149189,0.0],[-42.762960158504768,-22.459231081059325,0.0],[-42.762828903470165,-22.459081741487818,0.0],[-42.762640579017848,-22.458885025221402,0.0],[-42.762490224745044,-22.458724670095105,0.0],[-42.762350868532835,-22.458599704747122,0.0],[-42.762189315840303,-22.458416498795977,0.0],[-42.761910442124233,-22.458096687939562,0.0],[-42.76180818393447,-22.457982390098543,0.0],[-42.761643842387741,-22.457812881558603,0.0],[-42.761365296622152,-22.457552798687662,0.0],[-42.761171375757392,-22.457464701368512,0.0],[-42.761012192413951,-22.457454130301336,0.0],[-42.760783063691079,-22.457397794863404,0.0],[-42.760616728147006,-22.45735248407378,0.0],[-42.760471746331412,-22.457257898526851,0.0],[-42.760257241915198,-22.457091275659579,0.0],[-42.75999356132882,-22.456866037122364,0.0],[-42.75977555884409,-22.456677267154667,0.0],[-42.75961802782458,-22.456563992122959,0.0],[-42.759493066867485,-22.45650312941979,0.0],[-42.759244353297717,-22.456386198464383,0.0],[-42.758935532722589,-22.456251112018947,0.0],[-42.758747693710667,-22.456184597195506,0.0],[-42.758576814520815,-22.456182222695123,0.0],[-42.75844370153699,-22.456228749426547,0.0],[-42.758340492116886,-22.456333624066541,0.0],[-42.75826619914826,-22.45647831846102,0.0],[-42.758220815422881,-22.456583399434759,0.0],[-42.758116493665696,-22.456677508092071,0.0],[-42.757983944358998,-22.456768835337396,0.0],[-42.757817156539751,-22.45683161615991,0.0],[-42.757676977613109,-22.456838028801666,0.0],[-42.757543244744276,-22.456763306129286,0.0],[-42.757436368103896,-22.456696720892527,0.0],[-42.757277169975829,-22.456607310166394,0.0],[-42.757002054124584,-22.45645417428014,0.0],[-42.756705347136041,-22.456285209407213,0.0],[-42.75647610100814,-22.456156600287265,0.0],[-42.756364413034717,-22.456069641285627,0.0],[-42.756266044308987,-22.455953602687874,0.0],[-42.756212634149598,-22.455838786697388,0.0],[-42.75620431703819,-22.455716833849007,0.0]],[[-42.759699470158374,-22.440393599683112,0.0],[-42.759722133010385,-22.44050261249113,0.0],[-42.759730990716015,-22.440591127401238,0.0],[-42.759702841892484,-22.440743630830521,0.0],[-42.759552254876439,-22.441078982540635,0.0],[-42.759465537736197,-22.441277854966458,0.0],[-42.759336502007692,-22.441551392344465,0.0],[-42.759244032460195,-22.441708377741477,0.0],[-42.759091058255649,-22.441872287056292,0.0],[-42.758930845834442,-22.442006830792938,0.0],[-42.758873504430653,-22.442056800087794,0.0],[-42.758748784006329,-22.442141668137332,0.0],[-42.758659632667616,-22.442172083793178,0.0],[-42.758337849180577,-22.442205837736196,0.0],[-42.758060291802416,-22.442206162641391,0.0],[-42.757917203080801,-22.442234634041018,0.0],[-42.757813987301915,-22.44226067310931,0.0],[-42.757709715342564,-22.442352394076796,0.0],[-42.757616755705769,-22.442459800455129,0.0],[-42.757480546881482,-22.44261976031185,0.0],[-42.757383252692989,-22.442756968397429,0.0],[-42.75728374426815,-22.442872047680012,0.0],[-42.757170774190634,-22.443025163279533,0.0],[-42.757013385011462,-22.44322364900518,0.0],[-42.756960912244395,-22.443290407978868,0.0],[-42.756850866230039,-22.44342146599487,0.0],[-42.756754961176995,-22.443552123258932,0.0],[-42.756564684983552,-22.443797930612813,0.0],[-42.756235290540772,-22.444224559269852,0.0],[-42.756148406011221,-22.444353549790957,0.0],[-42.756122392087633,-22.44445292739962,0.0],[-42.756117404116701,-22.444523332548222,0.0],[-42.756142422477588,-22.44464551773919,0.0],[-42.756163387907897,-22.444700158266397,0.0],[-42.756228981490601,-22.444776322824147,0.0],[-42.756348378788338,-22.444862791356201,0.0],[-42.756441393224002,-22.44491186399668,0.0],[-42.756604787655213,-22.44497923511322,0.0],[-42.756821822715793,-22.445067060763076,0.0],[-42.757101376277973,-22.445182631048237,0.0],[-42.757324585826396,-22.445286070177495,0.0],[-42.757467560362699,-22.445344795273439,0.0],[-42.757576950217192,-22.445414401115574,0.0],[-42.757713969941044,-22.445523808823474,0.0],[-42.757790963901911,-22.445610284362093,0.0],[-42.757862540655651,-22.445714004613414,0.0],[-42.757940740741184,-22.445885305224717,0.0],[-42.75798579774127,-22.446040019750455,0.0],[-42.758017727298977,-22.446291902319036,0.0],[-42.758028644461788,-22.446412099665451,0.0],[-42.758026224767264,-22.44656257103939,0.0],[-42.758025083847492,-22.446580906245909,0.0],[-42.758021026331051,-22.446646112691884,0.0],[-42.757979073997305,-22.446937581097551,0.0],[-42.757949110505891,-22.447042876568602,0.0],[-42.757927537085827,-22.447105884437754,0.0],[-42.757865328522449,-22.447298526372705,0.0],[-42.757806829888587,-22.447500178453296,0.0],[-42.757749425883254,-22.447633760133691,0.0],[-42.757686784592465,-22.447853271826276,0.0],[-42.75762382839099,-22.448012457674352,0.0],[-42.757565770836813,-22.448186642615443,0.0],[-42.757502641423102,-22.448356576335541,0.0],[-42.7574432804645,-22.448500772131709,0.0],[-42.757388230714739,-22.448610259860533,0.0],[-42.75729158752457,-22.448740740612099,0.0],[-42.757137420676386,-22.448920754467181,0.0],[-42.756997721973633,-22.449056228990916,0.0],[-42.756791186455459,-22.449285847213773,0.0],[-42.756727941279713,-22.449370453754074,0.0],[-42.756653805930604,-22.449490860855416,0.0],[-42.756536495539365,-22.449730507589752,0.0],[-42.756508852340005,-22.449845968568329,0.0],[-42.756525002004821,-22.45012422206127,0.0],[-42.756537830143394,-22.450395238956482,0.0],[-42.756554425732446,-22.45075259306773,0.0],[-42.756570948241382,-22.451007682653515,0.0],[-42.756594546924518,-22.45135714480044,0.0],[-42.756660399672477,-22.451537820612106,0.0],[-42.75675212209682,-22.451713263601793,0.0],[-42.756901498171857,-22.451831186057685,0.0],[-42.757039499569615,-22.451908204621009,0.0],[-42.757168239571108,-22.452026638869505,0.0],[-42.757234006977264,-22.452105848731893,0.0],[-42.757305415197273,-22.452261834634999,0.0],[-42.757344169303934,-22.452417366556123,0.0],[-42.757390125138883,-22.452766340563233,0.0],[-42.757475131123179,-22.453252475100847,0.0],[-42.757522732421684,-22.453499208434959,0.0],[-42.757558354623391,-22.453742579498684,0.0],[-42.757526974686961,-22.453983421255398,0.0],[-42.757450382278208,-22.454256390719497,0.0],[-42.757402243067368,-22.454363577505099,0.0],[-42.757339955949469,-22.454495334511851,0.0],[-42.757262843359953,-22.454586938678048,0.0],[-42.757060405012439,-22.454775069011845,0.0],[-42.756917673880452,-22.454884934943955,0.0],[-42.756708809943568,-22.455045012747895,0.0],[-42.75646996931345,-22.455251810364103,0.0],[-42.756335097625403,-22.455407324214963,0.0],[-42.756249056075376,-22.455519575866862,0.0],[-42.756202899531822,-22.455717069203143,0.0]],[[-42.739947890998877,-22.432414541999808,0.0],[-42.740004825730423,-22.43256574592893,0.0],[-42.740105935754848,-22.432748721692217,0.0],[-42.740250692579856,-22.432934100122822,0.0],[-42.740429119575836,-22.433103227096204,0.0],[-42.740672219247415,-22.433325218773351,0.0],[-42.740961641989529,-22.433543080506112,0.0],[-42.741219810252439,-22.433786782901961,0.0],[-42.741361643903872,-22.433914784740278,0.0],[-42.741527565967395,-22.434062832353789,0.0],[-42.741593397857443,-22.434123477216499,0.0],[-42.741714331779548,-22.434193254286654,0.0],[-42.741914397236329,-22.434375224551381,0.0],[-42.74203338390776,-22.434407874754509,0.0],[-42.742192575651501,-22.434413461091061,0.0],[-42.742416498198665,-22.434392997977927,0.0],[-42.742582171784122,-22.434397703948889,0.0],[-42.74263871311669,-22.43439730018876,0.0],[-42.742808453059808,-22.434388923550198,0.0],[-42.74301509837067,-22.434402563338146,0.0],[-42.743159986743258,-22.43442131181467,0.0],[-42.743350589236258,-22.434473547379955,0.0],[-42.743455269036119,-22.434515623011297,0.0],[-42.743598042437682,-22.434585704057103,0.0],[-42.743884748979944,-22.434813078849704,0.0],[-42.743984802907327,-22.434902868601508,0.0],[-42.744094660262142,-22.434942627259719,0.0],[-42.744192570076777,-22.435006108427078,0.0],[-42.744276735611834,-22.435045507918446,0.0],[-42.744401129269953,-22.435060385492122,0.0],[-42.744663873517858,-22.435101085667903,0.0],[-42.744785794627653,-22.435109956014323,0.0],[-42.745041314145269,-22.435120692698487,0.0],[-42.745163061594276,-22.435140310638115,0.0],[-42.745484183849754,-22.435226020683402,0.0],[-42.745848331372486,-22.435350549954663,0.0],[-42.745939036453436,-22.435382873077231,0.0],[-42.746153190422838,-22.435488588662636,0.0],[-42.746366060131066,-22.435594286053373,0.0],[-42.746515568000262,-22.435645347047938,0.0],[-42.746705585395894,-22.435734002272465,0.0],[-42.746921565253402,-22.43580629698781,0.0],[-42.74713353723601,-22.435888091321218,0.0],[-42.747328925275397,-22.435962487068043,0.0],[-42.747637940058816,-22.436082066717365,0.0],[-42.747772473261215,-22.436124283688123,0.0],[-42.747843788754999,-22.43614526029247,0.0],[-42.747955241503796,-22.436165927043014,0.0],[-42.748087973606431,-22.436221530510192,0.0],[-42.748336186091954,-22.436287106244102,0.0],[-42.74858062458356,-22.436352501079277,0.0],[-42.748647075106938,-22.436370278570681,0.0],[-42.748740370131614,-22.43640144184711,0.0],[-42.748944983483938,-22.436461630648576,0.0],[-42.749342668499608,-22.436580652088733,0.0],[-42.750138740206296,-22.43669567042512,0.0],[-42.750863491027658,-22.436771467696158,0.0],[-42.751564888753087,-22.43686127022082,0.0],[-42.752090178832034,-22.436955784051399,0.0],[-42.752291114150587,-22.437005167190097,0.0],[-42.752861390995797,-22.437019080261585,0.0],[-42.752979634152204,-22.437017143006418,0.0],[-42.753323148262389,-22.436989673920213,0.0],[-42.753530261316101,-22.436974639473721,0.0],[-42.753649808328902,-22.436971525388024,0.0],[-42.753822674961661,-22.437008571176431,0.0],[-42.754036015159876,-22.437085597924906,0.0],[-42.754293336977611,-22.437224154994023,0.0],[-42.7544248461218,-22.437276153008302,0.0],[-42.754646987284751,-22.437365246275412,0.0],[-42.754814850803633,-22.437393860063874,0.0],[-42.755050857456212,-22.437419838053742,0.0],[-42.755106038883582,-22.437424189017324,0.0],[-42.755354988077507,-22.43744437416429,0.0],[-42.755561371614661,-22.43747471737608,0.0],[-42.755816972030111,-22.437560690926897,0.0],[-42.755998409918888,-22.437624132293212,0.0],[-42.756157012762138,-22.437669338745298,0.0],[-42.756294946319059,-22.437721424620364,0.0],[-42.756616313813879,-22.437792782915917,0.0],[-42.756786363581654,-22.437845314787733,0.0],[-42.756963910055127,-22.437911090003659,0.0],[-42.757065778360989,-22.43796864645714,0.0],[-42.757215043918947,-22.438035222880849,0.0],[-42.757294115381157,-22.43807215617614,0.0],[-42.757444262591989,-22.438163828833389,0.0],[-42.757530600423713,-22.438228336135648,0.0],[-42.757648977545635,-22.438298066473507,0.0],[-42.75772287064418,-22.438417347090329,0.0],[-42.75780788408634,-22.438564255324323,0.0],[-42.757854129613818,-22.438644928278659,0.0],[-42.75789627168831,-22.438741072522138,0.0],[-42.757954135144516,-22.43889835389113,0.0],[-42.757986249737478,-22.438978830512923,0.0],[-42.758048600809552,-22.439096756192271,0.0],[-42.758178999995728,-22.439218016062984,0.0],[-42.758381435808282,-22.439334303973883,0.0],[-42.758563165106857,-22.439422864935256,0.0],[-42.758698799741246,-22.439495189222448,0.0],[-42.758866038554423,-22.439605019674733,0.0],[-42.7590119891276,-22.439718133500559,0.0],[-42.759115316042617,-22.439844989210226,0.0],[-42.759195242011714,-22.439908809459848,0.0],[-42.759457165748707,-22.440161496222775,0.0],[-42.75958366523431,-22.440285687167748,0.0],[-42.759700175409286,-22.440391822071419,0.0]]]}},
{"type":"Feature","properties":{"fid":56,"NOM_LOGRAD":"RUA BENEDITA BORGES","DOC_CRIAç":"Lei nº 1376/01 de 15.10.2001","LOCALIDADE":"SETENTA","BAIRRO":"","CEP":28686100,"NOME ANTIGO":"Rua \"LXXXIV\""},"geometry":{"type":"MultiLineString","coordinates":[[[-42.698334093482281,-22.520465229145433,0.0],[-42.698300564852609,-22.520303261476855,0.0],[-42.698259126712216,-22.52018155271119,0.0],[-42.698220918864948,-22.520083440492659,0.0],[-42.698211572298128,-22.519960451836116,0.0],[-42.698201586638163,-22.519842640494627,0.0],[-42.698188716708678,-22.519745177889945,0.0],[-42.698166141539446,-22.519544416311525,0.0],[-42.698168313631271,-22.519430029768674,0.0],[-42.698155448355209,-22.51930822289096,0.0],[-42.698144473150329,-22.519250131276245,0.0],[-42.698124107965263,-22.519182666692306,0.0],[-42.698099327543027,-22.519090930926065,0.0],[-42.698055024601643,-22.518997751486818,0.0],[-42.698000537052252,-22.518878335835105,0.0],[-42.697926504831166,-22.518764227708605,0.0],[-42.697872826356253,-22.518694207439552,0.0],[-42.697826636394922,-22.518626033158423,0.0],[-42.697793437902945,-22.518581194403492,0.0],[-42.697758256549761,-22.518502313459166,0.0],[-42.697738690391425,-22.518444098933191,0.0],[-42.697686386137541,-22.518387412003072,0.0],[-42.697641628497891,-22.518329063955264,0.0],[-42.697530169293493,-22.518220579718086,0.0],[-42.697432653743157,-22.51820463650018,0.0],[-42.697381918281224,-22.51821761883512,0.0],[-42.697299903196104,-22.518240435755871,0.0],[-42.697242251411318,-22.51824749842385,0.0],[-42.697245135712912,-22.518300746854077,0.0],[-42.697196755241251,-22.518368964464184,0.0],[-42.697212098782302,-22.518406428835721,0.0],[-42.697287358964886,-22.518491312137527,0.0]]]}},
{"type":"Feature","properties":{"fid":57,"NOM_LOGRAD":"RUA SEBASTIÃO BORGES","DOC_CRIAç":"Lei nº 1381/01 de 15.10.2001","LOCALIDADE":"SETENTA","BAIRRO":"","CEP":null,"NOME ANTIGO":null},"geometry":{"type":"MultiLineString","coordinates":[[[-42.6977891500322,-22.519945692083613,0.0],[-42.69776136430859,-22.520042585065852,0.0],[-42.697717551906443,-22.520158706857664,0.0],[-42.697684531336222,-22.520255524928558,0.0],[-42.697629362586781,-22.520424993970131,0.0],[-42.697585308089373,-22.52055570580988,0.0],[-42.697535857512733,-22.520696069471935,0.0],[-42.697486003739471,-22.520860749952714,0.0],[-42.697447425556724,-22.520976946516836,0.0],[-42.697393223608046,-22.521088054993836,0.0],[-42.697323397864544,-22.521194075365425,0.0],[-42.697227559372323,-22.521289994427484,0.0],[-42.697126808491603,-22.52136638504026,0.0],[-42.696935292141575,-22.521548496081184,0.0]]]}},
{"type":"Feature","properties":{"fid":58,"NOM_LOGRAD":"RUA ALVIM SANTANA NEVES","DOC_CRIAç":null,"LOCALIDADE":"SETENTA","BAIRRO":"","CEP":28686010,"NOME ANTIGO":null},"geometry":{"type":"MultiLineString","coordinates":[[[-42.697496300205337,-22.522061800442899,0.0],[-42.697207817445552,-22.52184913187946,0.0],[-42.696981356936625,-22.52161239409854,0.0],[-42.696935292141575,-22.521548496081184,0.0],[-42.696914594913657,-22.521533606310584,0.0],[-42.69673411936455,-22.521365629632541,0.0],[-42.69654341666169,-22.521182912831076,0.0],[-42.696466024244202,-22.521113701763777,0.0],[-42.696300850774733,-22.520970266298271,0.0]]]}},
{"type":"Feature","properties":{"fid":59,"NOM_LOGRAD":"RUA JOSÉ ALMEIDA RANGEL","DOC_CRIAç":"Lei nº 1377 de 15.11.2001","LOCALIDADE":"SETENTA","BAIRRO":"","CEP":null,"NOME ANTIGO":null},"geometry":{"type":"MultiLineString","coordinates":[[[-42.69670319456791,-22.521335999893726,0.0],[-42.696846146399601,-22.521240755458635,0.0],[-42.696968239590362,-22.521140347853095,0.0],[-42.697037581759126,-22.521063507859008,0.0],[-42.697080346860808,-22.521010610112619,0.0],[-42.697128749843067,-22.520933470423035,0.0],[-42.697166602617607,-22.520861044266461,0.0],[-42.69722161089058,-22.520701302189988,0.0],[-42.697282498752685,-22.520502728037005,0.0],[-42.697348459917606,-22.520313955479594,0.0],[-42.697414662730246,-22.520110592768727,0.0],[-42.697442771168433,-22.51999424639142,0.0],[-42.697433591551196,-22.519916282690762,0.0],[-42.69745114985917,-22.519804649882463,0.0],[-42.697500116443727,-22.519693466430777,0.0],[-42.697617617881988,-22.5195540763076,0.0],[-42.697735199681446,-22.519409822705981,0.0],[-42.697764033065575,-22.519249705891706,0.0],[-42.69776041037742,-22.519152363591541,0.0],[-42.697777565272212,-22.519065047562698,0.0],[-42.697752842596316,-22.518977132472831,0.0],[-42.697717489365743,-22.518898794355788,0.0],[-42.697671666798094,-22.518820306464146,0.0],[-42.697599912675088,-22.518726854018553,0.0],[-42.6975218760766,-22.518696550473535,0.0],[-42.697438524225319,-22.518671035371547,0.0],[-42.697365883603226,-22.51863107990831,0.0],[-42.697330922351284,-22.518584614733321,0.0]]]}},
{"type":"Feature","properties":{"fid":60,"NOM_LOGRAD":"RUA JUVENAL PEREIRA DA SILVA","DOC_CRIAç":null,"LOCALIDADE":"SETENTA","BAIRRO":"","CEP":null,"NOME ANTIGO":null},"geometry":{"type":"MultiLineString","coordinates":[[[-42.696287455962938,-22.521973624844488,0.0],[-42.696262150909533,-22.521882977113574,0.0],[-42.696249885580563,-22.521814309099728,0.0],[-42.696251021327029,-22.52174583293311,0.0],[-42.696259895380919,-22.521412837710916,0.0],[-42.69627654867142,-22.521216938698533,0.0],[-42.696285881923885,-22.521058294397804,0.0],[-42.696300850774733,-22.520970266298271,0.0],[-42.696305007769645,-22.520915356736467,0.0],[-42.696307846933905,-22.520744166292921,0.0],[-42.696315941176678,-22.5206602232631,0.0],[-42.696334705558897,-22.52053907346038,0.0],[-42.696351306901313,-22.520346286956915,0.0],[-42.696368424352102,-22.520122374904407,0.0],[-42.69636997288741,-22.520028998285984,0.0],[-42.696364820967993,-22.519935525754949,0.0],[-42.696362864418248,-22.519851438841069,0.0],[-42.696369727029527,-22.519538651132756,0.0],[-42.696361224885003,-22.519445130643224,0.0],[-42.696358803768966,-22.519389056713106,0.0],[-42.696346177177084,-22.519342176580825,0.0],[-42.696324222604446,-22.519251576824075,0.0],[-42.696292165824424,-22.51916394575311,0.0],[-42.696250110091185,-22.51907305825522,0.0],[-42.696204239639322,-22.519010135778878,0.0],[-42.696142289292936,-22.518906510300646,0.0],[-42.69606338157157,-22.518815095222244,0.0],[-42.696017201549154,-22.518770848027085,0.0],[-42.695967671362901,-22.518726552859352,0.0],[-42.695817996838208,-22.518659030898416,0.0],[-42.695571631672387,-22.518562104746593,0.0],[-42.695490198002979,-22.518527779974853,0.0],[-42.695381879700598,-22.518497342012747,0.0],[-42.695443960380871,-22.518815987123368,0.0],[-42.695599616002248,-22.519116714155757,0.0],[-42.695657873836915,-22.519353458194626,0.0]]]}},
{"type":"Feature","properties":{"fid":61,"NOM_LOGRAD":"RUA DA CAIXA D\"ÁGUA","DOC_CRIAç":null,"LOCALIDADE":"SETENTA","BAIRRO":"","CEP":null,"NOME ANTIGO":null},"geometry":{"type":"MultiLineString","coordinates":[[[-42.696315941176678,-22.5206602232631,0.0],[-42.696238090149372,-22.520610467294411,0.0],[-42.696175401952416,-22.520537710834024,0.0],[-42.696112610205418,-22.520471201483339,0.0],[-42.696059697543141,-22.520417330769298,0.0],[-42.695996957714371,-22.520347697817293,0.0],[-42.695944252385303,-22.520281332814843,0.0],[-42.695867908913421,-22.52022087797441,0.0],[-42.695794875775,-22.520163594804696,0.0],[-42.695721739067615,-22.520112558734329,0.0],[-42.695658688645977,-22.520061667056449,0.0],[-42.695631999299259,-22.520048787675943,0.0],[-42.695488310960705,-22.519993616972116,0.0]]]}},
{"type":"Feature","properties":{"fid":62,"NOM_LOGRAD":"AVENIDA PEDRO NEVES JUAREZ DA CRUZ","DOC_CRIAç":"Lei nº 860/93\t de 13.08.1993\n","LOCALIDADE":"SETENTA","BAIRRO":"","CEP":28686020,"NOME ANTIGO":"Rua 1"},"geometry":{"type":"MultiLineString","coordinates":[[[-42.697181696811356,-22.521821825887962,0.0],[-42.697110138550272,-22.521966400848754,0.0],[-42.697026961568035,-22.522115177263071,0.0],[-42.69695764727134,-22.522239157562172,0.0],[-42.696902195739149,-22.522338341771238,0.0],[-42.696829778048595,-22.522446656046792,0.0],[-42.696784982522054,-22.522511625342567,0.0],[-42.696726686592015,-22.522579525694791,0.0],[-42.696651683496114,-22.522640938266985,0.0],[-42.696427813548503,-22.522756457320604,0.0],[-42.696211133841388,-22.522843960223899,0.0],[-42.6961334936206,-22.522861594494238,0.0],[-42.696032421992278,-22.522872644631928,0.0],[-42.695925144238089,-22.522852362790921,0.0],[-42.695828419331306,-22.522804113240905,0.0],[-42.695725229320161,-22.522740149534805,0.0],[-42.695632022180483,-22.5226825773345,0.0],[-42.695555573988877,-22.5226283693884,0.0],[-42.69550240168757,-22.522590116265921,0.0],[-42.695452695207621,-22.522545664153206,0.0],[-42.69541276419649,-22.52252009785304,0.0],[-42.695342729474646,-22.522484727493129,0.0],[-42.695305953315085,-22.522471703569572,0.0],[-42.695192366414723,-22.522426336473238,0.0],[-42.695068589529036,-22.522387071953837,0.0],[-42.694968036608479,-22.522366885830916,0.0],[-42.694850828592891,-22.522337088155492,0.0],[-42.69456761003417,-22.522279917697265,0.0],[-42.694332935174231,-22.522235939507461,0.0],[-42.694178744069816,-22.522205611461334,0.0],[-42.693984207557733,-22.522174705122055,0.0],[-42.693838091148997,-22.522161202167858,0.0],[-42.693674995920411,-22.522164025179951,0.0],[-42.693573501699156,-22.522179478724318,0.0],[-42.69342573199458,-22.522188571239663,0.0],[-42.693365265655139,-22.522184580226192,0.0],[-42.693248628881669,-22.522120422289213,0.0],[-42.693168664267432,-22.522075535786293,0.0]]]}},
{"type":"Feature","properties":{"fid":63,"NOM_LOGRAD":"RUA DA NASCENTE","DOC_CRIAç":"Lei nº 1374/01 de 15.10.2001","LOCALIDADE":"SETENTA","BAIRRO":"","CEP":null,"NOME ANTIGO":null},"geometry":{"type":"MultiLineString","coordinates":[[[-42.695016701639375,-22.522376655404369,0.0],[-42.695041877508132,-22.522274214397651,0.0],[-42.69512697446973,-22.522009867411171,0.0],[-42.695173688325973,-22.521829326830908,0.0],[-42.695206383445345,-22.521682952795327,0.0],[-42.69524244059297,-22.521536626896967,0.0],[-42.695318244322365,-22.521391024657454,0.0],[-42.695423510242193,-22.521222532239815,0.0]]]}},
{"type":"Feature","properties":{"fid":64,"NOM_LOGRAD":"RUA MAXWELL DA SILVA CARVALHO","DOC_CRIAç":"Lei nº 1379/01 de 15.10.2001","LOCALIDADE":"SETENTA","BAIRRO":"","CEP":null,"NOME ANTIGO":null},"geometry":{"type":"MultiLineString","coordinates":[[[-42.69426185352475,-22.522222372066992,0.0],[-42.694286588858837,-22.522052341190541,0.0],[-42.694341382491118,-22.52179030506149,0.0],[-42.694366035138444,-22.521638980689932,0.0],[-42.694395803874976,-22.52149097769043,0.0],[-42.694402373561971,-22.521430707454456,0.0]]]}},
{"type":"Feature","properties":{"fid":65,"NOM_LOGRAD":"RUA SEM NOME LXVI","DOC_CRIAç":null,"LOCALIDADE":"SETENTA","BAIRRO":"","CEP":null,"NOME ANTIGO":null},"geometry":{"type":"MultiLineString","coordinates":[[[-42.694402373561971,-22.521430707454456,0.0],[-42.694317631010449,-22.521435898647692,0.0],[-42.694065213738135,-22.521447903409268,0.0],[-42.693792779408454,-22.521450248001557,0.0]]]}},
{"type":"Feature","properties":{"fid":66,"NOM_LOGRAD":"RUA ANTONIO MACIEL JÚNIOR","DOC_CRIAç":"Lei nº 1381 de 1511.2001","LOCALIDADE":"SETENTA","BAIRRO":"","CEP":28686110,"NOME ANTIGO":"Rua  \"LIX\""},"geometry":{"type":"MultiLineString","coordinates":[[[-42.697511797768797,-22.517633683527862,0.0],[-42.697423039053227,-22.517733061953482,0.0],[-42.697369986112506,-22.517786052847111,0.0],[-42.697308675856092,-22.517848910907098,0.0],[-42.69726473594649,-22.517886631164874,0.0],[-42.69677825304467,-22.518147788916483,0.0]]]}},
{"type":"Feature","properties":{"fid":67,"NOM_LOGRAD":"RUA QUIRINO NEVES RUA LVIII)","DOC_CRIAç":null,"LOCALIDADE":"SETENTA","BAIRRO":"","CEP":null,"NOME ANTIGO":null},"geometry":{"type":"MultiLineString","coordinates":[[[-42.697372233113484,-22.517780097247343,0.0],[-42.697275350689246,-22.517698123209986,0.0],[-42.69723102611016,-22.517649562559541,0.0],[-42.697186838029076,-22.517592020797512,0.0],[-42.697072317120472,-22.51743465467025,0.0],[-42.697006929670138,-22.517359835602438,0.0],[-42.696852223096641,-22.517152806699155,0.0],[-42.696749387438793,-22.517025039225995,0.0],[-42.696631494502668,-22.516874083802232,0.0],[-42.696577281162703,-22.5167752290082,0.0],[-42.696559748005605,-22.516707772706482,0.0],[-42.696530489826337,-22.516626816842294,0.0],[-42.696496556048174,-22.516568149739818,0.0],[-42.69645633910028,-22.516506144476441,0.0],[-42.696407378939632,-22.516474562721967,0.0],[-42.696357529191232,-22.516444559051561,0.0],[-42.696243649124099,-22.516381109526808,0.0],[-42.696152008566855,-22.516304832078387,0.0],[-42.696129771209627,-22.516273722257843,0.0]]]}},
{"type":"Feature","properties":{"fid":68,"NOM_LOGRAD":"RUA SEM NOME 1","DOC_CRIAç":null,"LOCALIDADE":"SETENTA","BAIRRO":"","CEP":null,"NOME ANTIGO":null},"geometry":{"type":"MultiLineString","coordinates":[[[-42.696205045755327,-22.51826813439116,0.0],[-42.696066376320971,-22.518243271933173,0.0],[-42.695979946738561,-22.518139487706893,0.0],[-42.695978199777329,-22.518079801958493,0.0],[-42.696008407207415,-22.517991852120421,0.0],[-42.696038640983737,-22.517938776864639,0.0],[-42.696105211073508,-22.517869733297655,0.0],[-42.696184507469766,-22.517838592149399,0.0],[-42.696227670718166,-22.517825915288402,0.0],[-42.696248006993294,-22.517819879914345,0.0],[-42.696264804402759,-22.517804944414582,0.0],[-42.696267956038781,-22.517765359501141,0.0],[-42.696267851876215,-22.517714726159035,0.0],[-42.696278709667119,-22.517524281176819,0.0],[-42.696309007205848,-22.517447711391306,0.0],[-42.696337244095531,-22.517355752458915,0.0],[-42.696340224871548,-22.517308087731717,0.0],[-42.696277064002203,-22.517238278415579,0.0],[-42.696232550994971,-22.517184214024805,0.0],[-42.696188494840882,-22.517090719573886,0.0],[-42.696178708450674,-22.517022277568451,0.0],[-42.696178672540022,-22.516978034722374,0.0],[-42.696186422190905,-22.516922947262096,0.0],[-42.696202514471643,-22.516874113093529,0.0],[-42.696189660649871,-22.516787915654014,0.0],[-42.696201987678634,-22.51673431005046,0.0],[-42.696216633365701,-22.51669318519189,0.0],[-42.696233367701161,-22.516663539817376,0.0],[-42.696254773910553,-22.516634015143129,0.0],[-42.696267995786691,-22.516610482529615,0.0],[-42.696285706356697,-22.516578855213698,0.0],[-42.696321172366531,-22.516530010992501,0.0],[-42.696399875992462,-22.516476184232555,0.0]]]}},
{"type":"Feature","properties":{"fid":69,"NOM_LOGRAD":"RUA SEM NOME LXIV","DOC_CRIAç":null,"LOCALIDADE":"SETENTA","BAIRRO":"","CEP":null,"NOME ANTIGO":null},"geometry":{"type":"MultiLineString","coordinates":[[[-42.697210783671579,-22.519615893393667,0.0],[-42.697437926961321,-22.519324539721467,0.0],[-42.697474861231271,-22.519221869418971,0.0],[-42.697473713795432,-22.519115642434027,0.0],[-42.697431200872316,-22.518998992116135,0.0],[-42.697377123537784,-22.518930246530513,0.0],[-42.697305058874711,-22.51886835524742,0.0],[-42.697228108486421,-22.518827759071677,0.0],[-42.697172803088428,-22.518814517111533,0.0],[-42.697104345872582,-22.518822095298763,0.0],[-42.697028782201357,-22.518849839026903,0.0],[-42.69698794276016,-22.518894694107157,0.0],[-42.696935602198735,-22.518973006928331,0.0],[-42.696890182376869,-22.519062140392798,0.0],[-42.69687131046215,-22.519146054780212,0.0],[-42.696851337706548,-22.519235685205292,0.0],[-42.696850113375746,-22.519295150398875,0.0],[-42.696876722288827,-22.519460475667078,0.0],[-42.696882391183067,-22.519639839705441,0.0],[-42.696847114953748,-22.519950794284362,0.0],[-42.696792344769825,-22.520143840411844,0.0]]]}},
{"type":"Feature","properties":{"fid":70,"NOM_LOGRAD":"RUA DR. CELSO MARTINS","DOC_CRIAç":"Lei nº 1372 de 15.10.2001","LOCALIDADE":"SETENTA","BAIRRO":"","CEP":null,"NOME ANTIGO":null},"geometry":{"type":"MultiLineString","coordinates":[[[-42.696890182376869,-22.519062140392798,0.0],[-42.696902299020635,-22.51912913701323,0.0],[-42.696943445280375,-22.519216796900583,0.0],[-42.697010495179214,-22.519283719331753,0.0],[-42.697069202159049,-22.519339968285266,0.0],[-42.697119391271286,-22.5193960953338,0.0],[-42.697152325931853,-22.519465168055586,0.0],[-42.697168312236272,-22.519528721219945,0.0],[-42.697210783671579,-22.519615893393667,0.0],[-42.69720504516539,-22.519711304521646,0.0],[-42.697183027169203,-22.519840276798135,0.0],[-42.697182240008729,-22.519887758841389,0.0],[-42.697158563390175,-22.519945467415969,0.0],[-42.697119509379917,-22.520074195895134,0.0],[-42.697083513276667,-22.520189775533048,0.0],[-42.697053676831409,-22.520276419620146,0.0],[-42.697012045691231,-22.520389280075545,0.0],[-42.696996799405397,-22.520452386289683,0.0],[-42.696975655765463,-22.520528600687179,0.0],[-42.696969583480048,-22.520552260435952,0.0],[-42.696936995010773,-22.520633588070261,0.0],[-42.696886714430974,-22.520754240238944,0.0],[-42.696848622146369,-22.52082493501252,0.0],[-42.696807777966264,-22.520890313355579,0.0],[-42.696724474930534,-22.52094716843861,0.0],[-42.696672841967221,-22.520978091612996,0.0],[-42.696618063434514,-22.521027439357134,0.0],[-42.696557474949635,-22.521084619464553,0.0],[-42.696508243772506,-22.521141962116538,0.0],[-42.696508243772506,-22.521141962116538,0.0]]]}},
{"type":"Feature","properties":{"fid":71,"NOM_LOGRAD":"RJ-122","DOC_CRIAç":null,"LOCALIDADE":"SETENTA","BAIRRO":"","CEP":28686130,"NOME ANTIGO":null},"geometry":{"type":"MultiLineString","coordinates":[[[-42.715773786998724,-22.521141354999841,0.0],[-42.71574463199871,-22.521134060999863,0.0],[-42.715555986998744,-22.521110872999888,0.0],[-42.715304619998726,-22.521088081999871,0.0],[-42.715039911998673,-22.521098764999866,0.0],[-42.71485406199875,-22.52113502999994,0.0],[-42.714645377998714,-22.521183565999866,0.0],[-42.714393694998655,-22.521270533999875,0.0],[-42.714120441998702,-22.521404133999916,0.0],[-42.713939861998682,-22.521523004999899,0.0],[-42.713772931998733,-22.521656436999823,0.0],[-42.713563790998748,-22.521869444999858,0.0],[-42.713330063998683,-22.522106052999895,0.0],[-42.713146056998724,-22.522288142999869,0.0],[-42.713065190998698,-22.522368165999914,0.0],[-42.712842500998654,-22.522566518999898,0.0],[-42.71283494699874,-22.522571594999874,0.0],[-42.71253509399871,-22.522773111999932,0.0],[-42.712330176998719,-22.522876534999867,0.0],[-42.712171889998679,-22.52294179999986,0.0],[-42.712103895998737,-22.522957884999862,0.0],[-42.712005802998704,-22.522981091999821,0.0],[-42.711770664998703,-22.523015933999872,0.0],[-42.71157995799873,-22.523024273999845,0.0],[-42.711361112998645,-22.523017114999874,0.0],[-42.711060512998642,-22.522977333999869,0.0],[-42.710837312998649,-22.522928816999848,0.0],[-42.710606074998701,-22.522838709999856,0.0],[-42.710307808998714,-22.522662163999808,0.0],[-42.710054813998653,-22.5225010519998,0.0],[-42.709870377998669,-22.522383599999852,0.0],[-42.709417159998644,-22.522092218999816,0.0],[-42.708956240998695,-22.5217818819999,0.0],[-42.708366037998715,-22.521406219999903,0.0],[-42.708047328998717,-22.521189319999898,0.0],[-42.707945010998692,-22.521132084999874,0.0],[-42.707904747998739,-22.521109561999875,0.0],[-42.707710539998651,-22.52100092299986,0.0],[-42.707406885998665,-22.520844431999876,0.0],[-42.706882490998623,-22.520616589999854,0.0],[-42.70633958499873,-22.520431203999877,0.0],[-42.705608336998701,-22.520161024999819,0.0],[-42.705078078998703,-22.519962808999843,0.0],[-42.704782519998673,-22.519852324999839,0.0],[-42.703382131998623,-22.519345343999824,0.0],[-42.703354292998711,-22.51933516999987,0.0],[-42.702488112998623,-22.51901857899988,0.0],[-42.701473935998642,-22.518639065999832,0.0],[-42.700338566998667,-22.518224604999819,0.0],[-42.700012719998611,-22.518103453999917,0.0],[-42.699517075998642,-22.51791916999986,0.0],[-42.699410764998632,-22.517873904999849,0.0],[-42.699063563998685,-22.517726072999878,0.0],[-42.698705886998667,-22.517538188999868,0.0],[-42.698610717998598,-22.517488198999907,0.0],[-42.697962511998618,-22.517104719999885,0.0],[-42.697516501998649,-22.516802514999842,0.0],[-42.697291312998594,-22.516654648999857,0.0],[-42.696632356998592,-22.516246667999859,0.0],[-42.696335493998632,-22.516053147999926,0.0]]]}},
{"type":"Feature","properties":{"fid":72,"NOM_LOGRAD":"RJ-116","DOC_CRIAç":null,"LOCALIDADE":"SETENTA","BAIRRO":"","CEP":28686000,"NOME ANTIGO":null},"geometry":{"type":"MultiLineString","coordinates":[[[-42.694168315375563,-22.525541897471673,0.0],[-42.694389086654049,-22.525460127848103,0.0],[-42.694851487125476,-22.525293559669574,0.0],[-42.695117072506669,-22.525171948399816,0.0],[-42.695240422824796,-22.525099062964877,0.0],[-42.69541271807676,-22.524982087053495,0.0],[-42.695562518833469,-22.524864788779077,0.0],[-42.695728566510979,-22.524724193919962,0.0],[-42.69597905670296,-22.524468727416583,0.0],[-42.696201474856892,-22.52415902923763,0.0],[-42.696365406550584,-22.523882136697861,0.0],[-42.696588994296384,-22.523501803608202,0.0],[-42.696827118332813,-22.523118313831816,0.0],[-42.697035273557631,-22.522794952698316,0.0],[-42.697496300205337,-22.522061800442899,0.0],[-42.697833072251399,-22.521526239039282,0.0],[-42.698085114704867,-22.52106724840921,0.0],[-42.698213057573149,-22.520776381251917,0.0],[-42.698334093482281,-22.520465229145408,0.0],[-42.698388011360443,-22.520270868780379,0.0],[-42.698420096385036,-22.51997358388185,0.0],[-42.698429178252901,-22.519644008789317,0.0],[-42.698404562210435,-22.519381238497065,0.0],[-42.698347418774162,-22.519114638677742,0.0],[-42.698311940803677,-22.518961053973435,0.0],[-42.698232128168002,-22.518751323642441,0.0],[-42.698123575988205,-22.518527724891502,0.0],[-42.698011013652128,-22.518327619082591,0.0],[-42.697869879188275,-22.51810355416869,0.0],[-42.697795636057499,-22.517994833429892,0.0],[-42.697581038335478,-22.517724298917216,0.0],[-42.697511797768783,-22.517633683527848,0.0],[-42.697425089406551,-22.517520207774677,0.0],[-42.697187881060508,-22.517193837816222,0.0],[-42.696882501630547,-22.516829484412956,0.0],[-42.696769161654522,-22.516676467477318,0.0],[-42.696611934644309,-22.516440396218993,0.0],[-42.696516306266552,-22.516311182949917,0.0],[-42.696335493998632,-22.516053147999912,0.0],[-42.696109510722266,-22.515926629214007,0.0],[-42.695183815751889,-22.515349004722829,0.0],[-42.694688197005085,-22.515040311707597,0.0],[-42.694432271219753,-22.51489092477523,0.0],[-42.694237105281822,-22.514803758348933,0.0],[-42.692836771900758,-22.514252632158634,0.0],[-42.692506355058242,-22.514093110226547,0.0],[-42.692162170415862,-22.513724738981164,0.0],[-42.691965286794087,-22.513392088078891,0.0],[-42.69151009155366,-22.512626157047318,0.0],[-42.691202335825764,-22.512147531505999,0.0],[-42.690726545705274,-22.511852524227464,0.0],[-42.689554580236333,-22.511253216320718,0.0],[-42.688610293739949,-22.51076103240764,0.0],[-42.688141161242037,-22.510495190922189,0.0],[-42.687943449168785,-22.510327610848062,0.0],[-42.687567601174109,-22.509709808840068,0.0]]]}},
{"type":"Feature","properties":{"fid":73,"NOM_LOGRAD":"RUA SEM NOME","DOC_CRIAç":null,"LOCALIDADE":"PORTO TABOADO","BAIRRO":"","CEP":null,"NOME ANTIGO":null},"geometry":{"type":"MultiLineString","coordinates":[[[-42.685802159501662,-22.525702722960485,0.0],[-42.685873552788401,-22.525655645359688,0.0],[-42.685921269711351,-22.525616973470125,0.0],[-42.685941332715643,-22.525542918817926,0.0],[-42.685942935494815,-22.525446733024477,0.0],[-42.685911158351445,-22.525376305941162,0.0],[-42.685837463375556,-22.525279037206033,0.0],[-42.685763987073791,-22.52516865220128,0.0],[-42.685704119172961,-22.525089074803713,0.0],[-42.685555782667862,-22.524951374209291,0.0],[-42.685411861078578,-22.524831229517662,0.0],[-42.685244190678389,-22.524723862454149,0.0],[-42.685053135878384,-22.524607412549425,0.0],[-42.684848254709003,-22.524473270994008,0.0],[-42.684755080657261,-22.524415079715432,0.0],[-42.684672120619695,-22.524308930961865,0.0],[-42.684619219382604,-22.524093886529027,0.0],[-42.684604549864865,-22.523844407201889,0.0],[-42.684601957607249,-22.523717549214386,0.0],[-42.684580905596114,-22.523568559967181,0.0],[-42.68455912471763,-22.523463291501958,0.0],[-42.6845374167548,-22.523353650956995,0.0],[-42.684534022735967,-22.523274885829359,0.0],[-42.684526068461352,-22.523187308827183,0.0],[-42.684494806088068,-22.523030575946553,0.0],[-42.684496494357028,-22.522929312626111,0.0]]]}},
{"type":"Feature","properties":{"fid":74,"NOM_LOGRAD":"RUA SEM NOME","DOC_CRIAç":null,"LOCALIDADE":"PORTO TABOADO","BAIRRO":"","CEP":null,"NOME ANTIGO":null},"geometry":{"type":"MultiLineString","coordinates":[[[-42.689514826942819,-22.527176306364964,0.0],[-42.689504462158361,-22.527077694682479,0.0],[-42.689489818549752,-22.527044545965584,0.0],[-42.689444713599414,-22.527015665291579,0.0],[-42.68934912679147,-22.526976648647139,0.0],[-42.689168942181119,-22.526847012648648,0.0],[-42.688964456557017,-22.526655856069105,0.0],[-42.688820032698402,-22.526507911421685,0.0],[-42.688625675686026,-22.526316899962264,0.0],[-42.68847642364657,-22.526154769227883,0.0],[-42.688413256620045,-22.525993875155915,0.0],[-42.688383500271691,-22.525955803752368,0.0],[-42.688321743019728,-22.525710231133022,0.0],[-42.688277891741556,-22.525606080386027,0.0],[-42.688263483494225,-22.525558818502372,0.0],[-42.688295275816508,-22.525474576495693,0.0],[-42.688474256955224,-22.525067770379831,0.0],[-42.688622384630349,-22.524688753708489,0.0],[-42.688743470283434,-22.524412869168231,0.0],[-42.688874604601146,-22.524141834313092,0.0]]]}},
{"type":"Feature","properties":{"fid":75,"NOM_LOGRAD":"RUA DA ASSEMBLÉIA","DOC_CRIAç":null,"LOCALIDADE":"PORTO TABOADO","BAIRRO":"","CEP":null,"NOME ANTIGO":null},"geometry":{"type":"MultiLineString","coordinates":[[[-42.68312873276507,-22.534741838915838,0.0],[-42.683234389998731,-22.534651389738851,0.0],[-42.683348706526409,-22.534581370489793,0.0],[-42.683486759109329,-22.534475860118214,0.0],[-42.683588818587097,-22.534369831283065,0.0],[-42.683652234407774,-22.53426802360633,0.0],[-42.683703672295039,-22.534113488528234,0.0],[-42.68375700349651,-22.53399959128177,0.0],[-42.683836561775628,-22.533855016496076,0.0],[-42.683917734437216,-22.533767797513384,0.0],[-42.683959825343742,-22.533711070943202,0.0],[-42.684080079450062,-22.533593359396715,0.0],[-42.684158481678132,-22.53351804467729,0.0],[-42.684259942286026,-22.533447839587613,0.0],[-42.684371527053642,-22.533387335606889,0.0],[-42.684515825658693,-22.533292663982905,0.0],[-42.684617524941004,-22.533208128918428,0.0],[-42.684669819322174,-22.533156326714064,0.0],[-42.684704276697197,-22.533094712317236,0.0],[-42.68473145950172,-22.533006715747273,0.0],[-42.684761571649666,-22.532897261590964,0.0],[-42.684774444277721,-22.532742170960155,0.0],[-42.684764099183738,-22.532591523880207,0.0],[-42.684742753582981,-22.532483717953724,0.0],[-42.684717841331967,-22.532435582193688,0.0],[-42.684691283436557,-22.532254841009948,0.0],[-42.684658397965805,-22.532068036599718,0.0],[-42.684631910732342,-22.531960156660144,0.0],[-42.684632309053839,-22.531936273792152,0.0],[-42.68459597650947,-22.531801974682061,0.0],[-42.684544378117735,-22.531657900396699,0.0],[-42.684547148155744,-22.531645995967054,0.0],[-42.684527138841474,-22.531612263919435,0.0],[-42.684524754724528,-22.53136976030342,0.0],[-42.68450360857355,-22.531250012927586,0.0],[-42.684473174828092,-22.531070410363455,0.0],[-42.68446496270694,-22.530946071432549,0.0],[-42.684472852888064,-22.530781353648397,0.0]]]}},
{"type":"Feature","properties":{"fid":76,"NOM_LOGRAD":"RUA JOSÉ BELQUIOR","DOC_CRIAç":null,"LOCALIDADE":"PORTO TABOADO","BAIRRO":"","CEP":null,"NOME ANTIGO":null},"geometry":{"type":"MultiLineString","coordinates":[[[-42.686522706839952,-22.534894829945394,0.0],[-42.686428441679247,-22.534817863763397,0.0],[-42.686248882042662,-22.534762682477858,0.0],[-42.685868316325724,-22.534665160409848,0.0],[-42.685533525450523,-22.534581445751677,0.0],[-42.685279724328865,-22.534521907753554,0.0],[-42.68496980955085,-22.534431975133792,0.0],[-42.684635019949255,-22.534348258694415,0.0],[-42.684173577607154,-22.534219981950447,0.0],[-42.684085622520378,-22.534189128995752,0.0],[-42.683986669800696,-22.534181129466965,0.0],[-42.68383514152741,-22.534142786215611,0.0],[-42.683757855242028,-22.5341087993096,0.0],[-42.683703672295039,-22.534113488528234,0.0]]]}},
{"type":"Feature","properties":{"fid":77,"NOM_LOGRAD":"RUA BOM PASTOR","DOC_CRIAç":null,"LOCALIDADE":"PORTO TABOADO","BAIRRO":"","CEP":null,"NOME ANTIGO":null},"geometry":{"type":"MultiLineString","coordinates":[[[-42.684710103401315,-22.532382921324039,0.0],[-42.684580706174657,-22.532365767573392,0.0],[-42.684325770829034,-22.53234233194619,0.0],[-42.684209021650993,-22.532325826798036,0.0],[-42.684039174758709,-22.532303615635964,0.0],[-42.683816230214802,-22.532275698295521,0.0],[-42.683503291760296,-22.532221777295319,0.0],[-42.683301372234176,-22.532208986482317,0.0],[-42.68318630685588,-22.532195559903418,0.0]]]}},
{"type":"Feature","properties":{"fid":78,"NOM_LOGRAD":"RUA PROFº ARI QUINTELA","DOC_CRIAç":null,"LOCALIDADE":"PORTO TABOADO","BAIRRO":"","CEP":null,"NOME ANTIGO":null},"geometry":{"type":"MultiLineString","coordinates":[[[-42.684631910732342,-22.531960156660144,0.0],[-42.684499202655068,-22.531947896997856,0.0],[-42.684333963888129,-22.531941476242697,0.0],[-42.684241295257756,-22.531932057877739,0.0],[-42.684113802885868,-22.531923485507004,0.0],[-42.684042554703055,-22.531927232666224,0.0],[-42.68396177439417,-22.531920288842919,0.0],[-42.683831320237196,-22.53190684895463,0.0],[-42.683750732814133,-22.531888346163143,0.0],[-42.683679284481414,-22.531881536567759,0.0],[-42.683623389365373,-22.531874950899283,0.0],[-42.683511550936643,-22.531864669220848,0.0],[-42.683440343736294,-22.531843410944429,0.0],[-42.683294192865965,-22.53178554249487,0.0]]]}},
{"type":"Feature","properties":{"fid":79,"NOM_LOGRAD":"RUA IRMÃ CONCEIÇÃO","DOC_CRIAç":null,"LOCALIDADE":"PORTO TABOADO","BAIRRO":"","CEP":null,"NOME ANTIGO":null},"geometry":{"type":"MultiLineString","coordinates":[[[-42.684527138841474,-22.531612263919435,0.0],[-42.684477028951846,-22.531621322725378,0.0],[-42.684427403347705,-22.531611937173363,0.0],[-42.684359162130335,-22.531599393229868,0.0],[-42.684284747856736,-22.531583869985052,0.0],[-42.684179179042019,-22.531570788625583,0.0],[-42.684073706665366,-22.531551927764916,0.0],[-42.684017859855473,-22.531542452526317,0.0],[-42.683949329475766,-22.531547246713806,0.0],[-42.683812606188916,-22.531536606986407,0.0],[-42.683706699991042,-22.531543753335495,0.0],[-42.683573135596014,-22.531530268479674,0.0],[-42.683523365460772,-22.531529551803199,0.0],[-42.68347689883322,-22.531517321042941,0.0],[-42.683403135403275,-22.531491393200852,0.0]]]}},
{"type":"Feature","properties":{"fid":80,"NOM_LOGRAD":"RUA XV DE NOVEMBRO","DOC_CRIAç":null,"LOCALIDADE":"PORTO TABOADO","BAIRRO":"","CEP":null,"NOME ANTIGO":null},"geometry":{"type":"MultiLineString","coordinates":[[[-42.684496550489236,-22.531208360179793,0.0],[-42.684452754814373,-22.531211243924851,0.0],[-42.684374825213503,-22.531205868120463,0.0],[-42.684289035218711,-22.531203651608458,0.0],[-42.684207292907402,-22.531194567051006,0.0],[-42.684123352055671,-22.531187087048746,0.0],[-42.684017775380205,-22.531174496287399,0.0],[-42.683922035144334,-22.53116346509772,0.0],[-42.683860971778856,-22.53115702333632,0.0],[-42.68379889872346,-22.531151276022889,0.0],[-42.683750680864158,-22.531145509973403,0.0],[-42.683666354104624,-22.531133006731348,0.0],[-42.683615712402343,-22.531121206700462,0.0],[-42.683547996653196,-22.531108827615004,0.0]]]}},
{"type":"Feature","properties":{"fid":81,"NOM_LOGRAD":"RUA AGENOR PEREIRA","DOC_CRIAç":null,"LOCALIDADE":"PORTO TABOADO","BAIRRO":"","CEP":28685620,"NOME ANTIGO":null},"geometry":{"type":"MultiLineString","coordinates":[[[-42.684472852888064,-22.530781353648397,0.0],[-42.684370224194353,-22.530768350824925,0.0],[-42.684238501953857,-22.530757074480185,0.0],[-42.684119844577495,-22.53074740414171,0.0],[-42.684022044309657,-22.530740215372063,0.0],[-42.683944416852597,-22.530727317944436,0.0],[-42.68386884667062,-22.530717776938193,0.0],[-42.68380207126107,-22.530712452756624,0.0],[-42.683708438954092,-22.530695779243057,0.0]]]}},
{"type":"Feature","properties":{"fid":82,"NOM_LOGRAD":"RUA SEM NOME 1","DOC_CRIAç":null,"LOCALIDADE":"PORTO TABOADO","BAIRRO":"","CEP":null,"NOME ANTIGO":null},"geometry":{"type":"MultiLineString","coordinates":[[[-42.684365306126772,-22.53234596636306,0.0],[-42.684344867745459,-22.532514858279487,0.0],[-42.684336321510457,-22.532675505387761,0.0],[-42.68431568144571,-22.532857777733348,0.0],[-42.684312545802385,-22.533045751893596,0.0],[-42.684385450935672,-22.533071325656898,0.0],[-42.684481862068615,-22.533094512834865,0.0],[-42.684557745271803,-22.533117404474467,0.0],[-42.684669819322174,-22.533156326714064,0.0]]]}},
{"type":"Feature","properties":{"fid":83,"NOM_LOGRAD":"RUA MANOEL PEREIRA PIRES","DOC_CRIAç":null,"LOCALIDADE":"PORTO TABOADO","BAIRRO":"","CEP":null,"NOME ANTIGO":null},"geometry":{"type":"MultiLineString","coordinates":[[[-42.684080079450062,-22.533593359396715,0.0],[-42.684300614153379,-22.533646504795236,0.0],[-42.684493148258198,-22.533692809768578,0.0],[-42.684860829262576,-22.533774285462098,0.0],[-42.685029847559761,-22.533825693028231,0.0],[-42.685210578756482,-22.533877268980397,0.0],[-42.685251482693722,-22.533883299275988,0.0],[-42.685385907294958,-22.533901558643155,0.0],[-42.685479427976112,-22.533913787671732,0.0],[-42.685555470237844,-22.533920323489653,0.0],[-42.685596102092546,-22.533942674798283,0.0],[-42.685642136823006,-22.533992312190538,0.0],[-42.685663566878603,-22.534112337293674,0.0],[-42.685679412677814,-22.534215957035872,0.0]]]}},
{"type":"Feature","properties":{"fid":84,"NOM_LOGRAD":"RUA SEM NOME","DOC_CRIAç":null,"LOCALIDADE":"PORTO TABOADO","BAIRRO":"","CEP":null,"NOME ANTIGO":null},"geometry":{"type":"MultiLineString","coordinates":[[[-42.6845915094557,-22.523643605605795,0.0],[-42.685166290387997,-22.523563875141363,0.0]]]}},
{"type":"Feature","properties":{"fid":85,"NOM_LOGRAD":"RUA SEM NOME","DOC_CRIAç":null,"LOCALIDADE":"PORTO TABOADO","BAIRRO":"","CEP":null,"NOME ANTIGO":null},"geometry":{"type":"MultiLineString","coordinates":[[[-42.684534022735967,-22.523274885829359,0.0],[-42.685155342475966,-22.523202522085132,0.0]]]}},
{"type":"Feature","properties":{"fid":86,"NOM_LOGRAD":"RUA SEM NOME","DOC_CRIAç":null,"LOCALIDADE":"PORTO TABOADO","BAIRRO":"","CEP":null,"NOME ANTIGO":null},"geometry":{"type":"MultiLineString","coordinates":[[[-42.685155342475966,-22.523202522085132,0.0],[-42.685126725190834,-22.522975646512098,0.0],[-42.6850989715822,-22.522882081725292,0.0],[-42.685076408438967,-22.522847357551576,0.0]]]}},
{"type":"Feature","properties":{"fid":87,"NOM_LOGRAD":"RUA SEM NOME","DOC_CRIAç":null,"LOCALIDADE":"PORTO TABOADO","BAIRRO":"","CEP":null,"NOME ANTIGO":null},"geometry":{"type":"MultiLineString","coordinates":[[[-42.685076408438967,-22.522847357551576,0.0],[-42.684956123233931,-22.522844193747005,0.0],[-42.684787640701664,-22.522863269446759,0.0],[-42.684639114098772,-22.522888365373458,0.0],[-42.684496494357028,-22.522929312626111,0.0]]]}},
{"type":"Feature","properties":{"fid":88,"NOM_LOGRAD":"RJ-116","DOC_CRIAç":null,"LOCALIDADE":"PORTO TABOADO","BAIRRO":"","CEP":28685600,"NOME ANTIGO":null},"geometry":{"type":"MultiLineString","coordinates":[[[-42.686586292999955,-22.546225968999938,0.0],[-42.686862835374122,-22.545582840669223,0.0],[-42.686998683955544,-22.545116842580143,0.0],[-42.686987692022825,-22.544751840229079,0.0],[-42.686924827555686,-22.544351920250428,0.0],[-42.686781320302096,-22.543962769212694,0.0],[-42.686070245665412,-22.542183036174023,0.0],[-42.684946696147492,-22.539446228574814,0.0],[-42.683605464083456,-22.536113459839605,0.0],[-42.683359046145789,-22.535530919393882,0.0],[-42.683181785246127,-22.534952822545634,0.0],[-42.683128732765041,-22.53474183891581,0.0],[-42.68305099815742,-22.534237864690251,0.0],[-42.683039698262036,-22.534144536476006,0.0],[-42.683021503141511,-22.533848056037463,0.0],[-42.683017527994878,-22.533392921375373,0.0],[-42.683019560988079,-22.5332711189089,0.0],[-42.683107819032678,-22.532528260862076,0.0],[-42.683141380066594,-22.532366301879495,0.0],[-42.683186306855852,-22.532195559903425,0.0],[-42.683294192865958,-22.531785542494866,0.0],[-42.683301999647561,-22.531755872949304,0.0],[-42.683382632893213,-22.53154681459419,0.0],[-42.683403135403246,-22.531491393200831,0.0],[-42.68355085929398,-22.531092071536442,0.0],[-42.68363711597349,-22.530858904434279,0.0],[-42.683708438954071,-22.530695779243057,0.0],[-42.683813565945783,-22.530455338905846,0.0],[-42.68383500928347,-22.530403092725994,0.0],[-42.684076315979127,-22.529888184132663,0.0],[-42.684222755246395,-22.529689928200721,0.0],[-42.684316382156908,-22.529563171566245,0.0],[-42.684614489939683,-22.529227049589831,0.0],[-42.684781068363122,-22.52906819877407,0.0],[-42.684971523877934,-22.528923128683598,0.0],[-42.685169888389048,-22.528785637326418,0.0],[-42.68534169829411,-22.528698526965201,0.0],[-42.685555632127929,-22.528591119852358,0.0],[-42.685768436908461,-22.528508793801862,0.0],[-42.686608672200506,-22.528183734988836,0.0],[-42.686970724392772,-22.528060539101457,0.0],[-42.688352677815359,-22.527589190605497,0.0],[-42.689514826942805,-22.527176306364964,0.0],[-42.689625016226614,-22.527137158123196,0.0],[-42.689896688373516,-22.527036546071415,0.0],[-42.691246439240459,-22.526567694941516,0.0],[-42.691702369831845,-22.52640402961956,0.0],[-42.6926513071408,-22.526069761325708,0.0],[-42.693013498376033,-22.525937594752193,0.0],[-42.693501708732882,-22.525765428572864,0.0],[-42.694156229737487,-22.525546373757944,0.0],[-42.694168315375556,-22.525541897471673,0.0]]]}},
{"type":"Feature","properties":{"fid":89,"NOM_LOGRAD":"RUA ESTELITA","DOC_CRIAç":"Lei nº  1124 de 29.09.1997","LOCALIDADE":"MARAPORÃ","BAIRRO":"","CEP":null,"NOME ANTIGO":null},"geometry":{"type":"MultiLineString","coordinates":[[[-42.793106082322105,-22.566782150041668,0.0],[-42.79320039088141,-22.566672909038331,0.0],[-42.793318178615671,-22.566542497250246,0.0],[-42.793462750713687,-22.566390960004913,0.0],[-42.79360673606714,-22.566276259985663,0.0],[-42.793727241988876,-22.566182730607437,0.0],[-42.793938114751136,-22.566019821389904,0.0],[-42.794038690715411,-22.56593215902976,0.0],[-42.794109079158048,-22.565871716268557,0.0],[-42.794236390406731,-22.565765998065228,0.0],[-42.794309693160343,-22.565730158842982,0.0],[-42.794399375805511,-22.56570375578238,0.0],[-42.794568238969063,-22.565687650816749,0.0],[-42.794703756095679,-22.565689510752293,0.0],[-42.794859153854098,-22.565688572948353,0.0],[-42.795050421532864,-22.565718831763384,0.0],[-42.795149385125953,-22.565732471549047,0.0],[-42.795447977531836,-22.565770343437151,0.0],[-42.795642550816112,-22.565800646913562,0.0],[-42.795919952021521,-22.565819804488164,0.0],[-42.796507759030803,-22.565861641270608,0.0]]]}},
{"type":"Feature","properties":{"fid":90,"NOM_LOGRAD":"RUA GERALDO BORGES","DOC_CRIAç":"Lei nº 1124 de 29.09.1997","LOCALIDADE":"MARAPORÃ","BAIRRO":"","CEP":null,"NOME ANTIGO":null},"geometry":{"type":"MultiLineString","coordinates":[[[-42.795642550816112,-22.565800646913562,0.0],[-42.795585017478011,-22.565979865638212,0.0],[-42.795531845746844,-22.566199912995135,0.0],[-42.795423371675369,-22.56663094141626,0.0]]]}},
{"type":"Feature","properties":{"fid":91,"NOM_LOGRAD":"AVENIDA MARAPORÃ","DOC_CRIAç":"Lei nº 1124 de 29.09.1997","LOCALIDADE":"MARAPORÃ","BAIRRO":"","CEP":28693830,"NOME ANTIGO":"Rua Projetada \"2\""},"geometry":{"type":"MultiLineString","coordinates":[[[-42.796630010894425,-22.56496383367551,0.0],[-42.796619917913134,-22.565157084742765,0.0],[-42.796571328736739,-22.56553536399155,0.0],[-42.796507759030803,-22.565861641270608,0.0],[-42.796508759846461,-22.565900270774911,0.0],[-42.796428282767998,-22.566498889534053,0.0],[-42.796371812067449,-22.566926488177685,0.0],[-42.796274637356554,-22.567571010191116,0.0],[-42.796200638662704,-22.567985187549855,0.0],[-42.796044175027141,-22.569011136467367,0.0],[-42.796009000870413,-22.569214954885499,0.0],[-42.795838134697,-22.570253886405212,0.0],[-42.795795183844042,-22.570500435296161,0.0],[-42.795619315337902,-22.571407490606177,0.0]]]}},
{"type":"Feature","properties":{"fid":92,"NOM_LOGRAD":"RUA PROJETADA","DOC_CRIAç":null,"LOCALIDADE":"MARAPORÃ","BAIRRO":"","CEP":null,"NOME ANTIGO":null},"geometry":{"type":"MultiLineString","coordinates":[[[-42.796608299367186,-22.565247538373871,0.0],[-42.79686373216132,-22.565276775471094,0.0],[-42.79698026127744,-22.565286113424193,0.0],[-42.797246525785205,-22.565312984589777,0.0],[-42.797438796719575,-22.56534321026777,0.0]]]}},
{"type":"Feature","properties":{"fid":93,"NOM_LOGRAD":"RUA RUTH MACEDO","DOC_CRIAç":"Lei nº 1124 de 29.09.1997","LOCALIDADE":"MARAPORÃ","BAIRRO":"","CEP":null,"NOME ANTIGO":null},"geometry":{"type":"MultiLineString","coordinates":[[[-42.800639839977435,-22.565269513972162,0.0],[-42.800618830825314,-22.565594376632006,0.0],[-42.800586756161067,-22.565897755317739,0.0],[-42.800571757154088,-22.566155795056638,0.0],[-42.800557987463982,-22.566233821529686,0.0],[-42.800556216968026,-22.566246960662628,0.0]]]}},
{"type":"Feature","properties":{"fid":94,"NOM_LOGRAD":"RUA SEM NOME","DOC_CRIAç":null,"LOCALIDADE":"MARAPORÃ","BAIRRO":"","CEP":null,"NOME ANTIGO":null},"geometry":{"type":"MultiLineString","coordinates":[[[-42.79895195728362,-22.56514430016562,0.0],[-42.798943727510007,-22.565333449713137,0.0],[-42.798912935643081,-22.565555827413892,0.0]]]}},
{"type":"Feature","properties":{"fid":95,"NOM_LOGRAD":"RUA DORALICE","DOC_CRIAç":"Lei nº 1124 de 29.09.1997","LOCALIDADE":"MARAPORÃ","BAIRRO":"","CEP":null,"NOME ANTIGO":null},"geometry":{"type":"MultiLineString","coordinates":[[[-42.79841168689051,-22.565102827459384,0.0],[-42.798413318608709,-22.565293007155869,0.0],[-42.798394709391658,-22.565556275569413,0.0],[-42.798372994317859,-22.565712305467809,0.0],[-42.798353675554885,-22.566020229110162,0.0],[-42.798359159748237,-22.566095112116262,0.0],[-42.798346597521679,-22.566163060050076,0.0],[-42.798309819389218,-22.56635908200273,0.0],[-42.798273679573803,-22.566514914207968,0.0],[-42.798224108374221,-22.566608031391251,0.0],[-42.798116200783944,-22.566740547620938,0.0],[-42.797701403937907,-22.567154492965404,0.0],[-42.797608394690549,-22.567238361486755,0.0]]]}},
{"type":"Feature","properties":{"fid":96,"NOM_LOGRAD":"RUA ALMERINDA FERREIRA DE ALMEIDA","DOC_CRIAç":"Lei nº 1124 de 29.09.1997","LOCALIDADE":"MARAPORÃ","BAIRRO":"","CEP":28693850,"NOME ANTIGO":"Rua \"F\""},"geometry":{"type":"MultiLineString","coordinates":[[[-42.796390041017943,-22.566788458153422,0.0],[-42.796648224083995,-22.56681422079442,0.0],[-42.796878731412015,-22.566835247489333,0.0],[-42.796997199362124,-22.566842146836091,0.0],[-42.797122062193189,-22.566851599031907,0.0],[-42.797387837788605,-22.566909424676822,0.0]]]}},
{"type":"Feature","properties":{"fid":97,"NOM_LOGRAD":"RUA BOA VISTA","DOC_CRIAç":null,"LOCALIDADE":"MARAPORÃ","BAIRRO":"","CEP":null,"NOME ANTIGO":null},"geometry":{"type":"MultiLineString","coordinates":[[[-42.796279835960007,-22.567536530081,0.0],[-42.79688080439157,-22.567612445848486,0.0],[-42.797053260026296,-22.56765500885497,0.0],[-42.797173180655726,-22.567674518971529,0.0],[-42.79730207892954,-22.567734350526951,0.0],[-42.79733078609361,-22.567743677062698,0.0],[-42.797312883815039,-22.56796228987168,0.0],[-42.797285932854997,-22.568145046663691,0.0],[-42.79726357707559,-22.568341265923682,0.0],[-42.797261873615767,-22.56844843842924,0.0],[-42.797304153832677,-22.568511548990614,0.0],[-42.797361426528425,-22.568539133123124,0.0],[-42.797385254671774,-22.568552859266809,0.0],[-42.797447690478194,-22.568558181679187,0.0],[-42.797520026599585,-22.568545773804175,0.0],[-42.797694328696508,-22.568472232648237,0.0],[-42.79791289790213,-22.568336767065933,0.0],[-42.798058705078553,-22.568240502460906,0.0],[-42.798132176182868,-22.568156645911799,0.0],[-42.798171351275158,-22.568112517805183,0.0],[-42.798215476432894,-22.568059524528056,0.0]]]}},
{"type":"Feature","properties":{"fid":98,"NOM_LOGRAD":"RUA FLORESTA","DOC_CRIAç":null,"LOCALIDADE":"MARAPORÃ","BAIRRO":"","CEP":null,"NOME ANTIGO":null},"geometry":{"type":"MultiLineString","coordinates":[[[-42.797023953831427,-22.567647775938237,0.0],[-42.79687366737906,-22.568666440438879,0.0]]]}},
{"type":"Feature","properties":{"fid":99,"NOM_LOGRAD":"RUA JOSÉ VITORIANO DOS SANTOS","DOC_CRIAç":null,"LOCALIDADE":"MARAPORÃ","BAIRRO":"","CEP":null,"NOME ANTIGO":null},"geometry":{"type":"MultiLineString","coordinates":[[[-42.794588625109206,-22.566359082018668,0.0],[-42.794479442856755,-22.566341032655458,0.0],[-42.794268488469861,-22.566319221799141,0.0],[-42.794093167588883,-22.566297899864566,0.0],[-42.79388984910431,-22.566276193346837,0.0],[-42.793775614194359,-22.56625570974942,0.0],[-42.793709738924569,-22.566235890094575,0.0],[-42.793673148655223,-22.56622471459627,0.0]]]}},
{"type":"Feature","properties":{"fid":100,"NOM_LOGRAD":"RUA PRESBÍTERO OTACÍLIO DE ALMEIDA MONTEIRO","DOC_CRIAç":"Lei nº 1086 de 26.03.1997","LOCALIDADE":"MARAPORÃ","BAIRRO":"","CEP":null,"NOME ANTIGO":null},"geometry":{"type":"MultiLineString","coordinates":[[[-42.800556216968026,-22.566246960662628,0.0],[-42.800303295207826,-22.566238201801188,0.0],[-42.800123574819679,-22.566225614131355,0.0],[-42.799650496387677,-22.566174955259147,0.0],[-42.799317693398272,-22.566139436351985,0.0],[-42.798951192540542,-22.566126676108777,0.0],[-42.798709800043717,-22.566107888698813,0.0],[-42.798459952373172,-22.566096725394615,0.0],[-42.798359159748237,-22.566095112116262,0.0]]]}},
{"type":"Feature","properties":{"fid":101,"NOM_LOGRAD":"RUA MANOEL VITORIANO DOS SANTOS","DOC_CRIAç":"Lei nº 1092 de 25.04.1997","LOCALIDADE":"MARAPORÃ","BAIRRO":"","CEP":null,"NOME ANTIGO":null},"geometry":{"type":"MultiLineString","coordinates":[[[-42.798359159748237,-22.566095112116262,0.0],[-42.798250221576446,-22.566088555815682,0.0],[-42.798053988139117,-22.566085866826455,0.0],[-42.797846531132372,-22.566103278266642,0.0],[-42.797791700097875,-22.566122781288261,0.0],[-42.797757787932149,-22.566198270830487,0.0],[-42.797729728865811,-22.566248522477128,0.0],[-42.797685880070105,-22.566263112355404,0.0],[-42.797364596820231,-22.566238454044178,0.0],[-42.796853014054207,-22.566180804266175,0.0],[-42.796477263023043,-22.566134556827635,0.0]]]}},
{"type":"Feature","properties":{"fid":102,"NOM_LOGRAD":"RUA LUCAS CORRÊA RANGEL DA SILVA","DOC_CRIAç":"Lei nº 2.606 de 08.02.2024","LOCALIDADE":"MARAPORÃ","BAIRRO":"","CEP":null,"NOME ANTIGO":null},"geometry":{"type":"MultiLineString","coordinates":[[[-42.794797279485856,-22.564836091216854,0.0],[-42.794773051782286,-22.564988874563181,0.0],[-42.794763580217804,-22.565069818440637,0.0],[-42.794747162864908,-22.565244408643402,0.0],[-42.794727534502897,-22.56544935746663,0.0],[-42.794703756095679,-22.565689510752289,0.0],[-42.794697894582832,-22.565731652681674,0.0],[-42.794664718903284,-22.565896705012204,0.0],[-42.794616597712171,-22.566201051497192,0.0],[-42.794588625109206,-22.566359082018668,0.0]]]}},
{"type":"Feature","properties":{"fid":103,"NOM_LOGRAD":"RUA ELISEU MENEGUSSI","DOC_CRIAç":"Lei 1183 de 18/09/1998","LOCALIDADE":"AREIA BRANCA","BAIRRO":"AREIA BRANCA","CEP":null,"NOME ANTIGO":null},"geometry":{"type":"MultiLineString","coordinates":[[[-42.696570811623147,-22.560663276257841,0.0],[-42.696576718638383,-22.560699646523645,0.0],[-42.696597480277319,-22.560756388368564,0.0],[-42.696596609625175,-22.560808788422229,0.0],[-42.696569632852288,-22.560864846024522,0.0],[-42.696502324770279,-22.560996928454909,0.0],[-42.696431279497574,-22.561092671681074,0.0],[-42.696343008619777,-22.561180104477181,0.0],[-42.696250598715551,-22.561255382684198,0.0],[-42.696158657626299,-22.561302445426048,0.0],[-42.6960015514221,-22.561352605579383,0.0],[-42.695892719675903,-22.56137120387293,0.0],[-42.695727469580262,-22.561388993129555,0.0],[-42.695518887753138,-22.56140212910665,0.0],[-42.695336680196988,-22.561395484399007,0.0],[-42.695149529652618,-22.561425054162392,0.0],[-42.695096765517228,-22.561442861611386,0.0],[-42.695049462125063,-22.561471476696877,0.0],[-42.69500457136575,-22.561527800020855,0.0],[-42.694973522023375,-22.561567671962933,0.0],[-42.694959497047407,-22.56162794673887,0.0],[-42.694970975137977,-22.56172084115855,0.0],[-42.694994400511796,-22.561878414618622,0.0],[-42.694997735044822,-22.561938938391847,0.0],[-42.695018094014863,-22.562019865003958,0.0],[-42.695055879592374,-22.562097009841292,0.0],[-42.695063889153154,-22.562137442021289,0.0],[-42.695057940718797,-22.562234118211595,0.0],[-42.695043178425408,-22.562338731437634,0.0],[-42.695032487907469,-22.562459529981538,0.0],[-42.695044167135016,-22.562540332092841,0.0],[-42.695081148560625,-22.562665846149894,0.0],[-42.695169940917516,-22.562808230250205,0.0],[-42.695331238738234,-22.563028257070709,0.0],[-42.695416361789611,-22.563130271138018,0.0],[-42.695505087747414,-22.563276685868004,0.0],[-42.695559630503844,-22.56339035650635,0.0],[-42.695622451153262,-22.563528336221395,0.0],[-42.695686344062949,-22.563601823610703,0.0],[-42.695746031111291,-22.563667187206715,0.0],[-42.695823480026924,-22.563708615095724,0.0],[-42.695876815212408,-22.563747600494469,0.0],[-42.695900459968151,-22.563778258340211,0.0]]]}},
{"type":"Feature","properties":{"fid":104,"NOM_LOGRAD":"CMU-106","DOC_CRIAç":null,"LOCALIDADE":"AREIA BRANCA","BAIRRO":"AREIA BRANCA","CEP":1,"NOME ANTIGO":null},"geometry":{"type":"MultiLineString","coordinates":[[[-42.700766658935599,-22.555409814061495,0.0],[-42.700939791202913,-22.555420306128617,0.0],[-42.701249802854676,-22.555431767462157,0.0],[-42.701349910743119,-22.555440226480204,0.0],[-42.701494529836658,-22.555502026965833,0.0],[-42.701683805928511,-22.555608386730018,0.0],[-42.702021134733883,-22.555797677434594,0.0],[-42.702419894023961,-22.55598960246672,0.0],[-42.70263934084015,-22.55610166297641,0.0],[-42.702761065136542,-22.556175432996834,0.0],[-42.703017402255007,-22.556344238993539,0.0],[-42.703114805301354,-22.556401849678021,0.0],[-42.703163565045791,-22.556427142162583,0.0],[-42.703283806193404,-22.556476294940438,0.0],[-42.703486933339228,-22.556545957143229,0.0],[-42.703741788111444,-22.55663304806701,0.0],[-42.703978780091568,-22.556713734507589,0.0],[-42.704183682726374,-22.556790448579942,0.0],[-42.7042781044508,-22.556828251623696,0.0],[-42.704475326936503,-22.556911882988356,0.0],[-42.704556991514757,-22.556949064466561,0.0],[-42.704635586947312,-22.557000256761643,0.0],[-42.704721499502604,-22.557066486623018,0.0],[-42.704850935444512,-22.557131581133572,0.0],[-42.704910052986243,-22.557159656289489,0.0],[-42.705024825832581,-22.557196431904742,0.0],[-42.70507968835026,-22.55720660337602,0.0],[-42.705155272401328,-22.55721119627702,0.0],[-42.705272663157892,-22.557204088190822,0.0],[-42.705363811684755,-22.557182550668156,0.0],[-42.705506454656756,-22.557135395688832,0.0],[-42.705594140720535,-22.557094483395158,0.0],[-42.705655446681597,-22.557061759052903,0.0],[-42.705701958901344,-22.557037168483173,0.0]]]}},
{"type":"Feature","properties":{"fid":105,"NOM_LOGRAD":"CMU-009","DOC_CRIAç":null,"LOCALIDADE":"AREIA BRANCA","BAIRRO":"","CEP":1,"NOME ANTIGO":null},"geometry":{"type":"MultiLineString","coordinates":[[[-42.700766658935599,-22.555409814061495,0.0],[-42.700923982464083,-22.555229408726788,0.0],[-42.70108923112376,-22.55507365731879,0.0],[-42.701400176636604,-22.554800524645646,0.0],[-42.70154651409873,-22.554644502248458,0.0],[-42.701680981153302,-22.554519932971139,0.0],[-42.701784900679399,-22.554412495139676,0.0],[-42.70182515799398,-22.554351581541695,0.0],[-42.701860369413311,-22.554300420701178,0.0]]]}},
{"type":"Feature","properties":{"fid":106,"NOM_LOGRAD":"RUA PADRE ANTONIO CARVALHO","DOC_CRIAç":null,"LOCALIDADE":"AREIA BRANCA","BAIRRO":"AREIA BRANCA","CEP":null,"NOME ANTIGO":null},"geometry":{"type":"MultiLineString","coordinates":[[[-42.700766658935599,-22.555409814061495,0.0],[-42.700658548055848,-22.555541786814693,0.0],[-42.70050487300886,-22.555912036845065,0.0],[-42.700478219199887,-22.556150584731025,0.0],[-42.700501431317072,-22.556347682055243,0.0],[-42.700574160039004,-22.556524405803696,0.0],[-42.700673247008794,-22.556708533940661,0.0],[-42.700820685883897,-22.556942545031003,0.0],[-42.700878403381132,-22.55711202660984,0.0],[-42.700894983892262,-22.557252810399753,0.0],[-42.700873452136882,-22.557410617320457,0.0],[-42.700829868438078,-22.557529458457203,0.0],[-42.700759518615136,-22.557665484988696,0.0],[-42.700666592473588,-22.557794161161329,0.0],[-42.700477598417883,-22.558012818046315,0.0],[-42.70033910278643,-22.558153056145937,0.0],[-42.700263989296531,-22.558232616205224,0.0],[-42.700087589582068,-22.558399425147645,0.0],[-42.699968743541277,-22.558498517925763,0.0],[-42.699880677131503,-22.558573860664836,0.0],[-42.699700672360294,-22.558696268375392,0.0],[-42.699455302710724,-22.558833867181193,0.0],[-42.699135553850894,-22.559006686406025,0.0],[-42.699065514877745,-22.559041969337358,0.0],[-42.69888584333308,-22.559144222113517,0.0],[-42.69860061090904,-22.559329629586959,0.0],[-42.698302224445904,-22.559522911582022,0.0],[-42.697885524034952,-22.55978303773151,0.0],[-42.697380686467689,-22.560122534596957,0.0],[-42.696893674626452,-22.560434063014576,0.0],[-42.696570811623147,-22.560663276257841,0.0],[-42.696399882974383,-22.560761619539726,0.0],[-42.696224480268903,-22.560867961949146,0.0],[-42.696080193196835,-22.560930401181697,0.0],[-42.695949394531937,-22.560964811538387,0.0],[-42.695810251076907,-22.560978943477576,0.0],[-42.695571424867445,-22.5609835824554,0.0],[-42.695311435479042,-22.560955663727736,0.0],[-42.694969257082789,-22.56091043882661,0.0],[-42.694340049506707,-22.560831806551885,0.0]]]}},
{"type":"Feature","properties":{"fid":107,"NOM_LOGRAD":"RUA PROFESSOR ANTÔNIO TRAJANO","DOC_CRIAç":null,"LOCALIDADE":"JAPUÍBA","BAIRRO":"CENTRO","CEP":null,"NOME ANTIGO":null},"geometry":{"type":"MultiLineString","coordinates":[[[-42.694839109596408,-22.564772131916548,0.0],[-42.694779330842799,-22.564784422791391,0.0],[-42.69471284010254,-22.564803952791653,0.0],[-42.694620671162362,-22.564837295527774,0.0],[-42.694400971245926,-22.564896426857693,0.0],[-42.694194107383588,-22.564939402105622,0.0],[-42.693889020435982,-22.565017970592315,0.0],[-42.693574890637727,-22.565082403259932,0.0],[-42.693354632090028,-22.565130198176423,0.0],[-42.69304685538431,-22.56520071587644,0.0],[-42.692557638746187,-22.565313589249595,0.0],[-42.691519261179913,-22.56555345737566,0.0],[-42.691156430428705,-22.565635170126725,0.0],[-42.690903654470404,-22.565697481531185,0.0],[-42.689586881927148,-22.565987289662893,0.0],[-42.68942074329852,-22.566019629580595,0.0],[-42.689285755190781,-22.566045905715288,0.0],[-42.688837638512098,-22.566134682806442,0.0]]]}},
{"type":"Feature","properties":{"fid":108,"NOM_LOGRAD":"AVENIDA SANTANA","DOC_CRIAç":null,"LOCALIDADE":"JAPUÍBA","BAIRRO":"CENTRO","CEP":28686490,"NOME ANTIGO":null},"geometry":{"type":"MultiLineString","coordinates":[[[-42.694488556600412,-22.563940742622972,0.0],[-42.693699751713858,-22.56412618181897,0.0],[-42.692250755401766,-22.564456641779902,0.0],[-42.691637027117288,-22.564594186052283,0.0],[-42.690441174986816,-22.564863867169738,0.0],[-42.689973072318082,-22.564962517196893,0.0],[-42.689384471991396,-22.565098597009204,0.0],[-42.688947954313285,-22.565199514896403,0.0],[-42.688804634300482,-22.565232204411149,0.0],[-42.688494484085084,-22.565303927776785,0.0]]]}},
{"type":"Feature","properties":{"fid":109,"NOM_LOGRAD":"RUA ESCRIVAO ALBERTO MARTINS VIANA","DOC_CRIAç":null,"LOCALIDADE":"JAPUÍBA","BAIRRO":"CENTRO","CEP":28686500,"NOME ANTIGO":null},"geometry":{"type":"MultiLineString","coordinates":[[[-42.694159254841935,-22.562938120554119,0.0],[-42.693909633878903,-22.562991048904543,0.0],[-42.693509909960618,-22.563068870905475,0.0],[-42.693023314675564,-22.563181255705235,0.0],[-42.692785523712736,-22.563237526597174,0.0],[-42.692558916729553,-22.563283726011061,0.0],[-42.692227100568914,-22.56335810601157,0.0],[-42.692142149953227,-22.563364662990679,0.0],[-42.691934476624745,-22.563404359620229,0.0],[-42.691838583145127,-22.563429414116122,0.0],[-42.691733596593622,-22.563449222076969,0.0],[-42.691651551173898,-22.56346939906641,0.0],[-42.691503725112547,-22.563505753012315,0.0],[-42.691366713445902,-22.563539447299416,0.0],[-42.691212755624264,-22.563578162081143,0.0],[-42.691053432796529,-22.563608273198003,0.0],[-42.69039279765542,-22.563752254469296,0.0],[-42.689915376533335,-22.563864761352271,0.0],[-42.689221615170652,-22.564001424024191,0.0],[-42.688906884420931,-22.56407866027196,0.0],[-42.688830282518488,-22.564100245310314,0.0],[-42.688474999735526,-22.564198350395799,0.0]]]}},
{"type":"Feature","properties":{"fid":110,"NOM_LOGRAD":"RUA MARIETA ESMERIA DA SILVA","DOC_CRIAç":null,"LOCALIDADE":"JAPUÍBA","BAIRRO":"CENTRO","CEP":null,"NOME ANTIGO":null},"geometry":{"type":"MultiLineString","coordinates":[[[-42.687737516998588,-22.563430942999755,0.0],[-42.687876671552317,-22.56356232918133,0.0],[-42.687974929953718,-22.563660947797199,0.0],[-42.688145619770523,-22.563837930490216,0.0],[-42.6883092862601,-22.564008184386086,0.0],[-42.68841910422401,-22.564126851876964,0.0],[-42.68847499973549,-22.564198350395788,0.0],[-42.688521051427472,-22.564289590104028,0.0],[-42.688596066307014,-22.564498334091088,0.0],[-42.688661716306115,-22.564698106541147,0.0],[-42.688804634300482,-22.565232204411149,0.0]]]}},
{"type":"Feature","properties":{"fid":111,"NOM_LOGRAD":"RUA OTACIANO MARTINS","DOC_CRIAç":"Lei n. 317 de 20.10.1987","LOCALIDADE":"JAPUÍBA","BAIRRO":"CENTRO","CEP":null,"NOME ANTIGO":null},"geometry":{"type":"MultiLineString","coordinates":[[[-42.688359002416902,-22.562288677800574,0.0],[-42.688427746409324,-22.562196557641634,0.0],[-42.68851924371257,-22.562109594255503,0.0],[-42.688615509954076,-22.562036638274218,0.0],[-42.688788073183652,-22.56195913816666,0.0],[-42.688907838057325,-22.561906100234044,0.0],[-42.689008563292447,-22.561865732160243,0.0],[-42.689119368732676,-22.561820862682357,0.0],[-42.689146887152447,-22.561793343549226,0.0],[-42.689147597958389,-22.561750704841042,0.0]]]}},
{"type":"Feature","properties":{"fid":112,"NOM_LOGRAD":"RUA E","DOC_CRIAç":null,"LOCALIDADE":"JAPUÍBA","BAIRRO":"CENTRO","CEP":null,"NOME ANTIGO":null},"geometry":{"type":"MultiLineString","coordinates":[[[-42.690534068771044,-22.562417712383624,0.0],[-42.69029950999267,-22.56246786652645,0.0],[-42.690042544627438,-22.562517698226213,0.0],[-42.689871613859573,-22.562557173589632,0.0]]]}},
{"type":"Feature","properties":{"fid":113,"NOM_LOGRAD":"RUA LOURIVAL CÂNDIDO DE ALMEIDA","DOC_CRIAç":null,"LOCALIDADE":"JAPUÍBA","BAIRRO":"CENTRO","CEP":null,"NOME ANTIGO":null},"geometry":{"type":"MultiLineString","coordinates":[[[-42.693925746630228,-22.562243028169025,0.0],[-42.693696200210077,-22.562293629226453,0.0],[-42.693381223468812,-22.562366422864269,0.0],[-42.693046941941894,-22.562444885986356,0.0],[-42.69281888448846,-22.562489189943278,0.0],[-42.692696754431701,-22.562517172739682,0.0],[-42.692681298893326,-22.562519124447466,0.0],[-42.692686943742281,-22.56255404164294,0.0],[-42.692637653168596,-22.562605533095407,0.0],[-42.692432051368733,-22.562647185274095,0.0],[-42.691763535425565,-22.562801133710146,0.0],[-42.691422899882618,-22.562876528406129,0.0],[-42.690797842343294,-22.563016228848518,0.0],[-42.690428298445845,-22.563097153187954,0.0],[-42.690196840326394,-22.563153298915573,0.0],[-42.690047848421095,-22.563183393105703,0.0],[-42.689839950944844,-22.563243324628225,0.0],[-42.689674292831427,-22.563275333999666,0.0]]]}},
{"type":"Feature","properties":{"fid":114,"NOM_LOGRAD":"BECO DO MACRINO","DOC_CRIAç":null,"LOCALIDADE":"JAPUÍBA","BAIRRO":"CENTRO","CEP":28686480,"NOME ANTIGO":null},"geometry":{"type":"MultiLineString","coordinates":[[[-42.691234516696689,-22.565617584475376,0.0],[-42.691214599242883,-22.565509490003269,0.0],[-42.691197592894142,-22.565429170305148,0.0],[-42.691172012461926,-22.565312949062978,0.0],[-42.691147522307823,-22.565204694226942,0.0],[-42.691130298473929,-22.565137433332342,0.0]]]}},
{"type":"Feature","properties":{"fid":115,"NOM_LOGRAD":"RUA ATALIBA DE OLIVEIRA","DOC_CRIAç":null,"LOCALIDADE":"JAPUÍBA","BAIRRO":"CENTRO","CEP":28686515,"NOME ANTIGO":null},"geometry":{"type":"MultiLineString","coordinates":[[[-42.693013804249595,-22.563955015433145,0.0],[-42.693001891070509,-22.563901319019674,0.0],[-42.692986925384687,-22.563838657884599,0.0],[-42.692974764813698,-22.563799826078018,0.0],[-42.692959848628739,-22.56373419202005,0.0],[-42.692929521470859,-22.563632653117548,0.0],[-42.692884377184484,-22.56345953430721,0.0],[-42.69284873686081,-22.56329249920779,0.0],[-42.69280379068195,-22.563107488699828,0.0],[-42.692770510215894,-22.562991039215259,0.0],[-42.692734870097865,-22.562824004103142,0.0],[-42.69271002064648,-22.562686523180801,0.0],[-42.692686943742281,-22.56255404164294,0.0],[-42.692681298893326,-22.562519124447466,0.0],[-42.692670390696982,-22.562488821020672,0.0],[-42.692647562539292,-22.562412042716332,0.0],[-42.692620708918597,-22.562294524010209,0.0],[-42.692603958881605,-22.56220581932368,0.0],[-42.692599430740451,-22.562158269588064,0.0]]]}},
{"type":"Feature","properties":{"fid":116,"NOM_LOGRAD":"RUA JOAQUIM VIEIRA FILHO","DOC_CRIAç":"Del. N. 104/57 de 19.11.1957","LOCALIDADE":"JAPUÍBA","BAIRRO":"CENTRO","CEP":null,"NOME ANTIGO":null},"geometry":{"type":"MultiLineString","coordinates":[[[-42.693663875275057,-22.562301099809432,0.0],[-42.693479028848024,-22.562259387139445,0.0],[-42.693264785315044,-22.562217292534363,0.0],[-42.693078503691325,-22.562183659414892,0.0],[-42.692937960075739,-22.562163799958583,0.0],[-42.692701141534847,-22.562157426254,0.0],[-42.692599430740437,-22.562158269588021,0.0],[-42.692307676035931,-22.562136908227188,0.0],[-42.692109318158501,-22.562128112330718,0.0],[-42.691792229418532,-22.562135452608363,0.0],[-42.691676897425971,-22.562139743236649,0.0],[-42.691539109514117,-22.562146684828488,0.0],[-42.691269935514647,-22.562160659628624,0.0],[-42.691142887567381,-22.562163123755585,0.0],[-42.691093786127233,-22.562164076063322,0.0],[-42.690898827436804,-22.562143432993953,0.0],[-42.690706921162025,-22.562131754443456,0.0],[-42.69046889889087,-22.562101571124245,0.0],[-42.690296743114409,-22.562057466026168,0.0],[-42.690025904212241,-22.561979232338739,0.0],[-42.689708451524893,-22.561894380820682,0.0],[-42.689481026541898,-22.56182271764569,0.0],[-42.68940144992866,-22.561794810834172,0.0],[-42.689286613871111,-22.561769370617203,0.0],[-42.68923122109544,-22.561762394136242,0.0],[-42.689187600508554,-22.561754002355165,0.0],[-42.689147597958375,-22.561750704841039,0.0],[-42.689074127835681,-22.56176235224105,0.0],[-42.688987230428552,-22.561771012726261,0.0],[-42.688887556405462,-22.561796341925248,0.0],[-42.688762076865039,-22.561833194421769,0.0],[-42.68861724313718,-22.561878689317453,0.0],[-42.688580736691847,-22.561887104903022,0.0],[-42.688411493002661,-22.561929255078461,0.0],[-42.688318022292719,-22.561966567642592,0.0],[-42.688230854189385,-22.562009918067837,0.0],[-42.688066219714919,-22.562090811091441,0.0],[-42.687911187784948,-22.562171842092553,0.0],[-42.687724096994764,-22.56225538526094,0.0],[-42.687644970063218,-22.562283794740509,0.0]]]}},
{"type":"Feature","properties":{"fid":117,"NOM_LOGRAD":"RUA JOAO JOSÉ CARDOSO FILHO","DOC_CRIAç":"Lei no 055/79 de 06.05.1979\n","LOCALIDADE":"JAPUÍBA","BAIRRO":"CENTRO","CEP":null,"NOME ANTIGO":null},"geometry":{"type":"MultiLineString","coordinates":[[[-42.688580736691833,-22.561887104903001,0.0],[-42.688617694231979,-22.561772436536319,0.0],[-42.688693501093653,-22.561621374701591,0.0],[-42.688753170647175,-22.561490100748028,0.0],[-42.688849713506379,-22.561301966330678,0.0],[-42.688941545654181,-22.561137788122032,0.0],[-42.689024379398433,-22.560996169807503,0.0],[-42.689211929986094,-22.560693227642314,0.0],[-42.689384712747305,-22.560414096900292,0.0],[-42.689492901733253,-22.560217993243558,0.0],[-42.68984964389432,-22.559663133767735,0.0]]]}},
{"type":"Feature","properties":{"fid":118,"NOM_LOGRAD":"RUA SEM NOME 1","DOC_CRIAç":null,"LOCALIDADE":"JAPUÍBA","BAIRRO":"CENTRO","CEP":null,"NOME ANTIGO":null},"geometry":{"type":"MultiLineString","coordinates":[[[-42.692212388146267,-22.561014032701429,0.0],[-42.692023299969151,-22.56085648476348,0.0],[-42.691800492608479,-22.560721677189502,0.0],[-42.691666563000069,-22.560647611931806,0.0],[-42.691484896869916,-22.560568050390177,0.0],[-42.691296249572787,-22.560477642229056,0.0],[-42.691113987541016,-22.560362868130376,0.0],[-42.690979427296369,-22.560282322003992,0.0],[-42.6908801520757,-22.560230516952124,0.0],[-42.690807689861465,-22.560215081855535,0.0],[-42.690750767611398,-22.560197101973436,0.0],[-42.690659933424371,-22.560175313092259,0.0],[-42.690564107488186,-22.560154708317022,0.0],[-42.690464595946835,-22.560129324295261,0.0],[-42.690416053504286,-22.560109250283173,0.0]]]}},
{"type":"Feature","properties":{"fid":119,"NOM_LOGRAD":"RUA SEM NOME 2","DOC_CRIAç":null,"LOCALIDADE":"JAPUÍBA","BAIRRO":"CENTRO","CEP":null,"NOME ANTIGO":null},"geometry":{"type":"MultiLineString","coordinates":[[[-42.691637561867367,-22.561276449536788,0.0],[-42.69133859344447,-22.561273256805233,0.0],[-42.691071692147538,-22.561268320099824,0.0],[-42.690967058873497,-22.561276329310299,0.0],[-42.690807662794022,-22.561340294359816,0.0],[-42.690745644301536,-22.561359240614685,0.0],[-42.69064661496062,-22.561356164400852,0.0],[-42.690561595314207,-22.561331247849338,0.0],[-42.690484240820602,-22.561309196618009,0.0],[-42.690419315063828,-22.561288977099551,0.0],[-42.690284097687922,-22.561250113985366,0.0],[-42.69003140272882,-22.561175948672478,0.0],[-42.689880491775718,-22.561117573239095,0.0],[-42.689789672882711,-22.561080750794158,0.0]]]}},
{"type":"Feature","properties":{"fid":120,"NOM_LOGRAD":"RUA AMADO CORRÊA COSTA","DOC_CRIAç":"Lei n. 1252/1999","LOCALIDADE":"JAPUÍBA","BAIRRO":"CENTRO","CEP":28686545,"NOME ANTIGO":"Rua Projetada"},"geometry":{"type":"MultiLineString","coordinates":[[[-42.690598026730996,-22.559791494646408,0.0],[-42.690416053504286,-22.560109250283173,0.0],[-42.690239411712241,-22.560351375651205,0.0],[-42.690195830697114,-22.560424803032866,0.0],[-42.690167812596918,-22.560461427209006,0.0],[-42.690065549968828,-22.560617321574178,0.0],[-42.689845537993243,-22.560961285939275,0.0],[-42.689789672882711,-22.561080750794158,0.0],[-42.689742011297177,-22.561173729248573,0.0],[-42.689621838786437,-22.561416475118591,0.0],[-42.689604713955781,-22.561453699583009,0.0],[-42.6895615926069,-22.561547432904653,0.0],[-42.689463177643603,-22.561723381047003,0.0],[-42.689427539830852,-22.561803960336597,0.0]]]}},
{"type":"Feature","properties":{"fid":121,"NOM_LOGRAD":"RUA SEM NOME 3","DOC_CRIAç":null,"LOCALIDADE":"JAPUÍBA","BAIRRO":"CENTRO","CEP":null,"NOME ANTIGO":null},"geometry":{"type":"MultiLineString","coordinates":[[[-42.691637561867367,-22.561276449536788,0.0],[-42.69163213776713,-22.561317148630529,0.0],[-42.691606454642567,-22.56136306711571,0.0],[-42.691571764078112,-22.561415468691493,0.0],[-42.691488526459622,-22.561461662454644,0.0],[-42.691424508318725,-22.561493805222547,0.0],[-42.691376679683295,-22.561515710775332,0.0],[-42.691281826558082,-22.561546859455387,0.0],[-42.691179133905898,-22.561585610009111,0.0],[-42.691086096871196,-22.561614580497547,0.0],[-42.690989537570545,-22.561641296156946,0.0],[-42.690900817746282,-22.56166040983743,0.0],[-42.69076645239565,-22.561677214419969,0.0],[-42.690660249884189,-22.561677341361492,0.0],[-42.690498934343964,-22.561655096043765,0.0],[-42.690321880591128,-22.561626516898169,0.0],[-42.69012317481058,-22.561588948168524,0.0],[-42.689918193344731,-22.561554181710711,0.0],[-42.68976006374659,-22.56151141037714,0.0],[-42.689686780998855,-22.561483666462031,0.0],[-42.689604713955781,-22.561453699583009,0.0]]]}},
{"type":"Feature","properties":{"fid":122,"NOM_LOGRAD":"RUA SANTA CECÍLIA","DOC_CRIAç":null,"LOCALIDADE":"JAPUÍBA","BAIRRO":"CENTRO","CEP":null,"NOME ANTIGO":null},"geometry":{"type":"MultiLineString","coordinates":[[[-42.691142887567402,-22.56216312375556,0.0],[-42.691186954964145,-22.562322408927319,0.0],[-42.691255698975411,-22.562594535073522,0.0],[-42.691338462043248,-22.562895400436368,0.0],[-42.691363926814333,-22.563015535203455,0.0],[-42.691411051055688,-22.563178204859817,0.0],[-42.691503725112547,-22.563505753012315,0.0]]]}},
{"type":"Feature","properties":{"fid":123,"NOM_LOGRAD":"RUA ANTONIO JOSÉ DE LIMA","DOC_CRIAç":null,"LOCALIDADE":"JAPUÍBA","BAIRRO":"CENTRO","CEP":0,"NOME ANTIGO":null},"geometry":{"type":"MultiLineString","coordinates":[[[-42.692197626998578,-22.557145180999864,0.0],[-42.692361726697655,-22.557672174481713,0.0],[-42.692568702928853,-22.558269993578357,0.0],[-42.692719605420464,-22.558705849334864,0.0],[-42.693144919168013,-22.559800752037873,0.0],[-42.693507041488111,-22.56069930447293,0.0]]]}},
{"type":"Feature","properties":{"fid":124,"NOM_LOGRAD":"RUA DONA NANÍZIA","DOC_CRIAç":null,"LOCALIDADE":"JAPUÍBA","BAIRRO":"CENTRO","CEP":null,"NOME ANTIGO":null},"geometry":{"type":"MultiLineString","coordinates":[[[-42.692361726697705,-22.557672174481713,0.0],[-42.691864980432669,-22.557977623483897,0.0],[-42.691647923168148,-22.558107568356604,0.0],[-42.691536639995576,-22.558172501107315,0.0],[-42.691370354023157,-22.558231525925816,0.0],[-42.691189972957737,-22.558298913178124,0.0],[-42.690901800005769,-22.558411297995235,0.0],[-42.690869266240554,-22.558423985820802,0.0],[-42.690749194008283,-22.558473373130234,0.0],[-42.690621042867129,-22.558558533925162,0.0],[-42.690487041848101,-22.558664081639321,0.0],[-42.690399175273711,-22.558722914530943,0.0],[-42.690225144705757,-22.558839440011223,0.0],[-42.689914924089187,-22.559061483425925,0.0]]]}},
{"type":"Feature","properties":{"fid":125,"NOM_LOGRAD":"RUA ITAMAR DE ALMEIDA","DOC_CRIAç":"Lei 1048 de 1996","LOCALIDADE":"JAPUÍBA","BAIRRO":"CENTRO","CEP":null,"NOME ANTIGO":null},"geometry":{"type":"MultiLineString","coordinates":[[[-42.690053738786425,-22.558366909121624,0.0],[-42.690399175273711,-22.558722914530943,0.0]]]}},
{"type":"Feature","properties":{"fid":126,"NOM_LOGRAD":"RUA VALTINA DE ALMEIDA","DOC_CRIAç":null,"LOCALIDADE":"JAPUÍBA","BAIRRO":"CENTRO","CEP":null,"NOME ANTIGO":null},"geometry":{"type":"MultiLineString","coordinates":[[[-42.691504752392511,-22.559976821238223,0.0],[-42.691574021314288,-22.559735107450134,0.0],[-42.691602354843553,-22.559609579433864,0.0],[-42.69161004685477,-22.559541644395537,0.0],[-42.691605307787306,-22.559497905315396,0.0],[-42.691488911375046,-22.559458895888284,0.0],[-42.691414790842998,-22.559443176686958,0.0],[-42.691372567424644,-22.559406980656711,0.0],[-42.691369036365728,-22.559348311935544,0.0],[-42.691398248323388,-22.559170526796077,0.0],[-42.691441524242265,-22.55895415471862,0.0],[-42.691469792750617,-22.558847319241377,0.0],[-42.691495591455819,-22.558786978308103,0.0],[-42.691534701788456,-22.55873938957334,0.0],[-42.691600269220274,-22.558686216280023,0.0],[-42.691675949465328,-22.558649304317772,0.0],[-42.691760128820228,-22.558602362824264,0.0],[-42.691850972576816,-22.558556684312006,0.0],[-42.691912802790746,-22.558534296354178,0.0],[-42.692062077188595,-22.558484043287489,0.0],[-42.692230771166393,-22.558412769661814,0.0],[-42.692430586756359,-22.558325565793893,0.0],[-42.692501644354266,-22.558293832220901,0.0],[-42.692568702928888,-22.558269993578349,0.0]]]}},
{"type":"Feature","properties":{"fid":127,"NOM_LOGRAD":"RUA PADRE JOSE DA SILVA","DOC_CRIAç":null,"LOCALIDADE":"JAPUÍBA","BAIRRO":"CENTRO","CEP":null,"NOME ANTIGO":null},"geometry":{"type":"MultiLineString","coordinates":[[[-42.693623843948629,-22.560074204116336,0.0],[-42.693189874192292,-22.560126296087148,0.0],[-42.692685707754435,-22.560192639090733,0.0],[-42.692424244370024,-22.560194403553854,0.0],[-42.692319203184617,-22.560213757802867,0.0]]]}},
{"type":"Feature","properties":{"fid":128,"NOM_LOGRAD":"RUA PEREIRA FAUSTINO","DOC_CRIAç":null,"LOCALIDADE":"JAPUÍBA","BAIRRO":"CENTRO","CEP":null,"NOME ANTIGO":null},"geometry":{"type":"MultiLineString","coordinates":[[[-42.692898898679942,-22.566257447704135,0.0],[-42.692878238050909,-22.566234211140774,0.0],[-42.692844987384554,-22.566114558140377,0.0],[-42.69281032100151,-22.565971385403749,0.0],[-42.692765814648112,-22.565822196512595,0.0],[-42.692723646228522,-22.565693975053573,0.0],[-42.692680949960973,-22.565564148351747,0.0],[-42.692610528938026,-22.56533533091865,0.0],[-42.692575356086806,-22.565158121171677,0.0],[-42.692491559956842,-22.564817854994374,0.0],[-42.692384390869769,-22.564426165330172,0.0],[-42.692370374235111,-22.564335216148777,0.0],[-42.692357982326861,-22.564265379241871,0.0],[-42.692333501258524,-22.564161798141093,0.0],[-42.692320150071026,-22.564095304512982,0.0],[-42.692305769738553,-22.564036349482993,0.0],[-42.692294737684492,-22.56399338856194,0.0],[-42.692321951388067,-22.563971843710249,0.0],[-42.692341454121376,-22.56395428200749,0.0],[-42.692341899581514,-22.563927525725745,0.0],[-42.69233914408268,-22.563900723474497,0.0],[-42.692330432129658,-22.563847073002407,0.0],[-42.692319162574051,-22.563774691346001,0.0],[-42.692282681565395,-22.563638233072375,0.0],[-42.692262796265688,-22.563523781051789,0.0],[-42.692246706940892,-22.563458926624151,0.0],[-42.692227100568914,-22.56335810601157,0.0]]]}},
{"type":"Feature","properties":{"fid":129,"NOM_LOGRAD":"RUA MONSENHOR EMÍDIO CARDOSO","DOC_CRIAç":null,"LOCALIDADE":"JAPUÍBA","BAIRRO":"CENTRO","CEP":null,"NOME ANTIGO":null},"geometry":{"type":"MultiLineString","coordinates":[[[-42.689384471991453,-22.565098597009229,0.0],[-42.689443089152284,-22.565364198685185,0.0],[-42.689473656586934,-22.565486764051133,0.0],[-42.689470120182918,-22.565572689761158,0.0],[-42.689457590626866,-22.565630152960999,0.0],[-42.689408179305588,-22.565754499219945,0.0],[-42.689396987739322,-22.565857900950224,0.0],[-42.68942074329852,-22.566019629580595,0.0]]]}},
{"type":"Feature","properties":{"fid":130,"NOM_LOGRAD":"RUA AGOSTINHO PINHEIRO DE MOURA","DOC_CRIAç":"Del. n. 514/72 de 02.08.1972\n","LOCALIDADE":"JAPUÍBA","BAIRRO":"CENTRO","CEP":28686535,"NOME ANTIGO":"Rua Projetada"},"geometry":{"type":"MultiLineString","coordinates":[[[-42.688830282518488,-22.564100245310314,0.0],[-42.688805142590496,-22.564009823928814,0.0],[-42.68876331917771,-22.563854539525593,0.0],[-42.688747884615665,-22.563794701435938,0.0],[-42.688739670852826,-22.563763452113086,0.0],[-42.688762295929898,-22.563738340813604,0.0],[-42.688849364949746,-22.563715501809433,0.0],[-42.68905465357647,-22.563672061065436,0.0],[-42.689219367383537,-22.563636873378428,0.0],[-42.689424582185794,-22.56359784948711,0.0],[-42.689543891362995,-22.56357526378207,0.0],[-42.689625077543887,-22.563556548266938,0.0],[-42.689673835116494,-22.563540393257259,0.0],[-42.689709029107405,-22.563516150002528,0.0],[-42.689719336899621,-22.563475049427652,0.0],[-42.689718056188603,-22.563418657686352,0.0],[-42.689699926568103,-22.563351711504346,0.0],[-42.689672646244198,-22.563256447090978,0.0],[-42.689645354495759,-22.563161869989962,0.0],[-42.689590736724327,-22.56297477772495,0.0],[-42.689504075825695,-22.562622917096032,0.0],[-42.689434605222054,-22.562394362459926,0.0],[-42.689357688726325,-22.562168450656976,0.0],[-42.689269525688992,-22.561912207718365,0.0],[-42.689242461729812,-22.561823450458959,0.0],[-42.689231221095426,-22.56176239413626,0.0]]]}},
{"type":"Feature","properties":{"fid":131,"NOM_LOGRAD":"RUA ATESCOR NEVES","DOC_CRIAç":null,"LOCALIDADE":"JAPUÍBA","BAIRRO":"CENTRO","CEP":28686505,"NOME ANTIGO":null},"geometry":{"type":"MultiLineString","coordinates":[[[-42.689708451524886,-22.561894380820689,0.0],[-42.68975663744223,-22.562118278014506,0.0],[-42.689843774029605,-22.562462878373861,0.0],[-42.689871613859573,-22.562557173589632,0.0],[-42.689944587897784,-22.56281450811527,0.0],[-42.68997224363256,-22.562920813917948,0.0],[-42.690019442844282,-22.563068397400158,0.0],[-42.690047848421095,-22.563183393105703,0.0],[-42.690062566148121,-22.563239837042914,0.0],[-42.690135127334557,-22.563521024476476,0.0],[-42.690192591150783,-22.563714876806234,0.0],[-42.690235326976236,-22.563899861048867,0.0],[-42.690258476666607,-22.564011704853282,0.0],[-42.690286782696731,-22.564114330186001,0.0],[-42.690418071754273,-22.564650038617025,0.0],[-42.690473479405725,-22.564856582212258,0.0]]]}},
{"type":"Feature","properties":{"fid":132,"NOM_LOGRAD":"TRAVESSA ANTONIO GOMES","DOC_CRIAç":null,"LOCALIDADE":"JAPUÍBA","BAIRRO":"CENTRO","CEP":null,"NOME ANTIGO":null},"geometry":{"type":"MultiLineString","coordinates":[[[-42.691463971314988,-22.563897173812808,0.0],[-42.691390825889357,-22.563961154968442,0.0],[-42.691171729454716,-22.564070856688382,0.0],[-42.691020354243342,-22.56413788456647,0.0],[-42.690803803484648,-22.564181795703099,0.0],[-42.690520307301519,-22.56422726769301,0.0],[-42.69032388099572,-22.564265705460286,0.0]]]}},
{"type":"Feature","properties":{"fid":133,"NOM_LOGRAD":"RUA BENEDITO ANTÔNIO BARROSO","DOC_CRIAç":null,"LOCALIDADE":"JAPUÍBA","BAIRRO":"CENTRO","CEP":null,"NOME ANTIGO":null},"geometry":{"type":"MultiLineString","coordinates":[[[-42.689064271653208,-22.558974354260368,0.0],[-42.689025375999961,-22.558918469999949,0.0]]]}},
{"type":"Feature","properties":{"fid":134,"NOM_LOGRAD":"RUA PADRE ANTONIO CARVALHO","DOC_CRIAç":null,"LOCALIDADE":"JAPUÍBA","BAIRRO":"CENTRO","CEP":null,"NOME ANTIGO":null},"geometry":{"type":"MultiLineString","coordinates":[[[-42.694340049506707,-22.560831806551885,0.0],[-42.693924398395716,-22.560775645813248,0.0],[-42.693772744449788,-22.560750931986735,0.0],[-42.693667992105112,-22.560733861250313,0.0],[-42.693507041488097,-22.560699304472909,0.0]]]}},
{"type":"Feature","properties":{"fid":135,"NOM_LOGRAD":"RUA ALDEMAR ALMEIDA","DOC_CRIAç":null,"LOCALIDADE":"JAPUÍBA","BAIRRO":"CENTRO","CEP":28686580,"NOME ANTIGO":null},"geometry":{"type":"MultiLineString","coordinates":[[[-42.691912802790746,-22.558534296354178,0.0],[-42.691792358044815,-22.558502362837178,0.0],[-42.691740090603169,-22.558495796068186,0.0],[-42.691599903337817,-22.55847715441341,0.0],[-42.691418852938341,-22.558456819775515,0.0],[-42.691236461925001,-22.558445332700234,0.0],[-42.690901800005769,-22.558411297995235,0.0]]]}},
{"type":"Feature","properties":{"fid":136,"NOM_LOGRAD":"RUA LUDOVINA DE JESUS","DOC_CRIAç":null,"LOCALIDADE":"JAPUÍBA","BAIRRO":"CENTRO","CEP":null,"NOME ANTIGO":null},"geometry":{"type":"MultiLineString","coordinates":[[[-42.689025375999961,-22.558918469999941,0.0],[-42.688267639393075,-22.559385315096581,0.0]]]}},
{"type":"Feature","properties":{"fid":137,"NOM_LOGRAD":"RUA MAESTRO EDUARDO GUIMARÃES","DOC_CRIAç":null,"LOCALIDADE":"JAPUÍBA","BAIRRO":"CENTRO","CEP":null,"NOME ANTIGO":null},"geometry":{"type":"MultiLineString","coordinates":[[[-42.695282126146139,-22.565872936126151,0.0],[-42.695277996164499,-22.56586437802936,0.0],[-42.695242618751955,-22.565740735658164,0.0],[-42.694839109596437,-22.564772131916545,0.0]]]}},
{"type":"Feature","properties":{"fid":138,"NOM_LOGRAD":"RUA CORONEL BASTOS","DOC_CRIAç":null,"LOCALIDADE":"JAPUÍBA","BAIRRO":"CENTRO","CEP":null,"NOME ANTIGO":null},"geometry":{"type":"MultiLineString","coordinates":[[[-42.694839109596437,-22.564772131916545,0.0],[-42.694839109596437,-22.564772131916545,0.0],[-42.694839109596437,-22.564772131916545,0.0],[-42.694719875800104,-22.564437378004875,0.0],[-42.694677072211654,-22.564302371041002,0.0],[-42.694639292229994,-22.56422777169735,0.0],[-42.6945834774179,-22.564120989475171,0.0],[-42.694529188559677,-22.564016573443414,0.0],[-42.694488556600447,-22.563940742623004,0.0],[-42.694367699520264,-22.563592071692597,0.0],[-42.694206625609269,-22.563097826013546,0.0],[-42.694159254841935,-22.562938120554119,0.0],[-42.694075942400332,-22.562694231598094,0.0],[-42.69405475700669,-22.562641415942451,0.0],[-42.693925746630228,-22.562243028169025,0.0],[-42.693856031738378,-22.562004073928161,0.0],[-42.693781228929119,-22.561758881176136,0.0],[-42.693704866820568,-22.56154133483777,0.0],[-42.693622968985757,-22.561324989796841,0.0],[-42.693570948288496,-22.56121921990222,0.0],[-42.693493621841597,-22.561142544534633,0.0],[-42.693373855449451,-22.561047329173249,0.0],[-42.693311289579889,-22.560995200255633,0.0],[-42.6932392649449,-22.56093140859878,0.0],[-42.693082935853852,-22.560795964292343,0.0],[-42.692951167071207,-22.560676241699067,0.0],[-42.692830321161715,-22.56056307968522,0.0],[-42.692672064636689,-22.560415653493333,0.0]]]}},
{"type":"Feature","properties":{"fid":139,"NOM_LOGRAD":"PRAÇA GOVERNADOR MIGUEL COUTO FILHO","DOC_CRIAç":"Del. n. 84 de 30.07.1955","LOCALIDADE":"JAPUÍBA","BAIRRO":"CENTRO","CEP":0,"NOME ANTIGO":null},"geometry":{"type":"MultiLineString","coordinates":[[[-42.693710254912439,-22.560830697669996,0.0],[-42.693710254912439,-22.560830697669996,0.0],[-42.693710254912439,-22.560830697669996,0.0],[-42.69341597279724,-22.560912771086034,0.0],[-42.693472979330046,-22.561083258061089,0.0],[-42.693398046461958,-22.561026743480131,0.0],[-42.693059919642231,-22.560732140801914,0.0],[-42.693055780351536,-22.560696977506474,0.0],[-42.693070534359983,-22.560662085430565,0.0],[-42.693099287990535,-22.560637632949287,0.0],[-42.693132570262762,-22.560624946762204,0.0],[-42.693192155694966,-22.560640428707792,0.0],[-42.693293074789388,-22.560673480624242,0.0],[-42.693353374235102,-22.560699786644246,0.0],[-42.693489547819162,-22.560750008996184,0.0],[-42.693710254912439,-22.560830697669996,0.0]]]}},
{"type":"Feature","properties":{"fid":140,"NOM_LOGRAD":"RUA COMANDANTE ARI PARREIRAS","DOC_CRIAç":null,"LOCALIDADE":"JAPUÍBA","BAIRRO":"CENTRO","CEP":null,"NOME ANTIGO":null},"geometry":{"type":"MultiLineString","coordinates":[[[-42.695242618751969,-22.565740735658164,0.0],[-42.695120142839031,-22.565764500150248,0.0],[-42.695052380486629,-22.565778396173975,0.0],[-42.694903100253576,-22.565814535670647,0.0],[-42.694722754681507,-22.565859799578373,0.0],[-42.694579533205378,-22.565900138120504,0.0],[-42.694349543738809,-22.565950792164536,0.0],[-42.694098891629494,-22.566019010615037,0.0],[-42.693925157285314,-22.566046615163188,0.0],[-42.693815052213985,-22.566069014471655,0.0],[-42.693635451918254,-22.566091655308263,0.0],[-42.693442640723461,-22.5661445999779,0.0],[-42.693300019612956,-22.566181519390476,0.0],[-42.693118379307442,-22.566235863161189,0.0],[-42.69295967465321,-22.566269553888262,0.0],[-42.692914601261052,-22.566262911797445,0.0],[-42.692898898679942,-22.566257447704135,0.0]]]}},
{"type":"Feature","properties":{"fid":141,"NOM_LOGRAD":"RUA DR. PORCIÚNCULA","DOC_CRIAç":null,"LOCALIDADE":"JAPUÍBA","BAIRRO":"CENTRO","CEP":null,"NOME ANTIGO":null},"geometry":{"type":"MultiLineString","coordinates":[[[-42.696253127518666,-22.56556536222222,0.0],[-42.696228881297536,-22.56551380536396,0.0],[-42.696187948419613,-22.565426039151145,0.0],[-42.696158594951626,-22.565370310967126,0.0],[-42.6961147595269,-22.565275003827125,0.0],[-42.69607747364411,-22.56521072518456,0.0],[-42.696047002120132,-22.565161542836936,0.0],[-42.696018424150644,-22.565119886931928,0.0],[-42.695957325403562,-22.565030894100627,0.0],[-42.695892190398602,-22.564941843371454,0.0],[-42.695827242440352,-22.564841546360935,0.0],[-42.695785020449748,-22.564770634997309,0.0],[-42.695709950667549,-22.564672067621103,0.0],[-42.695622090158402,-22.564553631133339,0.0],[-42.695555977661471,-22.564462691451546,0.0],[-42.695460882448835,-22.564354462662489,0.0],[-42.695388559848567,-22.564272807974067,0.0],[-42.695335748797412,-22.564231741814059,0.0],[-42.695287052005803,-22.564186047592159,0.0],[-42.695234615033435,-22.564122488889041,0.0],[-42.69519020396627,-22.564061857528419,0.0],[-42.695135129468092,-22.563974825676173,0.0],[-42.695069422756461,-22.56385951894881,0.0],[-42.694998733118894,-22.563740391075449,0.0],[-42.694887606757433,-22.563564438409191,0.0],[-42.694611586203713,-22.563107708829559,0.0],[-42.694534036465384,-22.56297629602636,0.0],[-42.694440034201236,-22.562802463624156,0.0],[-42.694379327120771,-22.562690040645833,0.0],[-42.694354957857989,-22.562638133365333,0.0],[-42.694289053921452,-22.562474078170588,0.0],[-42.694224653800966,-22.562340979109088,0.0],[-42.694189808540109,-22.562251425037335,0.0],[-42.694090041971563,-22.561938772894866,0.0],[-42.693972241802193,-22.561557430903168,0.0],[-42.693926738115231,-22.561380544592552,0.0],[-42.693869390913854,-22.56118755232124,0.0],[-42.693841609485141,-22.561098099568465,0.0],[-42.693813037310186,-22.560995511706793,0.0],[-42.693772744449788,-22.560750931986735,0.0]]]}},
{"type":"Feature","properties":{"fid":142,"NOM_LOGRAD":"TRAVESSA SEM NOME","DOC_CRIAç":null,"LOCALIDADE":"JAPUÍBA","BAIRRO":"CENTRO","CEP":null,"NOME ANTIGO":null},"geometry":{"type":"MultiLineString","coordinates":[[[-42.691651551173898,-22.56346939906641,0.0],[-42.691804272785085,-22.563991003431521,0.0]]]}},
{"type":"Feature","properties":{"fid":143,"NOM_LOGRAD":"AVENIDA MARECHAL FLORIANO PEIXOTO","DOC_CRIAç":null,"LOCALIDADE":"JAPUÍBA","BAIRRO":"CENTRO","CEP":28686450,"NOME ANTIGO":null},"geometry":{"type":"MultiLineString","coordinates":[[[-42.693507041488097,-22.560699304472923,0.0],[-42.693330498601632,-22.560637222148753,0.0],[-42.693226653700059,-22.560605795775047,0.0],[-42.693130457404457,-22.560575904645717,0.0],[-42.692871118268044,-22.560480948798983,0.0],[-42.692744422870966,-22.560439215481452,0.0],[-42.692672064636689,-22.560415653493322,0.0],[-42.692532604830646,-22.560347792408699,0.0],[-42.692442206466588,-22.560306927035572,0.0],[-42.692358250216564,-22.560248919812054,0.0],[-42.692319203184617,-22.560213757802867,0.0],[-42.692018615166006,-22.560152956537554,0.0],[-42.691575361774632,-22.559996198530985,0.0],[-42.691504752392511,-22.559976821238223,0.0],[-42.691312635699923,-22.559920436073703,0.0],[-42.691104339059912,-22.559871114429729,0.0],[-42.690904398946962,-22.55982690188743,0.0],[-42.69074437607113,-22.559805001751929,0.0],[-42.690675456723142,-22.559796171095659,0.0],[-42.690598026730996,-22.559791494646408,0.0],[-42.690544770148634,-22.559786809169712,0.0],[-42.690475514704509,-22.559775122575417,0.0],[-42.690375841268207,-22.559769769980143,0.0],[-42.690148044222497,-22.559739411285737,0.0],[-42.68998776270135,-22.559710022757276,0.0],[-42.689879333932495,-22.559677459291169,0.0],[-42.68984964389432,-22.559663133767735,0.0],[-42.689690506164716,-22.55958814503213,0.0],[-42.689499458910518,-22.559447836631975,0.0],[-42.689315167386837,-22.559270561874488,0.0],[-42.689227053859966,-22.559170221938654,0.0],[-42.689149360795362,-22.559089276196023,0.0],[-42.689105097,-22.559033010999901,0.0]]]}},
{"type":"Feature","properties":{"fid":144,"NOM_LOGRAD":"SERVIDAO","DOC_CRIAç":null,"LOCALIDADE":"JAPUÍBA","BAIRRO":"CENTRO","CEP":null,"NOME ANTIGO":null},"geometry":{"type":"MultiLineString","coordinates":[[[-42.692188129116147,-22.558430786058764,0.0],[-42.692240023094662,-22.558523572400407,0.0],[-42.692272099359734,-22.558605254046203,0.0],[-42.692296342261798,-22.558693989771069,0.0],[-42.692305673699437,-22.558751456270436,0.0],[-42.692293599265724,-22.558858781343805,0.0],[-42.692286270032334,-22.55899006309598,0.0],[-42.69227245900391,-22.559047197283967,0.0],[-42.692248402170776,-22.559101795489731,0.0],[-42.692198869978377,-22.559141694741534,0.0],[-42.692134386516386,-22.559152713020396,0.0],[-42.692070181353827,-22.559147013290296,0.0],[-42.692044507242692,-22.559144255734569,0.0]]]}},
{"type":"Feature","properties":{"fid":145,"NOM_LOGRAD":"PRAÇA TRÊS BRAÇOS","DOC_CRIAç":"Lei nº 800 de 1992","LOCALIDADE":"JAPUÍBA","BAIRRO":"CENTRO","CEP":0,"NOME ANTIGO":null},"geometry":{"type":"MultiLineString","coordinates":[[[-42.688623758378952,-22.558452489749179,0.0],[-42.688924966028431,-22.558898281851178,0.0],[-42.688450753506146,-22.559202968511311,0.0],[-42.688544855998259,-22.558495309895068,0.0]]]}},
{"type":"Feature","properties":{"fid":146,"NOM_LOGRAD":"TRAVESSA JOÃO MIGUEL DO ROSÁRIO","DOC_CRIAç":"Lei 1325 de 2000","LOCALIDADE":"JAPUÍBA","BAIRRO":"CENTRO","CEP":null,"NOME ANTIGO":null},"geometry":{"type":"MultiLineString","coordinates":[[[-42.693823963394401,-22.561034741623963,0.0],[-42.693477594749609,-22.561129802864151,0.0]]]}},
{"type":"Feature","properties":{"fid":147,"NOM_LOGRAD":"RUA 3","DOC_CRIAç":null,"LOCALIDADE":"JAPUÍBA","BAIRRO":"FORNO VELHO","CEP":0,"NOME ANTIGO":null},"geometry":{"type":"MultiLineString","coordinates":[[[-42.704509409162576,-22.574195067974799,0.0],[-42.70453452956211,-22.574051182008169,0.0],[-42.704595275782864,-22.573935168819453,0.0],[-42.704665004959978,-22.573839894145262,0.0],[-42.704762454421527,-22.573652416702323,0.0],[-42.704772653231402,-22.573632795759224,0.0],[-42.704872430310324,-22.573472874422031,0.0],[-42.704938051172952,-22.57334772612284,0.0],[-42.705006588206231,-22.573219430990715,0.0],[-42.705061400072097,-22.573131282656338,0.0],[-42.705123176434363,-22.573035611100504,0.0],[-42.705281172533105,-22.572798669957415,0.0],[-42.705347996241954,-22.572716839462625,0.0],[-42.705477526426286,-22.572558219942454,0.0],[-42.705914312179523,-22.57199626771914,0.0]]]}},
{"type":"Feature","properties":{"fid":148,"NOM_LOGRAD":"RUA 4","DOC_CRIAç":null,"LOCALIDADE":"JAPUÍBA","BAIRRO":"FORNO VELHO","CEP":0,"NOME ANTIGO":null},"geometry":{"type":"MultiLineString","coordinates":[[[-42.704762454421527,-22.573652416702323,0.0],[-42.704692470162904,-22.573611103562403,0.0],[-42.704011432189539,-22.573269397492361,0.0],[-42.703723077526689,-22.573117934709128,0.0]]]}},
{"type":"Feature","properties":{"fid":149,"NOM_LOGRAD":"RUA 2","DOC_CRIAç":null,"LOCALIDADE":"JAPUÍBA","BAIRRO":"FORNO VELHO","CEP":0,"NOME ANTIGO":null},"geometry":{"type":"MultiLineString","coordinates":[[[-42.704595275782864,-22.573935168819453,0.0],[-42.704438155999746,-22.57388354188522,0.0],[-42.704289939859557,-22.573849579874278,0.0],[-42.704066694279334,-22.573829558783626,0.0],[-42.703837823014943,-22.573809578274734,0.0],[-42.703260938609297,-22.573736116873153,0.0]]]}},
{"type":"Feature","properties":{"fid":150,"NOM_LOGRAD":"RUA 10","DOC_CRIAç":null,"LOCALIDADE":"JAPUÍBA","BAIRRO":"FORNO VELHO","CEP":0,"NOME ANTIGO":null},"geometry":{"type":"MultiLineString","coordinates":[[[-42.706601705606232,-22.573491227119291,0.0],[-42.706463540619701,-22.573441820489482,0.0],[-42.706221175487784,-22.573278472406663,0.0],[-42.706023625343967,-22.573167156356661,0.0],[-42.705729989140707,-22.572970445331787,0.0],[-42.705514551987548,-22.572825427419346,0.0],[-42.705216485889082,-22.572631099525559,0.0],[-42.705014938461524,-22.572496068447958,0.0],[-42.704756040184286,-22.572323508895501,0.0],[-42.704338591951199,-22.57207595818679,0.0]]]}},
{"type":"Feature","properties":{"fid":151,"NOM_LOGRAD":"RUA PROJETADA 1","DOC_CRIAç":null,"LOCALIDADE":"JAPUÍBA","BAIRRO":"FORNO VELHO","CEP":null,"NOME ANTIGO":null},"geometry":{"type":"MultiLineString","coordinates":[[[-42.707740058345848,-22.573180071619156,0.0],[-42.706703638848204,-22.572513991066177,0.0],[-42.706521074567654,-22.572390424947997,0.0],[-42.706372323108035,-22.572276807840794,0.0],[-42.706174525573147,-22.572149868394327,0.0],[-42.706043195091183,-22.572078572700718,0.0],[-42.705931965748711,-22.572007541348341,0.0],[-42.705914312179523,-22.57199626771914,0.0],[-42.705819346251161,-22.571917602499465,0.0],[-42.705652644724516,-22.571827920369387,0.0],[-42.705483105219542,-22.571714297828102,0.0],[-42.70529209303244,-22.571578221608728,0.0],[-42.704865267358961,-22.571305072590455,0.0]]]}},
{"type":"Feature","properties":{"fid":152,"NOM_LOGRAD":"RUA 8","DOC_CRIAç":null,"LOCALIDADE":"JAPUÍBA","BAIRRO":"FORNO VELHO","CEP":0,"NOME ANTIGO":null},"geometry":{"type":"MultiLineString","coordinates":[[[-42.706202256104383,-22.573601598816975,0.0],[-42.705412145057061,-22.573203682333862,0.0],[-42.705079156689287,-22.573041016815505,0.0],[-42.704858799286733,-22.572921907469947,0.0],[-42.704655437874322,-22.572811984499843,0.0],[-42.704200754219769,-22.572576716478981,0.0],[-42.703798337991984,-22.572374740056279,0.0],[-42.703719026757966,-22.572314407637169,0.0]]]}},
{"type":"Feature","properties":{"fid":153,"NOM_LOGRAD":"RUA SEM NOME 5","DOC_CRIAç":null,"LOCALIDADE":"JAPUÍBA","BAIRRO":"FORNO VELHO","CEP":null,"NOME ANTIGO":null},"geometry":{"type":"MultiLineString","coordinates":[[[-42.717862958636012,-22.579841980899772,0.0],[-42.717607117508692,-22.57968819283419,0.0],[-42.717190173989017,-22.5794649964588,0.0],[-42.716866741266216,-22.579308428293867,0.0],[-42.716554949947032,-22.579143714158295,0.0],[-42.716017109000987,-22.578853327183356,0.0],[-42.715701256611098,-22.578672519961479,0.0],[-42.715646111628814,-22.578642775629834,0.0]]]}},
{"type":"Feature","properties":{"fid":154,"NOM_LOGRAD":"RUA SEM NOME 4","DOC_CRIAç":null,"LOCALIDADE":"JAPUÍBA","BAIRRO":"FORNO VELHO","CEP":null,"NOME ANTIGO":null},"geometry":{"type":"MultiLineString","coordinates":[[[-42.715451699006145,-22.578930842629454,0.0],[-42.715584412458782,-22.578718514524919,0.0],[-42.715646111628814,-22.578642775629834,0.0],[-42.715676074361973,-22.57861110341296,0.0],[-42.715768545754507,-22.578581357239504,0.0],[-42.716027863651234,-22.57857533854623,0.0],[-42.716134516791058,-22.578572972559712,0.0],[-42.716249625872585,-22.578564902730164,0.0],[-42.716706394104655,-22.578501509017276,0.0],[-42.716911660330354,-22.578477248383642,0.0],[-42.717098148655026,-22.578450779228849,0.0],[-42.717188241830108,-22.578438470450077,0.0],[-42.71728466891588,-22.578422368967303,0.0],[-42.717476196618939,-22.578397081718332,0.0],[-42.717559000362435,-22.578393265093418,0.0],[-42.717640733554028,-22.578380837247096,0.0],[-42.717724780584064,-22.578354852864766,0.0],[-42.717813167448369,-22.578319223408418,0.0],[-42.717958779250921,-22.578248399525979,0.0],[-42.718007529465524,-22.578225229524396,0.0],[-42.71811192735484,-22.578203105409717,0.0],[-42.718210668017235,-22.578173446844453,0.0],[-42.718263365143095,-22.578147016763385,0.0],[-42.718322619938291,-22.578103207767846,0.0],[-42.71836949468284,-22.578049516175053,0.0],[-42.718397591562614,-22.577993616468014,0.0],[-42.718442727935049,-22.577918545414352,0.0],[-42.718491308908803,-22.577888174095175,0.0],[-42.718541883931472,-22.577863655105368,0.0],[-42.718657567851977,-22.577820647538967,0.0]]]}},
{"type":"Feature","properties":{"fid":155,"NOM_LOGRAD":"RUA SEM NOME 3","DOC_CRIAç":null,"LOCALIDADE":"JAPUÍBA","BAIRRO":"FORNO VELHO","CEP":null,"NOME ANTIGO":null},"geometry":{"type":"MultiLineString","coordinates":[[[-42.715676074361973,-22.57861110341296,0.0],[-42.715630918372874,-22.578526888814324,0.0],[-42.715575965258481,-22.578450451579737,0.0],[-42.715528378765981,-22.578359018833229,0.0],[-42.715520673604736,-22.578322938038788,0.0],[-42.715522888565687,-22.578286220820843,0.0],[-42.715528852215634,-22.57822529003359,0.0],[-42.715538761233262,-22.578185173822487,0.0],[-42.715573920107154,-22.578123470887984,0.0],[-42.715595691965561,-22.578081184754293,0.0],[-42.715633980974722,-22.578028928309347,0.0],[-42.715657826361003,-22.577996876893135,0.0],[-42.715740265299999,-22.577884076831378,0.0],[-42.715800034636764,-22.577792827834859,0.0],[-42.715868422604068,-22.577705155096034,0.0]]]}},
{"type":"Feature","properties":{"fid":156,"NOM_LOGRAD":"RUA SEM NOME 2","DOC_CRIAç":null,"LOCALIDADE":"JAPUÍBA","BAIRRO":"FORNO VELHO","CEP":null,"NOME ANTIGO":null},"geometry":{"type":"MultiLineString","coordinates":[[[-42.712185794027164,-22.576860358167142,0.0],[-42.712043149706567,-22.576790511299851,0.0],[-42.711720982903039,-22.576625680260708,0.0],[-42.711306380102315,-22.576410448532425,0.0],[-42.71087178971915,-22.576181938408208,0.0],[-42.710418622976476,-22.575948831550775,0.0],[-42.710287644062163,-22.575879114490451,0.0],[-42.710173784439817,-22.575808197773281,0.0],[-42.71005672127059,-22.575743009771976,0.0],[-42.709937984802345,-22.575685015912057,0.0],[-42.709897925481926,-22.575681065396491,0.0],[-42.70977461172599,-22.575694235439535,0.0],[-42.70956829910498,-22.575762030710063,0.0],[-42.70934242589383,-22.575808805220877,0.0]]]}},
{"type":"Feature","properties":{"fid":157,"NOM_LOGRAD":"RUA 11","DOC_CRIAç":null,"LOCALIDADE":"JAPUÍBA","BAIRRO":"FORNO VELHO","CEP":0,"NOME ANTIGO":null},"geometry":{"type":"MultiLineString","coordinates":[[[-42.704603321025509,-22.571700422688966,0.0],[-42.705071973756255,-22.571987071309199,0.0],[-42.705805355587586,-22.572468728317638,0.0],[-42.706608259049077,-22.573002397698428,0.0],[-42.706815153010027,-22.573078374364805,0.0]]]}},
{"type":"Feature","properties":{"fid":158,"NOM_LOGRAD":"RUA 12","DOC_CRIAç":null,"LOCALIDADE":"JAPUÍBA","BAIRRO":"FORNO VELHO","CEP":0,"NOME ANTIGO":null},"geometry":{"type":"MultiLineString","coordinates":[[[-42.705931965748711,-22.572007541348341,0.0],[-42.70634073702594,-22.57176831177102,0.0],[-42.70638247895937,-22.571762635537961,0.0],[-42.706866052280972,-22.572080547697301,0.0]]]}},
{"type":"Feature","properties":{"fid":159,"NOM_LOGRAD":"RUA 9","DOC_CRIAç":null,"LOCALIDADE":"JAPUÍBA","BAIRRO":"FORNO VELHO","CEP":0,"NOME ANTIGO":null},"geometry":{"type":"MultiLineString","coordinates":[[[-42.707980659800256,-22.572793776629084,0.0],[-42.707938576792486,-22.572928868026146,0.0],[-42.707761861405324,-22.573173058871475,0.0],[-42.707740058345848,-22.573180071619156,0.0],[-42.706733617024256,-22.573503779827785,0.0],[-42.706601705606232,-22.573491227119291,0.0],[-42.706581105589407,-22.573489266808984,0.0],[-42.706581105589407,-22.573489266808984,0.0]]]}},
{"type":"Feature","properties":{"fid":160,"NOM_LOGRAD":"RUA 7","DOC_CRIAç":null,"LOCALIDADE":"JAPUÍBA","BAIRRO":"FORNO VELHO","CEP":0,"NOME ANTIGO":null},"geometry":{"type":"MultiLineString","coordinates":[[[-42.705130978988855,-22.570935645593568,0.0],[-42.704865267358961,-22.571305072590455,0.0],[-42.704338591951199,-22.57207595818679,0.0],[-42.704323484699657,-22.572097239968297,0.0],[-42.704285610386812,-22.572132880712463,0.0],[-42.704218475089711,-22.572153409410838,0.0],[-42.70414815931413,-22.572174335378158,0.0],[-42.704003344078941,-22.572204755840801,0.0],[-42.703745716656606,-22.57225837443584,0.0],[-42.703719026757966,-22.572314407637169,0.0]]]}},
{"type":"Feature","properties":{"fid":161,"NOM_LOGRAD":"RUA 5","DOC_CRIAç":null,"LOCALIDADE":"JAPUÍBA","BAIRRO":"FORNO VELHO","CEP":0,"NOME ANTIGO":null},"geometry":{"type":"MultiLineString","coordinates":[[[-42.704129192527681,-22.572543717189149,0.0],[-42.703978262123997,-22.572751798309426,0.0],[-42.703269828652736,-22.573728473300665,0.0]]]}},
{"type":"Feature","properties":{"fid":162,"NOM_LOGRAD":"RUA SEM NOME 1","DOC_CRIAç":null,"LOCALIDADE":"JAPUÍBA","BAIRRO":"FORNO VELHO","CEP":null,"NOME ANTIGO":null},"geometry":{"type":"MultiLineString","coordinates":[[[-42.717380232256012,-22.58027541722576,0.0],[-42.717521140188175,-22.580147215052566,0.0],[-42.717620885017311,-22.580068246637548,0.0],[-42.717719088639903,-22.579979799070966,0.0],[-42.717775969278726,-22.579927016724969,0.0],[-42.717838044441045,-22.57986800338594,0.0],[-42.717862958636012,-22.579841980899772,0.0],[-42.717881219961157,-22.579822907222599,0.0],[-42.717919382650841,-22.57977301122391,0.0],[-42.717949034853611,-22.579724570479584,0.0],[-42.717975449025666,-22.579666626537257,0.0],[-42.717975449025666,-22.579666626537257,0.0],[-42.718016606732498,-22.579537963230361,0.0],[-42.718040224204863,-22.579443727007465,0.0],[-42.718058750956452,-22.579349418444956,0.0],[-42.718078723269066,-22.57921887788989,0.0],[-42.718198797542833,-22.578658096031027,0.0],[-42.718200517334779,-22.578612787408371,0.0],[-42.718188110486238,-22.578541682270448,0.0],[-42.718151219576491,-22.578479540956025,0.0],[-42.718007529465524,-22.578225229524396,0.0]]]}},
{"type":"Feature","properties":{"fid":163,"NOM_LOGRAD":"RJ-116","DOC_CRIAç":null,"LOCALIDADE":"JAPUÍBA","BAIRRO":"FORNO VELHO","CEP":28687248,"NOME ANTIGO":null},"geometry":{"type":"MultiLineString","coordinates":[[[-42.724211137403969,-22.588578677543349,0.0],[-42.718049807775692,-22.581034729836162,0.0],[-42.717758131818243,-22.580664951745302,0.0],[-42.717424240683854,-22.580317040278821,0.0],[-42.717395368262608,-22.580286813423893,0.0],[-42.717380232256012,-22.58027541722576,0.0],[-42.717217529532682,-22.580152914934988,0.0],[-42.717031205133502,-22.579999399310378,0.0],[-42.716773855132558,-22.57982231510022,0.0],[-42.715968565813277,-22.579275921382916,0.0],[-42.715224286985261,-22.578779013210777,0.0],[-42.714734925975662,-22.578447455461433,0.0],[-42.714494325798434,-22.578280507586044,0.0],[-42.714082331483873,-22.578009147104201,0.0],[-42.713657269460008,-22.577750461089163,0.0],[-42.7133247123218,-22.577586254587946,0.0],[-42.712830817154391,-22.577357444133124,0.0],[-42.71181937791863,-22.576904830113854,0.0],[-42.711352940249775,-22.576696076083774,0.0],[-42.709648063267188,-22.575944184607341,0.0],[-42.70934242589383,-22.575808805220877,0.0],[-42.708225100765276,-22.575313888915652,0.0],[-42.707225379078061,-22.574872439113044,0.0],[-42.70658515112347,-22.574612690601668,0.0],[-42.706249628404365,-22.574477259387471,0.0],[-42.705863590364736,-22.57437252976364,0.0],[-42.705413893207059,-22.574288937997036,0.0],[-42.705010819959227,-22.574251491338266,0.0],[-42.704509409162576,-22.574195067974799,0.0],[-42.704309366323741,-22.574172556865843,0.0],[-42.703146398122129,-22.574069581986446,0.0]]]}},
{"type":"Feature","properties":{"fid":164,"NOM_LOGRAD":"RUA 14","DOC_CRIAç":null,"LOCALIDADE":"JAPUÍBA","BAIRRO":"FORNO VELHO","CEP":0,"NOME ANTIGO":null},"geometry":{"type":"MultiLineString","coordinates":[[[-42.703146398122129,-22.574069581986446,0.0],[-42.70314267,-22.573968239999889,0.0],[-42.703119508999947,-22.573902953999919,0.0],[-42.702952417999946,-22.573680336999917,0.0],[-42.702730728999924,-22.573459347,0.0],[-42.702570117999947,-22.573236971,0.0],[-42.70252637599998,-22.573133661999982,0.0],[-42.70249679700003,-22.573042686999916,0.0]]]}},
{"type":"Feature","properties":{"fid":165,"NOM_LOGRAD":"RUA 13","DOC_CRIAç":null,"LOCALIDADE":"JAPUÍBA","BAIRRO":"FORNO VELHO","CEP":0,"NOME ANTIGO":null},"geometry":{"type":"MultiLineString","coordinates":[[[-42.705888162229698,-22.571966164191419,0.0],[-42.705904394727909,-22.571880207881907,0.0],[-42.705922330641648,-22.571816696432276,0.0],[-42.705951329158935,-22.571696892960652,0.0],[-42.705969472669054,-22.571620840021605,0.0],[-42.705974597027812,-22.57158327986583,0.0],[-42.705977228421752,-22.571560319294644,0.0],[-42.705978838285588,-22.571531071913334,0.0],[-42.705974579131109,-22.571516375906217,0.0],[-42.705971497241642,-22.571498560599565,0.0],[-42.705960520583815,-22.571481677923508,0.0],[-42.705947258616305,-22.571466853352472,0.0],[-42.705901603710238,-22.571436931005508,0.0],[-42.705587369780439,-22.571244276588853,0.0],[-42.705391471722947,-22.571110807283077,0.0],[-42.705241211336869,-22.571008305414431,0.0],[-42.705130978988855,-22.570935645593568,0.0]]]}},
{"type":"Feature","properties":{"fid":166,"NOM_LOGRAD":"RUA 6","DOC_CRIAç":null,"LOCALIDADE":"JAPUÍBA","BAIRRO":"FORNO VELHO","CEP":0,"NOME ANTIGO":null},"geometry":{"type":"MultiLineString","coordinates":[[[-42.705006588206231,-22.573219430990715,0.0],[-42.703978262123997,-22.572751798309426,0.0]]]}},
{"type":"Feature","properties":{"fid":167,"NOM_LOGRAD":"RUA DR. PORCIÚNCULA","DOC_CRIAç":null,"LOCALIDADE":"JAPUÍBA","BAIRRO":"MARRECA","CEP":null,"NOME ANTIGO":null},"geometry":{"type":"MultiLineString","coordinates":[[[-42.697508024998491,-22.569229928999754,0.0],[-42.69759027037211,-22.569147940481191,0.0],[-42.697747315570133,-22.569052865173227,0.0],[-42.697932483144008,-22.56899106254453,0.0],[-42.698192696521723,-22.568905111529496,0.0],[-42.698744020212516,-22.568740942811782,0.0],[-42.698868152560678,-22.568686036480152,0.0],[-42.698915475994156,-22.568618388767298,0.0],[-42.698901712425297,-22.568555743769551,0.0],[-42.69882352595009,-22.568460798920139,0.0],[-42.698752058320665,-22.568395604292416,0.0],[-42.698667979545618,-22.568327020444904,0.0],[-42.698559829764278,-22.568251674651396,0.0],[-42.698462112977026,-22.568172200186343,0.0],[-42.698336908313124,-22.568074379065621,0.0],[-42.698127604830496,-22.567927836354237,0.0],[-42.697914398142345,-22.567760605233129,0.0],[-42.697709286497776,-22.567598848722426,0.0],[-42.697625015759321,-22.567541212566848,0.0],[-42.697551492839899,-22.567461828543934,0.0],[-42.697420374993591,-22.567313425866608,0.0],[-42.697252223752095,-22.567106738496378,0.0],[-42.697159629897648,-22.566992644983223,0.0],[-42.69709480786404,-22.566877745032709,0.0],[-42.697000461629479,-22.566734147187184,0.0],[-42.696916500790657,-22.566635713291902,0.0],[-42.696849296866823,-22.566544815194696,0.0],[-42.696789339415353,-22.566456124737577,0.0],[-42.696648772649873,-22.566276700882181,0.0],[-42.696487851423377,-22.56605086523038,0.0],[-42.696407073054928,-22.56592243483222,0.0],[-42.696391776200159,-22.565902350237561,0.0],[-42.696365612607487,-22.565853391444552,0.0],[-42.696293515574183,-22.565687652444602,0.0],[-42.696253127518418,-22.565565362221847,0.0]]]}},
{"type":"Feature","properties":{"fid":168,"NOM_LOGRAD":"RUA ALMEIDA CARVALHO","DOC_CRIAç":null,"LOCALIDADE":"JAPUÍBA","BAIRRO":"MARRECA","CEP":28687108,"NOME ANTIGO":null},"geometry":{"type":"MultiLineString","coordinates":[[[-42.697625015759385,-22.567541212566908,0.0],[-42.697431072222727,-22.567611912040626,0.0],[-42.697199260496063,-22.567671195187554,0.0],[-42.696936488193373,-22.567732084413176,0.0],[-42.696695099016118,-22.567797262859468,0.0],[-42.696471933292017,-22.567862813805,0.0],[-42.696344621420089,-22.567902725406615,0.0],[-42.696168970219844,-22.56796281224446,0.0],[-42.696108867296523,-22.567978577831269,0.0]]]}},
{"type":"Feature","properties":{"fid":169,"NOM_LOGRAD":"RUA JOSÉ RODRIGUES DA SILVA","DOC_CRIAç":null,"LOCALIDADE":"JAPUÍBA","BAIRRO":"MARRECA","CEP":null,"NOME ANTIGO":null},"geometry":{"type":"MultiLineString","coordinates":[[[-42.697159629897669,-22.566992644983245,0.0],[-42.697005831545006,-22.56705094913519,0.0],[-42.696818894363268,-22.567112727430803,0.0],[-42.696645099142316,-22.567153395828992,0.0],[-42.696314396171552,-22.567232602756594,0.0],[-42.696006754583287,-22.567306922558469,0.0],[-42.695835285555177,-22.567352345430354,0.0]]]}},
{"type":"Feature","properties":{"fid":170,"NOM_LOGRAD":"RUA WALTER MENDES SALES","DOC_CRIAç":null,"LOCALIDADE":"JAPUÍBA","BAIRRO":"MARRECA","CEP":null,"NOME ANTIGO":null},"geometry":{"type":"MultiLineString","coordinates":[[[-42.69678933941541,-22.566456124737613,0.0],[-42.696680199307821,-22.566485632444994,0.0],[-42.696598038071286,-22.566512911644491,0.0],[-42.696517039773632,-22.566531670355278,0.0],[-42.696358059148153,-22.566572076597076,0.0],[-42.696217442575829,-22.566613694559454,0.0],[-42.696063630385744,-22.566650380331357,0.0],[-42.695846225765955,-22.566703228212798,0.0],[-42.695615189508189,-22.566757984514663,0.0]]]}},
{"type":"Feature","properties":{"fid":171,"NOM_LOGRAD":"RUA LAURO FERREIRA DA SILVA","DOC_CRIAç":null,"LOCALIDADE":"JAPUÍBA","BAIRRO":"MARRECA","CEP":null,"NOME ANTIGO":null},"geometry":{"type":"MultiLineString","coordinates":[[[-42.696391776200166,-22.565902350237533,0.0],[-42.69625839552544,-22.565951152646143,0.0],[-42.696125932162936,-22.565988930567617,0.0],[-42.695957620611487,-22.56603487371293,0.0],[-42.695592094523249,-22.566138744051962,0.0],[-42.695394634186655,-22.566198376556237,0.0]]]}},
{"type":"Feature","properties":{"fid":172,"NOM_LOGRAD":"RUA SEM NOME","DOC_CRIAç":null,"LOCALIDADE":"JAPUÍBA","BAIRRO":"MARRECA","CEP":null,"NOME ANTIGO":null},"geometry":{"type":"MultiLineString","coordinates":[[[-42.698559829764342,-22.568251674651417,0.0],[-42.698892642498947,-22.567771637606729,0.0]]]}},
{"type":"Feature","properties":{"fid":173,"NOM_LOGRAD":"RJ-126","DOC_CRIAç":null,"LOCALIDADE":"RAIZ DA SERRA","BAIRRO":"RAIZ DA SERRA","CEP":28687670,"NOME ANTIGO":null},"geometry":{"type":"MultiLineString","coordinates":[[[-42.68152748458472,-22.561006893666463,0.0],[-42.681368590456906,-22.560923380486201,0.0],[-42.681274754742205,-22.560872954448481,0.0],[-42.681037941251624,-22.560772325517931,0.0],[-42.680768096823243,-22.560666114628731,0.0],[-42.680431650720038,-22.560517931150969,0.0],[-42.680261084722694,-22.560453140727397,0.0],[-42.680080260748333,-22.560410619752304,0.0],[-42.679893532560349,-22.5603802015033,0.0],[-42.679563110338059,-22.560390037442343,0.0],[-42.677924319099617,-22.560503418953946,0.0],[-42.677557089619931,-22.560542783015688,0.0],[-42.677442504203846,-22.560554407504686,0.0],[-42.677248199512071,-22.560591440685755,0.0],[-42.677060372410466,-22.560629774575787,0.0],[-42.676895755615689,-22.560679309631471,0.0],[-42.676778146119801,-22.560716243594467,0.0],[-42.676443860135215,-22.560884056977965,0.0],[-42.676243041331894,-22.560999470344889,0.0],[-42.676113148383983,-22.561071238372623,0.0],[-42.675967518655831,-22.561151229921499,0.0],[-42.675609105339241,-22.561284887599982,0.0],[-42.674994838998096,-22.561482452622599,0.0],[-42.674084410487445,-22.561744545791996,0.0],[-42.673018172955963,-22.562073194353196,0.0],[-42.672123752109293,-22.562343619673889,0.0],[-42.671506377792106,-22.562537842845611,0.0],[-42.671200894262554,-22.56261551330357,0.0],[-42.670988066900684,-22.562671587157954,0.0],[-42.670793271440147,-22.562737580604999,0.0],[-42.670582028739737,-22.562854042560822,0.0],[-42.669870062855125,-22.563527059396648,0.0],[-42.66975078551458,-22.563662963400279,0.0],[-42.669545937122685,-22.563785553116645,0.0],[-42.669322081450893,-22.5638788913353,0.0],[-42.668121376163214,-22.564220091387934,0.0]]]}},
{"type":"Feature","properties":{"fid":174,"NOM_LOGRAD":"AVENIDA RIO BRANCO","DOC_CRIAç":null,"LOCALIDADE":"JAPUÍBA","BAIRRO":"RAPOSO","CEP":28686640,"NOME ANTIGO":null},"geometry":{"type":"MultiLineString","coordinates":[[[-42.691006530046891,-22.553894993833758,0.0],[-42.690917389097088,-22.553923051281672,0.0],[-42.690756212257597,-22.553973086091425,0.0],[-42.690581073946142,-22.554042392682838,0.0],[-42.690482777644867,-22.554073109798114,0.0],[-42.690367181892654,-22.55411712746697,0.0],[-42.690275893103703,-22.55418165324874,0.0],[-42.690019858084696,-22.554465264886382,0.0],[-42.689672233438934,-22.554831352770094,0.0],[-42.689453422883723,-22.555062836741079,0.0],[-42.688773574524781,-22.55578205430756,0.0],[-42.687975534012367,-22.556649242027405,0.0]]]}},
{"type":"Feature","properties":{"fid":175,"NOM_LOGRAD":"RUA ANTONIO JOSÉ DE LIMA","DOC_CRIAç":null,"LOCALIDADE":"JAPUÍBA","BAIRRO":"RAPOSO","CEP":0,"NOME ANTIGO":null},"geometry":{"type":"MultiLineString","coordinates":[[[-42.690589627721096,-22.552659196873279,0.0],[-42.690639237594475,-22.552873122224145,0.0],[-42.690674482516712,-22.553009459122059,0.0],[-42.69078300382921,-22.553330611478305,0.0],[-42.691006530046891,-22.553894993833758,0.0],[-42.691132726763549,-22.554255482194709,0.0],[-42.691344307898461,-22.554815922580662,0.0],[-42.691374257619643,-22.554889629116015,0.0],[-42.691610683468994,-22.555559280004829,0.0],[-42.691664525318714,-22.555716570184696,0.0],[-42.691762824834029,-22.555992834029812,0.0],[-42.691791484680742,-22.556073380315723,0.0],[-42.691897378653593,-22.55639116203297,0.0],[-42.691939029172225,-22.556498993476815,0.0],[-42.69207725046487,-22.556856841480073,0.0],[-42.692111440192768,-22.556949254063262,0.0],[-42.692143737961175,-22.556950181991521,0.0]]]}},
{"type":"Feature","properties":{"fid":176,"NOM_LOGRAD":"RUA DOMINGOS PEDRO DE ABREU","DOC_CRIAç":"Lei n. 2255 de 04.07.2016","LOCALIDADE":"JAPUÍBA","BAIRRO":"RAPOSO","CEP":null,"NOME ANTIGO":null},"geometry":{"type":"MultiLineString","coordinates":[[[-42.691374257619643,-22.554889629116015,0.0],[-42.69167955969764,-22.554791655678812,0.0],[-42.691773696976519,-22.554750183402852,0.0],[-42.69223669654555,-22.554601849121052,0.0],[-42.692981549161594,-22.554373131969307,0.0],[-42.693122102697686,-22.55432713135988,0.0],[-42.693236826699689,-22.554290523181162,0.0],[-42.693391295257783,-22.55422585541795,0.0]]]}},
{"type":"Feature","properties":{"fid":177,"NOM_LOGRAD":"RUA SANDRO MÁRCIO DE SOUZA PAULO","DOC_CRIAç":"Lei n. 2256 de 04.07.2016","LOCALIDADE":"JAPUÍBA","BAIRRO":"RAPOSO","CEP":null,"NOME ANTIGO":null},"geometry":{"type":"MultiLineString","coordinates":[[[-42.693792737719924,-22.554765310872881,0.0],[-42.693622554782884,-22.554835520004229,0.0],[-42.693457702594074,-22.554878092748169,0.0],[-42.693267945206507,-22.554936227211357,0.0],[-42.693043563526537,-22.555006242306565,0.0],[-42.692920679235257,-22.555049863860617,0.0],[-42.692762146203577,-22.555100193991912,0.0],[-42.692568084499882,-22.55515001392461,0.0],[-42.692406136597974,-22.555205866421655,0.0],[-42.692261334991429,-22.555261434205356,0.0],[-42.691984620375251,-22.555344500320121,0.0]]]}},
{"type":"Feature","properties":{"fid":178,"NOM_LOGRAD":"RUA PROFESSORA LUCINÉIA PINTO DA SILVA","DOC_CRIAç":"Lei n.2258 de 04.07.2016","LOCALIDADE":"JAPUÍBA","BAIRRO":"RAPOSO","CEP":null,"NOME ANTIGO":null},"geometry":{"type":"MultiLineString","coordinates":[[[-42.692055191696248,-22.555512779994611,0.0],[-42.691984620375251,-22.555344500320121,0.0],[-42.691921473998136,-22.555193925343115,0.0],[-42.691877433940739,-22.555046800613589,0.0],[-42.69182661369841,-22.554909196632714,0.0],[-42.691790137897215,-22.554808622655145,0.0],[-42.691773696976519,-22.554750183402852,0.0],[-42.691755377548063,-22.554694872241928,0.0],[-42.691735786002418,-22.554632876059834,0.0],[-42.691706069490394,-22.554553840228309,0.0],[-42.691685197914012,-22.554506965131587,0.0],[-42.691654960974397,-22.5544126629337,0.0],[-42.691604039118005,-22.55430828694492,0.0],[-42.691576553430501,-22.554217907705922,0.0],[-42.691581260620161,-22.554168740900604,0.0]]]}},
{"type":"Feature","properties":{"fid":179,"NOM_LOGRAD":"RUA JULIÃO PICCOLI MOTHÉ","DOC_CRIAç":null,"LOCALIDADE":"JAPUÍBA","BAIRRO":"RAPOSO","CEP":null,"NOME ANTIGO":null},"geometry":{"type":"MultiLineString","coordinates":[[[-42.690127302823555,-22.554346247863116,0.0],[-42.690199655641962,-22.554581085400876,0.0],[-42.690304970852338,-22.554874311943603,0.0],[-42.690468580899513,-22.555306556004179,0.0],[-42.69059380331479,-22.555646897674681,0.0],[-42.690686286110015,-22.555890574758173,0.0],[-42.690842655421193,-22.556335485765526,0.0],[-42.691000844956761,-22.556762533800399,0.0],[-42.691095742051935,-22.557019785886215,0.0],[-42.691275030835968,-22.557503432375906,0.0]]]}},
{"type":"Feature","properties":{"fid":180,"NOM_LOGRAD":"RUA ANTÔNIO JOSÉ DE SOUZA","DOC_CRIAç":null,"LOCALIDADE":"JAPUÍBA","BAIRRO":"RAPOSO","CEP":0,"NOME ANTIGO":null},"geometry":{"type":"MultiLineString","coordinates":[[[-42.689453422883723,-22.555062836741079,0.0],[-42.689579118186451,-22.555408430125151,0.0],[-42.689739357275464,-22.555847906936435,0.0],[-42.689888216246906,-22.556292466155462,0.0],[-42.690044634288341,-22.55673538522807,0.0],[-42.690061021404439,-22.556768845936841,0.0],[-42.690246712367149,-22.557262897718704,0.0],[-42.690315463344973,-22.557429457978429,0.0],[-42.690364343048934,-22.557547876662653,0.0],[-42.690455592930071,-22.557834225145744,0.0],[-42.690525238769098,-22.558036535495503,0.0]]]}},
{"type":"Feature","properties":{"fid":181,"NOM_LOGRAD":"RUA HERMENEGILDO FRANCISCO CAMPOS","DOC_CRIAç":"Del. N. 514/72 de 02.08.1972","LOCALIDADE":"JAPUÍBA","BAIRRO":"RAPOSO","CEP":null,"NOME ANTIGO":null},"geometry":{"type":"MultiLineString","coordinates":[[[-42.688689221322285,-22.555873717149023,0.0],[-42.688818230569282,-22.556207858398341,0.0],[-42.689115821104984,-22.557034505179168,0.0],[-42.689359227014329,-22.557710488515845,0.0],[-42.689628069167895,-22.558462378278442,0.0],[-42.689684883310946,-22.558623873083981,0.0]]]}},
{"type":"Feature","properties":{"fid":182,"NOM_LOGRAD":"RUA BACCOPARÓ MARTINS NETO","DOC_CRIAç":"Del. n. 561/73 15.08.1973\n","LOCALIDADE":"JAPUÍBA","BAIRRO":"RAPOSO","CEP":28686650,"NOME ANTIGO":null},"geometry":{"type":"MultiLineString","coordinates":[[[-42.691791484680742,-22.556073380315723,0.0],[-42.69123238277075,-22.556259199953914,0.0],[-42.690573267250166,-22.556464677483291,0.0],[-42.689438012719641,-22.556806605706019,0.0],[-42.688981220519786,-22.556947937730943,0.0],[-42.688468697713851,-22.55710996994431,0.0],[-42.688379035402072,-22.55714414455295,0.0]]]}},
{"type":"Feature","properties":{"fid":183,"NOM_LOGRAD":"RUA DÁRIO CASTRO","DOC_CRIAç":"Del. n. 369/67 23.08.1967\n","LOCALIDADE":"JAPUÍBA","BAIRRO":"RAPOSO","CEP":null,"NOME ANTIGO":null},"geometry":{"type":"MultiLineString","coordinates":[[[-42.690315463344973,-22.557429457978429,0.0],[-42.690094799280025,-22.557501827820328,0.0],[-42.689669680790253,-22.557618544021821,0.0],[-42.689115939763276,-22.557782540344157,0.0],[-42.688978503740927,-22.557829694804184,0.0],[-42.688668307102887,-22.55792758956617,0.0],[-42.688635689611424,-22.557935297782002,0.0]]]}},
{"type":"Feature","properties":{"fid":184,"NOM_LOGRAD":"RUA JOSÉ SILVEIRA","DOC_CRIAç":"Lei n. 2254 de 04.07.2016","LOCALIDADE":"JAPUÍBA","BAIRRO":"RAPOSO","CEP":null,"NOME ANTIGO":null},"geometry":{"type":"MultiLineString","coordinates":[[[-42.691581260620161,-22.554168740900604,0.0],[-42.691623477184024,-22.554135057989512,0.0],[-42.69180680331182,-22.554082528010564,0.0],[-42.691949228447207,-22.554033817372275,0.0],[-42.692094665287094,-22.553994285051836,0.0],[-42.692667882404095,-22.553802365456637,0.0],[-42.692848803509193,-22.553752026296802,0.0],[-42.693002190900785,-22.553707958360459,0.0]]]}},
{"type":"Feature","properties":{"fid":185,"NOM_LOGRAD":"RUA BENEDITO ANTÔNIO BARROSO","DOC_CRIAç":null,"LOCALIDADE":"JAPUÍBA","BAIRRO":"RAPOSO","CEP":28686670,"NOME ANTIGO":null},"geometry":{"type":"MultiLineString","coordinates":[[[-42.68910509699861,-22.559033010999794,0.0],[-42.688925942834487,-22.558720514020141,0.0],[-42.688850937298717,-22.558547395126176,0.0],[-42.68874926331938,-22.558254128610272,0.0],[-42.688670476541574,-22.55803566490027,0.0],[-42.688635689611424,-22.557935297782002,0.0],[-42.688535211410489,-22.557616345908116,0.0],[-42.688422266588681,-22.557293664857212,0.0],[-42.688394877305548,-22.557182135936138,0.0],[-42.68837903540205,-22.557144144552947,0.0],[-42.688332743954646,-22.557093837288146,0.0],[-42.688193240828596,-22.556916216282016,0.0],[-42.687975534012359,-22.556649242027397,0.0]]]}},
{"type":"Feature","properties":{"fid":186,"NOM_LOGRAD":"RUA ALMERINDA FERREIRA DE ALMEIDA","DOC_CRIAç":null,"LOCALIDADE":"JAPUÍBA","BAIRRO":"RAPOSO","CEP":28686635,"NOME ANTIGO":null},"geometry":{"type":"MultiLineString","coordinates":[[[-42.691996240005743,-22.556966150289206,0.0],[-42.691996240005743,-22.556966150289206,0.0],[-42.691996240005743,-22.556966150289206,0.0],[-42.691996240005743,-22.556966150289206,0.0],[-42.691702781864926,-22.556189845458618,0.0],[-42.691508078328297,-22.555643771644686,0.0],[-42.691261537994123,-22.554935898449511,0.0],[-42.691022499061638,-22.554241781410152,0.0],[-42.690917389097088,-22.553923051281672,0.0]]]}},
{"type":"Feature","properties":{"fid":187,"NOM_LOGRAD":"PRAÇA MANOEL FERNANDES OZÓRIO","DOC_CRIAç":"Del. n. 135 de 21.03.1958","LOCALIDADE":"JAPUÍBA","BAIRRO":"RAPOSO","CEP":0,"NOME ANTIGO":null},"geometry":{"type":"MultiLineString","coordinates":[[[-42.690279030566138,-22.556300373934683,0.0],[-42.690350594313486,-22.556495846676167,0.0],[-42.690018108939277,-22.556592374065964,0.0],[-42.68995993809655,-22.556397589257983,0.0],[-42.690279030566138,-22.556300373934683,0.0]]]}},
{"type":"Feature","properties":{"fid":188,"NOM_LOGRAD":"RUA MILTON DA SILVA TORRES","DOC_CRIAç":"Lei n. 2400 de 23.11.2018","LOCALIDADE":"JAPUÍBA","BAIRRO":"RAPOSO","CEP":null,"NOME ANTIGO":null},"geometry":{"type":"MultiLineString","coordinates":[[[-42.692143737961175,-22.556950181991521,0.0],[-42.692176719064129,-22.556966095111736,0.0],[-42.692233860037639,-22.556957210734215,0.0],[-42.69264881946043,-22.556826637904422,0.0],[-42.693055865963572,-22.556708280542733,0.0],[-42.693420618882918,-22.556591449438251,0.0],[-42.693507106295741,-22.556568455739907,0.0],[-42.693560269083868,-22.556561948185951,0.0],[-42.693607865346415,-22.556576364283202,0.0],[-42.693669239908928,-22.556599056367535,0.0],[-42.693757771716371,-22.556610020678459,0.0],[-42.693927033296546,-22.556568106898606,0.0],[-42.694359412688748,-22.556414271728659,0.0],[-42.694359412688748,-22.556414271728659,0.0],[-42.69447919749279,-22.556376406385279,0.0],[-42.694528267645083,-22.556354491041649,0.0],[-42.694612760299179,-22.556137589101144,0.0],[-42.694638041652503,-22.556024186635302,0.0],[-42.694655101954652,-22.555892616330215,0.0],[-42.6946400131282,-22.55577199653186,0.0],[-42.694611869817138,-22.55561571864229,0.0],[-42.69454994373509,-22.555474577146651,0.0],[-42.694476384284101,-22.555317915142165,0.0],[-42.69441844373096,-22.555217915706717,0.0],[-42.694365801100368,-22.555155428547046,0.0],[-42.694157346370382,-22.554966974559225,0.0]]]}},
{"type":"Feature","properties":{"fid":189,"NOM_LOGRAD":"RUA FRANCISCO RAIMUNDO JÚNIOR","DOC_CRIAç":"Lei n. 2257 de 04.07.2021","LOCALIDADE":"JAPUÍBA","BAIRRO":"RAPOSO","CEP":null,"NOME ANTIGO":null},"geometry":{"type":"MultiLineString","coordinates":[[[-42.693792737719924,-22.554765310872881,0.0],[-42.693765083143845,-22.554693147578661,0.0],[-42.693689827386891,-22.554616131870151,0.0],[-42.693580892164753,-22.554472390894031,0.0],[-42.693415723825325,-22.554258369639246,0.0],[-42.693391295257783,-22.55422585541795,0.0],[-42.693002190900785,-22.553707958360459,0.0],[-42.693002190900785,-22.553707958360459,0.0]]]}},
{"type":"Feature","properties":{"fid":190,"NOM_LOGRAD":"RUA SEM NOME 1","DOC_CRIAç":null,"LOCALIDADE":"JAPUÍBA","BAIRRO":"RAPOSO","CEP":null,"NOME ANTIGO":null},"geometry":{"type":"MultiLineString","coordinates":[[[-42.691939029172225,-22.556498993476815,0.0],[-42.692203943035899,-22.556415649904253,0.0],[-42.692363112826804,-22.556363002951024,0.0],[-42.692426095836247,-22.55634128802712,0.0],[-42.692468048657645,-22.556328965090824,0.0],[-42.692522121226105,-22.556320047454395,0.0],[-42.693078129782656,-22.556148690900326,0.0],[-42.693489015071393,-22.556022103886892,0.0],[-42.693548439040342,-22.55600518439774,0.0],[-42.693639300607266,-22.555980637711176,0.0],[-42.693819606968333,-22.555912135954625,0.0],[-42.69420817860739,-22.55576745459835,0.0]]]}},
{"type":"Feature","properties":{"fid":191,"NOM_LOGRAD":"RUA EDSON NUNES DE OLIVEIRA","DOC_CRIAç":"Lei 2.627 de 16.07.2024","LOCALIDADE":"JAPUÍBA","BAIRRO":"RAPOSO","CEP":null,"NOME ANTIGO":null},"geometry":{"type":"MultiLineString","coordinates":[[[-42.691762824834029,-22.555992834029812,0.0],[-42.69187409130798,-22.555958529630892,0.0],[-42.692047092536171,-22.555910928554184,0.0],[-42.692145071801107,-22.555876790994034,0.0],[-42.692410781050874,-22.555798207510936,0.0],[-42.692618858943099,-22.555733337154052,0.0],[-42.692819899771365,-22.555673212472115,0.0],[-42.693099655231507,-22.555586751129116,0.0],[-42.693195760638389,-22.555560664284339,0.0],[-42.693409081956354,-22.555494252446039,0.0],[-42.693512277853657,-22.555460188867102,0.0],[-42.69362414215793,-22.555427865261013,0.0],[-42.693671419273983,-22.555409155750439,0.0],[-42.694066945820623,-22.555264574436713,0.0]]]}},
{"type":"Feature","properties":{"fid":192,"NOM_LOGRAD":"RUA 6","DOC_CRIAç":null,"LOCALIDADE":"JAPUÍBA","BAIRRO":"VILAGE","CEP":0,"NOME ANTIGO":null},"geometry":{"type":"MultiLineString","coordinates":[[[-42.703146398122144,-22.574069581986432,0.0],[-42.703142669999984,-22.573968239999886,0.0],[-42.703119508999947,-22.573902953999909,0.0],[-42.703054839001112,-22.573816793615855,0.0],[-42.702952417999938,-22.573680336999917,0.0],[-42.702730728999917,-22.573459347,0.0],[-42.70257011799994,-22.573236971,0.0],[-42.702526375999959,-22.573133661999972,0.0],[-42.70249679700003,-22.573042686999905,0.0],[-42.702479950447668,-22.572918559528063,0.0],[-42.702473402782999,-22.572753881516075,0.0],[-42.702471238447693,-22.572699447097396,0.0],[-42.702467405180407,-22.572558368695788,0.0],[-42.70246774990396,-22.57238868671957,0.0],[-42.7024651888958,-22.572245333444286,0.0],[-42.702463367926612,-22.572131800614567,0.0],[-42.702472560241972,-22.572024157965807,0.0],[-42.702478266978012,-22.571881461611202,0.0],[-42.702473532152197,-22.571816649353071,0.0]]]}},
{"type":"Feature","properties":{"fid":193,"NOM_LOGRAD":"RUA PROJETADA 13","DOC_CRIAç":null,"LOCALIDADE":"JAPUÍBA","BAIRRO":"VILAGE","CEP":null,"NOME ANTIGO":null},"geometry":{"type":"MultiLineString","coordinates":[[[-42.700704020683872,-22.572256438654442,0.0],[-42.700637242067067,-22.572659703767251,0.0],[-42.700609820309538,-22.572701467243206,0.0],[-42.70046035032189,-22.572801517865006,0.0],[-42.700256367105816,-22.572920615853533,0.0]]]}},
{"type":"Feature","properties":{"fid":194,"NOM_LOGRAD":"RUA PROJETADA 14","DOC_CRIAç":null,"LOCALIDADE":"JAPUÍBA","BAIRRO":"VILAGE","CEP":null,"NOME ANTIGO":null},"geometry":{"type":"MultiLineString","coordinates":[[[-42.70100309419503,-22.571931705271471,0.0],[-42.700999292397221,-22.571843516652791,0.0],[-42.700980520198662,-22.571658570086527,0.0],[-42.700980575809915,-22.571553543332911,0.0]]]}},
{"type":"Feature","properties":{"fid":195,"NOM_LOGRAD":"RUA PROJETADA 10","DOC_CRIAç":null,"LOCALIDADE":"JAPUÍBA","BAIRRO":"VILAGE","CEP":null,"NOME ANTIGO":null},"geometry":{"type":"MultiLineString","coordinates":[[[-42.70009183766075,-22.572118026905191,0.0],[-42.700091354994505,-22.571952197051488,0.0],[-42.700085552650158,-22.57178341698333,0.0],[-42.700089781003314,-22.571434826427279,0.0]]]}},
{"type":"Feature","properties":{"fid":196,"NOM_LOGRAD":"RUA PROJETADA 11","DOC_CRIAç":null,"LOCALIDADE":"JAPUÍBA","BAIRRO":"VILAGE","CEP":null,"NOME ANTIGO":null},"geometry":{"type":"MultiLineString","coordinates":[[[-42.70030247467492,-22.572166620989218,0.0],[-42.700244734369477,-22.572390612054559,0.0],[-42.70020807823262,-22.572573447497199,0.0],[-42.700176185382098,-22.57269405368304,0.0],[-42.700154087361369,-22.572824824398975,0.0]]]}},
{"type":"Feature","properties":{"fid":197,"NOM_LOGRAD":"RUA PROJETADA 09","DOC_CRIAç":null,"LOCALIDADE":"JAPUÍBA","BAIRRO":"VILAGE","CEP":null,"NOME ANTIGO":null},"geometry":{"type":"MultiLineString","coordinates":[[[-42.699855878216063,-22.572087783398743,0.0],[-42.699805286669026,-22.572222628361235,0.0],[-42.699732635382006,-22.572419450623503,0.0],[-42.699706287637248,-22.572487931599976,0.0],[-42.699631814201524,-22.572692519321052,0.0]]]}},
{"type":"Feature","properties":{"fid":198,"NOM_LOGRAD":"RUA PROJETADA 08","DOC_CRIAç":null,"LOCALIDADE":"JAPUÍBA","BAIRRO":"VILAGE","CEP":null,"NOME ANTIGO":null},"geometry":{"type":"MultiLineString","coordinates":[[[-42.699629927767027,-22.5720464073,0.0],[-42.699641598203371,-22.571945386620396,0.0],[-42.699649215518328,-22.571852563117229,0.0],[-42.699647813148793,-22.571706078271422,0.0],[-42.699649476147705,-22.571633372407163,0.0],[-42.699645067989721,-22.57157617704971,0.0],[-42.699650333864987,-22.57131010996039,0.0]]]}},
{"type":"Feature","properties":{"fid":199,"NOM_LOGRAD":"RUA PROJETADA 06","DOC_CRIAç":null,"LOCALIDADE":"JAPUÍBA","BAIRRO":"VILAGE","CEP":null,"NOME ANTIGO":null},"geometry":{"type":"MultiLineString","coordinates":[[[-42.699224593647664,-22.57197031053872,0.0],[-42.699233399376638,-22.571855589428726,0.0],[-42.699243187600352,-22.571723785741693,0.0],[-42.699254581451839,-22.571616565573589,0.0],[-42.69926049637084,-22.571530370140586,0.0],[-42.699261956869286,-22.571483598734176,0.0],[-42.699263323642597,-22.571442471895008,0.0],[-42.69927500662434,-22.571374712351687,0.0],[-42.699285540387955,-22.571265366967332,0.0]]]}},
{"type":"Feature","properties":{"fid":200,"NOM_LOGRAD":"RUA PROJETADA 04","DOC_CRIAç":null,"LOCALIDADE":"JAPUÍBA","BAIRRO":"VILAGE","CEP":null,"NOME ANTIGO":null},"geometry":{"type":"MultiLineString","coordinates":[[[-42.698863537078843,-22.571894965949689,0.0],[-42.698869807699573,-22.571800272117272,0.0],[-42.698880028033969,-22.571669921549052,0.0],[-42.698887329782131,-22.571552867948522,0.0],[-42.69889502748817,-22.571453147602682,0.0],[-42.69889761276194,-22.571405015506745,0.0]]]}},
{"type":"Feature","properties":{"fid":201,"NOM_LOGRAD":"RUA PROJETADA 02","DOC_CRIAç":null,"LOCALIDADE":"JAPUÍBA","BAIRRO":"VILAGE","CEP":null,"NOME ANTIGO":null},"geometry":{"type":"MultiLineString","coordinates":[[[-42.69848774377504,-22.571802448228407,0.0],[-42.698501692017395,-22.571708506849891,0.0],[-42.698515213074991,-22.571647121112061,0.0],[-42.698523379937036,-22.571505449352781,0.0],[-42.698533438855691,-22.571371109191695,0.0],[-42.69854344255139,-22.571267539699601,0.0],[-42.698555227086985,-22.571150550347145,0.0]]]}},
{"type":"Feature","properties":{"fid":202,"NOM_LOGRAD":"RUA PROJETADA 01","DOC_CRIAç":null,"LOCALIDADE":"JAPUÍBA","BAIRRO":"VILAGE","CEP":null,"NOME ANTIGO":null},"geometry":{"type":"MultiLineString","coordinates":[[[-42.698108399429692,-22.571727500710669,0.0],[-42.698118234050064,-22.571670593854574,0.0],[-42.69812778033031,-22.57161536434344,0.0],[-42.698138948432771,-22.571561025846997,0.0],[-42.698145623541365,-22.57149544962709,0.0],[-42.698160323992731,-22.57140650349011,0.0],[-42.698170488792059,-22.571276356643153,0.0],[-42.698181716940823,-22.571193791517143,0.0],[-42.698198592417363,-22.571083114061985,0.0]]]}},
{"type":"Feature","properties":{"fid":203,"NOM_LOGRAD":"RUA PROJETADA 03","DOC_CRIAç":null,"LOCALIDADE":"JAPUÍBA","BAIRRO":"VILAGE","CEP":null,"NOME ANTIGO":null},"geometry":{"type":"MultiLineString","coordinates":[[[-42.698626083930044,-22.57183996235786,0.0],[-42.698596934868881,-22.571926860100373,0.0],[-42.698559130794486,-22.572047887404043,0.0],[-42.698538262176257,-22.572130728033738,0.0],[-42.698506529226066,-22.572249972003359,0.0],[-42.698460764106223,-22.572381295172491,0.0]]]}},
{"type":"Feature","properties":{"fid":204,"NOM_LOGRAD":"RUA PROJETADA 05","DOC_CRIAç":null,"LOCALIDADE":"JAPUÍBA","BAIRRO":"VILAGE","CEP":null,"NOME ANTIGO":null},"geometry":{"type":"MultiLineString","coordinates":[[[-42.698994144081944,-22.571924641812004,0.0],[-42.698960628304981,-22.572056144335818,0.0],[-42.698902497947174,-22.572282287023345,0.0],[-42.698869101012697,-22.572407929894318,0.0]]]}},
{"type":"Feature","properties":{"fid":205,"NOM_LOGRAD":"RUA PROJETADA 07","DOC_CRIAç":null,"LOCALIDADE":"JAPUÍBA","BAIRRO":"VILAGE","CEP":null,"NOME ANTIGO":null},"geometry":{"type":"MultiLineString","coordinates":[[[-42.699386083946443,-22.572003555351298,0.0],[-42.699326868874543,-22.572260911034881,0.0],[-42.699292758167516,-22.572415833351322,0.0],[-42.699272963797014,-22.572502641768271,0.0],[-42.699261476116341,-22.57254686926338,0.0]]]}},
{"type":"Feature","properties":{"fid":206,"NOM_LOGRAD":"RUA PROJETADA E","DOC_CRIAç":null,"LOCALIDADE":"JAPUÍBA","BAIRRO":"VILAGE","CEP":null,"NOME ANTIGO":null},"geometry":{"type":"MultiLineString","coordinates":[[[-42.700512308782201,-22.570782355759285,0.0],[-42.700395957719017,-22.570961756724127,0.0],[-42.700326316304363,-22.571067358153662,0.0],[-42.700267375487151,-22.571160762923245,0.0],[-42.700195619701667,-22.571253060067441,0.0]]]}},
{"type":"Feature","properties":{"fid":207,"NOM_LOGRAD":"RUA PROJETADA D","DOC_CRIAç":null,"LOCALIDADE":"JAPUÍBA","BAIRRO":"VILAGE","CEP":null,"NOME ANTIGO":null},"geometry":{"type":"MultiLineString","coordinates":[[[-42.700190888998627,-22.57062124799987,0.0],[-42.700146952942404,-22.570699496125734,0.0],[-42.700078527561168,-22.570816164682661,0.0],[-42.700012470882363,-22.570916617369015,0.0],[-42.699911748916278,-22.571081572670234,0.0],[-42.699844728387333,-22.571190368555357,0.0]]]}},
{"type":"Feature","properties":{"fid":208,"NOM_LOGRAD":"RUA PROJETADA C","DOC_CRIAç":null,"LOCALIDADE":"JAPUÍBA","BAIRRO":"VILAGE","CEP":null,"NOME ANTIGO":null},"geometry":{"type":"MultiLineString","coordinates":[[[-42.699844762998673,-22.570450909999884,0.0],[-42.69973018444783,-22.570660202252295,0.0],[-42.699664062676774,-22.570771556008502,0.0],[-42.699541821949751,-22.570960961120896,0.0],[-42.699473371871747,-22.571067257690942,0.0],[-42.699444184025467,-22.571113385300936,0.0]]]}},
{"type":"Feature","properties":{"fid":209,"NOM_LOGRAD":"RUA PROJETADA B","DOC_CRIAç":null,"LOCALIDADE":"JAPUÍBA","BAIRRO":"VILAGE","CEP":null,"NOME ANTIGO":null},"geometry":{"type":"MultiLineString","coordinates":[[[-42.699506444998562,-22.570284412999872,0.0],[-42.699391830988574,-22.570465302937773,0.0],[-42.699244745296127,-22.570712368725669,0.0],[-42.699135376772105,-22.570898466621621,0.0],[-42.69903838897379,-22.571055170417957,0.0]]]}},
{"type":"Feature","properties":{"fid":210,"NOM_LOGRAD":"RUA A","DOC_CRIAç":null,"LOCALIDADE":"JAPUÍBA","BAIRRO":"VILAGE","CEP":28687190,"NOME ANTIGO":null},"geometry":{"type":"MultiLineString","coordinates":[[[-42.699164160998507,-22.570112422999859,0.0],[-42.699047127926448,-22.570297445054418,0.0],[-42.698861570688265,-22.570610048892455,0.0],[-42.698719132286932,-22.570847194120876,0.0],[-42.698638730764159,-22.570986702554659,0.0]]]}},
{"type":"Feature","properties":{"fid":211,"NOM_LOGRAD":"RUA PROJETADA 18","DOC_CRIAç":null,"LOCALIDADE":"JAPUÍBA","BAIRRO":"VILAGE","CEP":null,"NOME ANTIGO":null},"geometry":{"type":"MultiLineString","coordinates":[[[-42.698821907036958,-22.569932815448141,0.0],[-42.69881598705841,-22.569943416785318,0.0],[-42.698511221509008,-22.57045995924241,0.0],[-42.698359876104334,-22.570720901932614,0.0],[-42.69826168114615,-22.570876429312381,0.0],[-42.698239201899504,-22.570923556442228,0.0]]]}},
{"type":"Feature","properties":{"fid":212,"NOM_LOGRAD":"RUA PROJETADA F","DOC_CRIAç":null,"LOCALIDADE":"JAPUÍBA","BAIRRO":"VILAGE","CEP":null,"NOME ANTIGO":null},"geometry":{"type":"MultiLineString","coordinates":[[[-42.70183785421483,-22.571470145931549,0.0],[-42.701800796328143,-22.571542152192446,0.0],[-42.701757047131871,-22.571563625969205,0.0],[-42.701636867566833,-22.571551506722269,0.0],[-42.701395195329937,-22.57152204925185,0.0],[-42.701247070157187,-22.571506929886283,0.0],[-42.700982792583645,-22.571447898773854,0.0],[-42.700847026493186,-22.571405006349458,0.0],[-42.700734625312741,-22.57137756050335,0.0],[-42.700373962614883,-22.571296024175091,0.0],[-42.700195619701667,-22.571253060067441,0.0],[-42.700018206175727,-22.571224632149633,0.0],[-42.699796245865279,-22.571188304662272,0.0],[-42.699442288415682,-22.571119992509033,0.0],[-42.699034845551623,-22.571053461076207,0.0],[-42.69863334678778,-22.570988284013264,0.0],[-42.698239201899504,-22.570923556442228,0.0],[-42.697922378224099,-22.570867460822246,0.0],[-42.697703887361378,-22.570828775259162,0.0],[-42.697581895223813,-22.570806974213571,0.0],[-42.697370546243839,-22.570769204098912,0.0],[-42.697172614101397,-22.570723762324363,0.0]]]}},
{"type":"Feature","properties":{"fid":213,"NOM_LOGRAD":"SERVIDÃO 06","DOC_CRIAç":null,"LOCALIDADE":"JAPUÍBA","BAIRRO":"VILAGE","CEP":null,"NOME ANTIGO":null},"geometry":{"type":"MultiLineString","coordinates":[[[-42.701227721581532,-22.572330215649433,0.0],[-42.701444775967879,-22.572204139365311,0.0],[-42.701592565871223,-22.572137774510079,0.0],[-42.701678459528011,-22.57211423426536,0.0],[-42.701723994148189,-22.572111971716843,0.0],[-42.701768753171891,-22.57213505995669,0.0],[-42.701808848791082,-22.572151067988116,0.0],[-42.701871588529336,-22.572151965564284,0.0],[-42.701917256051075,-22.572141691304356,0.0],[-42.701958508016823,-22.572113869735919,0.0],[-42.702056341740871,-22.572035091185072,0.0],[-42.702161473590188,-22.571984185164727,0.0],[-42.702235888123347,-22.571933907501894,0.0],[-42.702336456423801,-22.571896584540607,0.0],[-42.702478266978012,-22.571881461611223,0.0]]]}},
{"type":"Feature","properties":{"fid":214,"NOM_LOGRAD":"SERVIDÃO 3","DOC_CRIAç":null,"LOCALIDADE":"JAPUÍBA","BAIRRO":"VILAGE","CEP":null,"NOME ANTIGO":null},"geometry":{"type":"MultiLineString","coordinates":[[[-42.699514848998646,-22.573683372999849,0.0],[-42.699524795229237,-22.573558361951676,0.0],[-42.699557930520811,-22.573484359808294,0.0],[-42.699642931709647,-22.573440206484374,0.0],[-42.699769402177807,-22.573406826712208,0.0],[-42.699897397521553,-22.573373044353744,0.0],[-42.699981921418136,-22.573326972593602,0.0],[-42.700110980223137,-22.573269336609677,0.0],[-42.70023283835063,-22.573249728105875,0.0],[-42.700369372689913,-22.573236430522638,0.0],[-42.700473275605809,-22.573192864324223,0.0],[-42.700613669832691,-22.573143027842509,0.0],[-42.700731910592019,-22.573082504904583,0.0],[-42.700833235160069,-22.573032108991782,0.0],[-42.700889564785932,-22.573001807504419,0.0]]]}},
{"type":"Feature","properties":{"fid":215,"NOM_LOGRAD":"RUA PROJETADA 12","DOC_CRIAç":null,"LOCALIDADE":"JAPUÍBA","BAIRRO":"VILAGE","CEP":null,"NOME ANTIGO":null},"geometry":{"type":"MultiLineString","coordinates":[[[-42.700560123178192,-22.572023294702802,0.0],[-42.700536502711294,-22.571845603414921,0.0],[-42.700525423318119,-22.571662693936069,0.0],[-42.700530586100307,-22.571551729323446,0.0],[-42.700529338387234,-22.571426793133579,0.0]]]}},
{"type":"Feature","properties":{"fid":216,"NOM_LOGRAD":"SERVIDÃO 1","DOC_CRIAç":null,"LOCALIDADE":"JAPUÍBA","BAIRRO":"VILAGE","CEP":null,"NOME ANTIGO":null},"geometry":{"type":"MultiLineString","coordinates":[[[-42.698455639580331,-22.569740603094623,0.0],[-42.698199905144953,-22.570230246398548,0.0]]]}},
{"type":"Feature","properties":{"fid":217,"NOM_LOGRAD":"RUA PROJETADA 17","DOC_CRIAç":null,"LOCALIDADE":"JAPUÍBA","BAIRRO":"VILAGE","CEP":null,"NOME ANTIGO":null},"geometry":{"type":"MultiLineString","coordinates":[[[-42.698263714483609,-22.569639883323042,0.0],[-42.69821434188632,-22.569734207375081,0.0],[-42.698149273729349,-22.56985937300308,0.0],[-42.698104509859299,-22.569941930236229,0.0],[-42.69804982042232,-22.570032145101056,0.0],[-42.697996703069329,-22.570111982640991,0.0],[-42.697967937271223,-22.570158369667663,0.0],[-42.697940570877883,-22.570204776740596,0.0],[-42.697926079997991,-22.570234468592638,0.0],[-42.697976070646156,-22.570258584550984,0.0],[-42.698030237998445,-22.570284060322106,0.0],[-42.698057902642276,-22.570303956407333,0.0],[-42.698060356030545,-22.570324791216837,0.0],[-42.698030596976118,-22.570430963026318,0.0],[-42.698003507171826,-22.570544972945147,0.0],[-42.697922378224099,-22.570867460822246,0.0]]]}},
{"type":"Feature","properties":{"fid":218,"NOM_LOGRAD":"RUA PROJETADA 16","DOC_CRIAç":null,"LOCALIDADE":"JAPUÍBA","BAIRRO":"VILAGE","CEP":null,"NOME ANTIGO":null},"geometry":{"type":"MultiLineString","coordinates":[[[-42.697894424150299,-22.569440068645484,0.0],[-42.697832157260144,-22.569568833738646,0.0],[-42.697795854615073,-22.569647612196221,0.0],[-42.697775377414736,-22.569700617862303,0.0],[-42.697778884681817,-22.569742267429731,0.0],[-42.697778042533265,-22.569792954516192,0.0],[-42.697772483870132,-22.569874773491527,0.0],[-42.697741882558468,-22.570031632326415,0.0],[-42.697706521425552,-22.570222222368294,0.0],[-42.697683672885127,-22.57033369304596,0.0],[-42.697581895223813,-22.570806974213639,0.0]]]}},
{"type":"Feature","properties":{"fid":219,"NOM_LOGRAD":"RUA PASTOR ROSENDO","DOC_CRIAç":null,"LOCALIDADE":"JAPUÍBA","BAIRRO":"VILAGE","CEP":null,"NOME ANTIGO":null},"geometry":{"type":"MultiLineString","coordinates":[[[-42.701209565299038,-22.571960562226678,0.0],[-42.701222492419554,-22.572035558939064,0.0],[-42.701221437628696,-22.57209913381288,0.0],[-42.701216107849625,-22.572177609856588,0.0],[-42.701195885769941,-22.572217697712944,0.0],[-42.701148238578398,-22.572262672117656,0.0],[-42.70105808538527,-22.572296589730815,0.0],[-42.700942282323801,-22.572295260230842,0.0],[-42.700813735040121,-22.572274717520003,0.0],[-42.700704020683865,-22.57225643865441,0.0],[-42.700500247012762,-22.572208469849301,0.0],[-42.700385349649245,-22.572183512932408,0.0],[-42.700264359707369,-22.572147541142865,0.0],[-42.700189926879993,-22.572123645845714,0.0],[-42.700274768846263,-22.572108027817325,0.0],[-42.700384822301594,-22.572073501164446,0.0],[-42.700560398056147,-22.572034489725716,0.0],[-42.700670700069956,-22.572005471374968,0.0],[-42.70084074971151,-22.571968566033792,0.0],[-42.70093674185005,-22.571950998761476,0.0],[-42.701003094195009,-22.571931705271442,0.0],[-42.701042096569715,-22.571936479439977,0.0],[-42.701123353546443,-22.571940161845212,0.0],[-42.701171291577843,-22.571950712910819,0.0],[-42.701209565299038,-22.571960562226678,0.0],[-42.701245243254775,-22.571958234776474,0.0],[-42.701291303699627,-22.571941998318579,0.0],[-42.701414746880062,-22.571908294050122,0.0],[-42.701579323345975,-22.571868814905727,0.0],[-42.701928190413291,-22.571772729226183,0.0]],[[-42.696513238382209,-22.571371396731781,0.0],[-42.696600306113311,-22.571423089121609,0.0],[-42.696672388346627,-22.571443338663325,0.0],[-42.696756759356987,-22.571464217963655,0.0],[-42.69734938569983,-22.571582717817162,0.0],[-42.697451058651133,-22.571600930755686,0.0],[-42.697706743092205,-22.571650491126231,0.0],[-42.697801345883398,-22.57166933102425,0.0],[-42.698108399429636,-22.571727500710626,0.0],[-42.698212417912806,-22.571753059886944,0.0],[-42.698487743775033,-22.571802448228333,0.0],[-42.698591746601025,-22.571829271372298,0.0],[-42.698626083930023,-22.571839962357867,0.0],[-42.698961314703965,-22.571917615023406,0.0],[-42.699210756473107,-22.571967482608638,0.0],[-42.699515829738786,-22.572029830721892,0.0],[-42.699741704896255,-22.572066478924935,0.0],[-42.699855878216042,-22.57208778339875,0.0],[-42.700041321193211,-22.572115936252064,0.0],[-42.700091837660743,-22.572118026905134,0.0],[-42.700122062215584,-22.572119277758159,0.0],[-42.700189926879993,-22.572123645845714,0.0]]]}},
{"type":"Feature","properties":{"fid":220,"NOM_LOGRAD":"SERVIDÃO 2","DOC_CRIAç":null,"LOCALIDADE":"JAPUÍBA","BAIRRO":"VILAGE","CEP":null,"NOME ANTIGO":null},"geometry":{"type":"MultiLineString","coordinates":[[[-42.702473402783006,-22.572753881516089,0.0],[-42.702405518394727,-22.572762241605002,0.0],[-42.702346282142862,-22.572769020475707,0.0],[-42.702298514172639,-22.572777488593459,0.0],[-42.702217983282694,-22.572780912362518,0.0],[-42.702134143223468,-22.572785813982605,0.0],[-42.702081500005924,-22.572791161837142,0.0],[-42.701955171869578,-22.572783253729035,0.0],[-42.701848091728095,-22.572803075011969,0.0],[-42.701745279702983,-22.572862613228047,0.0],[-42.70163931019561,-22.572914480052386,0.0],[-42.701523514268047,-22.572964680969388,0.0],[-42.70140243825,-22.573036159436665,0.0],[-42.701337719441888,-22.573076414490224,0.0]]]}},
{"type":"Feature","properties":{"fid":221,"NOM_LOGRAD":"SERVIDÃO 4","DOC_CRIAç":null,"LOCALIDADE":"JAPUÍBA","BAIRRO":"VILAGE","CEP":null,"NOME ANTIGO":null},"geometry":{"type":"MultiLineString","coordinates":[[[-42.699557930520839,-22.573484359808351,0.0],[-42.699545008852766,-22.573429007165082,0.0],[-42.699535338304692,-22.573319052343034,0.0],[-42.699543172076957,-22.573242903193197,0.0],[-42.699547848554495,-22.573159082691742,0.0],[-42.699543403810345,-22.573130039728568,0.0],[-42.699535497948368,-22.573111623785731,0.0],[-42.699524156288639,-22.573102309998568,0.0],[-42.699506297511867,-22.573089852423315,0.0],[-42.699486644876373,-22.573086520516235,0.0],[-42.699445469781523,-22.573093556956646,0.0],[-42.699389466583085,-22.573103431470894,0.0],[-42.699331922727296,-22.573107182992416,0.0],[-42.699277688072506,-22.57310945666347,0.0],[-42.699216961629403,-22.573107061653509,0.0],[-42.699164520859995,-22.573100209621082,0.0],[-42.699128474166073,-22.573095117623165,0.0],[-42.699069288376407,-22.573098845531547,0.0],[-42.699069288376407,-22.573098845531547,0.0],[-42.699038116855299,-22.573096873798711,0.0],[-42.69892664227747,-22.573084600383215,0.0],[-42.69887925399194,-22.573070194503977,0.0],[-42.698850079005659,-22.573046898167895,0.0],[-42.698835478852487,-22.573036012429881,0.0]]]}},
{"type":"Feature","properties":{"fid":222,"NOM_LOGRAD":"SERVIDÃO 5","DOC_CRIAç":null,"LOCALIDADE":"JAPUÍBA","BAIRRO":"VILAGE","CEP":null,"NOME ANTIGO":null},"geometry":{"type":"MultiLineString","coordinates":[[[-42.698199467998599,-22.573462245999806,0.0],[-42.698192667425282,-22.57339705110066,0.0],[-42.69817865000406,-22.573351093462598,0.0],[-42.698152961658401,-22.573315645161159,0.0],[-42.698130481199293,-22.573284818502685,0.0],[-42.698091403997843,-22.573264430586814,0.0],[-42.698037777378865,-22.573230107130392,0.0],[-42.698010219120341,-22.573208359043484,0.0],[-42.697979503678063,-22.57317893957903,0.0],[-42.697958538531374,-22.573155760743898,0.0],[-42.697946011120258,-22.573118975798444,0.0],[-42.697933661077492,-22.573071516814899,0.0],[-42.697932753926558,-22.573027272271947,0.0],[-42.697937355342937,-22.572948026483534,0.0],[-42.697953171589383,-22.572885718895204,0.0],[-42.697962293395712,-22.572830941495415,0.0],[-42.697964948802998,-22.572769970523005,0.0],[-42.698007948046872,-22.572653144351044,0.0]]]}},
{"type":"Feature","properties":{"fid":223,"NOM_LOGRAD":"RUA IDALINA TAVEIRA DE CASTRO","DOC_CRIAç":null,"LOCALIDADE":"JAPUÍBA","BAIRRO":"VIRACOPOS","CEP":null,"NOME ANTIGO":null},"geometry":{"type":"MultiLineString","coordinates":[[[-42.688439063998601,-22.565172779999809,0.0],[-42.688349076506817,-22.565223374039611,0.0],[-42.688293485230815,-22.565240551752041,0.0],[-42.688210984129114,-22.565268471207467,0.0],[-42.688140705524404,-22.565282013256841,0.0],[-42.687997115737971,-22.565293906401578,0.0],[-42.687804810659365,-22.565297404110662,0.0],[-42.687588849765973,-22.56530369358946,0.0],[-42.687436955729872,-22.565310904864095,0.0],[-42.687335536271178,-22.565325107363851,0.0],[-42.68724412810127,-22.565345718776786,0.0],[-42.687110268012134,-22.565383729709438,0.0],[-42.686990547465932,-22.565437414407324,0.0],[-42.686881610168534,-22.565494917592403,0.0],[-42.686791663930585,-22.565537124895137,0.0],[-42.686700802108518,-22.565566565486236,0.0],[-42.686578680304464,-22.565608661382683,0.0],[-42.686277374816193,-22.565676369018909,0.0],[-42.685945721566604,-22.565743639005358,0.0],[-42.685502432379209,-22.565826226892412,0.0]]]}},
{"type":"Feature","properties":{"fid":224,"NOM_LOGRAD":"RUA JOÃO PEREIRA DA SILVA NETO","DOC_CRIAç":null,"LOCALIDADE":"JAPUÍBA","BAIRRO":"VIRACOPOS","CEP":28686860,"NOME ANTIGO":null},"geometry":{"type":"MultiLineString","coordinates":[[[-42.686524279998615,-22.565620885954274,0.0],[-42.686510420263929,-22.56558921571569,0.0],[-42.686480057526715,-22.565500918632676,0.0],[-42.686466835958036,-22.565448350241262,0.0],[-42.686453522754931,-22.565401271773442,0.0],[-42.686417389971822,-22.565249953499656,0.0],[-42.6863635804065,-22.565040511429004,0.0],[-42.686340117052993,-22.564967327175779,0.0],[-42.686296094796951,-22.564832984435352,0.0],[-42.686260173743392,-22.564723487120045,0.0],[-42.686216145743373,-22.564609226623148,0.0],[-42.686199998751341,-22.564568443385472,0.0],[-42.686173284498231,-22.56450681021288,0.0],[-42.68613047529707,-22.56444294107181,0.0],[-42.68611104762735,-22.564393554693595,0.0],[-42.686086310813401,-22.564349690926399,0.0],[-42.686055532584419,-22.564286309602185,0.0],[-42.686015036670653,-22.564178435980633,0.0],[-42.686003697593961,-22.564122093044556,0.0],[-42.685999122547088,-22.564069226743687,0.0],[-42.68599512910292,-22.564008765558459,0.0],[-42.685993539615367,-22.563913279516061,0.0],[-42.685967512912249,-22.563837716911667,0.0],[-42.685821443243142,-22.563842371732608,0.0],[-42.685760298939286,-22.56370890606885,0.0],[-42.685718870111955,-22.563584495647785,0.0],[-42.685495748756516,-22.563055812335918,0.0],[-42.685426943113441,-22.562900221678124,0.0],[-42.685390095959583,-22.562819011906608,0.0],[-42.685333417211254,-22.562711405228491,0.0]]]}},
{"type":"Feature","properties":{"fid":225,"NOM_LOGRAD":"RUA MARCOS VICENTE DOS SANTOS","DOC_CRIAç":null,"LOCALIDADE":"JAPUÍBA","BAIRRO":"VIRACOPOS","CEP":null,"NOME ANTIGO":null},"geometry":{"type":"MultiLineString","coordinates":[[[-42.687664227998539,-22.563174255999812,0.0],[-42.687267533845208,-22.563209928687307,0.0],[-42.687042096130817,-22.563214657402423,0.0],[-42.686891826501366,-22.563216481100156,0.0],[-42.686718860117928,-22.563227944824078,0.0],[-42.68658595442411,-22.563253171824964,0.0],[-42.68645377130786,-22.563291990486185,0.0],[-42.686334605223166,-22.563359188408953,0.0],[-42.686292328405322,-22.563386257848624,0.0],[-42.686273324309859,-22.563431831989444,0.0],[-42.686212818839913,-22.563520662933303,0.0],[-42.68615472794567,-22.5636124829559,0.0],[-42.686101646581896,-22.563687502814922,0.0],[-42.685967512912264,-22.563837716911639,0.0]]]}},
{"type":"Feature","properties":{"fid":226,"NOM_LOGRAD":"RUA SEM NOME 3","DOC_CRIAç":null,"LOCALIDADE":"JAPUÍBA","BAIRRO":"VIRACOPOS","CEP":null,"NOME ANTIGO":null},"geometry":{"type":"MultiLineString","coordinates":[[[-42.684190670477832,-22.563378202854089,0.0],[-42.684407796760617,-22.563406414832023,0.0],[-42.684442582619951,-22.563284533610283,0.0],[-42.684453174618412,-22.563236918152594,0.0],[-42.684467724355628,-22.563172299692067,0.0],[-42.684481239752138,-22.563096292968513,0.0],[-42.684493131968416,-22.563044146899177,0.0],[-42.684510035229756,-22.56298524902267,0.0],[-42.684520599188346,-22.562935453258557,0.0]]]}},
{"type":"Feature","properties":{"fid":227,"NOM_LOGRAD":"RUA MIGUEL MOTA","DOC_CRIAç":null,"LOCALIDADE":"JAPUÍBA","BAIRRO":"VIRACOPOS","CEP":null,"NOME ANTIGO":null},"geometry":{"type":"MultiLineString","coordinates":[[[-42.68764996999851,-22.562254561999762,0.0],[-42.687268183377903,-22.562330128851464,0.0],[-42.686851940688761,-22.562413365856077,0.0],[-42.686589009402887,-22.562468390271043,0.0],[-42.686481708064655,-22.562487124601276,0.0],[-42.686380955457587,-22.562505953145507,0.0],[-42.686321915155808,-22.56251118682027,0.0],[-42.686176116484248,-22.56235091027516,0.0],[-42.686088038408393,-22.562264469654185,0.0],[-42.686015408188091,-22.562153707499835,0.0]]]}},
{"type":"Feature","properties":{"fid":228,"NOM_LOGRAD":"RUA LAUREANA REIS","DOC_CRIAç":null,"LOCALIDADE":"JAPUÍBA","BAIRRO":"VIRACOPOS","CEP":null,"NOME ANTIGO":null},"geometry":{"type":"MultiLineString","coordinates":[[[-42.682454952357261,-22.561791341244525,0.0],[-42.682665613262017,-22.561715149298458,0.0],[-42.683151948436716,-22.561548184483506,0.0],[-42.683480346251656,-22.561447723199528,0.0],[-42.683664210995197,-22.56139372977368,0.0],[-42.683804388448785,-22.561347198431168,0.0],[-42.683909656648211,-22.56130420982101,0.0],[-42.684032142842867,-22.561273607225768,0.0],[-42.684105978482329,-22.561286809247402,0.0],[-42.684162731215451,-22.561279535142049,0.0]]]}},
{"type":"Feature","properties":{"fid":229,"NOM_LOGRAD":"RUA VALDEMAR ANTUNES BELMONTE","DOC_CRIAç":null,"LOCALIDADE":"JAPUÍBA","BAIRRO":"VIRACOPOS","CEP":null,"NOME ANTIGO":null},"geometry":{"type":"MultiLineString","coordinates":[[[-42.684104066792727,-22.560923548434317,0.0],[-42.684170448815578,-22.560982836943307,0.0],[-42.684177952233149,-22.561080518389804,0.0],[-42.684179809483659,-22.561174406441065,0.0],[-42.684162731215451,-22.561279535142049,0.0],[-42.68415756511839,-22.561328012494389,0.0],[-42.684142506938286,-22.561527572124685,0.0],[-42.684127925543564,-22.561614329500348,0.0],[-42.684117582958486,-22.561720768679727,0.0],[-42.684099442774425,-22.561883836476557,0.0],[-42.684075585467738,-22.562047352160196,0.0],[-42.684061953647173,-22.562248135481795,0.0],[-42.684054574227773,-22.562450599776042,0.0],[-42.684057886911987,-22.562559887186755,0.0],[-42.684040675506637,-22.562735695287298,0.0],[-42.684026907202202,-22.562826828821848,0.0]]]}},
{"type":"Feature","properties":{"fid":230,"NOM_LOGRAD":"TRAVESSA MOREIRA CÉSAR","DOC_CRIAç":null,"LOCALIDADE":"JAPUÍBA","BAIRRO":"VIRACOPOS","CEP":null,"NOME ANTIGO":null},"geometry":{"type":"MultiLineString","coordinates":[[[-42.685955706264409,-22.562199398413814,0.0],[-42.68586142975613,-22.562019705533814,0.0],[-42.685764434990205,-22.561833325131033,0.0],[-42.685678568723503,-22.5616674434619,0.0],[-42.685604848535021,-22.561539499160865,0.0],[-42.685560101818474,-22.561455572717929,0.0],[-42.685519201490834,-22.561344574616079,0.0],[-42.685514635555755,-22.561305768843201,0.0],[-42.685520462472915,-22.561269049755346,0.0],[-42.685596736236363,-22.561197510754031,0.0],[-42.685708487843279,-22.561124545643136,0.0],[-42.685793772304365,-22.561075411810748,0.0],[-42.685836216535115,-22.561031472015259,0.0],[-42.685836216535115,-22.561031472015259,0.0],[-42.685853672670163,-22.560985235368992,0.0],[-42.685847652000263,-22.560908637130929,0.0]]]}},
{"type":"Feature","properties":{"fid":231,"NOM_LOGRAD":"RUA AMÉRICO DE CASTRO","DOC_CRIAç":null,"LOCALIDADE":"JAPUÍBA","BAIRRO":"VIRACOPOS","CEP":28686880,"NOME ANTIGO":null},"geometry":{"type":"MultiLineString","coordinates":[[[-42.686340117052993,-22.564967327175779,0.0],[-42.68626904833301,-22.56498948930448,0.0],[-42.686206296015122,-22.565001420909304,0.0],[-42.686106299284901,-22.565022273686115,0.0],[-42.685988793655,-22.565046251937463,0.0],[-42.685917213561751,-22.565064136140201,0.0],[-42.685652063654295,-22.565116164387462,0.0]]]}},
{"type":"Feature","properties":{"fid":232,"NOM_LOGRAD":"RUA MÁRIO SIMÃO MARTINS NOGUEIRA","DOC_CRIAç":"Lei nº 470 de 07.05.1990","LOCALIDADE":"JAPUÍBA","BAIRRO":"VIRACOPOS","CEP":null,"NOME ANTIGO":null},"geometry":{"type":"MultiLineString","coordinates":[[[-42.687986758655654,-22.560642342408318,0.0],[-42.687791573167594,-22.560882683634723,0.0],[-42.687544173440408,-22.561089515360056,0.0],[-42.68729262022287,-22.561284148904992,0.0],[-42.687015137504204,-22.561466270831229,0.0],[-42.686799437121401,-22.561600729700515,0.0],[-42.686495889340783,-22.561778429446985,0.0],[-42.686311012152025,-22.561893101393945,0.0],[-42.686107768472645,-22.56206415246432,0.0],[-42.686015408188091,-22.562153707499835,0.0],[-42.685820626849917,-22.562302776819898,0.0],[-42.685564376172962,-22.562517569587914,0.0],[-42.685333417211197,-22.562711405228431,0.0],[-42.68510167172262,-22.562834583517507,0.0],[-42.685072471164844,-22.562845510656885,0.0],[-42.684935091303132,-22.562896919470536,0.0],[-42.684716855786561,-22.562922097138841,0.0],[-42.68452059918836,-22.5629354532585,0.0],[-42.684281871287268,-22.562883461366212,0.0],[-42.684051786509009,-22.562835639679939,0.0],[-42.684026907202153,-22.562826828821773,0.0],[-42.683885055736006,-22.562776592878389,0.0],[-42.683776782939596,-22.5627386184408,0.0],[-42.683616990856855,-22.56265539549948,0.0],[-42.68343140555627,-22.562551570672344,0.0],[-42.683319251072341,-22.562485218119736,0.0],[-42.683212261886389,-22.56241385616223,0.0],[-42.683122502592177,-22.562368525672763,0.0],[-42.683067067160756,-22.562332697472435,0.0],[-42.683008282717005,-22.562303826749442,0.0],[-42.682942074122799,-22.562267843173416,0.0],[-42.682855848054864,-22.562204548622862,0.0],[-42.682768661832633,-22.562134234402791,0.0],[-42.682655211787029,-22.562023508355097,0.0],[-42.682596019357028,-22.561954598571344,0.0],[-42.682534571978842,-22.561891661205451,0.0],[-42.682454952357183,-22.561791341244504,0.0],[-42.682373830780335,-22.561709194327666,0.0],[-42.682290010902626,-22.561630921825969,0.0],[-42.682092944727998,-22.561443901576425,0.0],[-42.681842227057956,-22.561215125147058,0.0],[-42.681705639401315,-22.56112181918385,0.0],[-42.681527484584734,-22.561006893666409,0.0]]]}},
{"type":"Feature","properties":{"fid":233,"NOM_LOGRAD":"RUA SEM NOME 4","DOC_CRIAç":null,"LOCALIDADE":"JAPUÍBA","BAIRRO":"VIRACOPOS","CEP":null,"NOME ANTIGO":null},"geometry":{"type":"MultiLineString","coordinates":[[[-42.685892704359382,-22.565288227796323,0.0],[-42.685871948276962,-22.565213509896001,0.0],[-42.685806010633392,-22.564972012364326,0.0],[-42.685771907011983,-22.564842161907979,0.0]]]}},
{"type":"Feature","properties":{"fid":234,"NOM_LOGRAD":"RUA SEM NOME","DOC_CRIAç":null,"LOCALIDADE":"JAPUÍBA","BAIRRO":"VIRACOPOS","CEP":null,"NOME ANTIGO":null},"geometry":{"type":"MultiLineString","coordinates":[[[-42.687283993779793,-22.565336729566155,0.0],[-42.687264774816249,-22.565243918426496,0.0],[-42.687222036317721,-22.565037412760041,0.0],[-42.687199314277912,-22.564959876764174,0.0],[-42.687180543739672,-22.564866955857294,0.0],[-42.687163706023142,-22.564768915507948,0.0],[-42.687164378693637,-22.564728604968138,0.0],[-42.687194716710643,-22.564681858413895,0.0],[-42.687191924504027,-22.564627771966471,0.0]]]}},
{"type":"Feature","properties":{"fid":235,"NOM_LOGRAD":"AVENIDA VEREADOR MÁRIO NISHIGUCHI","DOC_CRIAç":"Lei nº 1004 de 05.07.1995\n","LOCALIDADE":"PAPUCAIA","BAIRRO":"CENTRO","CEP":28691340,"NOME ANTIGO":null},"geometry":{"type":"MultiLineString","coordinates":[[[-42.745075622575072,-22.604783597428685,0.0],[-42.745528930931798,-22.604633585960176,0.0],[-42.745967334658175,-22.604474630016604,0.0],[-42.746064115071633,-22.604419406612841,0.0],[-42.746202047858546,-22.60438877157587,0.0],[-42.746346121611722,-22.604344112687084,0.0],[-42.746457851379475,-22.604314891317845,0.0],[-42.746627690101761,-22.604264634544545,0.0],[-42.746802795353844,-22.604219417749775,0.0],[-42.746959913055647,-22.604162029279024,0.0],[-42.747146202062076,-22.604098911709379,0.0],[-42.747349061127004,-22.604028935258306,0.0],[-42.747408798424424,-22.604006432629927,0.0],[-42.747466558396859,-22.603973969785823,0.0],[-42.747557221059758,-22.603924587010319,0.0],[-42.747645615316564,-22.60388311828812,0.0],[-42.747695265016027,-22.603856004355666,0.0],[-42.747755642028658,-22.603827054483627,0.0],[-42.747816164518547,-22.603789167435064,0.0],[-42.747857629987543,-22.603739093973488,0.0],[-42.747878661786039,-22.603695686424974,0.0],[-42.747892287911604,-22.603647208718009,0.0],[-42.747874930914968,-22.603596309684391,0.0],[-42.747860942048014,-22.603536050106616,0.0],[-42.747825047485087,-22.603440663546891,0.0],[-42.74784347142468,-22.603426023468309,0.0],[-42.74787929829386,-22.603393749243061,0.0],[-42.747957282496252,-22.603337739514281,0.0],[-42.747997884757744,-22.603306196184942,0.0],[-42.74805262618991,-22.603260319889987,0.0],[-42.748127268366254,-22.603204891226301,0.0]]]}},
{"type":"Feature","properties":{"fid":236,"NOM_LOGRAD":"RUA OSWALDO RUI MARQUES","DOC_CRIAç":null,"LOCALIDADE":"PAPUCAIA","BAIRRO":"CENTRO","CEP":null,"NOME ANTIGO":null},"geometry":{"type":"MultiLineString","coordinates":[[[-42.74489507677032,-22.604671214246665,0.0],[-42.745015670205021,-22.6045112379825,0.0],[-42.745339294792402,-22.604026368010413,0.0],[-42.745739232371037,-22.603463298121778,0.0],[-42.745853550488491,-22.603286235345223,0.0],[-42.745962839495249,-22.603137933985487,0.0],[-42.7461478528679,-22.602871120227313,0.0],[-42.746252995410259,-22.602718193102643,0.0],[-42.746300710037538,-22.602645791444406,0.0],[-42.746354630121751,-22.602565248437642,0.0]]]}},
{"type":"Feature","properties":{"fid":237,"NOM_LOGRAD":"AVENIDA TUPIANA NOGUEIRA DE MELO","DOC_CRIAç":"Lei nº 603 de 03.10.1991\n","LOCALIDADE":"PAPUCAIA","BAIRRO":"CENTRO","CEP":28691347,"NOME ANTIGO":null},"geometry":{"type":"MultiLineString","coordinates":[[[-42.744951710541329,-22.604707105954336,0.0],[-42.744889821088286,-22.604777337080687,0.0],[-42.744843383476358,-22.604829233129031,0.0],[-42.744810327426144,-22.604860598132568,0.0],[-42.744738948816945,-22.60489100583214,0.0],[-42.744661127756686,-22.604921322946414,0.0],[-42.744521518453688,-22.604986669689033,0.0],[-42.744380249651115,-22.605054984486657,0.0],[-42.744219604655989,-22.605126018268805,0.0],[-42.744141661431343,-22.605163812180017,0.0],[-42.744063878510715,-22.605192915481794,0.0],[-42.744017523642896,-22.605268265633885,0.0],[-42.743943010372988,-22.605357849373657,0.0],[-42.743789600051926,-22.605513356541415,0.0],[-42.743691085127431,-22.605627144524064,0.0],[-42.74359977128929,-22.60574488105285,0.0],[-42.743389365258324,-22.60595196787115,0.0],[-42.743303051108249,-22.606009088425449,0.0],[-42.743238886593048,-22.606048001194413,0.0],[-42.743237967692082,-22.60604855846438,0.0],[-42.743159511317721,-22.606117755498666,0.0],[-42.743015361283419,-22.60626380773893,0.0],[-42.742710368360392,-22.606591575054704,0.0],[-42.742447299215236,-22.606867580126014,0.0],[-42.742331419040767,-22.607008794253851,0.0],[-42.742278878169891,-22.607069380906392,0.0],[-42.742233646106293,-22.60712633099746,0.0],[-42.742156848064475,-22.607192559282804,0.0],[-42.742096132117432,-22.607211149682488,0.0],[-42.742014051058312,-22.607206255184991,0.0],[-42.741889447386548,-22.607141679877994,0.0],[-42.741721552635042,-22.607015169227715,0.0],[-42.74161921769381,-22.606918748428825,0.0],[-42.741578416244181,-22.60680300101621,0.0],[-42.741562420793535,-22.606697325163687,0.0],[-42.741597427988815,-22.60644701599017,0.0]]]}},
{"type":"Feature","properties":{"fid":238,"NOM_LOGRAD":"RUA PASTOR ALCEBÍADES DA SILVA CRUZ","DOC_CRIAç":"Lei nº 615/91 de 30.10.1991\n","LOCALIDADE":"PAPUCAIA","BAIRRO":"CENTRO","CEP":null,"NOME ANTIGO":null},"geometry":{"type":"MultiLineString","coordinates":[[[-42.744063878510715,-22.605192915481794,0.0],[-42.743807735551627,-22.605017218350504,0.0],[-42.743583566443853,-22.604874656846668,0.0],[-42.743354155076013,-22.604741472814226,0.0],[-42.742630881989285,-22.604305982953203,0.0],[-42.74222275638688,-22.604052139765059,0.0],[-42.741839766578224,-22.60381755230496,0.0],[-42.741555040452297,-22.603643418727618,0.0],[-42.74127787072878,-22.603474116788117,0.0],[-42.74067132975491,-22.603118148770445,0.0]]]}},
{"type":"Feature","properties":{"fid":239,"NOM_LOGRAD":"RUA CELINA DA COSTA","DOC_CRIAç":null,"LOCALIDADE":"PAPUCAIA","BAIRRO":"CENTRO","CEP":null,"NOME ANTIGO":null},"geometry":{"type":"MultiLineString","coordinates":[[[-42.746064115071718,-22.604419406612852,0.0],[-42.745845182089319,-22.604276458314779,0.0],[-42.745630742546467,-22.604146685959424,0.0],[-42.745426915024311,-22.60401411586162,0.0],[-42.745247312919119,-22.603913244190601,0.0],[-42.744803403365687,-22.603638948995574,0.0],[-42.744425909408143,-22.603404164409511,0.0],[-42.744032086263779,-22.603160407400118,0.0],[-42.742943687132822,-22.602496005491243,0.0],[-42.742141826479326,-22.602014840496512,0.0],[-42.741524095721445,-22.601645538790407,0.0],[-42.741001995602609,-22.601330033319645,0.0],[-42.740510026315135,-22.601043362147813,0.0],[-42.739896514669567,-22.600657358546233,0.0]]]}},
{"type":"Feature","properties":{"fid":240,"NOM_LOGRAD":"RUA NICOLA POLITOF","DOC_CRIAç":"Lei nº 582 de\t28.08.1991\n","LOCALIDADE":"PAPUCAIA","BAIRRO":"CENTRO","CEP":null,"NOME ANTIGO":null},"geometry":{"type":"MultiLineString","coordinates":[[[-42.747146202062133,-22.604098911709375,0.0],[-42.746939884726658,-22.603938542569473,0.0],[-42.74672826280019,-22.603802061897369,0.0],[-42.745853550488491,-22.603286235345223,0.0],[-42.745176532089012,-22.602867382193331,0.0],[-42.744579005189649,-22.602505243089769,0.0],[-42.744098357291783,-22.602210929010635,0.0],[-42.743588278719187,-22.601912776497247,0.0],[-42.742994409273592,-22.601552965633459,0.0],[-42.742740126145875,-22.60139534032394,0.0],[-42.742485601623343,-22.601252545580994,0.0],[-42.742163360471203,-22.601042043291482,0.0],[-42.741844071004742,-22.600838999111115,0.0],[-42.741579337508632,-22.600681795627697,0.0],[-42.741318970196538,-22.600520659339004,0.0],[-42.740923515019198,-22.600278314599198,0.0],[-42.740646164030764,-22.600097370174982,0.0]]]}},
{"type":"Feature","properties":{"fid":241,"NOM_LOGRAD":"RUA JOSÉ LAURINDO DE OLIVEIRA","DOC_CRIAç":"Lei nº 583 de\t28.08.1991\n","LOCALIDADE":"PAPUCAIA","BAIRRO":"CENTRO","CEP":null,"NOME ANTIGO":null},"geometry":{"type":"MultiLineString","coordinates":[[[-42.739358702213742,-22.602706460029847,0.0],[-42.73933504141533,-22.602738089049637,0.0],[-42.739358702213742,-22.602706460029847,0.0],[-42.739598760410814,-22.602410760350178,0.0],[-42.739944393906349,-22.601892724690053,0.0],[-42.740467070570261,-22.601153455916609,0.0],[-42.740560975762662,-22.601019930600575,0.0],[-42.740971192282998,-22.600426698844366,0.0],[-42.741066647218929,-22.600385459045238,0.0],[-42.741203831129532,-22.600410101096681,0.0],[-42.74125352713569,-22.600362539337482,0.0],[-42.741878250169975,-22.599468877715978,0.0]]]}},
{"type":"Feature","properties":{"fid":242,"NOM_LOGRAD":"RUA FRANCISCO CORREA DOS SANTOS","DOC_CRIAç":"Lei nº 515 de 26.09.1990\n","LOCALIDADE":"PAPUCAIA","BAIRRO":"CENTRO","CEP":null,"NOME ANTIGO":null},"geometry":{"type":"MultiLineString","coordinates":[[[-42.740196881255443,-22.600432985605831,0.0],[-42.739971795433249,-22.600173426446595,0.0],[-42.739767349411103,-22.599930539283118,0.0],[-42.739693489653298,-22.599845988831696,0.0],[-42.739590402380664,-22.599730476033276,0.0],[-42.739477451,-22.599612135495065,0.0],[-42.739376381348933,-22.59950389748046,0.0]]]}},
{"type":"Feature","properties":{"fid":243,"NOM_LOGRAD":"RUA SEBASTIÃO MARIANO DA SILVA","DOC_CRIAç":"Lei nª 66 de 29.11.79\n","LOCALIDADE":"PAPUCAIA","BAIRRO":"CENTRO","CEP":null,"NOME ANTIGO":null},"geometry":{"type":"MultiLineString","coordinates":[[[-42.744051805323004,-22.600787789807576,0.0],[-42.743909637510825,-22.601022758797619,0.0],[-42.743878450513236,-22.601066530670977,0.0],[-42.743818898854379,-22.601150113083381,0.0],[-42.7434161548302,-22.601720712436357,0.0],[-42.742950787337392,-22.602393333630811,0.0],[-42.742774762381117,-22.602653262658848,0.0],[-42.741784535904557,-22.604077411886752,0.0],[-42.741467662609928,-22.604544023200575,0.0]]]}},
{"type":"Feature","properties":{"fid":244,"NOM_LOGRAD":"RUA NAOTARO KAWAE","DOC_CRIAç":"Lei nº 235  de\t20.08.86\n","LOCALIDADE":"PAPUCAIA","BAIRRO":"CENTRO","CEP":null,"NOME ANTIGO":null},"geometry":{"type":"MultiLineString","coordinates":[[[-42.743238886593048,-22.606048001194413,0.0],[-42.743077944130626,-22.605917459411906,0.0],[-42.742887592558702,-22.605755585222287,0.0],[-42.742686864368402,-22.605594305304404,0.0],[-42.742559012385975,-22.605487624253978,0.0],[-42.741572092720261,-22.60463454622986,0.0],[-42.741471440291996,-22.604547237471632,0.0],[-42.741467662609928,-22.604544023200575,0.0],[-42.740621963822306,-22.603824447909211,0.0],[-42.740165579080035,-22.603447797002065,0.0],[-42.739892136454181,-22.603198117020295,0.0],[-42.739589944003924,-22.602950993455252,0.0],[-42.73933504141533,-22.602738089049637,0.0],[-42.739121050371132,-22.602559354754415,0.0],[-42.738196027666255,-22.601776253630764,0.0],[-42.737788406698876,-22.601433888038311,0.0],[-42.737528939237457,-22.60121595694708,0.0],[-42.737283567453076,-22.600992090774426,0.0],[-42.737236833358274,-22.600948098721862,0.0]]]}},
{"type":"Feature","properties":{"fid":245,"NOM_LOGRAD":"RUA AKIO HORITA","DOC_CRIAç":"Lei nº 514 de\t26.09.1990\n","LOCALIDADE":"PAPUCAIA","BAIRRO":"CENTRO","CEP":28691235,"NOME ANTIGO":"Rua \"E\""},"geometry":{"type":"MultiLineString","coordinates":[[[-42.741015152310332,-22.598976829116307,0.0],[-42.740996729944939,-22.59899450071206,0.0],[-42.74069014387819,-22.599227825775969,0.0],[-42.740488522418154,-22.599382705944866,0.0],[-42.740313337486405,-22.599515217233591,0.0],[-42.740162949611722,-22.599629004529341,0.0],[-42.739767349411103,-22.599930539283118,0.0],[-42.739690942368107,-22.599988778051891,0.0],[-42.739517856422118,-22.60011361538848,0.0],[-42.739367036380933,-22.600229596477632,0.0],[-42.739216652970519,-22.600343016046793,0.0],[-42.739100306330087,-22.600428305569483,0.0],[-42.738989428739259,-22.60051733992028,0.0],[-42.738693243873591,-22.600753779125899,0.0],[-42.738659445531979,-22.600784946817235,0.0],[-42.738657569585705,-22.600786664765145,0.0]]]}},
{"type":"Feature","properties":{"fid":246,"NOM_LOGRAD":"RUA TATSUZO NISHIGUCHI","DOC_CRIAç":"Lei nº 492 de 06.07.1990\n","LOCALIDADE":"PAPUCAIA","BAIRRO":"CENTRO","CEP":null,"NOME ANTIGO":null},"geometry":{"type":"MultiLineString","coordinates":[[[-42.7391600377969,-22.60120539346223,0.0],[-42.739061239230985,-22.601126851489898,0.0],[-42.738963846967977,-22.601043319034119,0.0],[-42.738820427471531,-22.60092392645106,0.0],[-42.738747269918278,-22.600856140401103,0.0],[-42.738659445531979,-22.600784946817235,0.0],[-42.738675500396376,-22.600800111066942,0.0],[-42.738557237510769,-22.600688408492459,0.0],[-42.738480070902504,-22.600624233713095,0.0],[-42.738439554884359,-22.60059129725661,0.0],[-42.738409187390836,-22.600562348166594,0.0],[-42.738143559146131,-22.600331608064248,0.0]]]}},
{"type":"Feature","properties":{"fid":247,"NOM_LOGRAD":"AVENIDA HENRIQUE LAGE","DOC_CRIAç":null,"LOCALIDADE":"PAPUCAIA","BAIRRO":"CENTRO","CEP":28691291,"NOME ANTIGO":null},"geometry":{"type":"MultiLineString","coordinates":[[[-42.74782504748508,-22.603440663546863,0.0],[-42.747757669844795,-22.603403184066412,0.0],[-42.747646762182747,-22.603340117782583,0.0],[-42.74713324838747,-22.603030663810795,0.0],[-42.74643873948807,-22.602613676180127,0.0],[-42.746354630121743,-22.602565248437628,0.0],[-42.745994231821626,-22.602345487313322,0.0],[-42.745787247683495,-22.602220621286424,0.0],[-42.745584814316643,-22.602096879455832,0.0],[-42.74513816451654,-22.601820174252627,0.0],[-42.744916648229427,-22.601676013839459,0.0],[-42.74468693164696,-22.601544464016616,0.0],[-42.744370222013416,-22.601354423688147,0.0],[-42.744051108454983,-22.601171772558232,0.0],[-42.743878450513236,-22.601066530670977,0.0],[-42.743690246748585,-22.600957779133978,0.0],[-42.743295388547736,-22.600727399285034,0.0],[-42.74291551478602,-22.600488745222037,0.0],[-42.742611388374584,-22.600297818183591,0.0],[-42.742279286362525,-22.600071500293051,0.0],[-42.742012446342486,-22.599905488450222,0.0],[-42.741708757560644,-22.599713476069212,0.0]],[[-42.741707590693608,-22.599712729807734,0.0],[-42.741522082589988,-22.599692403526127,0.0],[-42.741401833430594,-22.599663655332535,0.0],[-42.741272297585446,-22.599611387168881,0.0]]]}},
{"type":"Feature","properties":{"fid":248,"NOM_LOGRAD":"RUA JOSÉ SALVAYA","DOC_CRIAç":"Lei nº 682 de 05.05.1992\n","LOCALIDADE":"PAPUCAIA","BAIRRO":"CENTRO","CEP":null,"NOME ANTIGO":null},"geometry":{"type":"MultiLineString","coordinates":[[[-42.741240804998675,-22.606744542999738,0.0],[-42.741385288338989,-22.606591288546245,0.0],[-42.741471456682653,-22.606507931845876,0.0],[-42.741578965417737,-22.60645900497477,0.0],[-42.741597427988744,-22.606447015990149,0.0],[-42.74180933629637,-22.606309409408798,0.0],[-42.742048816314338,-22.606087553341329,0.0],[-42.742178019412933,-22.605935628824888,0.0],[-42.742343751723844,-22.605738496010847,0.0],[-42.742445322521036,-22.605622585667479,0.0],[-42.742559012385954,-22.605487624253925,0.0],[-42.742931064029314,-22.604979920342068,0.0],[-42.743257450382174,-22.60450358436308,0.0],[-42.74341240557257,-22.604279347896792,0.0],[-42.743588973066814,-22.604034014780076,0.0],[-42.743829533235363,-22.603690336662314,0.0],[-42.743937448203532,-22.603518239255298,0.0],[-42.744066625253119,-22.603346524999697,0.0],[-42.744187092852066,-22.603163119491942,0.0],[-42.744258030721404,-22.603069914492419,0.0],[-42.744294537566056,-22.603014236882167,0.0],[-42.7443326083961,-22.602971802606682,0.0],[-42.744660899008672,-22.602487226435567,0.0],[-42.744890480160713,-22.602161571385103,0.0],[-42.74513816451649,-22.601820174252598,0.0],[-42.745315186372224,-22.601598532052414,0.0]]]}},
{"type":"Feature","properties":{"fid":249,"NOM_LOGRAD":"AVENIDA ODILERMANDO PEREIRA","DOC_CRIAç":null,"LOCALIDADE":"PAPUCAIA","BAIRRO":"CENTRO","CEP":28691256,"NOME ANTIGO":null},"geometry":{"type":"MultiLineString","coordinates":[[[-42.741272297585454,-22.599611387168888,0.0],[-42.740646164030764,-22.600097370174982,0.0],[-42.740196881255443,-22.600432985605831,0.0],[-42.739896514669567,-22.600657358546233,0.0],[-42.739148823918718,-22.601213737988179,0.0],[-42.738294860773628,-22.601860352464715,0.0]]]}},
{"type":"Feature","properties":{"fid":250,"NOM_LOGRAD":"RJ-116","DOC_CRIAç":null,"LOCALIDADE":"PAPUCAIA","BAIRRO":"CENTRO","CEP":0,"NOME ANTIGO":null},"geometry":{"type":"MultiLineString","coordinates":[[[-42.741369112998733,-22.60607166999975,0.0],[-42.741411697344482,-22.605857812812619,0.0],[-42.741413892389886,-22.605621096427207,0.0],[-42.741389136391007,-22.605328856743515,0.0],[-42.741331624647643,-22.605125281743124,0.0],[-42.741243158892161,-22.604906787753837,0.0],[-42.741179550227649,-22.6047900263695,0.0],[-42.741098928740392,-22.604664335520656,0.0],[-42.740990566987222,-22.604517977567099,0.0],[-42.740842083511119,-22.604344984845433,0.0],[-42.740680840443098,-22.604189192247048,0.0],[-42.740488620216318,-22.604019928403062,0.0],[-42.739782495998796,-22.603477567999889,0.0]]]}},
{"type":"Feature","properties":{"fid":251,"NOM_LOGRAD":"AVENIDA PAULO FRANCISCO TORRES","DOC_CRIAç":null,"LOCALIDADE":"PAPUCAIA","BAIRRO":"CENTRO","CEP":28691305,"NOME ANTIGO":null},"geometry":{"type":"MultiLineString","coordinates":[[[-42.742787967301339,-22.600066571175454,0.0],[-42.742700324143435,-22.600210855594199,0.0],[-42.742205681457705,-22.600917027924556,0.0],[-42.741171011134945,-22.602403944604873,0.0],[-42.740800771739515,-22.602936002559584,0.0],[-42.74067132975491,-22.603118148770434,0.0],[-42.740338531526696,-22.60358918234844,0.0]]]}},
{"type":"Feature","properties":{"fid":252,"NOM_LOGRAD":"RUA UBALDO JOSÉ DA ROCHA","DOC_CRIAç":"Lei nº 011 de 27.04.76\n","LOCALIDADE":"PAPUCAIA","BAIRRO":"CENTRO","CEP":null,"NOME ANTIGO":null},"geometry":{"type":"MultiLineString","coordinates":[[[-42.745270045728063,-22.604917493729729,0.0],[-42.745144343598753,-22.60482553916075,0.0],[-42.745024107203946,-22.604752987356012,0.0],[-42.744951710541329,-22.604707105954336,0.0],[-42.74489507677032,-22.604671214246665,0.0],[-42.744835257061148,-22.604633303407351,0.0],[-42.74462899568384,-22.60451766921036,0.0],[-42.744374843439978,-22.604360562165841,0.0],[-42.744103420292163,-22.604198917276872,0.0],[-42.743860812769256,-22.60404304546018,0.0],[-42.743610095613647,-22.603888132945336,0.0],[-42.74328361948011,-22.603698870944687,0.0],[-42.742540494746812,-22.60324821452674,0.0],[-42.742216491560932,-22.603049322317467,0.0],[-42.741935982687977,-22.60287788323398,0.0],[-42.741746945228968,-22.602770003679105,0.0],[-42.741552460590519,-22.602641647576689,0.0],[-42.741171011134959,-22.602403944604866,0.0],[-42.740463524315395,-22.601983192039985,0.0],[-42.739771705589774,-22.60157834030991,0.0],[-42.73934133577206,-22.601308156339986,0.0],[-42.739249937380215,-22.60124030148306,0.0],[-42.7391600377969,-22.60120539346223,0.0]]]}},
{"type":"Feature","properties":{"fid":253,"NOM_LOGRAD":"TRAVESSA BAMBINA","DOC_CRIAç":null,"LOCALIDADE":"PAPUCAIA","BAIRRO":"CENTRO","CEP":null,"NOME ANTIGO":null},"geometry":{"type":"MultiLineString","coordinates":[[[-42.738657569585705,-22.600786664765145,0.0],[-42.738635491832412,-22.600806883052229,0.0],[-42.738574036113228,-22.600844896495133,0.0],[-42.738329995084612,-22.601032920244702,0.0],[-42.738072453548746,-22.601225154731825,0.0],[-42.737788406698876,-22.601433888038311,0.0]]]}},
{"type":"Feature","properties":{"fid":254,"NOM_LOGRAD":"RUA ANTONIO VALADARES","DOC_CRIAç":"Lei n° 488 de 06.07.1990","LOCALIDADE":"PAPUCAIA","BAIRRO":"CENTRO","CEP":28691214,"NOME ANTIGO":"Rua \"A\""},"geometry":{"type":"MultiLineString","coordinates":[[[-42.740157158018441,-22.59897847664233,0.0],[-42.739376381348933,-22.59950389748046,0.0],[-42.738757006159908,-22.599920697945631,0.0],[-42.738143559146131,-22.600331608064248,0.0],[-42.738065218618701,-22.600384083163604,0.0],[-42.737675906316156,-22.60067040595456,0.0],[-42.737283567453076,-22.600992090774426,0.0]]]}},
{"type":"Feature","properties":{"fid":255,"NOM_LOGRAD":"RUA ROBERTO KUBOTA","DOC_CRIAç":"Lei n° 516 de 26.09.1990","LOCALIDADE":"PAPUCAIA","BAIRRO":"CENTRO","CEP":null,"NOME ANTIGO":null},"geometry":{"type":"MultiLineString","coordinates":[[[-42.741272297585454,-22.599611387168888,0.0],[-42.741269914601503,-22.599610425625272,0.0],[-42.741166112105411,-22.599568540854481,0.0],[-42.740971976991396,-22.599475943981766,0.0],[-42.740823652811571,-22.599382059195229,0.0],[-42.74068874405647,-22.599295127124286,0.0],[-42.740562269364773,-22.599201549702943,0.0],[-42.74026202779126,-22.599042717225732,0.0],[-42.740157158018441,-22.59897847664233,0.0],[-42.740133128572943,-22.598963756791481,0.0],[-42.740120072345043,-22.598955843527456,0.0]]]}},
{"type":"Feature","properties":{"fid":256,"NOM_LOGRAD":"ESTRADA DO COLETIVO","DOC_CRIAç":null,"LOCALIDADE":"GLEBA RIBEIRA","BAIRRO":"COLETIVO","CEP":28692730,"NOME ANTIGO":null},"geometry":{"type":"MultiLineString","coordinates":[[[-42.735212413820406,-22.589175230575993,0.0],[-42.736265447233087,-22.589149920002743,0.0],[-42.736390142486464,-22.589131518276307,0.0],[-42.736489358215508,-22.589243253303668,0.0],[-42.736564536925087,-22.589311945457236,0.0],[-42.736646118879101,-22.5893808378557,0.0],[-42.73672596607495,-22.589420965686006,0.0],[-42.736820195811497,-22.589437732412033,0.0],[-42.73690240117871,-22.589435869953995,0.0],[-42.736973623790227,-22.589419581544874,0.0],[-42.737042166280247,-22.589401859147443,0.0],[-42.737085365128991,-22.589382154409055,0.0],[-42.737143288235345,-22.589339427179116,0.0],[-42.737178699740831,-22.589294838089412,0.0],[-42.737214742766675,-22.589211610868777,0.0],[-42.73724204772229,-22.589111347482309,0.0],[-42.737239173986104,-22.589019489329747,0.0],[-42.737226980978647,-22.588962439290917,0.0],[-42.737212150207952,-22.588906164620237,0.0],[-42.737187802536297,-22.588843255451145,0.0],[-42.737135725889161,-22.588763704544501,0.0],[-42.737097897302924,-22.588722544087869,0.0],[-42.737057338019099,-22.588687845498931,0.0],[-42.73700166763188,-22.588667559725803,0.0],[-42.736926631503138,-22.588654313870453,0.0],[-42.736815315709165,-22.588665745479879,0.0],[-42.736731888193844,-22.588684070516628,0.0],[-42.736658772675142,-22.588713916516738,0.0],[-42.736592443257329,-22.588756858876501,0.0],[-42.736555937708822,-22.588795346397355,0.0],[-42.736503180471267,-22.588864481506651,0.0],[-42.736469648566384,-22.588924462123174,0.0],[-42.736429675949132,-22.589025141694847,0.0],[-42.736410653628219,-22.589064688214716,0.0],[-42.736395064207251,-22.589108345859071,0.0],[-42.736390142486464,-22.589131518276307,0.0]]]}},
{"type":"Feature","properties":{"fid":257,"NOM_LOGRAD":"CMU-104  - Estrada Beira-Rio","DOC_CRIAç":null,"LOCALIDADE":"GLEBA RIBEIRA","BAIRRO":"COLETIVO","CEP":1,"NOME ANTIGO":null},"geometry":{"type":"MultiLineString","coordinates":[[[-42.727126816926017,-22.582139756505562,0.0],[-42.727593179296996,-22.582813763507524,0.0],[-42.728104510365569,-22.583646541693415,0.0],[-42.728761800624063,-22.584543136432249,0.0],[-42.728951404977714,-22.584719702333693,0.0],[-42.729138043526852,-22.584863724388338,0.0],[-42.729304593126088,-22.584952209255484,0.0],[-42.729511721435514,-22.585127397300631,0.0],[-42.729766360875225,-22.585326317155893,0.0],[-42.730128899468909,-22.585589522195466,0.0],[-42.730277182131076,-22.585724875411739,0.0],[-42.730697092398529,-22.586050952656059,0.0],[-42.730866983981969,-22.586149233805738,0.0],[-42.731022506093737,-22.586270062944312,0.0],[-42.731099549487631,-22.586324994246038,0.0],[-42.731258661903738,-22.586459843142489,0.0],[-42.731957846653479,-22.586967439664775,0.0],[-42.732819718268523,-22.587556518284561,0.0],[-42.733614238867638,-22.588091014088032,0.0],[-42.734115999249283,-22.588442615041622,0.0],[-42.734326559721353,-22.588647657321076,0.0],[-42.734651848945383,-22.588903576559108,0.0],[-42.734839030976573,-22.589015098578376,0.0],[-42.73504666765924,-22.589160020163867,0.0],[-42.73513446742173,-22.589195385672454,0.0],[-42.7352995979669,-22.589210715831108,0.0],[-42.735345336131637,-22.589249753756736,0.0],[-42.735364783743499,-22.589301497579651,0.0],[-42.735407500807234,-22.589440555557236,0.0],[-42.735459502772102,-22.589545505370879,0.0],[-42.735524674596057,-22.589626866567741,0.0],[-42.735559955426758,-22.589661705510757,0.0],[-42.735751342748792,-22.589835095694923,0.0],[-42.735946829955509,-22.589969896502421,0.0],[-42.73613527727008,-22.59011103899158,0.0],[-42.736318602720061,-22.590247278189519,0.0],[-42.736602929775437,-22.590463845487523,0.0],[-42.736815545673259,-22.59061176916525,0.0],[-42.736926747844976,-22.590703032695462,0.0],[-42.736988811994067,-22.59076495176836,0.0]]]}},
{"type":"Feature","properties":{"fid":258,"NOM_LOGRAD":"CMU-208  - Estrada da Ribeira","DOC_CRIAç":null,"LOCALIDADE":"GLEBA RIBEIRA","BAIRRO":"COLETIVO","CEP":1,"NOME ANTIGO":null},"geometry":{"type":"MultiLineString","coordinates":[[[-42.735045208065344,-22.589457915229918,0.0],[-42.735212413820392,-22.589175230575993,0.0],[-42.735308974383891,-22.58901197775517,0.0],[-42.735361096616685,-22.588928208320176,0.0],[-42.735399616974256,-22.588868430187993,0.0],[-42.735611699324224,-22.588693603983074,0.0],[-42.736117766466478,-22.588353847330332,0.0],[-42.736647712900989,-22.587945295786266,0.0],[-42.737261904743086,-22.587521678647327,0.0],[-42.737575839887022,-22.587266087987764,0.0],[-42.737994117457113,-22.586943712799187,0.0],[-42.738158957222872,-22.586816027638744,0.0],[-42.738221425037359,-22.586754636713803,0.0],[-42.738328173807062,-22.586527519787293,0.0],[-42.738677528754913,-22.585817399583323,0.0],[-42.738953235348568,-22.585223247977478,0.0],[-42.73905211864389,-22.584954874882822,0.0],[-42.73913106605437,-22.584728473424679,0.0],[-42.739220935259596,-22.5844762241815,0.0],[-42.739325835430989,-22.58416080782311,0.0],[-42.739431026822736,-22.583827519421327,0.0],[-42.739488261526326,-22.583644689543625,0.0]]]}},
{"type":"Feature","properties":{"fid":259,"NOM_LOGRAD":"SERVIDÃO","DOC_CRIAç":null,"LOCALIDADE":"GLEBA RIBEIRA","BAIRRO":"COLETIVO","CEP":null,"NOME ANTIGO":null},"geometry":{"type":"MultiLineString","coordinates":[[[-42.736926747844976,-22.59070303269548,0.0],[-42.736978619668164,-22.590639485732851,0.0],[-42.736993493653593,-22.590586067408786,0.0],[-42.736997208846908,-22.590465863066541,0.0],[-42.737012245479029,-22.590295440496579,0.0],[-42.737014410148568,-22.59016302611164,0.0],[-42.737027526014437,-22.589949511549342,0.0],[-42.737034101392396,-22.58992197768978,0.0],[-42.737045250149549,-22.589882320112906,0.0],[-42.737050872627961,-22.589806020094159,0.0]]]}},
{"type":"Feature","properties":{"fid":260,"NOM_LOGRAD":"RUA BRÁULIO INOCÊNCIO DE ANDRADE","DOC_CRIAç":"Lei nº 1024 de 28.11.1995\n","LOCALIDADE":"PAPUCAIA","BAIRRO":"EXPANSÃO","CEP":null,"NOME ANTIGO":null},"geometry":{"type":"MultiLineString","coordinates":[[[-42.750920033671953,-22.602070175790097,0.0],[-42.750808345373976,-22.602124871224056,0.0],[-42.750747426242192,-22.602144914248782,0.0],[-42.750622283022501,-22.602175309195196,0.0],[-42.750563199210326,-22.602188948069028,0.0],[-42.750516231287016,-22.602202756756117,0.0],[-42.750348894435774,-22.602272746287532,0.0],[-42.750253555413337,-22.602311246277484,0.0],[-42.750140274369755,-22.602429667789906,0.0],[-42.750068666395634,-22.602471356365442,0.0],[-42.74995296689621,-22.602559751371633,0.0],[-42.749742938867826,-22.602699869429365,0.0],[-42.749583680190767,-22.602805335265973,0.0],[-42.749438584542645,-22.602901734340186,0.0],[-42.749429666116839,-22.602907659581131,0.0],[-42.749143165817259,-22.603065993646105,0.0],[-42.748903973250322,-22.603189626913295,0.0],[-42.748797711268708,-22.603229929902152,0.0],[-42.748675845392825,-22.603271621349947,0.0],[-42.748390374319676,-22.603353926541814,0.0]]]}},
{"type":"Feature","properties":{"fid":261,"NOM_LOGRAD":"RUA GERALDO MARTINS DE OLIVEIRA","DOC_CRIAç":"Lei nº 1023 de 28.11.1995\n","LOCALIDADE":"PAPUCAIA","BAIRRO":"EXPANSÃO","CEP":null,"NOME ANTIGO":null},"geometry":{"type":"MultiLineString","coordinates":[[[-42.750253555413416,-22.602311246277466,0.0],[-42.750087789544146,-22.602193122737848,0.0],[-42.749836325716444,-22.602060173957376,0.0],[-42.749588132400369,-22.601919485834646,0.0],[-42.749257334350069,-22.601702709744099,0.0],[-42.74891490079645,-22.601492581555807,0.0],[-42.748681454254381,-22.601354206577966,0.0],[-42.748627368217541,-22.60132214710168,0.0],[-42.748415581207581,-22.60119851083704,0.0],[-42.748156039462515,-22.601046957312747,0.0],[-42.747890243232085,-22.600893369423655,0.0],[-42.747768029139493,-22.600804074910858,0.0],[-42.747632893292526,-22.600736007255968,0.0],[-42.747485469208016,-22.600650251144309,0.0],[-42.747336171493728,-22.600550845149868,0.0],[-42.747145152577268,-22.600439176113152,0.0],[-42.746939781815243,-22.600307843302168,0.0],[-42.746659794802902,-22.60012486120349,0.0],[-42.746375237114933,-22.599965168970879,0.0],[-42.746283887880153,-22.599911338584509,0.0],[-42.746190348070137,-22.599863316009863,0.0],[-42.746041242376769,-22.599752234372179,0.0],[-42.745856353884349,-22.599650381066791,0.0],[-42.7456985811531,-22.599556693273232,0.0],[-42.745145857216514,-22.599236773730642,0.0]]]}},
{"type":"Feature","properties":{"fid":262,"NOM_LOGRAD":"RUA JOSÉ FRIAS","DOC_CRIAç":"Lei nº 1021 de 28.11.1995\n","LOCALIDADE":"PAPUCAIA","BAIRRO":"EXPANSÃO","CEP":null,"NOME ANTIGO":null},"geometry":{"type":"MultiLineString","coordinates":[[[-42.747316638688737,-22.599769632067794,0.0],[-42.747224389408352,-22.599916060196371,0.0],[-42.747146551699977,-22.600018528084355,0.0],[-42.747029404275331,-22.600196220068742,0.0],[-42.746969696752778,-22.600271157840019,0.0],[-42.746919240884317,-22.600362643597496,0.0],[-42.746878838568243,-22.600421434225023,0.0],[-42.746757775345536,-22.600588967518867,0.0],[-42.746651917080321,-22.600741558999378,0.0],[-42.746552857893946,-22.600894245862246,0.0],[-42.746459155677584,-22.601052059601308,0.0],[-42.746437105794413,-22.601115172897696,0.0],[-42.746159362413593,-22.601462972537355,0.0],[-42.745815042132207,-22.601897635276295,0.0],[-42.745850918984658,-22.601851887853829,0.0]]]}},
{"type":"Feature","properties":{"fid":263,"NOM_LOGRAD":"RUA JOSÉ MACHADO FILHO","DOC_CRIAç":"Lei nº 1022 de 28.11.1995\n","LOCALIDADE":"PAPUCAIA","BAIRRO":"EXPANSÃO","CEP":null,"NOME ANTIGO":null},"geometry":{"type":"MultiLineString","coordinates":[[[-42.749062288267226,-22.600795733301233,0.0],[-42.748931304625387,-22.60100191373866,0.0],[-42.748681454254374,-22.601354206577902,0.0],[-42.748154761297137,-22.602091400335706,0.0],[-42.748009064728528,-22.602314670944718,0.0],[-42.747856232803308,-22.602552910196412,0.0],[-42.747764269617896,-22.602684928553888,0.0],[-42.74766794314467,-22.602790651603339,0.0],[-42.747589672652104,-22.602912218669054,0.0]]]}},
{"type":"Feature","properties":{"fid":264,"NOM_LOGRAD":"RUA ARNALDO CASTRO SANTOS","DOC_CRIAç":"Lei nº 867 de 15.09.1993\n","LOCALIDADE":"PAPUCAIA","BAIRRO":"EXPANSÃO","CEP":28692150,"NOME ANTIGO":"Rua \"A\""},"geometry":{"type":"MultiLineString","coordinates":[[[-42.749438584542659,-22.602901734340271,0.0],[-42.749256476012114,-22.602799181992374,0.0],[-42.749111499385755,-22.602700975756509,0.0],[-42.748931500776159,-22.60259320522761,0.0],[-42.748784127922164,-22.602522183814088,0.0],[-42.748526624389392,-22.602373404803757,0.0],[-42.748127847194553,-22.602139172386355,0.0],[-42.747717702620214,-22.601883004568013,0.0],[-42.747589840324672,-22.601814070548823,0.0],[-42.747439033940864,-22.601713966534255,0.0],[-42.747160306887714,-22.601548556397006,0.0],[-42.747050089019254,-22.601476240520409,0.0],[-42.746928118580463,-22.601405574153368,0.0],[-42.746767425690074,-22.601312589076986,0.0],[-42.746608923259664,-22.601205117981475,0.0],[-42.746485029,-22.601132609714497,0.0],[-42.746437105794413,-22.6011151728977,0.0],[-42.746392160106851,-22.601075053671902,0.0],[-42.744612149602098,-22.599998541352747,0.0]]]}},
{"type":"Feature","properties":{"fid":265,"NOM_LOGRAD":"RUA DA PRAÇA","DOC_CRIAç":null,"LOCALIDADE":"PAPUCAIA","BAIRRO":"EXPANSÃO","CEP":null,"NOME ANTIGO":null},"geometry":{"type":"MultiLineString","coordinates":[[[-42.748761250201142,-22.602534865663166,0.0],[-42.748606053936378,-22.602748146412786,0.0],[-42.748507096728758,-22.602905865489941,0.0],[-42.748332673520963,-22.603094015609177,0.0],[-42.748222785970306,-22.603258583691325,0.0]]]}},
{"type":"Feature","properties":{"fid":266,"NOM_LOGRAD":"RUA 8","DOC_CRIAç":null,"LOCALIDADE":"PAPUCAIA","BAIRRO":"EXPANSÃO","CEP":0,"NOME ANTIGO":null},"geometry":{"type":"MultiLineString","coordinates":[[[-42.740860943918513,-22.598888415094763,0.0],[-42.740932907127359,-22.598797122295146,0.0],[-42.740957370500617,-22.598755077994863,0.0],[-42.741080220005429,-22.598570473720287,0.0],[-42.741243365467021,-22.598364359019207,0.0],[-42.741349314403102,-22.598282838960774,0.0],[-42.741506398275462,-22.598182959376555,0.0],[-42.741618017224376,-22.598111987838134,0.0]]]}},
{"type":"Feature","properties":{"fid":267,"NOM_LOGRAD":"RUA ISAAC ANTONIO SOUZA","DOC_CRIAç":"Lei nº 626 de 02.12.1991","LOCALIDADE":"PAPUCAIA","BAIRRO":"EXPANSÃO","CEP":null,"NOME ANTIGO":null},"geometry":{"type":"MultiLineString","coordinates":[[[-42.741506398275462,-22.598182959376555,0.0],[-42.741592258346891,-22.59825711549319,0.0],[-42.741662827083651,-22.598311335157042,0.0],[-42.742188506018181,-22.598625807432565,0.0],[-42.74245545100581,-22.598786971439711,0.0],[-42.742708630465593,-22.598940200011459,0.0],[-42.743308827844281,-22.599291352111813,0.0]]]}},
{"type":"Feature","properties":{"fid":268,"NOM_LOGRAD":"RUA ANGELO DE OLIVEIRA MOTA","DOC_CRIAç":"Lei nº 868 de\t15.09.1993\n","LOCALIDADE":"PAPUCAIA","BAIRRO":"EXPANSÃO","CEP":28692130,"NOME ANTIGO":"Rua \"C\""},"geometry":{"type":"MultiLineString","coordinates":[[[-42.750920033671974,-22.602070175790114,0.0],[-42.750903324085684,-22.602032924211098,0.0],[-42.750865804060012,-22.60197761609172,0.0],[-42.750818702174364,-22.601920899664172,0.0],[-42.750723773741171,-22.601852046833844,0.0],[-42.750623316795767,-22.601785664473901,0.0],[-42.750527099598457,-22.60171169745027,0.0],[-42.750319368655454,-22.601576288874401,0.0],[-42.749934920675251,-22.601339029982249,0.0],[-42.749345716549577,-22.600952388183895,0.0],[-42.749083261559271,-22.600807292640294,0.0],[-42.749062288267268,-22.600795733301265,0.0],[-42.748938003512613,-22.600727234204815,0.0],[-42.748811867826944,-22.600621303148653,0.0],[-42.748625384162558,-22.600529506797237,0.0],[-42.748458043532906,-22.600441800828897,0.0],[-42.748251501879508,-22.600317872545933,0.0],[-42.747397882871297,-22.599823045671563,0.0],[-42.747316638688808,-22.599769632067854,0.0],[-42.747039488098373,-22.599587420128525,0.0],[-42.74638985929311,-22.599205016204785,0.0],[-42.745821813818083,-22.598868345873399,0.0],[-42.745628766427998,-22.598758618071361,0.0],[-42.745546079114412,-22.598710571558843,0.0],[-42.745408574670286,-22.598630672695503,0.0],[-42.744829933731097,-22.59827091825094,0.0],[-42.744265242317539,-22.597937468934663,0.0]]]}},
{"type":"Feature","properties":{"fid":269,"NOM_LOGRAD":"RUA KIKUMATSU UESUGI","DOC_CRIAç":"Lei nº 1735 de 28.11.2008","LOCALIDADE":"PAPUCAIA","BAIRRO":"EXPANSÃO","CEP":null,"NOME ANTIGO":null},"geometry":{"type":"MultiLineString","coordinates":[[[-42.745546079114412,-22.598710571558843,0.0],[-42.745365145378308,-22.598927249780818,0.0],[-42.745145857216514,-22.599236773730642,0.0],[-42.745094543018368,-22.599290221099171,0.0],[-42.744819397700113,-22.599697337636698,0.0],[-42.744612149602098,-22.599998541352747,0.0],[-42.744194480213771,-22.600605555320424,0.0],[-42.744141772058683,-22.600677243214722,0.0],[-42.744051805323004,-22.600787789807583,0.0]]]}},
{"type":"Feature","properties":{"fid":270,"NOM_LOGRAD":"RUA ABÍLIO JACINTO CAMPOS","DOC_CRIAç":"Lei nº 1025 de 28.11.1995\n","LOCALIDADE":"PAPUCAIA","BAIRRO":"EXPANSÃO","CEP":28692100,"NOME ANTIGO":"Rua 6"},"geometry":{"type":"MultiLineString","coordinates":[[[-42.743800491614437,-22.598603518376855,0.0],[-42.743750650061116,-22.598569446183863,0.0],[-42.743591829826663,-22.598476931542884,0.0],[-42.743501561307156,-22.598430521504984,0.0],[-42.743405197620916,-22.598377302604568,0.0],[-42.7433740005267,-22.598324039477269,0.0],[-42.743229564839872,-22.598237489431032,0.0],[-42.743021451251884,-22.598123151352929,0.0],[-42.742801210309764,-22.59799135446066,0.0],[-42.742740916716755,-22.597946326029611,0.0],[-42.742679479378609,-22.597908004607277,0.0],[-42.742581236103774,-22.597843233479303,0.0],[-42.742501873911124,-22.597825789669951,0.0],[-42.742393305278007,-22.597823302122212,0.0]]]}},
{"type":"Feature","properties":{"fid":271,"NOM_LOGRAD":"BECO DALVA PACHECO DA SILVA","DOC_CRIAç":"Lei  nº 647 de 20.08.1991","LOCALIDADE":"PAPUCAIA","BAIRRO":"EXPANSÃO","CEP":28692090,"NOME ANTIGO":null},"geometry":{"type":"MultiLineString","coordinates":[[[-42.742368321984706,-22.597820745084249,0.0],[-42.742274497214517,-22.597829580910389,0.0],[-42.742142788611986,-22.597863884959111,0.0],[-42.741897369379963,-22.59791911679417,0.0],[-42.74180898199765,-22.597967128220901,0.0],[-42.741659717541779,-22.598083717097104,0.0],[-42.741618017224376,-22.598111987838134,0.0]]]}},
{"type":"Feature","properties":{"fid":272,"NOM_LOGRAD":"RUA SEM NOME 4","DOC_CRIAç":null,"LOCALIDADE":"PAPUCAIA","BAIRRO":"GLEBA COLÉGIO","CEP":null,"NOME ANTIGO":null},"geometry":{"type":"MultiLineString","coordinates":[[[-42.758329368724972,-22.610444802221416,0.0],[-42.757906304996496,-22.610993152812558,0.0],[-42.757606869590319,-22.611328646768161,0.0],[-42.756779896923447,-22.612206316260732,0.0],[-42.756397962752736,-22.612628813411089,0.0],[-42.75630607535367,-22.612739536618747,0.0],[-42.756203602214022,-22.612834075997245,0.0],[-42.756195974205809,-22.612841113415126,0.0],[-42.755942437515607,-22.61309003995396,0.0],[-42.755722792272636,-22.613339299920312,0.0],[-42.755244097068811,-22.613845619056296,0.0],[-42.755080037886351,-22.614016353678124,0.0],[-42.754968933944134,-22.614108154717488,0.0]]]}},
{"type":"Feature","properties":{"fid":273,"NOM_LOGRAD":"RUA SEM NOME 5","DOC_CRIAç":null,"LOCALIDADE":"PAPUCAIA","BAIRRO":"GLEBA COLÉGIO","CEP":null,"NOME ANTIGO":null},"geometry":{"type":"MultiLineString","coordinates":[[[-42.756413532661298,-22.611040616063264,0.0],[-42.755995679137385,-22.61147804253779,0.0],[-42.755830509068126,-22.611657464083752,0.0],[-42.755677971198374,-22.611846560954827,0.0],[-42.755569206645333,-22.611969400338431,0.0],[-42.75546538271216,-22.612086659461937,0.0],[-42.755382777609221,-22.612177565257674,0.0],[-42.755317736780768,-22.612265481060088,0.0],[-42.755138940512552,-22.612443164381226,0.0],[-42.755058094353288,-22.612542237893869,0.0],[-42.754914550557601,-22.612700665998808,0.0],[-42.754791372832344,-22.612831654160416,0.0],[-42.754690509127911,-22.612936651236041,0.0],[-42.754604939807955,-22.61305142715327,0.0],[-42.754524464423582,-22.613106908338022,0.0],[-42.754410648800615,-22.613249100210098,0.0],[-42.754353320670681,-22.613346071533712,0.0],[-42.754339066162437,-22.613460900024098,0.0],[-42.754320720759864,-22.613583079294308,0.0],[-42.754320959911801,-22.613647645269086,0.0],[-42.754345719638437,-22.613708967702607,0.0],[-42.754466903349289,-22.614493784905271,0.0],[-42.754474226889705,-22.614597904989424,0.0],[-42.754443806037116,-22.614651836000061,0.0],[-42.754330757538604,-22.614709478901279,0.0]]]}},
{"type":"Feature","properties":{"fid":274,"NOM_LOGRAD":"RUA A","DOC_CRIAç":null,"LOCALIDADE":"PAPUCAIA","BAIRRO":"GLEBA COLÉGIO","CEP":28691010,"NOME ANTIGO":null},"geometry":{"type":"MultiLineString","coordinates":[[[-42.754650701255358,-22.607227396523861,0.0],[-42.754864441137236,-22.607008670857144,0.0],[-42.755139065963007,-22.606712261581841,0.0],[-42.755268979851394,-22.606556977681304,0.0],[-42.755508513524788,-22.606289192048013,0.0],[-42.75590790147141,-22.605832572334549,0.0],[-42.756218863884342,-22.60547055296303,0.0],[-42.756500289518925,-22.605157252049235,0.0],[-42.756698030892615,-22.604928306990466,0.0],[-42.757042000307386,-22.604544910630349,0.0],[-42.757518292607422,-22.60401839236178,0.0],[-42.758248856420778,-22.603200631535653,0.0],[-42.758560280256887,-22.602869851539342,0.0],[-42.758740901769208,-22.602672509611654,0.0]]]}},
{"type":"Feature","properties":{"fid":275,"NOM_LOGRAD":"RUA B","DOC_CRIAç":null,"LOCALIDADE":"PAPUCAIA","BAIRRO":"GLEBA COLÉGIO","CEP":28691000,"NOME ANTIGO":null},"geometry":{"type":"MultiLineString","coordinates":[[[-42.755057125974908,-22.607490815669927,0.0],[-42.755421032577608,-22.607103484056719,0.0],[-42.755679802515353,-22.606808030505469,0.0],[-42.756298107378207,-22.60611500553334,0.0],[-42.756899516706703,-22.605415166507143,0.0],[-42.757409445551602,-22.604849085425194,0.0],[-42.757759153597654,-22.604474259560252,0.0],[-42.757901310429887,-22.604288815710504,0.0],[-42.757989294465418,-22.604180862389356,0.0],[-42.758102038794306,-22.604076894363583,0.0],[-42.758418555297631,-22.603734357854677,0.0],[-42.758487420625613,-22.603637055401865,0.0],[-42.758773139365353,-22.603300153552802,0.0],[-42.759074606761807,-22.602978463251489,0.0],[-42.759183710308818,-22.602820759821942,0.0]]]}},
{"type":"Feature","properties":{"fid":276,"NOM_LOGRAD":"RUA C","DOC_CRIAç":null,"LOCALIDADE":"PAPUCAIA","BAIRRO":"GLEBA COLÉGIO","CEP":null,"NOME ANTIGO":null},"geometry":{"type":"MultiLineString","coordinates":[[[-42.755474912745868,-22.60776466242395,0.0],[-42.755923613998199,-22.607239881810681,0.0],[-42.756320332073621,-22.606786863283311,0.0],[-42.756480236727143,-22.606594996937915,0.0],[-42.756796920657969,-22.606242761604648,0.0],[-42.757675400346109,-22.605248134257018,0.0],[-42.758078706681673,-22.604796938097898,0.0],[-42.758354111331265,-22.604486059877196,0.0],[-42.75884631979946,-22.603944595383105,0.0],[-42.759205853292499,-22.603527443183619,0.0],[-42.759652738033452,-22.603041147328913,0.0]]]}},
{"type":"Feature","properties":{"fid":277,"NOM_LOGRAD":"RUA DA FELICIDADE","DOC_CRIAç":null,"LOCALIDADE":"PAPUCAIA","BAIRRO":"GLEBA COLÉGIO","CEP":null,"NOME ANTIGO":null},"geometry":{"type":"MultiLineString","coordinates":[[[-42.751308367350958,-22.605226753727894,0.0],[-42.751471265835526,-22.60504694284468,0.0],[-42.751643983402886,-22.60484724840817,0.0],[-42.752824689698372,-22.603482896418193,0.0]]]}},
{"type":"Feature","properties":{"fid":278,"NOM_LOGRAD":"RUA SEM NOME (LOT. DO MARCELO)","DOC_CRIAç":null,"LOCALIDADE":"PAPUCAIA","BAIRRO":"GLEBA COLÉGIO","CEP":null,"NOME ANTIGO":null},"geometry":{"type":"MultiLineString","coordinates":[[[-42.750367979189491,-22.604733632900405,0.0],[-42.750406567936693,-22.604680478565442,0.0],[-42.750412459962206,-22.604673253633148,0.0],[-42.750484595649766,-22.604584799170176,0.0],[-42.750822508040478,-22.604198871589094,0.0],[-42.75114278086636,-22.603819478314087,0.0]]]}},
{"type":"Feature","properties":{"fid":279,"NOM_LOGRAD":"RUA D","DOC_CRIAç":null,"LOCALIDADE":"PAPUCAIA","BAIRRO":"GLEBA COLÉGIO","CEP":null,"NOME ANTIGO":null},"geometry":{"type":"MultiLineString","coordinates":[[[-42.76005403098651,-22.603272393681468,0.0],[-42.760026787793286,-22.603308592935015,0.0],[-42.760032659210474,-22.60330121076656,0.0],[-42.759807925935228,-22.603583768505562,0.0],[-42.759652134914596,-22.603764171363846,0.0],[-42.759377535315274,-22.60405998329394,0.0],[-42.75932975270122,-22.604106022033527,0.0],[-42.759125755269231,-22.604358539622531,0.0],[-42.758743604690117,-22.604760211279707,0.0],[-42.758585090232089,-22.604947247130713,0.0],[-42.758416282213062,-22.605124433868546,0.0],[-42.758278189970873,-22.60529318186164,0.0],[-42.758110948814128,-22.605502307432936,0.0],[-42.758027393936921,-22.605578780989671,0.0],[-42.757462774692613,-22.606226083372132,0.0],[-42.75705280981407,-22.60667958546707,0.0],[-42.756729736393751,-22.607041887878129,0.0],[-42.756326388804972,-22.607500880438462,0.0],[-42.755825809165238,-22.608065563378648,0.0]]]}},
{"type":"Feature","properties":{"fid":280,"NOM_LOGRAD":"RUA SEM NOME 3","DOC_CRIAç":null,"LOCALIDADE":"PAPUCAIA","BAIRRO":"GLEBA COLÉGIO","CEP":null,"NOME ANTIGO":null},"geometry":{"type":"MultiLineString","coordinates":[[[-42.755318096242881,-22.614438665800488,0.0],[-42.755664947874166,-22.614080790855446,0.0],[-42.75597193722912,-22.613763604091272,0.0],[-42.756197162560809,-22.613492585370643,0.0],[-42.756416905676836,-22.61323726039257,0.0],[-42.756811989228666,-22.612860896677184,0.0],[-42.757283373181146,-22.612341948504117,0.0],[-42.757533591379456,-22.612060358682704,0.0],[-42.757790340324654,-22.611778859672828,0.0],[-42.758264889103998,-22.611280825481913,0.0],[-42.758463035074072,-22.611067655255926,0.0],[-42.758517316827771,-22.61098692914436,0.0],[-42.758544189952836,-22.610917959406024,0.0],[-42.758535110803777,-22.610842509314338,0.0],[-42.758502392246072,-22.610795423504062,0.0],[-42.758436481624585,-22.610738193148826,0.0],[-42.758260130475513,-22.610534545216144,0.0]]]}},
{"type":"Feature","properties":{"fid":281,"NOM_LOGRAD":"RUA LAGOA DOS PATOS","DOC_CRIAç":null,"LOCALIDADE":"PAPUCAIA","BAIRRO":"GLEBA COLÉGIO","CEP":null,"NOME ANTIGO":null},"geometry":{"type":"MultiLineString","coordinates":[[[-42.750759595171246,-22.604962537167737,0.0],[-42.75089929165177,-22.604777805587371,0.0],[-42.750932285386966,-22.604725365567486,0.0],[-42.750982872761035,-22.604669102708939,0.0],[-42.751098918209095,-22.604540507664282,0.0]]]}},
{"type":"Feature","properties":{"fid":282,"NOM_LOGRAD":"TRAVESSA SEM NOME","DOC_CRIAç":null,"LOCALIDADE":"PAPUCAIA","BAIRRO":"GLEBA COLÉGIO","CEP":null,"NOME ANTIGO":null},"geometry":{"type":"MultiLineString","coordinates":[[[-42.751814337601751,-22.604650399875307,0.0],[-42.751740080715535,-22.604597647159451,0.0],[-42.75167777819599,-22.604563909467522,0.0],[-42.75163808743266,-22.604535854990377,0.0]]]}},
{"type":"Feature","properties":{"fid":283,"NOM_LOGRAD":"TRAVESSA SEM NOME 2","DOC_CRIAç":null,"LOCALIDADE":"PAPUCAIA","BAIRRO":"GLEBA COLÉGIO","CEP":null,"NOME ANTIGO":null},"geometry":{"type":"MultiLineString","coordinates":[[[-42.752241631320018,-22.604156647804725,0.0],[-42.752089254870761,-22.604057914607221,0.0],[-42.75197286494712,-22.603983034479263,0.0],[-42.75182955287444,-22.603901672957278,0.0],[-42.751581492343199,-22.603748306988301,0.0],[-42.751155727748973,-22.603472402432395,0.0],[-42.751155727748973,-22.603472402432395,0.0]]]}},
{"type":"Feature","properties":{"fid":284,"NOM_LOGRAD":"TRAVESSA SEM NOME","DOC_CRIAç":null,"LOCALIDADE":"PAPUCAIA","BAIRRO":"GLEBA COLÉGIO","CEP":null,"NOME ANTIGO":null},"geometry":{"type":"MultiLineString","coordinates":[[[-42.752591608972764,-22.603752233281234,0.0],[-42.752394316625193,-22.603625402968181,0.0],[-42.752273035051381,-22.603536889806541,0.0],[-42.75186497620485,-22.603295146948227,0.0],[-42.751500472638348,-22.603070291126663,0.0],[-42.751338515534918,-22.602967642638529,0.0],[-42.751219936019673,-22.602892731361376,0.0],[-42.751217720230819,-22.602849293139919,0.0],[-42.75123887415576,-22.602806182408351,0.0],[-42.751274766396918,-22.602755139358607,0.0],[-42.751263346072228,-22.602738701634365,0.0],[-42.751135914973879,-22.602669092166586,0.0],[-42.751135914973879,-22.602669092166586,0.0]]]}},
{"type":"Feature","properties":{"fid":285,"NOM_LOGRAD":"RUA SEM NOME 1","DOC_CRIAç":null,"LOCALIDADE":"PAPUCAIA","BAIRRO":"GLEBA COLÉGIO","CEP":null,"NOME ANTIGO":null},"geometry":{"type":"MultiLineString","coordinates":[[[-42.755721416187306,-22.606045781250089,0.0],[-42.756144532132261,-22.60634767474728,0.0],[-42.756444092945529,-22.606567802486371,0.0],[-42.7565471417278,-22.606659015675401,0.0],[-42.756861623051627,-22.606893987294466,0.0]]]}},
{"type":"Feature","properties":{"fid":286,"NOM_LOGRAD":"RUA SEM NOME 2","DOC_CRIAç":null,"LOCALIDADE":"PAPUCAIA","BAIRRO":"GLEBA COLÉGIO","CEP":null,"NOME ANTIGO":null},"geometry":{"type":"MultiLineString","coordinates":[[[-42.76005403098651,-22.603272393681468,0.0],[-42.759989934658179,-22.603196284174391,0.0],[-42.759876082037465,-22.603126758924926,0.0],[-42.759652738033452,-22.603041147328913,0.0],[-42.759520480017109,-22.602978643737465,0.0],[-42.759323458437741,-22.602881267800647,0.0],[-42.759237912270422,-22.602838826487353,0.0],[-42.759139146260985,-22.60280590566115,0.0],[-42.758980723985971,-22.602745462574557,0.0],[-42.75876395864676,-22.602680005282853,0.0],[-42.758740901769208,-22.602672509611654,0.0]]]}},
{"type":"Feature","properties":{"fid":287,"NOM_LOGRAD":"RUA SEM NOME 7","DOC_CRIAç":null,"LOCALIDADE":"PAPUCAIA","BAIRRO":"GLEBA COLÉGIO","CEP":null,"NOME ANTIGO":null},"geometry":{"type":"MultiLineString","coordinates":[[[-42.756955861919053,-22.6120195652679,0.0],[-42.756803368137547,-22.611938288372016,0.0],[-42.756660605707935,-22.611847817224746,0.0],[-42.756451554144292,-22.611715768317623,0.0],[-42.756311522294766,-22.61161577023034,0.0],[-42.756273285983909,-22.61159132334182,0.0],[-42.756273285983909,-22.61159132334182,0.0]]]}},
{"type":"Feature","properties":{"fid":288,"NOM_LOGRAD":"RUA SEM NOME 8","DOC_CRIAç":null,"LOCALIDADE":"PAPUCAIA","BAIRRO":"GLEBA COLÉGIO","CEP":null,"NOME ANTIGO":null},"geometry":{"type":"MultiLineString","coordinates":[[[-42.756555233300993,-22.612454840537158,0.0],[-42.756410220739923,-22.612358426076632,0.0],[-42.75625485493515,-22.612251039815561,0.0],[-42.756125122565656,-22.61215118559835,0.0],[-42.756000617887118,-22.612046621991723,0.0],[-42.75591119281713,-22.61200232928589,0.0],[-42.755850014693273,-22.61196321410463,0.0],[-42.755763552674573,-22.611895050667854,0.0],[-42.755715055396323,-22.611868068891223,0.0],[-42.755671085887386,-22.611854337278494,0.0]]]}},
{"type":"Feature","properties":{"fid":289,"NOM_LOGRAD":"RUA SEM NOME 9","DOC_CRIAç":null,"LOCALIDADE":"PAPUCAIA","BAIRRO":"GLEBA COLÉGIO","CEP":null,"NOME ANTIGO":null},"geometry":{"type":"MultiLineString","coordinates":[[[-42.756203602214022,-22.612834075997245,0.0],[-42.756124948037368,-22.612796810067692,0.0],[-42.756073953000822,-22.612765011017213,0.0],[-42.755959282152716,-22.612689279432178,0.0],[-42.755821844143668,-22.612588121563689,0.0],[-42.755770771657886,-22.612561103762989,0.0],[-42.755694337575456,-22.612509819030862,0.0],[-42.755606607245475,-22.612440442146415,0.0],[-42.75552898282406,-22.612383162664241,0.0],[-42.755475432529217,-22.612350132084892,0.0],[-42.755420575378601,-22.612318278808885,0.0],[-42.755364488985478,-22.61228282150093,0.0],[-42.755317736780768,-22.612265481060088,0.0],[-42.755317736780768,-22.612265481060088,0.0]]]}},
{"type":"Feature","properties":{"fid":290,"NOM_LOGRAD":"RUA SEM NOME 10","DOC_CRIAç":null,"LOCALIDADE":"PAPUCAIA","BAIRRO":"GLEBA COLÉGIO","CEP":null,"NOME ANTIGO":null},"geometry":{"type":"MultiLineString","coordinates":[[[-42.755785532499551,-22.613268100572743,0.0],[-42.755679918121167,-22.613197389122924,0.0],[-42.755570571748557,-22.6131109713012,0.0],[-42.755466336652248,-22.613027016139768,0.0],[-42.755383581450843,-22.612968469178057,0.0],[-42.755261341200438,-22.612883066355845,0.0],[-42.755177356909016,-22.612820915285038,0.0],[-42.755145693769109,-22.612788190870276,0.0],[-42.755093527944098,-22.612749201510429,0.0],[-42.754961020972232,-22.612649377042633,0.0]]]}},
{"type":"Feature","properties":{"fid":291,"NOM_LOGRAD":"RUA SEM NOME 11","DOC_CRIAç":null,"LOCALIDADE":"PAPUCAIA","BAIRRO":"GLEBA COLÉGIO","CEP":null,"NOME ANTIGO":null},"geometry":{"type":"MultiLineString","coordinates":[[[-42.755445926127273,-22.61363214377419,0.0],[-42.755394874094073,-22.613621427444439,0.0],[-42.755356443397069,-22.613608933643814,0.0],[-42.755320704120273,-22.613589303867105,0.0],[-42.755254511400224,-22.613541749025863,0.0],[-42.755153944620815,-22.61346980103535,0.0],[-42.75507122813336,-22.613408863238444,0.0],[-42.754970661550431,-22.613336915147407,0.0],[-42.754877820000971,-22.613265075117276,0.0],[-42.754784726229047,-22.613208774367831,0.0],[-42.754705756067793,-22.613155062463125,0.0],[-42.754634394422624,-22.613108630647766,0.0],[-42.754580090082825,-22.613068559012525,0.0]]]}},
{"type":"Feature","properties":{"fid":292,"NOM_LOGRAD":"RUA SEM NOME 12","DOC_CRIAç":null,"LOCALIDADE":"PAPUCAIA","BAIRRO":"GLEBA COLÉGIO","CEP":null,"NOME ANTIGO":null},"geometry":{"type":"MultiLineString","coordinates":[[[-42.755318096242881,-22.614438665800488,0.0],[-42.755247228849605,-22.61438693963548,0.0],[-42.755181094022142,-22.614335798740282,0.0],[-42.755121513175901,-22.6142775759144,0.0],[-42.755069521505774,-22.614227828511847,0.0],[-42.755023928538435,-22.614180561855331,0.0],[-42.754993649694264,-22.614141878747674,0.0],[-42.754960892918412,-22.614097182932564,0.0],[-42.75492673221477,-22.614059641089856,0.0],[-42.754854296056621,-22.614000042652957,0.0],[-42.75475396212078,-22.61391375041222,0.0],[-42.754703219390734,-22.613866411596746,0.0],[-42.754637473239242,-22.613791363857459,0.0],[-42.754607582811602,-22.61372877403798,0.0],[-42.754563213095061,-22.613606201318724,0.0],[-42.754533380969853,-22.613540025492213,0.0],[-42.754511157335386,-22.613481129792262,0.0],[-42.754500171702276,-22.613443912279699,0.0],[-42.754498314966767,-22.613399648928677,0.0],[-42.754512335148711,-22.613329304528548,0.0],[-42.754540226502378,-22.613277088358135,0.0],[-42.754565445803436,-22.613230812800669,0.0],[-42.754634394422624,-22.613108630647766,0.0]]]}},
{"type":"Feature","properties":{"fid":293,"NOM_LOGRAD":"RUA SEM NOME 13","DOC_CRIAç":null,"LOCALIDADE":"PAPUCAIA","BAIRRO":"GLEBA COLÉGIO","CEP":null,"NOME ANTIGO":null},"geometry":{"type":"MultiLineString","coordinates":[[[-42.757665617107477,-22.611915606157339,0.0],[-42.757400037930196,-22.611722997151524,0.0],[-42.757214707908751,-22.611600167965641,0.0],[-42.757043285587272,-22.611475385922169,0.0],[-42.756842015362096,-22.611337303693702,0.0],[-42.756787430616789,-22.611280715532942,0.0],[-42.756718868933952,-22.611230373250418,0.0],[-42.75660451831957,-22.611151478181334,0.0],[-42.756413532661298,-22.611040616063264,0.0]]]}},
{"type":"Feature","properties":{"fid":294,"NOM_LOGRAD":"CMU-104 - Estrada Beira-Rio","DOC_CRIAç":null,"LOCALIDADE":"GLEBA RIBEIRA","BAIRRO":"GLEBA RIBEIRA","CEP":1,"NOME ANTIGO":null},"geometry":{"type":"MultiLineString","coordinates":[[[-42.736988811994067,-22.59076495176836,0.0],[-42.737138917477367,-22.590875387116835,0.0],[-42.737242328409387,-22.590918909665668,0.0],[-42.737393372560966,-22.591014435460853,0.0],[-42.737475908684303,-22.591057466283097,0.0],[-42.737585500850258,-22.591142745963111,0.0],[-42.737858101082921,-22.591365939417756,0.0],[-42.738105458442725,-22.591577289941636,0.0],[-42.738193783144482,-22.591604184495878,0.0],[-42.738230809800939,-22.591592807304501,0.0],[-42.738275260330781,-22.591617231296638,0.0],[-42.738315924942015,-22.591677298539025,0.0],[-42.738565786513263,-22.59197234079404,0.0],[-42.738973015558543,-22.592233384677638,0.0],[-42.739533537570352,-22.592641896086896,0.0],[-42.739646654684584,-22.592728268368255,0.0],[-42.739799273202244,-22.592847918660279,0.0],[-42.74003453459467,-22.593007403672924,0.0],[-42.740311433558212,-22.593167474504799,0.0],[-42.740483052164535,-22.593251695041211,0.0],[-42.740692195271947,-22.593343136670857,0.0],[-42.740840132756077,-22.593406200511346,0.0],[-42.741208764097188,-22.5934909618469,0.0],[-42.7415066783065,-22.593541261811197,0.0],[-42.741753662429467,-22.593571509070163,0.0],[-42.742091212251317,-22.593548741206,0.0],[-42.74232181819157,-22.593551984726265,0.0],[-42.742494629533226,-22.593549696414314,0.0],[-42.742868112618602,-22.593596107500947,0.0],[-42.743238407606405,-22.593628086338523,0.0],[-42.743716289755092,-22.593643728252975,0.0],[-42.744094021956883,-22.593661679729568,0.0],[-42.744343591146354,-22.593680804158748,0.0],[-42.744650586976149,-22.593689808435482,0.0],[-42.744991808672857,-22.593712222008524,0.0],[-42.745444845325771,-22.59372899713232,0.0],[-42.74566646254813,-22.593743264840128,0.0],[-42.745874479743087,-22.593756597585738,0.0],[-42.746080228036725,-22.593761717705959,0.0],[-42.746539294001018,-22.593752545543239,0.0],[-42.747406498839695,-22.59381231293635,0.0],[-42.747946841660358,-22.593877901840646,0.0],[-42.748750818367341,-22.593984370667599,0.0],[-42.749289011730554,-22.59406668541326,0.0]]]}},
{"type":"Feature","properties":{"fid":295,"NOM_LOGRAD":"RUA MINORU BEPPU","DOC_CRIAç":"Lei n° 2561 de 10.05.2023","LOCALIDADE":"GLEBA RIBEIRA","BAIRRO":"GLEBA RIBEIRA","CEP":null,"NOME ANTIGO":null},"geometry":{"type":"MultiLineString","coordinates":[[[-42.747077204998838,-22.585998309999905,0.0],[-42.747085045669159,-22.586301070875244,0.0],[-42.746909510702316,-22.58891092583665,0.0],[-42.746809485817657,-22.590537793849744,0.0],[-42.746669370230272,-22.592724827775871,0.0],[-42.746581639387493,-22.593978950831094,0.0]]]}},
{"type":"Feature","properties":{"fid":296,"NOM_LOGRAD":"CMU-203 - Estrada Maraporã","DOC_CRIAç":null,"LOCALIDADE":"GLEBA RIBEIRA","BAIRRO":"GLEBA RIBEIRA","CEP":1,"NOME ANTIGO":null},"geometry":{"type":"MultiLineString","coordinates":[[[-42.747077204998838,-22.585998309999905,0.0],[-42.747218660998776,-22.585940768999805,0.0],[-42.747293632998769,-22.585925636999807,0.0],[-42.74733429399884,-22.585930237999751,0.0],[-42.747400010998767,-22.585956246999871,0.0],[-42.748037513998781,-22.586491711999866,0.0],[-42.748196437998779,-22.586592762999871,0.0],[-42.748436462998825,-22.586670864999828,0.0],[-42.748755792998793,-22.586752213999812,0.0],[-42.749309067998745,-22.586903493999884,0.0],[-42.75042890199876,-22.587179053999851,0.0],[-42.751106884998826,-22.587297524999805,0.0],[-42.752139624998861,-22.587459373999803,0.0],[-42.752815810998825,-22.587559202999874,0.0],[-42.753913596998828,-22.587730265999795,0.0],[-42.754459048998818,-22.587810103999836,0.0],[-42.754586217998863,-22.587820590999836,0.0]]]}},
{"type":"Feature","properties":{"fid":297,"NOM_LOGRAD":"CMU-111  - Estrada Soarinho I e II (Estrada da Granada)","DOC_CRIAç":null,"LOCALIDADE":"GRANADA","BAIRRO":"GRANADA","CEP":1,"NOME ANTIGO":null},"geometry":{"type":"MultiLineString","coordinates":[[[-42.738122635895493,-22.602076371301933,0.0],[-42.737960779671951,-22.602226414853728,0.0],[-42.737583678192387,-22.602679601020988,0.0],[-42.736763593215251,-22.603674885872326,0.0],[-42.736320665551105,-22.604212430642544,0.0],[-42.735769228876343,-22.604851662428338,0.0],[-42.735423121051902,-22.605296202597042,0.0],[-42.735266584803135,-22.605497256149675,0.0],[-42.73477389280874,-22.606094746347797,0.0],[-42.734262862291928,-22.606691975743871,0.0],[-42.733966482460914,-22.607059537895942,0.0],[-42.73361750311966,-22.607466085137869,0.0],[-42.732978281376568,-22.608223255011325,0.0],[-42.731838449902391,-22.609529540113353,0.0],[-42.731508443903223,-22.609896621351684,0.0],[-42.731202835704138,-22.61026688457574,0.0],[-42.730922696155844,-22.610575076533937,0.0],[-42.730657322094132,-22.61091469216402,0.0],[-42.730426910674495,-22.611172506783738,0.0],[-42.730296192871307,-22.611315383287462,0.0],[-42.730174875009354,-22.611444203855427,0.0],[-42.730023371574738,-22.611549895099731,0.0],[-42.729890808156185,-22.611618963306146,0.0],[-42.729691110299463,-22.611681405790339,0.0],[-42.729393067820048,-22.611776509197938,0.0],[-42.729058262228627,-22.611876767121515,0.0],[-42.728642980215717,-22.612038315587686,0.0],[-42.728165928703419,-22.612238716768243,0.0],[-42.727205337167824,-22.612662124697724,0.0],[-42.726712349661881,-22.612902024050559,0.0],[-42.725985531934292,-22.613235090847212,0.0],[-42.72525542173949,-22.613582296175508,0.0],[-42.723263260827608,-22.614467789421859,0.0],[-42.722116943567599,-22.614965328151897,0.0],[-42.720968179508141,-22.615491020260233,0.0]]]}},
{"type":"Feature","properties":{"fid":298,"NOM_LOGRAD":"RJ-116","DOC_CRIAç":null,"LOCALIDADE":"PAPUCAIA","BAIRRO":"GRANADA","CEP":28691090,"NOME ANTIGO":null},"geometry":{"type":"MultiLineString","coordinates":[[[-42.737030914686173,-22.601136255106638,0.0],[-42.737421601998797,-22.601475707999811,0.0],[-42.738066551998791,-22.602030453999792,0.0],[-42.738122635895493,-22.602076371301933,0.0],[-42.738134972998772,-22.602086471999797,0.0],[-42.738577271998757,-22.602448597999828,0.0],[-42.739168309998789,-22.602957159999821,0.0],[-42.739689369998779,-22.603403095999884,0.0],[-42.739782495998803,-22.603477567999889,0.0]]]}},
{"type":"Feature","properties":{"fid":299,"NOM_LOGRAD":"RUA IZALINO DE ALMEIDA","DOC_CRIAç":"Lei nº 1900 de 10.05.2012","LOCALIDADE":"GRANADA","BAIRRO":"GRANADA","CEP":null,"NOME ANTIGO":null},"geometry":{"type":"MultiLineString","coordinates":[[[-42.736763593215244,-22.603674885872369,0.0],[-42.736909649257399,-22.603790536887352,0.0],[-42.737115445885024,-22.603936211743783,0.0],[-42.737212866539387,-22.60400700605139,0.0],[-42.737582394147999,-22.604275535759289,0.0],[-42.737599390098012,-22.604287886396452,0.0],[-42.738046223642264,-22.604592062377808,0.0]]]}},
{"type":"Feature","properties":{"fid":300,"NOM_LOGRAD":"RUA JOSÉ MARQUES DA FONSECA","DOC_CRIAç":"Lei nº 1914 de 29.06.2012","LOCALIDADE":"GRANADA","BAIRRO":"GRANADA","CEP":null,"NOME ANTIGO":null},"geometry":{"type":"MultiLineString","coordinates":[[[-42.737212866539387,-22.60400700605139,0.0],[-42.736872944782071,-22.604443478301327,0.0],[-42.736674047900685,-22.604671305560004,0.0]]]}},
{"type":"Feature","properties":{"fid":301,"NOM_LOGRAD":"RUA SOLDADO FLÁVIO RODRIGUES DE FREITAS","DOC_CRIAç":"Lei nº 1915 de 29.06.2012","LOCALIDADE":"GRANADA","BAIRRO":"GRANADA","CEP":null,"NOME ANTIGO":null},"geometry":{"type":"MultiLineString","coordinates":[[[-42.737029077449399,-22.604949777290734,0.0],[-42.737582394147999,-22.604275535759289,0.0]]]}},
{"type":"Feature","properties":{"fid":302,"NOM_LOGRAD":"RUA JALDELI FREIRAS DA SILVA","DOC_CRIAç":"Lei nº 1916 de 29.06.2012","LOCALIDADE":"GRANADA","BAIRRO":"GRANADA","CEP":null,"NOME ANTIGO":null},"geometry":{"type":"MultiLineString","coordinates":[[[-42.739782495998831,-22.603477567999892,0.0],[-42.739631517776537,-22.603596529011199,0.0],[-42.73953877568438,-22.603701844677399,0.0],[-42.739377548509658,-22.603868704219121,0.0],[-42.739281830537486,-22.603935447342781,0.0],[-42.739203924559547,-22.603925563730662,0.0],[-42.739112150788301,-22.603895716159172,0.0],[-42.738982786134422,-22.603849963350097,0.0],[-42.738880834054235,-22.603863902302429,0.0],[-42.738792857401229,-22.603891217143296,0.0],[-42.738642058955335,-22.6039989172418,0.0],[-42.738477445091732,-22.604122842558596,0.0],[-42.7383663509912,-22.604236228643135,0.0],[-42.738264694619431,-22.604335416557301,0.0],[-42.738111893467817,-22.604503543956984,0.0],[-42.738046223642264,-22.604592062377797,0.0],[-42.737958459251658,-22.604710362519807,0.0],[-42.737779515340854,-22.604947781470283,0.0],[-42.737600317674335,-22.605200676696469,0.0],[-42.737531997475408,-22.605300334065866,0.0]]]}},
{"type":"Feature","properties":{"fid":303,"NOM_LOGRAD":"RUA PROJETADA","DOC_CRIAç":null,"LOCALIDADE":"GRANADA","BAIRRO":"GRANADA","CEP":null,"NOME ANTIGO":null},"geometry":{"type":"MultiLineString","coordinates":[[[-42.735423121051888,-22.605296202597021,0.0],[-42.734915321419294,-22.604805735018104,0.0],[-42.734235849539601,-22.604115227608649,0.0],[-42.733798255793971,-22.603678534583853,0.0],[-42.73347712166283,-22.603353310373013,0.0],[-42.733018138750445,-22.60292290289183,0.0],[-42.732928840365069,-22.602886497387175,0.0],[-42.73283373216951,-22.602915904664211,0.0],[-42.732562731590427,-22.603140511332064,0.0],[-42.732500986700437,-22.603155014339009,0.0],[-42.732449566125418,-22.603116947294893,0.0],[-42.732335583437902,-22.602998922284716,0.0],[-42.732053941217906,-22.602718183524814,0.0],[-42.731173869158305,-22.601855699344537,0.0]]]}},
{"type":"Feature","properties":{"fid":304,"NOM_LOGRAD":"RUA DO TROVADOR","DOC_CRIAç":null,"LOCALIDADE":"PAPUCAIA","BAIRRO":"GUARARAPES","CEP":null,"NOME ANTIGO":null},"geometry":{"type":"MultiLineString","coordinates":[[[-42.74272070683309,-22.610526900776865,0.0],[-42.742425190021507,-22.610998081156552,0.0],[-42.742068479712401,-22.611590788659353,0.0]]]}},
{"type":"Feature","properties":{"fid":305,"NOM_LOGRAD":"AVENIDA MONTE CASTELO","DOC_CRIAç":null,"LOCALIDADE":"PAPUCAIA","BAIRRO":"GUARARAPES","CEP":28691440,"NOME ANTIGO":null},"geometry":{"type":"MultiLineString","coordinates":[[[-42.746524290566263,-22.614321245976253,0.0],[-42.746158159766317,-22.614044435822883,0.0],[-42.745951575362014,-22.613880179825745,0.0],[-42.745632539499432,-22.613651777752466,0.0],[-42.745331073595509,-22.613433500828478,0.0],[-42.74476280737624,-22.612988384493455,0.0],[-42.744596112918259,-22.612863838019923,0.0],[-42.74436384923267,-22.612697361757352,0.0],[-42.744290344522703,-22.612654500360946,0.0],[-42.744235193842506,-22.61264380140193,0.0],[-42.744150949706501,-22.612643518513437,0.0],[-42.743993971420835,-22.612573238224993,0.0],[-42.743903097910902,-22.612566219144192,0.0],[-42.743757191984628,-22.612509111582067,0.0],[-42.743690893154557,-22.612442320680682,0.0],[-42.743656937721681,-22.612349641297591,0.0],[-42.743624217866369,-22.612181242093673,0.0],[-42.743577206855178,-22.612019227719028,0.0],[-42.743546802316516,-22.611880480710827,0.0],[-42.743486425386088,-22.611791054907179,0.0],[-42.743411302289026,-22.611739148704597,0.0],[-42.743355020228478,-22.61172359424436,0.0],[-42.743282814352483,-22.61170945606673,0.0],[-42.743221179773478,-22.611697106877912,0.0],[-42.743173515344324,-22.611694796035653,0.0],[-42.743099489638894,-22.611683912788404,0.0],[-42.743032636372,-22.611666569191737,0.0],[-42.742972955549234,-22.61164276525513,0.0],[-42.742866547233469,-22.611559252840717,0.0],[-42.742760540581685,-22.61145114142704,0.0],[-42.74263170558676,-22.611334507203427,0.0],[-42.742354157482922,-22.611096844967218,0.0],[-42.742276406826178,-22.611021129888243,0.0],[-42.742138901650996,-22.610894531466947,0.0],[-42.74187944086826,-22.610662877154535,0.0],[-42.741388059873103,-22.610244243391683,0.0],[-42.74129749690978,-22.610164233745341,0.0],[-42.741193044582879,-22.610069265754756,0.0],[-42.740980580943507,-22.609880919786722,0.0],[-42.740575833871745,-22.609526376636801,0.0],[-42.740238394142466,-22.609242230984616,0.0],[-42.740144326696125,-22.609160531101551,0.0],[-42.739929173292474,-22.608991497402101,0.0]]]}},
{"type":"Feature","properties":{"fid":306,"NOM_LOGRAD":"RUA DAS ÁGUAS CLARAS","DOC_CRIAç":null,"LOCALIDADE":"PAPUCAIA","BAIRRO":"GUARARAPES","CEP":null,"NOME ANTIGO":null},"geometry":{"type":"MultiLineString","coordinates":[[[-42.740575833871745,-22.609526376636801,0.0],[-42.740678879354071,-22.609371151845632,0.0],[-42.740882639702114,-22.609036598091532,0.0],[-42.740908889401176,-22.608994629454529,0.0],[-42.740917001130896,-22.608963310725564,0.0],[-42.740916122451452,-22.608932506893204,0.0],[-42.74089191495078,-22.608891752241053,0.0],[-42.740847581040732,-22.608856487583314,0.0],[-42.740782597595199,-22.608816441718165,0.0],[-42.740714443249239,-22.608759030981872,0.0],[-42.740586214326939,-22.608657152990784,0.0],[-42.740512450225921,-22.608604795087256,0.0],[-42.740433191523188,-22.608550435303826,0.0],[-42.740244200679669,-22.608417549416568,0.0]]]}},
{"type":"Feature","properties":{"fid":307,"NOM_LOGRAD":"RUA DAS ANDORINHAS","DOC_CRIAç":null,"LOCALIDADE":"PAPUCAIA","BAIRRO":"GUARARAPES","CEP":null,"NOME ANTIGO":null},"geometry":{"type":"MultiLineString","coordinates":[[[-42.744085347784512,-22.613238919489572,0.0],[-42.744085347784512,-22.613238919489572,0.0],[-42.744085347784512,-22.613238919489572,0.0],[-42.744085347784512,-22.613238919489572,0.0],[-42.744085347784512,-22.613238919489572,0.0],[-42.744085347784512,-22.613238919489572,0.0],[-42.744085347784512,-22.613238919489572,0.0],[-42.744190743759304,-22.612777713265796,0.0],[-42.744235193842506,-22.61264380140193,0.0],[-42.744224934081885,-22.612558871780852,0.0],[-42.744229193721871,-22.612471332411861,0.0],[-42.744254074881532,-22.612363437629774,0.0],[-42.744283695258758,-22.612236426882326,0.0],[-42.744310670237866,-22.612120797139927,0.0],[-42.744337697302946,-22.612001971021176,0.0],[-42.744399765993492,-22.611862715580845,0.0]]]}},
{"type":"Feature","properties":{"fid":308,"NOM_LOGRAD":"RJ-116","DOC_CRIAç":null,"LOCALIDADE":"PAPUCAIA","BAIRRO":"GUARARAPES","CEP":28691400,"NOME ANTIGO":null},"geometry":{"type":"MultiLineString","coordinates":[[[-42.736066636923397,-22.615354447640623,0.0],[-42.736125001526425,-22.615183803489696,0.0],[-42.736322836179497,-22.614665494149911,0.0],[-42.736477021441139,-22.614334918428199,0.0],[-42.73667207916602,-22.613986084194799,0.0],[-42.737492915589215,-22.612588177612551,0.0],[-42.738902865408612,-22.610313323665046,0.0],[-42.739310618351666,-22.609632477072307,0.0],[-42.739318882720099,-22.609616841514718,0.0],[-42.73938959444704,-22.609483060116901,0.0],[-42.739827474617613,-22.608769322925294,0.0],[-42.74020452642722,-22.608173430919958,0.0],[-42.740389491212056,-22.607895131522838,0.0],[-42.740681432137599,-22.607409531622114,0.0],[-42.740988658894182,-22.606898891529706,0.0],[-42.741144983998794,-22.606632225999853,0.0]]]}},
{"type":"Feature","properties":{"fid":309,"NOM_LOGRAD":"RUA RIACHUELO","DOC_CRIAç":null,"LOCALIDADE":"PAPUCAIA","BAIRRO":"GUARARAPES","CEP":null,"NOME ANTIGO":null},"geometry":{"type":"MultiLineString","coordinates":[[[-42.739318882720099,-22.609616841514736,0.0],[-42.739438568978358,-22.609606528539786,0.0],[-42.739467258825243,-22.609587175282769,0.0],[-42.739517492943371,-22.609551660990093,0.0],[-42.739698445272118,-22.609330292113743,0.0],[-42.739717143079666,-22.609271283039753,0.0],[-42.73986112208366,-22.609085043440203,0.0],[-42.739929173292474,-22.608991497402101,0.0],[-42.740004700214008,-22.608887674739247,0.0],[-42.740048504347605,-22.60879409116837,0.0],[-42.740244200679669,-22.608417549416568,0.0],[-42.740263707611255,-22.608380015747279,0.0],[-42.740330819993375,-22.608281534222961,0.0],[-42.740887617138469,-22.607332827198245,0.0],[-42.740940103439044,-22.607255240276949,0.0]]]}},
{"type":"Feature","properties":{"fid":310,"NOM_LOGRAD":"RUA JOSÉ SALVAYA","DOC_CRIAç":"Lei nº 682 de 05.05.1992\n","LOCALIDADE":"PAPUCAIA","BAIRRO":"GUARARAPES","CEP":null,"NOME ANTIGO":null},"geometry":{"type":"MultiLineString","coordinates":[[[-42.740940103439023,-22.607255240276942,0.0],[-42.7411236962243,-22.606991857129987,0.0],[-42.741240804998725,-22.606744542999831,0.0]]]}},
{"type":"Feature","properties":{"fid":311,"NOM_LOGRAD":"RUA BEIRA-RIO","DOC_CRIAç":null,"LOCALIDADE":"PAPUCAIA","BAIRRO":"GUARARAPES","CEP":28691460,"NOME ANTIGO":null},"geometry":{"type":"MultiLineString","coordinates":[[[-42.741041313781473,-22.611234406272398,0.0],[-42.741245875166925,-22.610784504732152,0.0],[-42.741410651038947,-22.610403578819625,0.0],[-42.74150349084227,-22.610198699833926,0.0],[-42.741642222805808,-22.60988983508091,0.0],[-42.741684235072114,-22.60978633562123,0.0],[-42.741740752341478,-22.609674777980572,0.0],[-42.741765266307631,-22.609621145698249,0.0],[-42.741788905752365,-22.609575387277069,0.0]]]}},
{"type":"Feature","properties":{"fid":312,"NOM_LOGRAD":"RUA DAS LARANJEIRAS","DOC_CRIAç":null,"LOCALIDADE":"PAPUCAIA","BAIRRO":"GUARARAPES","CEP":null,"NOME ANTIGO":null},"geometry":{"type":"MultiLineString","coordinates":[[[-42.741788905752365,-22.609575387277069,0.0],[-42.741844501895166,-22.609613664448265,0.0],[-42.741924133154725,-22.609676333334995,0.0],[-42.742165303158657,-22.609861895545816,0.0],[-42.742302067848989,-22.609971938088496,0.0],[-42.742386247950208,-22.610052500368806,0.0],[-42.742475764630825,-22.610167352218799,0.0],[-42.742690502452056,-22.610467355787197,0.0],[-42.742774162715712,-22.610588681900055,0.0],[-42.742849083467767,-22.61068582276625,0.0],[-42.742918102732418,-22.610792174538769,0.0],[-42.743028743653497,-22.610967540888144,0.0],[-42.743123702913593,-22.611120466818505,0.0],[-42.743203862204936,-22.611207210409443,0.0],[-42.743249624377881,-22.611252575878513,0.0],[-42.743298635090852,-22.611267816162066,0.0],[-42.743380250675067,-22.611287259329654,0.0],[-42.74347961606896,-22.611340663103263,0.0],[-42.743578959217224,-22.611395435088276,0.0],[-42.743663899983581,-22.611429475733019,0.0],[-42.743785170709216,-22.611495504654936,0.0],[-42.744010965162573,-22.61162853096253,0.0],[-42.744261367755918,-22.611762231714447,0.0],[-42.744399765993492,-22.611862715580845,0.0],[-42.74451244960099,-22.611978046277841,0.0],[-42.744717605609203,-22.612168272218121,0.0],[-42.744892022582064,-22.612319899603449,0.0],[-42.745159644158782,-22.612541266031545,0.0],[-42.745399912326384,-22.612722558743535,0.0],[-42.745529982970453,-22.612791447310727,0.0],[-42.745632342466322,-22.612842154782495,0.0],[-42.745705316225731,-22.612886974915689,0.0],[-42.745782577454968,-22.61294006676167,0.0],[-42.745856032790471,-22.612996333479852,0.0],[-42.746110491859255,-22.613170490507269,0.0],[-42.746234598111577,-22.613271672362394,0.0],[-42.746581519314603,-22.613530101301603,0.0],[-42.746872349621462,-22.613748226632232,0.0],[-42.74699517209131,-22.613828981936123,0.0],[-42.747047450170989,-22.613885695916988,0.0],[-42.747045852296729,-22.613893207714778,0.0]]]}},
{"type":"Feature","properties":{"fid":313,"NOM_LOGRAD":"RUA DOS CRISTAIS","DOC_CRIAç":null,"LOCALIDADE":"PAPUCAIA","BAIRRO":"GUARARAPES","CEP":null,"NOME ANTIGO":null},"geometry":{"type":"MultiLineString","coordinates":[[[-42.747045852296729,-22.613893207714778,0.0],[-42.747032086035198,-22.613957924513294,0.0],[-42.746925735492532,-22.614063450913907,0.0],[-42.746678271288843,-22.614231207116038,0.0],[-42.746524290566263,-22.614321245976253,0.0],[-42.746395292717146,-22.614401756882867,0.0],[-42.746188228747208,-22.614484463770065,0.0],[-42.74607421963244,-22.614515791119178,0.0],[-42.745964293182254,-22.614514246507362,0.0],[-42.745932019315291,-22.61450725619417,0.0]]]}},
{"type":"Feature","properties":{"fid":314,"NOM_LOGRAD":"RUA PACIFICADOR","DOC_CRIAç":null,"LOCALIDADE":"PAPUCAIA","BAIRRO":"GUARARAPES","CEP":null,"NOME ANTIGO":null},"geometry":{"type":"MultiLineString","coordinates":[[[-42.745932019315291,-22.61450725619417,0.0],[-42.7458830032108,-22.614496639605825,0.0],[-42.745756366533001,-22.614432294478092,0.0],[-42.745464731633277,-22.61426354970521,0.0],[-42.744963482731528,-22.613941191937339,0.0],[-42.744519919660604,-22.613622907830624,0.0],[-42.744203571258765,-22.613342822697447,0.0],[-42.744110096714678,-22.613263036012835,0.0],[-42.744085347784512,-22.613238919489572,0.0],[-42.744046561456287,-22.613217239446687,0.0],[-42.743893644815209,-22.613096294692383,0.0],[-42.743739940195667,-22.612986138194888,0.0],[-42.74351797124968,-22.612782373273532,0.0],[-42.743401483025238,-22.612680129094311,0.0],[-42.7432770751617,-22.612575499857165,0.0],[-42.743136345658968,-22.612458136267179,0.0],[-42.742991879057719,-22.61234469873996,0.0],[-42.742794237122624,-22.612188451820145,0.0],[-42.742613130733361,-22.612031868974427,0.0],[-42.742349099424622,-22.611817279667857,0.0],[-42.74223310434143,-22.611722430787363,0.0],[-42.742128553088449,-22.611639110754268,0.0],[-42.742068479712401,-22.611590788659353,0.0],[-42.741878990135447,-22.61143836582221,0.0],[-42.741714615239879,-22.611307026870616,0.0],[-42.7415861110848,-22.611190970957875,0.0],[-42.741483628845309,-22.611093469863725,0.0],[-42.741224812655119,-22.610897140901585,0.0]]]}},
{"type":"Feature","properties":{"fid":315,"NOM_LOGRAD":"RUA A2","DOC_CRIAç":null,"LOCALIDADE":"PAPUCAIA","BAIRRO":"RIBEIRA","CEP":28692680,"NOME ANTIGO":null},"geometry":{"type":"MultiLineString","coordinates":[[[-42.745369668278485,-22.594545576838158,0.0],[-42.745453249629136,-22.594801230997227,0.0],[-42.745583461579592,-22.595157505982172,0.0],[-42.745629856446278,-22.595272232205332,0.0]]]}},
{"type":"Feature","properties":{"fid":316,"NOM_LOGRAD":"RUA A3","DOC_CRIAç":null,"LOCALIDADE":"PAPUCAIA","BAIRRO":"RIBEIRA","CEP":28692672,"NOME ANTIGO":null},"geometry":{"type":"MultiLineString","coordinates":[[[-42.744241515262864,-22.594580657874978,0.0],[-42.744410287922932,-22.595004873766868,0.0],[-42.744542299340551,-22.595373734480308,0.0],[-42.744665519783197,-22.595704605927153,0.0],[-42.744706244691571,-22.595804211436139,0.0]]]}},
{"type":"Feature","properties":{"fid":317,"NOM_LOGRAD":"RUA Z","DOC_CRIAç":null,"LOCALIDADE":"PAPUCAIA","BAIRRO":"RIBEIRA","CEP":null,"NOME ANTIGO":null},"geometry":{"type":"MultiLineString","coordinates":[[[-42.743109236440134,-22.59456381920748,0.0],[-42.743270130362639,-22.594977911557095,0.0],[-42.743392641540588,-22.595273235404843,0.0],[-42.743500269642041,-22.595570320437364,0.0],[-42.743758315019839,-22.596273468226773,0.0]]]}},
{"type":"Feature","properties":{"fid":318,"NOM_LOGRAD":"RUA WALDEMAR TORRES (RUA U)","DOC_CRIAç":null,"LOCALIDADE":"PAPUCAIA","BAIRRO":"RIBEIRA","CEP":null,"NOME ANTIGO":null},"geometry":{"type":"MultiLineString","coordinates":[[[-42.741218127279467,-22.595610343326118,0.0],[-42.741007709317039,-22.595932437415058,0.0],[-42.740709615054442,-22.596453798697716,0.0],[-42.740671682939549,-22.596521255247367,0.0],[-42.74043992193365,-22.596933405479113,0.0],[-42.740330031474791,-22.597128827176018,0.0],[-42.739876799349588,-22.59793183376193,0.0]]]}},
{"type":"Feature","properties":{"fid":319,"NOM_LOGRAD":"RUA S","DOC_CRIAç":null,"LOCALIDADE":"PAPUCAIA","BAIRRO":"RIBEIRA","CEP":null,"NOME ANTIGO":null},"geometry":{"type":"MultiLineString","coordinates":[[[-42.739740233015276,-22.593823579290969,0.0],[-42.739504686736041,-22.594239096760123,0.0],[-42.739284131254855,-22.594633617525513,0.0],[-42.73913304246922,-22.594906823243921,0.0],[-42.738611529250299,-22.595849837175148,0.0],[-42.738315547060751,-22.596407362721724,0.0],[-42.737919779217236,-22.597137066949553,0.0]]]}},
{"type":"Feature","properties":{"fid":320,"NOM_LOGRAD":"RUA JOSÉ DELGADO MARTINS","DOC_CRIAç":"Lei nº 454 de 20.04.1990\n","LOCALIDADE":"PAPUCAIA","BAIRRO":"RIBEIRA","CEP":null,"NOME ANTIGO":null},"geometry":{"type":"MultiLineString","coordinates":[[[-42.738858045630082,-22.593204372270606,0.0],[-42.738697912799189,-22.593498243364124,0.0],[-42.738594027948984,-22.59368011355814,0.0],[-42.738563820929656,-22.593742732082543,0.0],[-42.738502432990089,-22.593855841444586,0.0],[-42.738485846206352,-22.59388640311704,0.0],[-42.73840572730667,-22.59402696461455,0.0],[-42.738363666914353,-22.594100755695784,0.0],[-42.738174755355409,-22.594455170112607,0.0],[-42.738159616099786,-22.594483572567412,0.0],[-42.738055484436877,-22.594661446571415,0.0],[-42.737959442177669,-22.594842675593387,0.0],[-42.737752516218805,-22.595223290510205,0.0],[-42.737541535358964,-22.59560276754328,0.0],[-42.737361504020761,-22.595939465729916,0.0],[-42.737265565808741,-22.596114213442892,0.0],[-42.737217676080782,-22.596196726729332,0.0],[-42.737157835912839,-22.596298518159735,0.0],[-42.737009949484523,-22.596591330791711,0.0]]]}},
{"type":"Feature","properties":{"fid":321,"NOM_LOGRAD":"TRAVESSA SEM NOME 2","DOC_CRIAç":null,"LOCALIDADE":"PAPUCAIA","BAIRRO":"RIBEIRA","CEP":null,"NOME ANTIGO":null},"geometry":{"type":"MultiLineString","coordinates":[[[-42.738502432990089,-22.593855841444586,0.0],[-42.738417342860593,-22.593814552294411,0.0],[-42.738351516596552,-22.593784063597557,0.0],[-42.738295388878463,-22.593755353817517,0.0],[-42.738219917824907,-22.593719802301518,0.0],[-42.738169041229902,-22.593694451053693,0.0],[-42.738100602969602,-22.593661462018687,0.0],[-42.738048775214757,-22.593640203062726,0.0]]]}},
{"type":"Feature","properties":{"fid":322,"NOM_LOGRAD":"TRAVESSA SEM NOME 1","DOC_CRIAç":null,"LOCALIDADE":"PAPUCAIA","BAIRRO":"RIBEIRA","CEP":null,"NOME ANTIGO":null},"geometry":{"type":"MultiLineString","coordinates":[[[-42.73840572730667,-22.59402696461455,0.0],[-42.738213589475244,-22.593944707147774,0.0],[-42.737960746457816,-22.593831931906092,0.0]]]}},
{"type":"Feature","properties":{"fid":323,"NOM_LOGRAD":"RUA JOSÉ PEREIRA RANGEL","DOC_CRIAç":"Lei nº 718 de 16.06.1992\n","LOCALIDADE":"PAPUCAIA","BAIRRO":"RIBEIRA","CEP":null,"NOME ANTIGO":null},"geometry":{"type":"MultiLineString","coordinates":[[[-42.736831826507164,-22.592941950631385,0.0],[-42.736756556885766,-22.593087920938842,0.0],[-42.736569067033471,-22.593435021138884,0.0],[-42.736388035296095,-22.593758830338206,0.0],[-42.736297587159854,-22.593916573011597,0.0],[-42.736251432565581,-22.593997512589596,0.0],[-42.736216075664046,-22.594076106760951,0.0],[-42.736094373085116,-22.594280864180757,0.0],[-42.73596772511214,-22.594513858618093,0.0],[-42.735846427927761,-22.594748593507198,0.0],[-42.735708967606797,-22.594984765378463,0.0],[-42.735597679897161,-22.595210483099073,0.0],[-42.735464022227212,-22.595433387448651,0.0],[-42.735357126963173,-22.595588803087111,0.0]]]}},
{"type":"Feature","properties":{"fid":324,"NOM_LOGRAD":"RUA KAORO MURAOKA","DOC_CRIAç":"Lei n° 596 de 01.10.1991","LOCALIDADE":"PAPUCAIA","BAIRRO":"RIBEIRA","CEP":null,"NOME ANTIGO":null},"geometry":{"type":"MultiLineString","coordinates":[[[-42.738701386477139,-22.599764179761177,0.0],[-42.738585958119685,-22.599617234185629,0.0],[-42.738322894681048,-22.599255666557845,0.0]]]}},
{"type":"Feature","properties":{"fid":325,"NOM_LOGRAD":"RUA LUIZ EDVAL CUELLO","DOC_CRIAç":"Lei Nº 2.638/2024","LOCALIDADE":"PAPUCAIA","BAIRRO":"RIBEIRA","CEP":null,"NOME ANTIGO":null},"geometry":{"type":"MultiLineString","coordinates":[[[-42.736671972207184,-22.591509142025274,0.0],[-42.736519466833002,-22.591756428996639,0.0],[-42.736430854685366,-22.591892496932545,0.0],[-42.736276069718471,-22.592152256553756,0.0],[-42.736005219623699,-22.592616955751364,0.0],[-42.735846441292786,-22.592935756596564,0.0],[-42.735681163417006,-22.593240737760251,0.0],[-42.735261580601723,-22.594005776473146,0.0],[-42.734898694131566,-22.594681160867392,0.0],[-42.734621634027214,-22.595141270543724,0.0]]]}},
{"type":"Feature","properties":{"fid":326,"NOM_LOGRAD":"RUA JOÃO DUTRA PEREIRA","DOC_CRIAç":"Lei 2610/2024","LOCALIDADE":"PAPUCAIA","BAIRRO":"RIBEIRA","CEP":null,"NOME ANTIGO":null},"geometry":{"type":"MultiLineString","coordinates":[[[-42.735956954419734,-22.590994471979894,0.0],[-42.735566078686226,-22.591652264550707,0.0],[-42.735270813321563,-22.592192231556655,0.0],[-42.735060105960812,-22.592597080836196,0.0],[-42.735003714210599,-22.59268826677291,0.0],[-42.734950557471421,-22.592800554357105,0.0],[-42.734902448448864,-22.592876352875855,0.0],[-42.734858783195001,-22.592938894085076,0.0],[-42.734775034713813,-22.593097294813454,0.0],[-42.734688917764004,-22.59325455384699,0.0],[-42.734517840169403,-22.593571304469929,0.0],[-42.734319840169988,-22.59392867867551,0.0],[-42.734179715563052,-22.594177156586817,0.0],[-42.734052751993353,-22.594423603700513,0.0],[-42.733966141821696,-22.594584533721989,0.0],[-42.733852391238337,-22.594736924634692,0.0],[-42.733809917666377,-22.594800446622859,0.0],[-42.733455447590899,-22.595363651144115,0.0]]]}},
{"type":"Feature","properties":{"fid":327,"NOM_LOGRAD":"RUA KOTARO IKEMOTO","DOC_CRIAç":"Lei n º 1097 de 23/5/1997\n","LOCALIDADE":"PAPUCAIA","BAIRRO":"RIBEIRA","CEP":null,"NOME ANTIGO":null},"geometry":{"type":"MultiLineString","coordinates":[[[-42.735240699057925,-22.590483673000648,0.0],[-42.734951788825867,-22.590993016927158,0.0],[-42.734705246260503,-22.591443581291486,0.0],[-42.734548037135085,-22.591712801605123,0.0],[-42.73441963272176,-22.591926906679699,0.0],[-42.73425223503606,-22.592250270562783,0.0],[-42.734161873571054,-22.592413092185364,0.0],[-42.734074411055282,-22.592561148914093,0.0],[-42.733934367855035,-22.592836779790588,0.0],[-42.733509809722186,-22.593609321169058,0.0],[-42.733356399013509,-22.593889697863411,0.0],[-42.733137153199486,-22.594256277274198,0.0]]]}},
{"type":"Feature","properties":{"fid":328,"NOM_LOGRAD":"RUA JULIETA BUSQUET SALDANHA","DOC_CRIAç":null,"LOCALIDADE":"PAPUCAIA","BAIRRO":"RIBEIRA","CEP":null,"NOME ANTIGO":null},"geometry":{"type":"MultiLineString","coordinates":[[[-42.734143673673458,-22.58964838634737,0.0],[-42.733896601145801,-22.590120562411308,0.0],[-42.733800198359816,-22.590293588453648,0.0],[-42.733708456954766,-22.590463620803991,0.0],[-42.733658273949523,-22.590550411726316,0.0],[-42.733628625943766,-22.590590377494951,0.0],[-42.73360360951775,-22.590629184875798,0.0],[-42.73350085611542,-22.590827820131349,0.0],[-42.733400329211385,-22.591011189646427,0.0],[-42.73331954826795,-22.591155677342421,0.0],[-42.733236322291027,-22.591288504675902,0.0],[-42.733077474865581,-22.591572623059427,0.0],[-42.732970338750121,-22.591757122651607,0.0],[-42.732861313602427,-22.591976472814654,0.0],[-42.732697164035876,-22.592262351462775,0.0],[-42.732636696784482,-22.592373472032389,0.0],[-42.732578336116802,-22.592476667845887,0.0],[-42.732499499699607,-22.592623018105126,0.0],[-42.732416532534309,-22.592739939575807,0.0],[-42.732413095542938,-22.59278884166822,0.0],[-42.732417764651807,-22.592825620605666,0.0],[-42.732358907837373,-22.592878634894831,0.0],[-42.731962438550461,-22.593555459695928,0.0]]]}},
{"type":"Feature","properties":{"fid":329,"NOM_LOGRAD":"RUA MARIA VERALBA FERRAZ","DOC_CRIAç":"Lei nº 131 de 30.06.1983\n","LOCALIDADE":"PAPUCAIA","BAIRRO":"RIBEIRA","CEP":null,"NOME ANTIGO":null},"geometry":{"type":"MultiLineString","coordinates":[[[-42.73441963272176,-22.591926906679699,0.0],[-42.734143164607765,-22.591786054846764,0.0],[-42.734012637694477,-22.591719027335607,0.0],[-42.73360728436198,-22.591530324694855,0.0],[-42.733107151076268,-22.591294070346997,0.0],[-42.732831371232521,-22.591165161644067,0.0],[-42.732560795072864,-22.591034723250825,0.0],[-42.731415120538927,-22.590483220549466,0.0],[-42.731062321567251,-22.590314754751301,0.0],[-42.7307094972412,-22.590147890618017,0.0],[-42.730320698656307,-22.589964489730935,0.0],[-42.729938934994408,-22.589773173717777,0.0],[-42.729383989943059,-22.589512092364856,0.0],[-42.729325844979918,-22.589479215119816,0.0],[-42.728863664332195,-22.589245087991241,0.0]]]}},
{"type":"Feature","properties":{"fid":330,"NOM_LOGRAD":"RUA GUILHERME RANGEL DA SILVA","DOC_CRIAç":"Lei nº 466 de 07.05.1990\n","LOCALIDADE":"PAPUCAIA","BAIRRO":"RIBEIRA","CEP":null,"NOME ANTIGO":null},"geometry":{"type":"MultiLineString","coordinates":[[[-42.730499119729714,-22.59265285355751,0.0],[-42.730684602568424,-22.592356434502435,0.0],[-42.730811465060725,-22.592126033163222,0.0],[-42.730941076778144,-22.591873234711247,0.0],[-42.731348407659922,-22.591113066936007,0.0],[-42.731827384503504,-22.590264280487887,0.0],[-42.732286449603052,-22.58942539606057,0.0],[-42.732394858441552,-22.589235445977469,0.0],[-42.732597054878596,-22.588876632407469,0.0]]]}},
{"type":"Feature","properties":{"fid":331,"NOM_LOGRAD":"RUA MARIA MADALENA AMBRÓSIO","DOC_CRIAç":"Lei nº 715 de 08.06.1992\n","LOCALIDADE":"PAPUCAIA","BAIRRO":"RIBEIRA","CEP":null,"NOME ANTIGO":null},"geometry":{"type":"MultiLineString","coordinates":[[[-42.729841164532623,-22.592111382420196,0.0],[-42.730285846312483,-22.591295640058672,0.0],[-42.730642298552311,-22.590639563142354,0.0],[-42.731045866769982,-22.589896756403832,0.0],[-42.731601811304863,-22.588902391602517,0.0],[-42.731823569029196,-22.588534774028975,0.0]]]}},
{"type":"Feature","properties":{"fid":332,"NOM_LOGRAD":"RUA LUÍS PIRES PEDREIRA","DOC_CRIAç":"Lei nº 462 de 07.05.1990\n","LOCALIDADE":"PAPUCAIA","BAIRRO":"RIBEIRA","CEP":null,"NOME ANTIGO":null},"geometry":{"type":"MultiLineString","coordinates":[[[-42.729160347442622,-22.591556199775884,0.0],[-42.729236306640004,-22.591437549078645,0.0],[-42.729282327445567,-22.591352224716363,0.0],[-42.729377432581835,-22.591174831520306,0.0],[-42.729535901240915,-22.590875592072063,0.0],[-42.72969421350772,-22.590588415500264,0.0],[-42.729812516272666,-22.590380847248049,0.0],[-42.730041262926029,-22.589968706820081,0.0],[-42.730273591609176,-22.589542114725216,0.0],[-42.730708382194265,-22.58874133528747,0.0],[-42.730924007222114,-22.588323081748275,0.0]]]}},
{"type":"Feature","properties":{"fid":333,"NOM_LOGRAD":"RUA NILTON CESÁR LEAL","DOC_CRIAç":"Lei nº 463 de 07.05.1990\n","LOCALIDADE":"PAPUCAIA","BAIRRO":"RIBEIRA","CEP":null,"NOME ANTIGO":null},"geometry":{"type":"MultiLineString","coordinates":[[[-42.728466414566817,-22.590984932263687,0.0],[-42.728648466541593,-22.590679706174427,0.0],[-42.728793442708479,-22.590400646934796,0.0],[-42.729082524541582,-22.58989547842749,0.0],[-42.729236204836589,-22.589620615830789,0.0],[-42.729325844979918,-22.589479215119816,0.0]]]}},
{"type":"Feature","properties":{"fid":334,"NOM_LOGRAD":"RUA AGENOR CÂNDIDO DE ALMEIDA","DOC_CRIAç":null,"LOCALIDADE":"PAPUCAIA","BAIRRO":"RIBEIRA","CEP":28692376,"NOME ANTIGO":null},"geometry":{"type":"MultiLineString","coordinates":[[[-42.734896158266828,-22.598419356239646,0.0],[-42.734710598254374,-22.598278421584922,0.0],[-42.734605621166388,-22.598184746974436,0.0],[-42.734489924893715,-22.598084216058997,0.0],[-42.73431629631807,-22.597930209412109,0.0],[-42.734295968091693,-22.597912178464799,0.0],[-42.734100234374857,-22.597738439344891,0.0],[-42.733881367579393,-22.597544258590371,0.0],[-42.733863551800404,-22.597529712441009,0.0],[-42.733651562601842,-22.59735662805895,0.0],[-42.733453603093956,-22.597186803938939,0.0],[-42.733377406024928,-22.597121436362183,0.0],[-42.733128435633056,-22.596891628672104,0.0],[-42.732834702353415,-22.596639397333988,0.0],[-42.732683576307828,-22.596500483080511,0.0],[-42.732566155279322,-22.596392550023062,0.0],[-42.732224545340543,-22.59608767812994,0.0],[-42.731912877162202,-22.595828486980707,0.0],[-42.731765220102005,-22.595695654293174,0.0],[-42.731663609392953,-22.595617111661934,0.0],[-42.731613679018466,-22.595579528922883,0.0]]]}},
{"type":"Feature","properties":{"fid":335,"NOM_LOGRAD":"RUA ALVORADA","DOC_CRIAç":null,"LOCALIDADE":"PAPUCAIA","BAIRRO":"RIBEIRA","CEP":28692392,"NOME ANTIGO":null},"geometry":{"type":"MultiLineString","coordinates":[[[-42.735467450567661,-22.597253886248744,0.0],[-42.735183198084741,-22.597095044210409,0.0],[-42.734972719572795,-22.596969177009544,0.0],[-42.734924302262414,-22.596940223147612,0.0],[-42.734505475388488,-22.596689248131042,0.0],[-42.734473010450486,-22.596669435326096,0.0],[-42.734131645691413,-22.596461105450977,0.0],[-42.734019927542775,-22.596395193757424,0.0],[-42.733859337364052,-22.596300448210648,0.0],[-42.733744978888929,-22.596229835942641,0.0],[-42.733641303189522,-22.596166901455941,0.0],[-42.733465406788497,-22.596059039511118,0.0],[-42.733300162476311,-22.595960736586868,0.0],[-42.733120735719943,-22.595854504854831,0.0],[-42.733104804257344,-22.595845072427188,0.0],[-42.73283219115303,-22.595680203790526,0.0],[-42.732680085099808,-22.595593215011217,0.0],[-42.732417922953509,-22.595425147948731,0.0],[-42.732116763171334,-22.595252789895817,0.0],[-42.731875832991172,-22.595104287939161,0.0]]]}},
{"type":"Feature","properties":{"fid":336,"NOM_LOGRAD":"RUA DA FRATERNIDADE UNIVERSAL","DOC_CRIAç":null,"LOCALIDADE":"PAPUCAIA","BAIRRO":"RIBEIRA","CEP":null,"NOME ANTIGO":null},"geometry":{"type":"MultiLineString","coordinates":[[[-42.735760958998569,-22.59670160944944,0.0],[-42.735465054026491,-22.596536210725844,0.0],[-42.735190392744897,-22.596373488352196,0.0],[-42.735031552303461,-22.596279413551532,0.0],[-42.734812539302339,-22.596160769995254,0.0],[-42.734525839287983,-22.595984366348674,0.0],[-42.734423795715323,-22.5959314248765,0.0],[-42.734393111976466,-22.595968842030111,0.0],[-42.734359654282294,-22.596012424980891,0.0],[-42.734123409694192,-22.595870719548834,0.0],[-42.73386433938277,-22.595704508518416,0.0],[-42.733476659027815,-22.59545578403084,0.0],[-42.733443965665437,-22.595411887677795,0.0],[-42.733455447590899,-22.595363651144115,0.0],[-42.73344182654504,-22.595297686258149,0.0],[-42.733255233669595,-22.595184603093649,0.0],[-42.733003706948878,-22.595037716393989,0.0],[-42.732850082245491,-22.594951779727051,0.0],[-42.732547045235911,-22.594767555582376,0.0],[-42.732178273732536,-22.594556008767594,0.0]]]}},
{"type":"Feature","properties":{"fid":337,"NOM_LOGRAD":"TRAVESSA DO IMPERADOR","DOC_CRIAç":null,"LOCALIDADE":"PAPUCAIA","BAIRRO":"RIBEIRA","CEP":null,"NOME ANTIGO":null},"geometry":{"type":"MultiLineString","coordinates":[[[-42.73431629631807,-22.597930209412109,0.0],[-42.734429375816944,-22.597777707458839,0.0],[-42.734512708026678,-22.597643750169158,0.0],[-42.734608896714121,-22.59751117015918,0.0],[-42.734789645795523,-22.597248237555132,0.0],[-42.734829350787038,-22.597183024928874,0.0],[-42.734875415550817,-22.597122685533485,0.0],[-42.734972719572795,-22.596969177009544,0.0]]]}},
{"type":"Feature","properties":{"fid":338,"NOM_LOGRAD":"RUA DO COLONIZADOR","DOC_CRIAç":null,"LOCALIDADE":"PAPUCAIA","BAIRRO":"RIBEIRA","CEP":null,"NOME ANTIGO":null},"geometry":{"type":"MultiLineString","coordinates":[[[-42.733863551800404,-22.597529712441009,0.0],[-42.733960465986101,-22.597395982711173,0.0],[-42.734045082312356,-22.597288099523272,0.0],[-42.734089461000224,-22.59722098298181,0.0],[-42.73414022777844,-22.597141326542733,0.0],[-42.734241479223613,-22.596999232436286,0.0],[-42.73435664895613,-22.596837815524427,0.0],[-42.734473010450486,-22.596669435326096,0.0],[-42.734612765319795,-22.596451046677672,0.0],[-42.734744381422139,-22.596266897776626,0.0],[-42.734812539302339,-22.596160769995254,0.0],[-42.734839525379712,-22.596120124245786,0.0],[-42.734932065793551,-22.595992096167919,0.0],[-42.734999052619663,-22.595892737819899,0.0],[-42.735254455784059,-22.595524846110322,0.0]]]}},
{"type":"Feature","properties":{"fid":339,"NOM_LOGRAD":"TRAVESSA DAS MUSAS","DOC_CRIAç":null,"LOCALIDADE":"PAPUCAIA","BAIRRO":"RIBEIRA","CEP":null,"NOME ANTIGO":null},"geometry":{"type":"MultiLineString","coordinates":[[[-42.733453603093956,-22.597186803938939,0.0],[-42.733622904699949,-22.59695452869104,0.0],[-42.734019927542775,-22.596395193757424,0.0]]]}},
{"type":"Feature","properties":{"fid":340,"NOM_LOGRAD":"RUA ALMERINDA FERREIRA DE ALMEIDA","DOC_CRIAç":null,"LOCALIDADE":"PAPUCAIA","BAIRRO":"RIBEIRA","CEP":28692424,"NOME ANTIGO":null},"geometry":{"type":"MultiLineString","coordinates":[[[-42.732791720633351,-22.597200156901721,0.0],[-42.733109219738381,-22.5967728344215,0.0],[-42.733637699910872,-22.596036633056148,0.0],[-42.73386433938277,-22.595704508518416,0.0]]]}},
{"type":"Feature","properties":{"fid":341,"NOM_LOGRAD":"RUA DAS ROSAS","DOC_CRIAç":null,"LOCALIDADE":"PAPUCAIA","BAIRRO":"RIBEIRA","CEP":null,"NOME ANTIGO":null},"geometry":{"type":"MultiLineString","coordinates":[[[-42.732007277354711,-22.596548466996506,0.0],[-42.732130020311175,-22.596371247177611,0.0],[-42.732260934243207,-22.596185549614166,0.0],[-42.732306501078007,-22.596109261109333,0.0],[-42.732371380373657,-22.596030263558546,0.0],[-42.732485708283491,-22.595873243121996,0.0],[-42.732582415367091,-22.595733268526875,0.0],[-42.732680085099808,-22.595593215011217,0.0],[-42.732691683958954,-22.595571405440484,0.0],[-42.732727899235734,-22.595517050542085,0.0],[-42.732785714681462,-22.595437953004666,0.0],[-42.732905874385125,-22.59527773450603,0.0],[-42.733011819300707,-22.595122682507942,0.0],[-42.733095375294909,-22.59500130758509,0.0],[-42.733177475999319,-22.594890348612179,0.0],[-42.733488167453935,-22.594462026060672,0.0]]]}},
{"type":"Feature","properties":{"fid":342,"NOM_LOGRAD":"TRAVESSA COLIBRI","DOC_CRIAç":null,"LOCALIDADE":"PAPUCAIA","BAIRRO":"RIBEIRA","CEP":null,"NOME ANTIGO":null},"geometry":{"type":"MultiLineString","coordinates":[[[-42.732683576307828,-22.596500483080511,0.0],[-42.732851901428567,-22.596262372577158,0.0],[-42.732996431068123,-22.596041970721338,0.0],[-42.733120735719943,-22.595854504854831,0.0]]]}},
{"type":"Feature","properties":{"fid":343,"NOM_LOGRAD":"RUA A1","DOC_CRIAç":null,"LOCALIDADE":"PAPUCAIA","BAIRRO":"RIBEIRA","CEP":28692648,"NOME ANTIGO":null},"geometry":{"type":"MultiLineString","coordinates":[[[-42.745476632932636,-22.596208048257072,0.0],[-42.745302400038028,-22.596218091204676,0.0],[-42.745158018779122,-22.596264112299853,0.0],[-42.74438288310342,-22.596505820881234,0.0],[-42.744039085455341,-22.596629838623819,0.0],[-42.74369065457492,-22.596722771129659,0.0],[-42.742886494774353,-22.596972430304593,0.0],[-42.742529743331822,-22.597093022715281,0.0],[-42.742052669068862,-22.597235621569631,0.0],[-42.741853385013343,-22.597299398351435,0.0],[-42.741811483124337,-22.597312808152978,0.0],[-42.741585607887906,-22.597390209791229,0.0],[-42.741395254267559,-22.597450462041074,0.0],[-42.741341869645758,-22.597467359716966,0.0],[-42.74118017638915,-22.597521964017062,0.0],[-42.741026254539854,-22.597569567548302,0.0],[-42.740384777073515,-22.597776206971442,0.0],[-42.739876799349588,-22.59793183376193,0.0],[-42.739815291031213,-22.597950677644821,0.0],[-42.739474761275829,-22.598072819491225,0.0]]]}},
{"type":"Feature","properties":{"fid":344,"NOM_LOGRAD":"RUA V1","DOC_CRIAç":null,"LOCALIDADE":"PAPUCAIA","BAIRRO":"RIBEIRA","CEP":null,"NOME ANTIGO":null},"geometry":{"type":"MultiLineString","coordinates":[[[-42.741395254267559,-22.597450462041074,0.0],[-42.741694107324143,-22.596881275158644,0.0]]]}},
{"type":"Feature","properties":{"fid":345,"NOM_LOGRAD":"RUA X","DOC_CRIAç":null,"LOCALIDADE":"PAPUCAIA","BAIRRO":"RIBEIRA","CEP":null,"NOME ANTIGO":null},"geometry":{"type":"MultiLineString","coordinates":[[[-42.741974716835664,-22.594529964728384,0.0],[-42.742249793087133,-22.595255226727371,0.0],[-42.742337122097254,-22.595496564995372,0.0],[-42.742423045796649,-22.595730821407486,0.0],[-42.742636024188229,-22.596288894523731,0.0],[-42.742714782576691,-22.596496214235465,0.0],[-42.742796605744466,-22.596702164608555,0.0],[-42.742886494774353,-22.596972430304593,0.0]]]}},
{"type":"Feature","properties":{"fid":346,"NOM_LOGRAD":"RUA ROBERTO KUBOTA","DOC_CRIAç":"Lei n° 516 de 26.09.1990","LOCALIDADE":"PAPUCAIA","BAIRRO":"RIBEIRA","CEP":null,"NOME ANTIGO":null},"geometry":{"type":"MultiLineString","coordinates":[[[-42.740005271254347,-22.598882357949577,0.0],[-42.739532446359021,-22.598610828117632,0.0],[-42.739150125627852,-22.598724036748514,0.0],[-42.739003626230158,-22.598812920239244,0.0],[-42.738833979351725,-22.598915847346042,0.0],[-42.738550259978638,-22.599104773507882,0.0],[-42.738322894681048,-22.599255666557838,0.0],[-42.738286555495449,-22.599279783325752,0.0],[-42.737913806595955,-22.599522574610599,0.0],[-42.737400986824923,-22.599860269614236,0.0],[-42.736793603533044,-22.600260101935664,0.0],[-42.736689027556984,-22.600329616310134,0.0],[-42.736598153160564,-22.600400168568054,0.0]]]}},
{"type":"Feature","properties":{"fid":347,"NOM_LOGRAD":"RUA OCTACÍLIA VIEIRA DA SILVA","DOC_CRIAç":"Lei nº 1180 de 18.09.1998","LOCALIDADE":"PAPUCAIA","BAIRRO":"RIBEIRA","CEP":null,"NOME ANTIGO":null},"geometry":{"type":"MultiLineString","coordinates":[[[-42.740293720615895,-22.59857094203899,0.0],[-42.740173743715971,-22.598730229746952,0.0],[-42.740002324019713,-22.598885019255111,0.0],[-42.739870477076337,-22.599006447355709,0.0],[-42.739714113987695,-22.599107806135692,0.0],[-42.739495864675227,-22.599253392164073,0.0],[-42.739297616843096,-22.599385896923405,0.0],[-42.739097651988693,-22.599513366215152,0.0],[-42.738883093973577,-22.599653157143429,0.0],[-42.738701386477139,-22.599764179761177,0.0],[-42.738491228463744,-22.599909878275849,0.0],[-42.738278344939815,-22.600057208406909,0.0],[-42.737870044789553,-22.600328729248911,0.0],[-42.737604265478865,-22.600520411798438,0.0],[-42.737353759282939,-22.600713144355836,0.0],[-42.73713580562282,-22.600867591476874,0.0]]]}},
{"type":"Feature","properties":{"fid":348,"NOM_LOGRAD":"AVENIDA SENADOR DOUTEL DE ANDRADE","DOC_CRIAç":"Lei nº 577 de 12.08.1991\n","LOCALIDADE":"PAPUCAIA","BAIRRO":"RIBEIRA","CEP":28692320,"NOME ANTIGO":null},"geometry":{"type":"MultiLineString","coordinates":[[[-42.740347201543351,-22.59864719162929,0.0],[-42.740293720615874,-22.598570942039004,0.0],[-42.74014012819574,-22.598486447539223,0.0],[-42.739505967077179,-22.598093998724636,0.0],[-42.739474761275773,-22.598072819491136,0.0],[-42.739301205194089,-22.597955027560182,0.0],[-42.739090171325032,-22.597823581072625,0.0],[-42.738829206905983,-22.597670613033568,0.0],[-42.738556183886161,-22.597510575888212,0.0],[-42.738092294614908,-22.597235671608736,0.0],[-42.737919779217201,-22.597137066949553,0.0],[-42.737856717700673,-22.597101022788113,0.0],[-42.737616126814153,-22.596959641373456,0.0],[-42.737113755342094,-22.596656594009659,0.0],[-42.737009949484509,-22.596591330791721,0.0],[-42.73676071995056,-22.596434638538568,0.0],[-42.736405543035588,-22.596218362101443,0.0],[-42.736111698341873,-22.596042428100901,0.0],[-42.735637223111894,-22.595758342956081,0.0],[-42.735357126963159,-22.595588803087111,0.0],[-42.735254455784009,-22.595524846110244,0.0],[-42.735088271577695,-22.595421324697934,0.0],[-42.734621634027178,-22.595141270543738,0.0],[-42.734544274754917,-22.595094842875451,0.0],[-42.733988093870728,-22.594761525773524,0.0],[-42.733709042146984,-22.59459104636656,0.0],[-42.733488167453849,-22.594462026060661,0.0],[-42.733431900193125,-22.594429158385395,0.0],[-42.733137153199486,-22.594256277274123,0.0],[-42.73299133412354,-22.594170748103899,0.0],[-42.732771153040517,-22.594035358227277,0.0],[-42.732550832595209,-22.593907992864821,0.0],[-42.732246448648539,-22.593720561643895,0.0],[-42.731962438550447,-22.593555459695921,0.0],[-42.731686055984191,-22.593394790989777,0.0],[-42.731575540139083,-22.593321855155661,0.0],[-42.73120809994554,-22.593104443262149,0.0],[-42.730946507670573,-22.592942574530102,0.0],[-42.730839807903799,-22.592876550355729,0.0],[-42.730499119729686,-22.5926528535575,0.0],[-42.730345450960201,-22.592524110899237,0.0],[-42.730191751274717,-22.592397270983078,0.0],[-42.729841164532601,-22.592111382420196,0.0],[-42.729160347442573,-22.591556199775855,0.0],[-42.728747622748166,-22.591219633749667,0.0],[-42.728105763422356,-22.590683924436323,0.0],[-42.727899576237895,-22.590529894146108,0.0],[-42.727634773226988,-22.590332074577059,0.0]]]}},
{"type":"Feature","properties":{"fid":349,"NOM_LOGRAD":"RUA SEM NOME 1","DOC_CRIAç":null,"LOCALIDADE":"PAPUCAIA","BAIRRO":"RIBEIRA","CEP":null,"NOME ANTIGO":null},"geometry":{"type":"MultiLineString","coordinates":[[[-42.727634773226974,-22.590332074577038,0.0],[-42.727531370670818,-22.590348896261609,0.0],[-42.727485503725639,-22.590379224034617,0.0],[-42.726404258802113,-22.591234246319939,0.0]]]}},
{"type":"Feature","properties":{"fid":350,"NOM_LOGRAD":"RUA GESSY MENEZES","DOC_CRIAç":"Lei nº 784 de 02.12.1992\n","LOCALIDADE":"PAPUCAIA","BAIRRO":"RIBEIRA","CEP":null,"NOME ANTIGO":null},"geometry":{"type":"MultiLineString","coordinates":[[[-42.737378445263218,-22.592767148040171,0.0],[-42.737231115664841,-22.592757988114155,0.0],[-42.736989435562982,-22.59274144221564,0.0],[-42.736950707922418,-22.592738855276565,0.0],[-42.736798147800755,-22.592728664434272,0.0],[-42.736589934309002,-22.592717988798071,0.0],[-42.736436814754498,-22.592716533399553,0.0],[-42.736264797389566,-22.592721144244713,0.0],[-42.736115336419537,-22.59271841899761,0.0],[-42.736010445747141,-22.592721219056052,0.0],[-42.735905712541246,-22.592714392744067,0.0],[-42.735737573712733,-22.592709881539033,0.0],[-42.735564862408246,-22.592703165986702,0.0],[-42.735207798644495,-22.592697058936963,0.0],[-42.734856616889111,-22.592683545245386,0.0],[-42.73416416542085,-22.592684471182107,0.0],[-42.733324009201134,-22.592644305023676,0.0],[-42.732708407855434,-22.592651078644238,0.0],[-42.732221306079559,-22.592635639408712,0.0],[-42.731886023743769,-22.592636251683668,0.0],[-42.731663309361799,-22.592657710943662,0.0],[-42.731469734953507,-22.592673385724115,0.0]]]}},
{"type":"Feature","properties":{"fid":351,"NOM_LOGRAD":"RUA ORLANDO ALVES DA SILVA","DOC_CRIAç":"Lei nº 614 de 30.10.1991\n","LOCALIDADE":"PAPUCAIA","BAIRRO":"RIBEIRA","CEP":null,"NOME ANTIGO":null},"geometry":{"type":"MultiLineString","coordinates":[[[-42.731527511730008,-22.592633187902607,0.0],[-42.731469734953507,-22.592673385724115,0.0],[-42.731384684495545,-22.592732558949848,0.0],[-42.731176974122477,-22.592872678024115,0.0],[-42.73105344717807,-22.592917497512534,0.0],[-42.730946507670645,-22.592942574530191,0.0]],[[-42.731527511730008,-22.592633187902607,0.0],[-42.731627885807633,-22.592398310364711,0.0],[-42.732102679972002,-22.591537242086915,0.0],[-42.73254529511739,-22.590765346973654,0.0],[-42.733397227910075,-22.589230280233792,0.0]]]}},
{"type":"Feature","properties":{"fid":352,"NOM_LOGRAD":"AVENIDA PADRE ANTONIO DA COSTA CARVALHO","DOC_CRIAç":"Lei n° 90 de 11.12.1981","LOCALIDADE":"PAPUCAIA","BAIRRO":"RIBEIRA","CEP":28692456,"NOME ANTIGO":"Rua Projetada \"K\""},"geometry":{"type":"MultiLineString","coordinates":[[[-42.731259544115467,-22.596180231476282,0.0],[-42.731369589370289,-22.595998308834023,0.0],[-42.731613679018466,-22.595579528922883,0.0],[-42.731875832991172,-22.595104287939147,0.0],[-42.732178273732515,-22.594556008767583,0.0],[-42.732213470114431,-22.594492202715493,0.0],[-42.732550832595258,-22.593907992864807,0.0],[-42.732806515250559,-22.593468252569338,0.0],[-42.733087925814736,-22.592958532688474,0.0],[-42.73314529718705,-22.59284858973454,0.0],[-42.733238032974185,-22.592670876143032,0.0],[-42.733316766503663,-22.592518867479509,0.0],[-42.7339741289003,-22.591355870966463,0.0],[-42.734713149235048,-22.590024257128558,0.0],[-42.735045208065344,-22.589457915229918,0.0]]]}},
{"type":"Feature","properties":{"fid":353,"NOM_LOGRAD":"RUA IRINEU DE CASTRO LEAL","DOC_CRIAç":"Lei nº 452/90 de 20.04.1990\n","LOCALIDADE":"PAPUCAIA","BAIRRO":"RIBEIRA","CEP":null,"NOME ANTIGO":null},"geometry":{"type":"MultiLineString","coordinates":[[[-42.737782825064826,-22.592977696461769,0.0],[-42.737666439425887,-22.593194027634812,0.0],[-42.737328423120758,-22.59383068166257,0.0],[-42.737159526278084,-22.594126701154625,0.0],[-42.736910970478192,-22.594586669088979,0.0],[-42.73669334567159,-22.594981216055434,0.0],[-42.736663665411257,-22.595035265406469,0.0],[-42.736111698341887,-22.596042428100986,0.0]]]}},
{"type":"Feature","properties":{"fid":354,"NOM_LOGRAD":"RUA DAS PALMEIRAS","DOC_CRIAç":null,"LOCALIDADE":"PAPUCAIA","BAIRRO":"RIBEIRA","CEP":null,"NOME ANTIGO":null},"geometry":{"type":"MultiLineString","coordinates":[[[-42.736111698341887,-22.596042428100986,0.0],[-42.736011223924052,-22.596210014066855,0.0],[-42.735802545574927,-22.596622687908855,0.0],[-42.735760958998569,-22.59670160944944,0.0],[-42.73560804033918,-22.596991812137851,0.0],[-42.735467450567661,-22.597253886248744,0.0],[-42.735246046398025,-22.597724190973207,0.0],[-42.734896158266828,-22.598419356239646,0.0],[-42.734708524262821,-22.598808943641423,0.0]]]}},
{"type":"Feature","properties":{"fid":355,"NOM_LOGRAD":"RUA SEM NOME 2","DOC_CRIAç":null,"LOCALIDADE":"PAPUCAIA","BAIRRO":"RIBEIRA","CEP":null,"NOME ANTIGO":null},"geometry":{"type":"MultiLineString","coordinates":[[[-42.73913304246922,-22.594906823243921,0.0],[-42.738584118519995,-22.594640740275228,0.0],[-42.738174755355409,-22.594455170112607,0.0]]]}},
{"type":"Feature","properties":{"fid":356,"NOM_LOGRAD":"RUA MARIA MUNIZ DE OLIVEIRA","DOC_CRIAç":"Lei n° 741 de 20.08.1992","LOCALIDADE":"PAPUCAIA","BAIRRO":"RIBEIRA","CEP":null,"NOME ANTIGO":null},"geometry":{"type":"MultiLineString","coordinates":[[[-42.736950707922418,-22.592738855276565,0.0],[-42.737330727662737,-22.592006527448536,0.0],[-42.737330727662737,-22.592006527448536,0.0],[-42.737342760298539,-22.591992379539786,0.0]]]}},
{"type":"Feature","properties":{"fid":357,"NOM_LOGRAD":"RUA JERRY PEREIRA BUSQUET","DOC_CRIAç":"Lei 1192 de 16/10/1998","LOCALIDADE":"PAPUCAIA","BAIRRO":"RIBEIRA","CEP":null,"NOME ANTIGO":null},"geometry":{"type":"MultiLineString","coordinates":[[[-42.740601722985083,-22.59439102879848,0.0],[-42.74033303458863,-22.594892770591269,0.0],[-42.7401102169651,-22.595316563009032,0.0],[-42.739918710431731,-22.595659122467822,0.0],[-42.73980657664638,-22.595866639732858,0.0],[-42.739716543035279,-22.596042368199633,0.0],[-42.739627814285086,-22.596211890361712,0.0],[-42.739508621114297,-22.596410682833493,0.0],[-42.738904591983498,-22.597530752328666,0.0],[-42.738829206906047,-22.59767061303361,0.0]]]}},
{"type":"Feature","properties":{"fid":358,"NOM_LOGRAD":"RUA LINDOR BENEDITO","DOC_CRIAç":"Lei nº 618 de 21.11.1991","LOCALIDADE":"PAPUCAIA","BAIRRO":"RIBEIRA","CEP":null,"NOME ANTIGO":null},"geometry":{"type":"MultiLineString","coordinates":[[[-42.73314529718705,-22.59284858973454,0.0],[-42.732642091619901,-22.592838788990267,0.0],[-42.732327763486843,-22.592843075669901,0.0],[-42.732071098429778,-22.592834565492105,0.0],[-42.73185341506526,-22.59283689713364,0.0],[-42.731817814763609,-22.592836394128366,0.0]]]}},
{"type":"Feature","properties":{"fid":359,"NOM_LOGRAD":"RUA FUSAKO EIHARA","DOC_CRIAç":"Lei 2462/2020","LOCALIDADE":"PAPUCAIA","BAIRRO":"RIBEIRA","CEP":null,"NOME ANTIGO":null},"geometry":{"type":"MultiLineString","coordinates":[[[-42.739003626230165,-22.598812920239258,0.0],[-42.738511992094701,-22.598914651261875,0.0],[-42.738211815899085,-22.599009806157071,0.0],[-42.737825841630169,-22.59912630065417,0.0],[-42.737454145637336,-22.599249676802255,0.0],[-42.736940596815359,-22.599411975027262,0.0],[-42.736807967110394,-22.599491951115379,0.0],[-42.736577001944482,-22.599644870094497,0.0],[-42.736352426708351,-22.599792032666315,0.0],[-42.736067736888472,-22.599964061207469,0.0]]]}},
{"type":"Feature","properties":{"fid":360,"NOM_LOGRAD":"RUA NAOTARO KAWAE","DOC_CRIAç":"Lei nº 235  de 20.08.86\n","LOCALIDADE":"PAPUCAIA","BAIRRO":"RIBEIRA","CEP":null,"NOME ANTIGO":null},"geometry":{"type":"MultiLineString","coordinates":[[[-42.737219505195377,-22.600939629610451,0.0],[-42.73713580562282,-22.600867591476874,0.0],[-42.736598153160564,-22.600400168568068,0.0],[-42.736470222534031,-22.600288947876759,0.0],[-42.736067736888472,-22.599964061207469,0.0],[-42.735859456056325,-22.599795935839516,0.0],[-42.735270549407034,-22.59928652689068,0.0],[-42.734961764365138,-22.599028278776146,0.0],[-42.734708524262821,-22.598808943641423,0.0],[-42.734663771485472,-22.598770182466794,0.0],[-42.734486163550358,-22.598630708266619,0.0],[-42.733572382841523,-22.59785780625154,0.0],[-42.73295839636134,-22.597343024682072,0.0],[-42.732791720633351,-22.597200156901721,0.0],[-42.732653271730527,-22.597081483690985,0.0],[-42.732339265365177,-22.596813135384469,0.0],[-42.732007277354711,-22.596548466996506,0.0],[-42.731989455092048,-22.596534258637856,0.0],[-42.73136958937031,-22.595998308834023,0.0]]]}},
{"type":"Feature","properties":{"fid":361,"NOM_LOGRAD":"RUA ALFREDO ALVES BARBOSA","DOC_CRIAç":"Lei nº 1438/02 de 16.09.2002","LOCALIDADE":"PAPUCAIA","BAIRRO":"RIBEIRA","CEP":28692560,"NOME ANTIGO":"Rua \"R\""},"geometry":{"type":"MultiLineString","coordinates":[[[-42.746514786756755,-22.594599072717113,0.0],[-42.746311985824988,-22.594567900259761,0.0],[-42.746189842105842,-22.594535967078755,0.0],[-42.746092536898814,-22.59451600497221,0.0],[-42.745972328329735,-22.594518965982694,0.0],[-42.745824551465503,-22.594523864238628,0.0],[-42.745523992208895,-22.594533590036825,0.0],[-42.745369668278485,-22.594545576838158,0.0],[-42.745295899636155,-22.594551306615713,0.0],[-42.744960225904443,-22.594565187067445,0.0],[-42.744642071539907,-22.594579312968307,0.0],[-42.744241515262864,-22.594580657874978,0.0],[-42.743916155692013,-22.594576085261611,0.0],[-42.74361081832491,-22.594571793441073,0.0],[-42.743109236440134,-22.59456381920748,0.0],[-42.741974716835664,-22.594529964728384,0.0],[-42.741841705971794,-22.594525995110452,0.0],[-42.740871166112754,-22.594479796044514,0.0],[-42.740789944527641,-22.594479013343097,0.0],[-42.740656567695716,-22.594422133797782,0.0],[-42.740601722985083,-22.59439102879848,0.0],[-42.740535744719516,-22.594353609398006,0.0],[-42.739808374188392,-22.593874419001086,0.0],[-42.739740233015276,-22.593823579290969,0.0],[-42.73967976850669,-22.593778467040067,0.0],[-42.739358131735564,-22.593546139539992,0.0],[-42.739108183269579,-22.59336944623562,0.0],[-42.738922547197738,-22.59324014788508,0.0],[-42.738858045630082,-22.593204372270606,0.0],[-42.738746675615396,-22.593126095949277,0.0],[-42.738669694524312,-22.593088494907786,0.0],[-42.738581478075993,-22.593048223503768,0.0],[-42.738393452407799,-22.592988625045589,0.0],[-42.738294879490617,-22.592969802723029,0.0],[-42.738171127436225,-22.59295992344795,0.0],[-42.737782825064826,-22.592977696461769,0.0],[-42.737518143927765,-22.592936774710854,0.0],[-42.737231638947989,-22.592929249708792,0.0],[-42.736831826507164,-22.592941950631385,0.0],[-42.736800847451548,-22.59294293470748,0.0],[-42.736399255367019,-22.592931461140147,0.0],[-42.735995445820322,-22.59290252178883,0.0],[-42.735457455838336,-22.592889122111195,0.0],[-42.735183446004207,-22.592882931961363,0.0],[-42.734902448448864,-22.592876352875855,0.0],[-42.734372888367915,-22.592851736058606,0.0],[-42.733808430483322,-22.592849579629842,0.0],[-42.73314529718705,-22.59284858973454,0.0]]]}},
{"type":"Feature","properties":{"fid":362,"NOM_LOGRAD":"RUA GENÉSIO DA ROCHA PINTO","DOC_CRIAç":"Lei n° 453 de 20.04.1990","LOCALIDADE":"PAPUCAIA","BAIRRO":"RIBEIRA","CEP":null,"NOME ANTIGO":null},"geometry":{"type":"MultiLineString","coordinates":[[[-42.738757537725739,-22.59268836167141,0.0],[-42.738709180590341,-22.592670407688384,0.0],[-42.738672007568049,-22.592668555365904,0.0],[-42.738633425684171,-22.592665354511063,0.0],[-42.738584656213327,-22.592672639547665,0.0],[-42.738537273897435,-22.592682601464908,0.0],[-42.738485599876867,-22.592692502906221,0.0],[-42.738438260959178,-22.592699808050686,0.0],[-42.738366732641509,-22.592698800322932,0.0],[-42.738288529032694,-22.592668467622651,0.0],[-42.73787276234367,-22.592367643049819,0.0],[-42.737649404067128,-22.592201068195703,0.0],[-42.737557329571892,-22.592143966154847,0.0],[-42.737431464581192,-22.592053170907082,0.0],[-42.737342760298539,-22.591992379539786,0.0],[-42.737079121135693,-22.591811700140614,0.0],[-42.736910948246312,-22.591683105201351,0.0],[-42.73671299470579,-22.591538146133399,0.0],[-42.736671972207184,-22.591509142025274,0.0],[-42.736454136124443,-22.591355125171471,0.0],[-42.73622865716483,-22.59118718996762,0.0],[-42.735988158024078,-22.591019042655326,0.0],[-42.735956954419734,-22.590994471979894,0.0],[-42.735924587329464,-22.59096898512507,0.0],[-42.735871658862493,-22.590924392366873,0.0],[-42.735685823707662,-22.590782260425637,0.0],[-42.735537441972021,-22.590668558774155,0.0],[-42.735321263801687,-22.590500753622329,0.0],[-42.735244299060803,-22.59043854882961,0.0],[-42.73509946181381,-22.590326889832806,0.0],[-42.734953887800366,-22.590216548999724,0.0],[-42.734599105536944,-22.589949794110723,0.0],[-42.734324538738569,-22.589765219736744,0.0],[-42.734143673673458,-22.58964838634737,0.0],[-42.734112155005015,-22.589628026196714,0.0],[-42.733981916100845,-22.589542481488483,0.0],[-42.733802022040862,-22.589430990965276,0.0],[-42.733592130716396,-22.589316419445435,0.0],[-42.733397227910075,-22.589230280233792,0.0],[-42.732597054878596,-22.588876632407469,0.0],[-42.731823569029196,-22.588534774028975,0.0],[-42.731525043449608,-22.588402832953701,0.0],[-42.731283809936727,-22.588350575062609,0.0],[-42.731068202998244,-22.588326037029731,0.0],[-42.730924007222114,-22.588323081748275,0.0],[-42.730746501703855,-22.588319443608373,0.0],[-42.730650390793897,-22.58833343598647,0.0],[-42.730545946466641,-22.588385175936601,0.0],[-42.730366018694156,-22.588537164347024,0.0],[-42.730028618091815,-22.588815873222291,0.0],[-42.729539319113243,-22.589217286705921,0.0],[-42.729118270210307,-22.589556213768518,0.0],[-42.728753234677342,-22.589839645633951,0.0],[-42.728207230636855,-22.590270953920765,0.0],[-42.727899576237924,-22.590529894146098,0.0],[-42.727899576237924,-22.590529894146098,0.0]]]}},
{"type":"Feature","properties":{"fid":363,"NOM_LOGRAD":"SERVIDÃO","DOC_CRIAç":null,"LOCALIDADE":"PAPUCAIA","BAIRRO":"RIBEIRA","CEP":null,"NOME ANTIGO":null},"geometry":{"type":"MultiLineString","coordinates":[[[-42.741673606832968,-22.596827404228062,0.0],[-42.741511414038804,-22.59676960377077,0.0],[-42.741352038595494,-22.596675255603802,0.0]]]}},
{"type":"Feature","properties":{"fid":364,"NOM_LOGRAD":"RUA V","DOC_CRIAç":null,"LOCALIDADE":"PAPUCAIA","BAIRRO":"RIBEIRA","CEP":null,"NOME ANTIGO":null},"geometry":{"type":"MultiLineString","coordinates":[[[-42.741853385013343,-22.597299398351435,0.0],[-42.741694107324143,-22.596881275158644,0.0],[-42.741673606832968,-22.596827404228062,0.0],[-42.741565832649002,-22.596532829660344,0.0],[-42.741395251721151,-22.596077440152545,0.0],[-42.741244961176164,-22.595675944241872,0.0],[-42.741218127279467,-22.595610343326118,0.0],[-42.741189777623703,-22.595519703920285,0.0],[-42.741148528539675,-22.595394037656948,0.0],[-42.741111870841905,-22.595281838048326,0.0],[-42.741063144557515,-22.595142664496269,0.0],[-42.740968024187858,-22.594898302037482,0.0],[-42.740908745307927,-22.594757192999612,0.0],[-42.740789944527641,-22.594479013343097,0.0]]]}},
{"type":"Feature","properties":{"fid":365,"NOM_LOGRAD":"TRAVESSA SEM NOME","DOC_CRIAç":null,"LOCALIDADE":"PAPUCAIA","BAIRRO":"RIBEIRA","CEP":null,"NOME ANTIGO":null},"geometry":{"type":"MultiLineString","coordinates":[[[-42.74043992193365,-22.596933405479113,0.0],[-42.740779366848322,-22.597097703708744,0.0]]]}},
{"type":"Feature","properties":{"fid":366,"NOM_LOGRAD":"TRAVESSA SEM NOME","DOC_CRIAç":null,"LOCALIDADE":"PAPUCAIA","BAIRRO":"RIBEIRA","CEP":null,"NOME ANTIGO":null},"geometry":{"type":"MultiLineString","coordinates":[[[-42.741034210903464,-22.596700120102401,0.0],[-42.740671682939549,-22.596521255247367,0.0]]]}},
{"type":"Feature","properties":{"fid":367,"NOM_LOGRAD":"RUA ANTÔNIA GONÇALVES MESQUITA","DOC_CRIAç":"Lei nº 836 de 03.06.1983","LOCALIDADE":"PAPUCAIA","BAIRRO":"SEBASTIÃO MENDES","CEP":28692033,"NOME ANTIGO":"Rua \"F\""},"geometry":{"type":"MultiLineString","coordinates":[[[-42.75055027377352,-22.604840696691756,0.0],[-42.750356425649215,-22.605063465417839,0.0],[-42.750157385487341,-22.605300362202954,0.0],[-42.74959986898898,-22.605898582911642,0.0],[-42.7493709742634,-22.606164289973243,0.0],[-42.749255572506797,-22.60629128393666,0.0],[-42.749163759380565,-22.606387429870026,0.0],[-42.748958895800286,-22.606595013020041,0.0],[-42.748901226282321,-22.60665656160106,0.0],[-42.748832652849266,-22.606743289971785,0.0],[-42.748727868606231,-22.60686263774156,0.0],[-42.748514134608165,-22.607099325905754,0.0],[-42.74836891785656,-22.607272116176688,0.0],[-42.748101828580268,-22.607543683875782,0.0],[-42.747885994079859,-22.60778034156025,0.0]]]}},
{"type":"Feature","properties":{"fid":368,"NOM_LOGRAD":"RUA SEBASTIÃO MENDES","DOC_CRIAç":"Lei nº 991 de 24.05.1995","LOCALIDADE":"PAPUCAIA","BAIRRO":"SEBASTIÃO MENDES","CEP":null,"NOME ANTIGO":null},"geometry":{"type":"MultiLineString","coordinates":[[[-42.749990284811133,-22.604502354830377,0.0],[-42.749310725014311,-22.605250711691703,0.0],[-42.748957173590213,-22.605632742795741,0.0],[-42.748626833863788,-22.606000098566014,0.0],[-42.748279125626361,-22.606368754788363,0.0],[-42.747954474982855,-22.606732218716658,0.0],[-42.747811212714559,-22.606872483718046,0.0],[-42.74755292617612,-22.607168640986728,0.0],[-42.747343285122263,-22.607374386980982,0.0]]]}},
{"type":"Feature","properties":{"fid":369,"NOM_LOGRAD":"RUA JOSÉ PEREIRA PINTO","DOC_CRIAç":null,"LOCALIDADE":"PAPUCAIA","BAIRRO":"SEBASTIÃO MENDES","CEP":null,"NOME ANTIGO":null},"geometry":{"type":"MultiLineString","coordinates":[[[-42.749465873505784,-22.606648846485424,0.0],[-42.749439151689614,-22.606628248243464,0.0],[-42.749439151689614,-22.606628248243464,0.0],[-42.749465873505784,-22.606648846485424,0.0],[-42.749465873505784,-22.606648846485424,0.0],[-42.748977149431084,-22.606272116875076,0.0],[-42.748626833863781,-22.606000098566025,0.0],[-42.748548110386274,-22.605935201292709,0.0],[-42.748381595866086,-22.605800963227161,0.0],[-42.748113533859978,-22.605594982820165,0.0]]]}},
{"type":"Feature","properties":{"fid":370,"NOM_LOGRAD":"RUA JOVENTINA XAVIER MENDES","DOC_CRIAç":"Lei nº 743 de 20.08.1992\n","LOCALIDADE":"PAPUCAIA","BAIRRO":"SEBASTIÃO MENDES","CEP":null,"NOME ANTIGO":null},"geometry":{"type":"MultiLineString","coordinates":[[[-42.748161153375364,-22.60799449324896,0.0],[-42.748029059945495,-22.60791523841479,0.0],[-42.74788599407988,-22.607780341560293,0.0],[-42.747657892706478,-22.607630800573496,0.0],[-42.747458266429142,-22.607473400885233,0.0],[-42.747343285122248,-22.607374386981061,0.0],[-42.74729377347235,-22.607349622229535,0.0],[-42.747098111611351,-22.607192277802366,0.0],[-42.746845982123759,-22.606964419853192,0.0],[-42.746814615898849,-22.606943453433804,0.0]]]}},
{"type":"Feature","properties":{"fid":371,"NOM_LOGRAD":"RUA A","DOC_CRIAç":null,"LOCALIDADE":"PAPUCAIA","BAIRRO":"SEBASTIÃO MENDES","CEP":28692011,"NOME ANTIGO":null},"geometry":{"type":"MultiLineString","coordinates":[[[-42.750712250776864,-22.60510854586936,0.0],[-42.75053023816529,-22.604999128035562,0.0],[-42.750372696512478,-22.60490232579015,0.0],[-42.750113953509377,-22.604747174068358,0.0],[-42.74989845668388,-22.604618238081006,0.0],[-42.749710234640879,-22.60450417958107,0.0],[-42.749452306292412,-22.604350193414781,0.0],[-42.749307527785561,-22.604265486265941,0.0]]]}},
{"type":"Feature","properties":{"fid":372,"NOM_LOGRAD":"RUA JOSÉ PEREIRA PINTO","DOC_CRIAç":null,"LOCALIDADE":"PAPUCAIA","BAIRRO":"VENEZA","CEP":null,"NOME ANTIGO":null},"geometry":{"type":"MultiLineString","coordinates":[[[-42.748134818841109,-22.605602624702531,0.0],[-42.74772293909745,-22.60528224977233,0.0],[-42.747595615421851,-22.605180680805024,0.0],[-42.747461038171537,-22.605080721206729,0.0],[-42.747286939888937,-22.604939780597885,0.0],[-42.747096182412989,-22.604804101817543,0.0]]]}},
{"type":"Feature","properties":{"fid":373,"NOM_LOGRAD":"RUA ORCÍDIA DONALDA DA CONCEIÇÃO","DOC_CRIAç":null,"LOCALIDADE":"PAPUCAIA","BAIRRO":"VENEZA","CEP":null,"NOME ANTIGO":null},"geometry":{"type":"MultiLineString","coordinates":[[[-42.747096182412989,-22.604804101817543,0.0],[-42.747034283707343,-22.604825235214598,0.0],[-42.746925701625045,-22.60494343207457,0.0],[-42.746778152315116,-22.60510837902185,0.0],[-42.746165814397536,-22.605758985937683,0.0],[-42.745824399771465,-22.60613872200571,0.0],[-42.745400649661939,-22.60660476120896,0.0],[-42.745027546798354,-22.607031845047906,0.0],[-42.744517052557555,-22.607570378711511,0.0]]]}},
{"type":"Feature","properties":{"fid":374,"NOM_LOGRAD":"RUA ILCIMAR MACHADO","DOC_CRIAç":null,"LOCALIDADE":"PAPUCAIA","BAIRRO":"VENEZA","CEP":null,"NOME ANTIGO":null},"geometry":{"type":"MultiLineString","coordinates":[[[-42.745463666177343,-22.608322121336681,0.0],[-42.745054885069663,-22.608004305246592,0.0],[-42.744873151348891,-22.607862243323716,0.0],[-42.744793933918672,-22.607798879438839,0.0],[-42.744594376647171,-22.607639258551824,0.0],[-42.744517052557555,-22.607570378711511,0.0],[-42.744400148112646,-22.607486375349513,0.0],[-42.744019955833416,-22.607191929954826,0.0],[-42.743646538556085,-22.606889174961225,0.0],[-42.743522240680115,-22.606794927337287,0.0],[-42.743211006663216,-22.60655893630949,0.0]]]}},
{"type":"Feature","properties":{"fid":375,"NOM_LOGRAD":"RUA SEM NOME","DOC_CRIAç":null,"LOCALIDADE":"PAPUCAIA","BAIRRO":"VENEZA","CEP":null,"NOME ANTIGO":null},"geometry":{"type":"MultiLineString","coordinates":[[[-42.745889350193139,-22.607836912891777,0.0],[-42.745727781801726,-22.608025759931973,0.0],[-42.745628323358062,-22.608142813494073,0.0],[-42.745509825115967,-22.608273344772808,0.0],[-42.745463666177343,-22.608322121336681,0.0],[-42.745395205024522,-22.608417912748568,0.0],[-42.744928167696372,-22.608912719868723,0.0]]]}},
{"type":"Feature","properties":{"fid":376,"NOM_LOGRAD":"RUA GRACINDA DE SOUZA PINTO","DOC_CRIAç":null,"LOCALIDADE":"PAPUCAIA","BAIRRO":"VENEZA","CEP":null,"NOME ANTIGO":null},"geometry":{"type":"MultiLineString","coordinates":[[[-42.745889350193139,-22.607836912891777,0.0],[-42.745641158529338,-22.607644100979755,0.0],[-42.74523715576575,-22.607322547101926,0.0],[-42.744923231446869,-22.607070927258683,0.0],[-42.744669919526608,-22.606881960851503,0.0],[-42.744402342293384,-22.60666074807704,0.0],[-42.744144363634909,-22.606455692591513,0.0],[-42.743949759757101,-22.606295018104237,0.0],[-42.743747724801253,-22.606136527876217,0.0],[-42.743673826082656,-22.606074558742808,0.0]]]}},
{"type":"Feature","properties":{"fid":377,"NOM_LOGRAD":"RUA EDGAR RODRIGUES","DOC_CRIAç":null,"LOCALIDADE":"PAPUCAIA","BAIRRO":"VENEZA","CEP":null,"NOME ANTIGO":null},"geometry":{"type":"MultiLineString","coordinates":[[[-42.746337998881224,-22.607352829541195,0.0],[-42.74567840897339,-22.606840243920839,0.0],[-42.745425051853907,-22.606645692266145,0.0],[-42.745289043372608,-22.606526939058753,0.0],[-42.744732254957086,-22.606092191253975,0.0],[-42.744309350313991,-22.605758190212487,0.0],[-42.744108310244144,-22.605620546201294,0.0]]]}},
{"type":"Feature","properties":{"fid":378,"NOM_LOGRAD":"RUA ALDERICO DE SOUZA JORDÃO","DOC_CRIAç":null,"LOCALIDADE":"PAPUCAIA","BAIRRO":"VENEZA","CEP":28691760,"NOME ANTIGO":null},"geometry":{"type":"MultiLineString","coordinates":[[[-42.745824399771465,-22.60613872200571,0.0],[-42.7455432846617,-22.605911571346716,0.0],[-42.74522591324989,-22.605664501983085,0.0],[-42.744929165312797,-22.605434704591822,0.0],[-42.744828745230286,-22.605343527624107,0.0],[-42.744764305515375,-22.605289247779318,0.0],[-42.744736241532479,-22.605247609671185,0.0],[-42.744700502802878,-22.605210868223057,0.0]]]}},
{"type":"Feature","properties":{"fid":379,"NOM_LOGRAD":"RUA UBALDO JOSÉ DA ROCHA","DOC_CRIAç":"Lei nº 011 de\t27.04.76\n","LOCALIDADE":"PAPUCAIA","BAIRRO":"VENEZA","CEP":null,"NOME ANTIGO":null},"geometry":{"type":"MultiLineString","coordinates":[[[-42.746917138592941,-22.605918045688131,0.0],[-42.746719936701922,-22.605799285360611,0.0],[-42.746521352498604,-22.60567677510112,0.0],[-42.746275335511591,-22.60553438385308,0.0],[-42.745971202765702,-22.605343878550407,0.0],[-42.745619758397687,-22.605126103272891,0.0],[-42.745402847402566,-22.604986480596299,0.0],[-42.745293346101036,-22.604935283778854,0.0]]]}},
{"type":"Feature","properties":{"fid":380,"NOM_LOGRAD":"RUA JOVENTINA XAVIER MENDES","DOC_CRIAç":"Lei n° 743 de 20.08.1992","LOCALIDADE":"PAPUCAIA","BAIRRO":"VENEZA","CEP":null,"NOME ANTIGO":null},"geometry":{"type":"MultiLineString","coordinates":[[[-42.746839095494352,-22.60696156435047,0.0],[-42.746750028850158,-22.606900280870484,0.0],[-42.746604423447188,-22.606771989080883,0.0],[-42.746364307678355,-22.606571001938647,0.0]]]}},
{"type":"Feature","properties":{"fid":381,"NOM_LOGRAD":"RUA DORALICE","DOC_CRIAç":null,"LOCALIDADE":"PAPUCAIA","BAIRRO":"VENEZA","CEP":null,"NOME ANTIGO":null},"geometry":{"type":"MultiLineString","coordinates":[[[-42.74636430767832,-22.606571001938654,0.0],[-42.746411433586829,-22.606512713497843,0.0],[-42.746523576246645,-22.60636633155989,0.0],[-42.746730756001334,-22.606121938719618,0.0],[-42.746917138592877,-22.605918045688078,0.0],[-42.746986184290321,-22.60583743087674,0.0],[-42.747595615421851,-22.605180680804981,0.0],[-42.748734162380849,-22.603935082138982,0.0],[-42.748794434612535,-22.603865454739243,0.0],[-42.748918944367745,-22.603701637138705,0.0]]]}},
{"type":"Feature","properties":{"fid":382,"NOM_LOGRAD":"RUA A","DOC_CRIAç":null,"LOCALIDADE":"PAPUCAIA","BAIRRO":"VENEZA","CEP":28691860,"NOME ANTIGO":null},"geometry":{"type":"MultiLineString","coordinates":[[[-42.749307527785561,-22.604265486265941,0.0],[-42.749127154929887,-22.604151592533292,0.0],[-42.748941800625772,-22.604049557375433,0.0],[-42.748726349299773,-22.603930774618064,0.0]]]}},
{"type":"Feature","properties":{"fid":383,"NOM_LOGRAD":"RUA MARIA DE ALMEIDA","DOC_CRIAç":null,"LOCALIDADE":"PAPUCAIA","BAIRRO":"VENEZA","CEP":null,"NOME ANTIGO":null},"geometry":{"type":"MultiLineString","coordinates":[[[-42.744793933918672,-22.607798879438839,0.0],[-42.74472727102075,-22.607926435177998,0.0],[-42.744684878009728,-22.607990843813315,0.0],[-42.744644243083705,-22.60804634177055,0.0],[-42.744593858615232,-22.608114982199119,0.0],[-42.744483628679191,-22.608247703481176,0.0],[-42.744428645948261,-22.608305950674968,0.0],[-42.744421665095373,-22.608344215637153,0.0],[-42.744408232655651,-22.608388291913663,0.0],[-42.744396762441404,-22.608458217093322,0.0],[-42.744362290612827,-22.608574297263928,0.0],[-42.744322558518263,-22.608671859668021,0.0],[-42.744282019911225,-22.608770148470082,0.0],[-42.744238050496513,-22.608835190185768,0.0],[-42.744195036608367,-22.608882473263556,0.0],[-42.744153486966056,-22.608892235339422,0.0]]]}},
{"type":"Feature","properties":{"fid":384,"NOM_LOGRAD":"RUA BRASILIANA","DOC_CRIAç":null,"LOCALIDADE":"PAPUCAIA","BAIRRO":"VENEZA","CEP":null,"NOME ANTIGO":null},"geometry":{"type":"MultiLineString","coordinates":[[[-42.744153486966056,-22.608892235339422,0.0],[-42.744007584707688,-22.608785005350054,0.0],[-42.743854984573765,-22.60866139050621,0.0],[-42.743545125729412,-22.608434959610722,0.0],[-42.743456948012138,-22.608364948505848,0.0],[-42.743389032716891,-22.608299267699532,0.0],[-42.743360102119766,-22.608247619696581,0.0],[-42.743354821827872,-22.608170683790931,0.0],[-42.743365876835796,-22.608116227064219,0.0],[-42.743390770019694,-22.608059268069045,0.0],[-42.743406698108984,-22.608017690149897,0.0],[-42.743447035418569,-22.60794881231087,0.0],[-42.743494357842309,-22.607896888322227,0.0],[-42.743558850832443,-22.607858475075776,0.0],[-42.743626029258323,-22.607838059864616,0.0],[-42.743711808308021,-22.607832523927939,0.0],[-42.743792615524526,-22.607864674633046,0.0],[-42.743943736083175,-22.607949055123395,0.0],[-42.744101611188015,-22.608064544811473,0.0],[-42.744326742202809,-22.608241660200406,0.0],[-42.744428645948261,-22.608305950674968,0.0]]]}},
{"type":"Feature","properties":{"fid":385,"NOM_LOGRAD":"RUA DR. BERNARDO SAYÃO","DOC_CRIAç":null,"LOCALIDADE":"PAPUCAIA","BAIRRO":"VENEZA","CEP":null,"NOME ANTIGO":null},"geometry":{"type":"MultiLineString","coordinates":[[[-42.748726349299787,-22.603930774618075,0.0],[-42.7486372160946,-22.603902524211829,0.0],[-42.748539727852901,-22.603892711563642,0.0],[-42.748431035828645,-22.603938910752134,0.0],[-42.748108933130212,-22.604149149972525,0.0],[-42.747886021126945,-22.604265332171828,0.0],[-42.747660694720246,-22.604371935297834,0.0],[-42.747402043170325,-22.604473297840883,0.0],[-42.747249534166315,-22.604527232792847,0.0],[-42.747007971898832,-22.604604972467072,0.0],[-42.746844133355765,-22.604644430673542,0.0],[-42.746569362468044,-22.60470977229517,0.0],[-42.746276508198036,-22.604780824967179,0.0],[-42.746103598562414,-22.604824927400148,0.0],[-42.745793925964769,-22.60490290154619,0.0],[-42.74556559836774,-22.604956962776299,0.0],[-42.74542131156462,-22.604988963752554,0.0],[-42.745402847402566,-22.604986480596299,0.0],[-42.745101351097937,-22.605057818907799,0.0],[-42.744906308993038,-22.605119505536184,0.0],[-42.744774431750905,-22.605168955555008,0.0],[-42.744700502802878,-22.605210868223057,0.0],[-42.744604274164288,-22.605257906978689,0.0],[-42.744472292114679,-22.605336515704597,0.0],[-42.744123130436115,-22.605589784609197,0.0],[-42.743869102192193,-22.605841070144891,0.0],[-42.743673826082656,-22.606074558742808,0.0],[-42.743211006663216,-22.60655893630949,0.0],[-42.74320329521283,-22.606567006916716,0.0],[-42.742788593203429,-22.607089369477258,0.0],[-42.742589360689479,-22.607334552775999,0.0],[-42.742460721537853,-22.607510846532264,0.0],[-42.742455125256512,-22.60754487156866,0.0]]]}},
{"type":"Feature","properties":{"fid":386,"NOM_LOGRAD":"RUA DR. ANTONIO ELIAS SAAD","DOC_CRIAç":null,"LOCALIDADE":"PAPUCAIA","BAIRRO":"VENEZA","CEP":null,"NOME ANTIGO":null},"geometry":{"type":"MultiLineString","coordinates":[[[-42.742455125256512,-22.60754487156866,0.0],[-42.742487080548059,-22.607605873612954,0.0],[-42.742540203059569,-22.607649506766617,0.0],[-42.74260282387948,-22.607709040602824,0.0],[-42.742698453834514,-22.607770631137846,0.0]]]}},
{"type":"Feature","properties":{"fid":387,"NOM_LOGRAD":"RUA JOÃO MOLHANO","DOC_CRIAç":null,"LOCALIDADE":"PAPUCAIA","BAIRRO":"VENEZA","CEP":null,"NOME ANTIGO":null},"geometry":{"type":"MultiLineString","coordinates":[[[-42.743522240680115,-22.606794927337287,0.0],[-42.743254046145644,-22.607122748679174,0.0],[-42.743067156710971,-22.607346559796564,0.0],[-42.742901533960591,-22.607532330801821,0.0],[-42.742756708957792,-22.607708809445235,0.0],[-42.742698453834514,-22.607770631137846,0.0]]]}},
{"type":"Feature","properties":{"fid":388,"NOM_LOGRAD":"RUA AFONSO PENA","DOC_CRIAç":null,"LOCALIDADE":"SEDE","BAIRRO":"POÇO VERDE","CEP":28681520,"NOME ANTIGO":null},"geometry":{"type":"MultiLineString","coordinates":[[[-42.653201331144274,-22.465713299251817,0.0],[-42.653326991485592,-22.465977671129686,0.0],[-42.653448289022386,-22.466223905211471,0.0],[-42.653808011629977,-22.466970068485455,0.0]]]}},
{"type":"Feature","properties":{"fid":389,"NOM_LOGRAD":"RUA JOVELINO NETO","DOC_CRIAç":null,"LOCALIDADE":"SEDE","BAIRRO":"POÇO VERDE","CEP":null,"NOME ANTIGO":null},"geometry":{"type":"MultiLineString","coordinates":[[[-42.653283825436745,-22.46588685587874,0.0],[-42.653047587801154,-22.465988648520543,0.0],[-42.652945495951521,-22.466043578250122,0.0],[-42.652984178344816,-22.466149450910791,0.0],[-42.652971217631979,-22.466198155971636,0.0],[-42.652767477071471,-22.466281694297308,0.0],[-42.652478016785828,-22.466409116948881,0.0]]]}},
{"type":"Feature","properties":{"fid":390,"NOM_LOGRAD":"RUA DR. ANTÔNIO CARLOS","DOC_CRIAç":null,"LOCALIDADE":"SEDE","BAIRRO":"POÇO VERDE","CEP":null,"NOME ANTIGO":null},"geometry":{"type":"MultiLineString","coordinates":[[[-42.653560832744382,-22.466457352582072,0.0],[-42.652037068578878,-22.467121057426908,0.0]]]}},
{"type":"Feature","properties":{"fid":391,"NOM_LOGRAD":"RUA RUY MARINHO FALCÃO","DOC_CRIAç":"Lei 2.628 de 16.07.2024","LOCALIDADE":"SEDE","BAIRRO":"BETEL","CEP":null,"NOME ANTIGO":null},"geometry":{"type":"MultiLineString","coordinates":[[[-42.662066442352668,-22.485663997028229,0.0],[-42.662414608582225,-22.485443216628639,0.0],[-42.662630202090327,-22.485301474693042,0.0],[-42.662841784693555,-22.485158650491606,0.0],[-42.66293457194913,-22.485141987233135,0.0],[-42.663021686844324,-22.485205792592797,0.0],[-42.663287510553779,-22.485458593041137,0.0],[-42.663356428370911,-22.48554682143844,0.0],[-42.663335022096632,-22.48561793702968,0.0],[-42.663266651708589,-22.48568164387547,0.0],[-42.662900979347057,-22.485898471248259,0.0],[-42.66255593081415,-22.486124581250184,0.0]]]}},
{"type":"Feature","properties":{"fid":392,"NOM_LOGRAD":"RUA DALMO COELHO GOMES","DOC_CRIAç":"Lei nº 1797 de 11.12.2012","LOCALIDADE":"SEDE","BAIRRO":"BETEL","CEP":null,"NOME ANTIGO":null},"geometry":{"type":"MultiLineString","coordinates":[[[-42.665434964185962,-22.482523440851647,0.0],[-42.665403573161321,-22.482596311023158,0.0],[-42.665368701956929,-22.48266913076311,0.0],[-42.665326219318267,-22.48278065931051,0.0],[-42.665275056702214,-22.482894586291398,0.0],[-42.665214686864353,-22.48303073655169,0.0],[-42.665100155152849,-22.483199320146397,0.0],[-42.665031617088012,-22.483289676970593,0.0],[-42.664913384111813,-22.483412531784275,0.0],[-42.664808830736284,-22.483518975659532,0.0],[-42.664686407601181,-22.483638347467426,0.0],[-42.664585484903277,-22.483705896438011,0.0],[-42.66449478342544,-22.483717521487673,0.0],[-42.664268317250873,-22.483660323442283,0.0],[-42.663954717705167,-22.483560574988402,0.0],[-42.663723630997985,-22.48348205427839,0.0],[-42.663564593480096,-22.483417206472662,0.0],[-42.663463015686801,-22.483385540951708,0.0],[-42.663367891403119,-22.483384161554358,0.0],[-42.663302782257063,-22.483412190600387,0.0],[-42.663205647216301,-22.483466668300078,0.0],[-42.663061377139677,-22.483543469094897,0.0],[-42.662957380094802,-22.483616701593405,0.0],[-42.662835235844,-22.483706279867238,0.0],[-42.662739754330531,-22.483804549316552,0.0],[-42.662515220302161,-22.484137625776579,0.0],[-42.662259066907069,-22.484491004415109,0.0],[-42.662117169979318,-22.48469240660544,0.0],[-42.661961278468823,-22.484928899813156,0.0],[-42.661865097916603,-22.485068681121213,0.0],[-42.661685147297618,-22.485294954588291,0.0]]]}},
{"type":"Feature","properties":{"fid":393,"NOM_LOGRAD":"RUA SÃO JORGE","DOC_CRIAç":"Lei 2654 03.04.2025","LOCALIDADE":"SEDE","BAIRRO":"BETEL","CEP":null,"NOME ANTIGO":null},"geometry":{"type":"MultiLineString","coordinates":[[[-42.662821643142401,-22.483720269470783,0.0],[-42.662803807812182,-22.48359182149683,0.0],[-42.662769473616102,-22.483468395233988,0.0],[-42.662741205857039,-22.483345056961355,0.0],[-42.662711005229696,-22.483264546367316,0.0],[-42.662681620213569,-22.483207731023292,0.0],[-42.662660538767845,-22.483162313943975,0.0],[-42.662653163184054,-22.483095667816134,0.0],[-42.662662489377624,-22.483046180687367,0.0],[-42.662699189345517,-22.482956490468109,0.0],[-42.662711131429212,-22.482895763456991,0.0],[-42.662705139531333,-22.482818987360481,0.0],[-42.66269084410613,-22.482730812998589,0.0],[-42.662694539449731,-22.482655305198247,0.0],[-42.662699201872634,-22.482594472592197,0.0],[-42.662697665378246,-22.482541444544971,0.0],[-42.662679332479293,-22.482476895043153,0.0],[-42.662635975445298,-22.482384915787222,0.0],[-42.662622514599491,-22.482319309169775,0.0],[-42.662624561117887,-22.482269716441863,0.0],[-42.662641166841176,-22.482220334898681,0.0],[-42.662661677471014,-22.482155221043492,0.0],[-42.662684519927247,-22.482095779917696,0.0],[-42.662710737047206,-22.482052176686238,0.0],[-42.662731077185576,-22.481997210384069,0.0],[-42.662778600101284,-22.481841137942045,0.0],[-42.662792096112547,-22.481760133366038,0.0],[-42.662778311937089,-22.481641516299483,0.0],[-42.662782518405507,-22.481535565774472,0.0],[-42.662799900308535,-22.481439956383539,0.0],[-42.662834988771586,-22.48137392613874,0.0],[-42.662931117381618,-22.48121404743458,0.0],[-42.663000442017399,-22.481132724708509,0.0],[-42.663046033091469,-22.481091657931309,0.0],[-42.663093918125981,-22.481058518883472,0.0],[-42.663138617737623,-22.480998266844548,0.0],[-42.663198482199306,-22.480902145654408,0.0],[-42.663256129139391,-22.480829675715427,0.0],[-42.663313720077802,-22.480796677333267,0.0],[-42.663412542740978,-22.480765404563883,0.0],[-42.663631685837714,-22.4807234706077,0.0],[-42.663736271837642,-22.480710325716007,0.0],[-42.663786109932516,-22.480705409328969,0.0],[-42.663866449737824,-22.480690785060432,0.0],[-42.663952476280436,-22.480662709790408,0.0],[-42.66404786714476,-22.48061898125043,0.0],[-42.664126802257087,-22.480543436192328,0.0],[-42.664161587076521,-22.480495445721541,0.0],[-42.66427453822552,-22.480345396046165,0.0],[-42.66435517826875,-22.480240553198431,0.0],[-42.664427457877615,-22.48012769464852,0.0],[-42.664459740298682,-22.48008417896288,0.0],[-42.664512742548929,-22.480035324635121,0.0],[-42.664583640793566,-22.480004774173448,0.0],[-42.664649440065091,-22.479988810972124,0.0],[-42.664733923501835,-22.479989146944476,0.0],[-42.664780181307933,-22.479989817264038,0.0],[-42.664869921267019,-22.479962467439599,0.0],[-42.66491366771546,-22.479923060851917,0.0],[-42.664972814541919,-22.479872100784206,0.0],[-42.665006741726401,-22.479813709310939,0.0],[-42.66567094867721,-22.478785812004613,0.0],[-42.665793584013684,-22.478630591182831,0.0],[-42.665829377171043,-22.478484441245868,0.0],[-42.665665264008489,-22.478196990538287,0.0],[-42.66571564325011,-22.478108892931569,0.0],[-42.666089488875464,-22.477752800715621,0.0],[-42.666188238048107,-22.477696389668917,0.0],[-42.66623455312493,-22.477585509733139,0.0],[-42.666122596796399,-22.477369050294808,0.0],[-42.665318464615673,-22.476807913701268,0.0],[-42.665156512423344,-22.476656833520295,0.0],[-42.665003588121763,-22.476497620987704,0.0],[-42.665053828474505,-22.476417784551344,0.0],[-42.665147682201997,-22.476388157942939,0.0],[-42.665380777783412,-22.476472098868001,0.0]]]}},
{"type":"Feature","properties":{"fid":394,"NOM_LOGRAD":"RUA SALGADO FILHO","DOC_CRIAç":null,"LOCALIDADE":"SEDE","BAIRRO":"PARQUE SANTA LUIZA","CEP":null,"NOME ANTIGO":null},"geometry":{"type":"MultiLineString","coordinates":[[[-42.658419825944726,-22.473743205987507,0.0],[-42.658274564518905,-22.473822521682429,0.0],[-42.658202179057156,-22.473858531232878,0.0],[-42.658095116707287,-22.473901449166185,0.0],[-42.657816953782813,-22.474001178759561,0.0],[-42.657623149304264,-22.474071419048904,0.0]]]}},
{"type":"Feature","properties":{"fid":395,"NOM_LOGRAD":"RUA PADRE JOAQUIM BATALHA","DOC_CRIAç":"Del. nº 597/74  de 16.07.1974","LOCALIDADE":"SEDE","BAIRRO":"PARQUE SANTA LUIZA","CEP":null,"NOME ANTIGO":null},"geometry":{"type":"MultiLineString","coordinates":[[[-42.658656490998631,-22.472449384112394,0.0],[-42.658148076170193,-22.472649551091298,0.0],[-42.657765304392541,-22.472804588110666,0.0],[-42.657637021610235,-22.472844726703361,0.0],[-42.657620238567489,-22.472855321981768,0.0]]]}},
{"type":"Feature","properties":{"fid":396,"NOM_LOGRAD":"RUA DESEMBARGADOR MOACYR BRAGA LAND","DOC_CRIAç":"Lei nº 602/74 de 16.08.1974","LOCALIDADE":"SEDE","BAIRRO":"PARQUE SANTA LUIZA","CEP":null,"NOME ANTIGO":null},"geometry":{"type":"MultiLineString","coordinates":[[[-42.658311940032483,-22.473802113913475,0.0],[-42.658310779670586,-22.473566090356229,0.0],[-42.658262443080794,-22.473120654091542,0.0],[-42.658182338368597,-22.472509216393657,0.0],[-42.658136119954143,-22.472095930552676,0.0],[-42.658111868283505,-22.471957216515094,0.0],[-42.658062597594835,-22.471567358391617,0.0],[-42.658040629934554,-22.471450914233642,0.0],[-42.658025970994075,-22.471374108174675,0.0],[-42.65800296470789,-22.471319417547466,0.0],[-42.65790022539769,-22.47110544084212,0.0],[-42.657852182633555,-22.471019086840489,0.0],[-42.657377317517117,-22.470050682226368,0.0],[-42.65683148776187,-22.46889588940687,0.0]]]}},
{"type":"Feature","properties":{"fid":397,"NOM_LOGRAD":"RUA HUMBERTO DE MORAES","DOC_CRIAç":"Lei nº 281/64 de 18.09.64","LOCALIDADE":"SEDE","BAIRRO":"PARQUE SANTA LUIZA","CEP":null,"NOME ANTIGO":null},"geometry":{"type":"MultiLineString","coordinates":[[[-42.658922824266746,-22.47104590135082,0.0],[-42.658525682145395,-22.47122076879009,0.0],[-42.658150805140529,-22.471380863219196,0.0],[-42.657966335763881,-22.471442422632926,0.0],[-42.657805661928478,-22.47151173979681,0.0],[-42.657527171345492,-22.471631230430138,0.0],[-42.657387522074067,-22.471690737931301,0.0]]]}},
{"type":"Feature","properties":{"fid":398,"NOM_LOGRAD":"RUA SENADOR ALFREDO NEVES","DOC_CRIAç":null,"LOCALIDADE":"SEDE","BAIRRO":"PARQUE SANTA LUIZA","CEP":null,"NOME ANTIGO":null},"geometry":{"type":"MultiLineString","coordinates":[[[-42.658647068842036,-22.471167320622481,0.0],[-42.658607908643113,-22.471073718358959,0.0],[-42.658497568929967,-22.470837394875748,0.0],[-42.658320453002887,-22.470461739619481,0.0],[-42.658233535819257,-22.470255405181426,0.0],[-42.658208577995119,-22.470158683563216,0.0],[-42.658163271802657,-22.470007309951942,0.0],[-42.658078971318865,-22.469803484213958,0.0],[-42.658012278474303,-22.46965921212573,0.0],[-42.657932442272937,-22.46950610146629,0.0],[-42.657932442272937,-22.46950610146629,0.0],[-42.657894777496097,-22.469374604779365,0.0],[-42.657874304654904,-22.469327363190811,0.0],[-42.657843533098429,-22.469260206017356,0.0],[-42.657813135482314,-22.469170817565363,0.0],[-42.657780038584683,-22.469083860638381,0.0]]]}},
{"type":"Feature","properties":{"fid":399,"NOM_LOGRAD":"RUA JOSÉ DO PATROCÍNIO","DOC_CRIAç":null,"LOCALIDADE":"SEDE","BAIRRO":"PARQUE SANTA LUIZA","CEP":null,"NOME ANTIGO":null},"geometry":{"type":"MultiLineString","coordinates":[[[-42.658992947434477,-22.469336506024359,0.0],[-42.657780038584683,-22.469083860638381,0.0],[-42.657738189039904,-22.469072111784069,0.0],[-42.657443582297368,-22.46901473272969,0.0],[-42.656831487761877,-22.46889588940688,0.0],[-42.656691145851994,-22.468862965281502,0.0],[-42.655774019114858,-22.468631425750822,0.0]]]}},
{"type":"Feature","properties":{"fid":400,"NOM_LOGRAD":"RUA JÚLIO DE CASTRO MAIA","DOC_CRIAç":"Lei n° 467 de 07.05.1990","LOCALIDADE":"SEDE","BAIRRO":"PARQUE SANTA LUIZA","CEP":null,"NOME ANTIGO":null},"geometry":{"type":"MultiLineString","coordinates":[[[-42.65787989452852,-22.468678873745304,0.0],[-42.657738189039904,-22.469072111784069,0.0]]]}},
{"type":"Feature","properties":{"fid":401,"NOM_LOGRAD":"RUA ZORILDA CUNHA LARA MARTINS","DOC_CRIAç":null,"LOCALIDADE":"SEDE","BAIRRO":"PARQUE SANTA LUIZA","CEP":null,"NOME ANTIGO":null},"geometry":{"type":"MultiLineString","coordinates":[[[-42.658370358272506,-22.469206823744329,0.0],[-42.658410242035046,-22.468916356954388,0.0],[-42.658432003007839,-22.468728896316396,0.0],[-42.658366971110482,-22.468643946399144,0.0]]]}},
{"type":"Feature","properties":{"fid":402,"NOM_LOGRAD":"RUA JOAQUIM GONÇALVES LÊDO","DOC_CRIAç":"Lei nº 74/80 de 08/09/1980","LOCALIDADE":"SEDE","BAIRRO":"PARQUE SANTA LUIZA","CEP":null,"NOME ANTIGO":null},"geometry":{"type":"MultiLineString","coordinates":[[[-42.658190284095049,-22.469169314688703,0.0],[-42.658224945354398,-22.469027319819237,0.0],[-42.658251648300237,-22.468862167724332,0.0],[-42.658253019034163,-22.468780653021188,0.0],[-42.658222538146397,-22.468696204913108,0.0],[-42.658168012826934,-22.468618819775404,0.0],[-42.658110497491414,-22.468561157155612,0.0],[-42.658018514422729,-22.468498052328602,0.0],[-42.657873791731369,-22.468409473830576,0.0],[-42.657823668255318,-22.468386508943063,0.0],[-42.657672442794642,-22.468313621148987,0.0],[-42.657518955933909,-22.468257724825978,0.0],[-42.657393431138466,-22.468215963246639,0.0],[-42.657317285604556,-22.468192391846241,0.0],[-42.65721131090924,-22.468185859666356,0.0],[-42.657003431097358,-22.468170358139744,0.0],[-42.656727167133859,-22.468148870204313,0.0],[-42.656500169798399,-22.468127360201251,0.0],[-42.656166815527961,-22.46809205062322,0.0],[-42.656040829358176,-22.46807773844165,0.0],[-42.655713655458065,-22.468049268344977,0.0],[-42.655450733238077,-22.468032964453133,0.0],[-42.655423252371484,-22.468034419618608,0.0],[-42.655423252371484,-22.468034419618608,0.0],[-42.655423252371484,-22.468034419618608,0.0],[-42.655423252371484,-22.468034419618608,0.0]]]}},
{"type":"Feature","properties":{"fid":403,"NOM_LOGRAD":"RUA DR. ACÚRCIO TORRES","DOC_CRIAç":"Lei nº 598 de 16.07.74","LOCALIDADE":"SEDE","BAIRRO":"PARQUE SANTA LUIZA","CEP":null,"NOME ANTIGO":null},"geometry":{"type":"MultiLineString","coordinates":[[[-42.659042091886967,-22.469856001374016,0.0],[-42.657369272066269,-22.470587517197682,0.0],[-42.656932431212169,-22.470766054270715,0.0]]]}},
{"type":"Feature","properties":{"fid":404,"NOM_LOGRAD":"RUA CLAUDIONOR CÂNDIDO DO RÊGO","DOC_CRIAç":"Lei nº 782/92","LOCALIDADE":"SEDE","BAIRRO":"PARQUE SANTA LUIZA","CEP":null,"NOME ANTIGO":null},"geometry":{"type":"MultiLineString","coordinates":[[[-42.658669932638567,-22.468165907286544,0.0],[-42.658710229431328,-22.468047883999212,0.0],[-42.658739932581433,-22.467998393250042,0.0],[-42.658768974940706,-22.467948268871233,0.0],[-42.658801395442481,-22.467884806807284,0.0],[-42.658817222061074,-22.467857610361516,0.0],[-42.658827632276392,-22.467823478689688,0.0],[-42.658839268014987,-22.467760833679698,0.0],[-42.658836179278502,-22.467607620875082,0.0],[-42.65884407328447,-22.467503744205274,0.0],[-42.658855201995273,-22.467498072772809,0.0],[-42.658868481811183,-22.467510807030795,0.0],[-42.658887613616351,-22.467557667258674,0.0],[-42.658955909881371,-22.467623157708296,0.0],[-42.659095162571269,-22.467748802264026,0.0]]]}},
{"type":"Feature","properties":{"fid":405,"NOM_LOGRAD":"RUA MAURÍCIO DE ABREU","DOC_CRIAç":null,"LOCALIDADE":"SEDE","BAIRRO":"PARQUE SANTA LUIZA","CEP":null,"NOME ANTIGO":null},"geometry":{"type":"MultiLineString","coordinates":[[[-42.654952652414678,-22.467408006368544,0.0],[-42.654954022334948,-22.467410809279109,0.0],[-42.655142766522708,-22.467701184256555,0.0],[-42.655287457302656,-22.467960387054799,0.0],[-42.655340798627016,-22.468062254921559,0.0],[-42.655445346082765,-22.468261097275384,0.0],[-42.65558960782441,-22.468525813260165,0.0],[-42.655652175684502,-22.468637299146689,0.0],[-42.655709942644854,-22.468739500533154,0.0],[-42.655907326615299,-22.469087920791754,0.0],[-42.656204696445172,-22.469631136232927,0.0],[-42.656527941854378,-22.470212435118871,0.0],[-42.656719016971017,-22.470638571469873,0.0],[-42.656828135652283,-22.470807127008189,0.0],[-42.657093846698345,-22.471296481000874,0.0],[-42.657212490114141,-22.471587753245505,0.0],[-42.65726258210082,-22.47172327079614,0.0],[-42.657302668560519,-22.471814961128075,0.0],[-42.657391587667405,-22.472117033755421,0.0],[-42.657451314107739,-22.472428125246367,0.0],[-42.657500651094828,-22.472711090091547,0.0],[-42.657506974393577,-22.472921207629177,0.0],[-42.657513453243503,-22.473174656197955,0.0],[-42.657524484606817,-22.473396969639563,0.0],[-42.657518578604723,-22.473598888194147,0.0],[-42.657518685047314,-22.474140723883707,0.0],[-42.657512975610288,-22.47440023554794,0.0],[-42.657508603998394,-22.474727723595553,0.0],[-42.657496271201296,-22.474800308375166,0.0],[-42.657415587085374,-22.475080256021112,0.0],[-42.657381222615356,-22.475181815853201,0.0],[-42.657364338397983,-22.475301361199737,0.0],[-42.657406600544718,-22.475614291214242,0.0],[-42.657415474317069,-22.475660602963117,0.0]]]}},
{"type":"Feature","properties":{"fid":406,"NOM_LOGRAD":"RUA MANOEL ANTÔNIO DA SILVA","DOC_CRIAç":"Lei nº 2.615 de 07.05.2024","LOCALIDADE":"SEDE","BAIRRO":"PARQUE SANTA LUIZA","CEP":null,"NOME ANTIGO":null},"geometry":{"type":"MultiLineString","coordinates":[[[-42.658112902715423,-22.467715966471285,0.0],[-42.658139550709869,-22.467729869404106,0.0],[-42.658160672147687,-22.467746083370677,0.0],[-42.658268154518211,-22.467825352355579,0.0],[-42.658380467578283,-22.467909833865438,0.0],[-42.658471220817574,-22.467996859077338,0.0],[-42.658669932638567,-22.468165907286544,0.0],[-42.658703999224038,-22.468218776740642,0.0],[-42.658793612187928,-22.468319922346858,0.0],[-42.658850296936656,-22.468413757515215,0.0],[-42.658894264397212,-22.468513376450609,0.0],[-42.658916889886292,-22.468615513481883,0.0],[-42.658930317886316,-22.468721758973608,0.0],[-42.658948000159441,-22.468936944755196,0.0],[-42.65899039954536,-22.469310858197947,0.0],[-42.659021628811502,-22.469625221151741,0.0],[-42.65904209188696,-22.469856001374012,0.0],[-42.659038764765185,-22.470053913982529,0.0],[-42.659029353391645,-22.470251738235156,0.0],[-42.659010292775676,-22.470480530502709,0.0],[-42.658981915575481,-22.470720499516091,0.0],[-42.658874609017154,-22.471311409837131,0.0],[-42.658794324442788,-22.471742929751336,0.0],[-42.658634490358708,-22.472562145789702,0.0],[-42.658459727316618,-22.473545169259097,0.0],[-42.658406606371067,-22.473808816633248,0.0],[-42.658345190804553,-22.474022853276594,0.0],[-42.658246698029295,-22.474270287347654,0.0],[-42.658161039483836,-22.474478315646337,0.0],[-42.657825407450233,-22.475305868874102,0.0],[-42.657818900194059,-22.475324199291027,0.0],[-42.657817960383859,-22.475327734917176,0.0],[-42.657815911927848,-22.475332529768501,0.0],[-42.657750123184833,-22.475498960556088,0.0]]]}},
{"type":"Feature","properties":{"fid":407,"NOM_LOGRAD":"RUA 1","DOC_CRIAç":null,"LOCALIDADE":"SEDE","BAIRRO":"PARQUE SANTA LUIZA","CEP":0,"NOME ANTIGO":null},"geometry":{"type":"MultiLineString","coordinates":[[[-42.657932442272937,-22.46950610146629,0.0],[-42.657830447758016,-22.469513896186225,0.0],[-42.657717452696154,-22.469541885529782,0.0],[-42.657574223944536,-22.469583379512212,0.0],[-42.657436332619596,-22.469637775150535,0.0],[-42.657177760082725,-22.469717691380346,0.0],[-42.656816421689342,-22.46979013683006,0.0],[-42.656442792076511,-22.469855513892593,0.0]]]}},
{"type":"Feature","properties":{"fid":408,"NOM_LOGRAD":"TRAVESSA FRANCISCO GONÇALVES CAVALHAES","DOC_CRIAç":"Lei n° 512 de 26.09.1990","LOCALIDADE":"SEDE","BAIRRO":"PARQUE SANTA LUIZA","CEP":null,"NOME ANTIGO":null},"geometry":{"type":"MultiLineString","coordinates":[[[-42.658723438755466,-22.467767970118082,0.0],[-42.658620604194965,-22.46774133594618,0.0],[-42.658571626225687,-22.467729197024489,0.0],[-42.658528832939346,-22.467714862388643,0.0],[-42.658506725629401,-22.467713398552007,0.0],[-42.658480872939592,-22.467715308599569,0.0],[-42.658462146033791,-22.467732178033948,0.0],[-42.658441844099904,-22.467769594293618,0.0],[-42.658380467578304,-22.467909833865448,0.0],[-42.658380467578304,-22.467909833865448,0.0],[-42.658380467578304,-22.467909833865448,0.0]]]}},
{"type":"Feature","properties":{"fid":409,"NOM_LOGRAD":"RUA MARIA COTAS","DOC_CRIAç":"Lei nº 570/73 de 17.07.1973","LOCALIDADE":"SEDE","BAIRRO":"PARQUE SANTA LUIZA","CEP":null,"NOME ANTIGO":null},"geometry":{"type":"MultiLineString","coordinates":[[[-42.657749200267851,-22.475499874163898,0.0],[-42.657750417305685,-22.475499097773127,0.0],[-42.657750123184833,-22.475498960556088,0.0],[-42.657771325860097,-22.475325324812488,0.0],[-42.657770520670219,-22.475316497769764,0.0],[-42.657764869474065,-22.475273106581437,0.0],[-42.657759590187659,-22.475235057845122,0.0],[-42.657754693312654,-22.475204981181545,0.0],[-42.657748202998505,-22.475165117595633,0.0],[-42.657722775998494,-22.475058051595642,0.0],[-42.657696205998477,-22.474946169595619,0.0],[-42.657655816998499,-22.474732610595538,0.0],[-42.657655060263835,-22.474732191106455,0.0],[-42.657624660220222,-22.474466757297478,0.0],[-42.657622423004156,-22.473881388757089,0.0],[-42.65763873144828,-22.473151515726713,0.0],[-42.657613541430742,-22.472812927746642,0.0],[-42.65758262342429,-22.472575348687197,0.0],[-42.657515961285647,-22.472227421667753,0.0],[-42.657467437869386,-22.472018603947507,0.0],[-42.657426670967375,-22.471807714848943,0.0],[-42.657387522074082,-22.471690737931294,0.0],[-42.657197804942768,-22.471283327308868,0.0],[-42.657093750118811,-22.471082750815253,0.0],[-42.656966259455722,-22.470838463858971,0.0],[-42.656932431212105,-22.470766054270729,0.0],[-42.65689615590076,-22.470695167070968,0.0],[-42.656653709879258,-22.470219879603871,0.0],[-42.656391420723658,-22.469766768310944,0.0],[-42.656227207880761,-22.469470464949612,0.0],[-42.656052067300195,-22.469145297406936,0.0],[-42.655774019114851,-22.468631425750793,0.0],[-42.655589241340799,-22.468320470275732,0.0],[-42.655423252371449,-22.468034419618633,0.0],[-42.655347326048847,-22.467913831832721,0.0],[-42.655307550277541,-22.467841307420603,0.0]]]}},
{"type":"Feature","properties":{"fid":410,"NOM_LOGRAD":"RAMPA","DOC_CRIAç":null,"LOCALIDADE":"SEDE","BAIRRO":"PARQUE SANTA LUIZA","CEP":0,"NOME ANTIGO":null},"geometry":{"type":"MultiLineString","coordinates":[[[-42.655347400456499,-22.467839065341042,0.0],[-42.655450733238077,-22.468032964453133,0.0]]]}},
{"type":"Feature","properties":{"fid":411,"NOM_LOGRAD":"RUA ARY COELHO DE FREITAS","DOC_CRIAç":null,"LOCALIDADE":"SEDE","BAIRRO":"PARQUE VENEZA","CEP":28682204,"NOME ANTIGO":null},"geometry":{"type":"MultiLineString","coordinates":[[[-42.656065932088168,-22.475666264504511,0.0],[-42.656051043139257,-22.476315526995265,0.0],[-42.656042852562074,-22.477043635501634,0.0],[-42.655987616641866,-22.477124200356464,0.0],[-42.655886026267133,-22.477123368869456,0.0],[-42.655374785429238,-22.477124416433636,0.0],[-42.65514062613687,-22.477123899877927,0.0],[-42.654943189978283,-22.477126944675089,0.0],[-42.654745953177915,-22.477118157323499,0.0],[-42.654510422602193,-22.477114729855657,0.0],[-42.654262061001418,-22.477117032698331,0.0],[-42.654077819972223,-22.477104176840008,0.0],[-42.654068199011796,-22.477285815675256,0.0],[-42.65406421094238,-22.477522453670698,0.0],[-42.654062428793907,-22.477738786389978,0.0],[-42.654062428793907,-22.477738786389978,0.0],[-42.65405827175411,-22.477929301481179,0.0],[-42.654054240535316,-22.478114048625994,0.0],[-42.654057216264341,-22.478315283561567,0.0],[-42.654064454073797,-22.478624392153165,0.0],[-42.654064637796573,-22.478612759706991,0.0],[-42.654060176396989,-22.478895231886042,0.0],[-42.654059156755601,-22.479386062175198,0.0]],[[-42.654077819972223,-22.477104176840008,0.0],[-42.653089380241838,-22.477094881350332,0.0]]]}},
{"type":"Feature","properties":{"fid":412,"NOM_LOGRAD":"RUA ALBERTO MONTEIRO BARBOSA","DOC_CRIAç":null,"LOCALIDADE":"SEDE","BAIRRO":"PARQUE VENEZA","CEP":28682198,"NOME ANTIGO":"Rua B"},"geometry":{"type":"MultiLineString","coordinates":[[[-42.656051043139257,-22.476315526995265,0.0],[-42.655482737877769,-22.476315763092824,0.0],[-42.654457410863387,-22.4763065010244,0.0],[-42.653931057622081,-22.476301668274481,0.0],[-42.653584338961771,-22.476290965047109,0.0]]]}},
{"type":"Feature","properties":{"fid":413,"NOM_LOGRAD":"RUA CORONEL HERNANE CARNEIRO","DOC_CRIAç":"Lei n° 1881 de 07.12.2011","LOCALIDADE":"SEDE","BAIRRO":"PARQUE VENEZA","CEP":null,"NOME ANTIGO":null},"geometry":{"type":"MultiLineString","coordinates":[[[-42.653364554753097,-22.478649783661627,0.0],[-42.653377156239472,-22.478718905413821,0.0],[-42.653386669102282,-22.478889928004929,0.0],[-42.653390891541925,-22.479007112279135,0.0],[-42.653389435193191,-22.479093493131263,0.0],[-42.653386139847981,-22.47916640688457,0.0],[-42.653382812131838,-22.479241240211351,0.0],[-42.653377677782991,-22.479300686864931,0.0]]]}},
{"type":"Feature","properties":{"fid":414,"NOM_LOGRAD":"RUA DR. MANOEL DA SILVA","DOC_CRIAç":null,"LOCALIDADE":"SEDE","BAIRRO":"PARQUE VENEZA","CEP":null,"NOME ANTIGO":null},"geometry":{"type":"MultiLineString","coordinates":[[[-42.657382891921188,-22.478909431841466,0.0],[-42.657049107433266,-22.478892231805457,0.0],[-42.656754581667357,-22.478859444892155,0.0],[-42.656496124520444,-22.478841771500441,0.0],[-42.656271375988254,-22.478815879135723,0.0],[-42.656049717469251,-22.478787203398017,0.0],[-42.655891661390896,-22.478776420513924,0.0],[-42.655675897157835,-22.478759142026611,0.0],[-42.655432752442927,-22.478741464926213,0.0],[-42.65501044651667,-22.478701384633446,0.0],[-42.654846306151661,-22.47869051220448,0.0],[-42.654769025463125,-22.478685553403107,0.0],[-42.65458293352129,-22.478673612453932,0.0],[-42.654311801467031,-22.478650975419725,0.0],[-42.65414112666879,-22.478634472954756,0.0],[-42.654064454073797,-22.478624392153165,0.0],[-42.653910366648326,-22.478603077416484,0.0],[-42.653774564548392,-22.478605773185041,0.0],[-42.653502724104015,-22.47862517915987,0.0],[-42.653364554753097,-22.478649783661627,0.0],[-42.653003811606382,-22.478692678120137,0.0],[-42.652151998997262,-22.478815780307425,0.0]]]}},
{"type":"Feature","properties":{"fid":415,"NOM_LOGRAD":"RUA DA PAZ","DOC_CRIAç":"Lei nº 1491/2003 de 04.01.2003","LOCALIDADE":"SEDE","BAIRRO":"PARQUE VENEZA","CEP":null,"NOME ANTIGO":null},"geometry":{"type":"MultiLineString","coordinates":[[[-42.657462423058575,-22.476952317083434,0.0],[-42.657415884050927,-22.476981243478885,0.0],[-42.657375599566542,-22.477005365376563,0.0],[-42.657335546517871,-22.47703966633528,0.0],[-42.657300100963432,-22.47710205112195,0.0],[-42.657260616218771,-22.477206654239751,0.0],[-42.657229295340137,-22.477287659619243,0.0],[-42.657205133198524,-22.477338865770911,0.0],[-42.657167521016596,-22.477398125578702,0.0],[-42.657126120767074,-22.477453884853084,0.0],[-42.657083219742425,-22.477475497884804,0.0],[-42.657000366077156,-22.477507059530097,0.0],[-42.656917776973444,-22.477535762115533,0.0],[-42.656865068683871,-22.477569023678274,0.0],[-42.656801975123791,-22.477599887747953,0.0],[-42.656747943303586,-22.477650987754313,0.0],[-42.65670454316998,-22.477702242319356,0.0],[-42.656661168074351,-22.477766849786228,0.0],[-42.656625705941437,-22.47780602854991,0.0],[-42.656582534010823,-22.477833333898193,0.0],[-42.656530021251413,-22.477851682433759,0.0],[-42.656499452180704,-22.477882111339866,0.0],[-42.656415254414661,-22.478091120213037,0.0],[-42.656351198157829,-22.478231324294288,0.0]]]}},
{"type":"Feature","properties":{"fid":416,"NOM_LOGRAD":"RUA ALBERTINO BORGES DA SILVA","DOC_CRIAç":"Lei nº 1738 de 28.11.2008","LOCALIDADE":"SEDE","BAIRRO":"PARQUE VENEZA","CEP":28682258,"NOME ANTIGO":null},"geometry":{"type":"MultiLineString","coordinates":[[[-42.656917776973444,-22.477535762115533,0.0],[-42.656861049441353,-22.477515184978259,0.0],[-42.656800438915759,-22.477520553123409,0.0],[-42.65673129339423,-22.47753360884737,0.0],[-42.656666257590082,-22.477552192483511,0.0],[-42.656615612943348,-22.477564735987389,0.0],[-42.656570837606949,-22.477578145987572,0.0],[-42.656513417531947,-22.477593715617477,0.0],[-42.656440844804294,-22.477610627224905,0.0],[-42.656371620322666,-22.477628368657545,0.0],[-42.656326963294617,-22.477634749781394,0.0]]]}},
{"type":"Feature","properties":{"fid":417,"NOM_LOGRAD":"RUA SEM NOME 2","DOC_CRIAç":null,"LOCALIDADE":"SEDE","BAIRRO":"PARQUE VENEZA","CEP":null,"NOME ANTIGO":null},"geometry":{"type":"MultiLineString","coordinates":[[[-42.657964800812671,-22.478273716932119,0.0],[-42.657855710595761,-22.478334190634552,0.0],[-42.657560509872702,-22.478497910798925,0.0],[-42.657402309602013,-22.478583922942711,0.0]]]}},
{"type":"Feature","properties":{"fid":418,"NOM_LOGRAD":"RUA VEREADOR IBRAHIM BARROSO","DOC_CRIAç":"Lei nº 08/53 de 30.03.53","LOCALIDADE":"SEDE","BAIRRO":"PARQUE VENEZA","CEP":null,"NOME ANTIGO":null},"geometry":{"type":"MultiLineString","coordinates":[[[-42.654112139769978,-22.475746020944886,0.0],[-42.654136495315917,-22.475707285056821,0.0],[-42.654197184062348,-22.475692565246497,0.0],[-42.654319649760708,-22.475679331551056,0.0],[-42.656032281369811,-22.475666244389448,0.0],[-42.65737624751047,-22.475659980620126,0.0],[-42.657415474317041,-22.475660602963135,0.0]]]}},
{"type":"Feature","properties":{"fid":419,"NOM_LOGRAD":"RUA FRANCISCO MEDEIROS DOS SANTOS","DOC_CRIAç":null,"LOCALIDADE":"SEDE","BAIRRO":"PARQUE VENEZA","CEP":null,"NOME ANTIGO":null},"geometry":{"type":"MultiLineString","coordinates":[[[-42.654112139769992,-22.475746020944879,0.0],[-42.654092031038914,-22.475778002533417,0.0],[-42.654084993712132,-22.47583446019323,0.0],[-42.654092243077265,-22.476095169955332,0.0],[-42.654095364631644,-22.476303177055613,0.0],[-42.654092121927668,-22.476502008713975,0.0],[-42.654077819972223,-22.477104176840008,0.0]]]}},
{"type":"Feature","properties":{"fid":420,"NOM_LOGRAD":"RUA GEAN CARLOS PEREIRA KNUPP","DOC_CRIAç":"Lei nº 1917 de 02.07.2012","LOCALIDADE":"SEDE","BAIRRO":"PARQUE VENEZA","CEP":null,"NOME ANTIGO":null},"geometry":{"type":"MultiLineString","coordinates":[[[-42.65405827175411,-22.477929301481179,0.0],[-42.653704858117862,-22.477953437758256,0.0],[-42.653362179880034,-22.47800546273,0.0],[-42.652676685524312,-22.478117653307873,0.0]]]}},
{"type":"Feature","properties":{"fid":421,"NOM_LOGRAD":"RUA SEM NOME 1","DOC_CRIAç":null,"LOCALIDADE":"SEDE","BAIRRO":"PARQUE VENEZA","CEP":null,"NOME ANTIGO":null},"geometry":{"type":"MultiLineString","coordinates":[[[-42.65445281967903,-22.477115263991983,0.0],[-42.654360722016122,-22.477307825486864,0.0],[-42.65428233978691,-22.477425032738708,0.0],[-42.654210821609418,-22.477512752840056,0.0],[-42.654133236727709,-22.477582632395382,0.0],[-42.654063334043173,-22.477628899929627,0.0]]]}},
{"type":"Feature","properties":{"fid":422,"NOM_LOGRAD":"RUA MARIA EUGÊNIA DE SIQUEIRA CONCEIÇÃO","DOC_CRIAç":"Lei n° 2522 de 08.04.2022","LOCALIDADE":"SEDE","BAIRRO":"PARQUE VENEZA","CEP":null,"NOME ANTIGO":null},"geometry":{"type":"MultiLineString","coordinates":[[[-42.654062428793907,-22.477738786389978,0.0],[-42.653754825882821,-22.477748140892597,0.0],[-42.653502353781235,-22.477746541791639,0.0],[-42.653181654310622,-22.477752218246678,0.0],[-42.65291439411795,-22.477742408939072,0.0],[-42.652898359349351,-22.477742592124777,0.0]]]}},
{"type":"Feature","properties":{"fid":423,"NOM_LOGRAD":"RUA DA IGUALDADE","DOC_CRIAç":null,"LOCALIDADE":"SEDE","BAIRRO":"PARQUE VENEZA","CEP":null,"NOME ANTIGO":null},"geometry":{"type":"MultiLineString","coordinates":[[[-42.657370038616996,-22.479152044025192,0.0],[-42.657382891921188,-22.478909431841466,0.0],[-42.657391224592494,-22.478752147858703,0.0],[-42.657402309602013,-22.478583922942711,0.0],[-42.657413538949349,-22.478503740800452,0.0],[-42.657421443818691,-22.478429613073551,0.0],[-42.657423352321956,-22.478316214572864,0.0],[-42.657439335494196,-22.478157650155495,0.0],[-42.657455153535679,-22.477900185187437,0.0],[-42.657479673193876,-22.477573833496969,0.0],[-42.657478482453008,-22.477249004636622,0.0],[-42.657474290357491,-22.477102520716343,0.0],[-42.657462423058575,-22.476952317083434,0.0],[-42.657461304262711,-22.476864784751001,0.0],[-42.657442757998496,-22.476627033529024,0.0],[-42.657368478181816,-22.476128290122798,0.0],[-42.657355565702346,-22.476002376855483,0.0],[-42.657346997714122,-22.475841602957249,0.0],[-42.65737624751047,-22.475659980620144,0.0]]]}},
{"type":"Feature","properties":{"fid":424,"NOM_LOGRAD":"RUA VERGENSINO ANSELMÉ","DOC_CRIAç":"Lei 2520 de 08.04.2022","LOCALIDADE":"SEDE","BAIRRO":"PARQUE VENEZA","CEP":null,"NOME ANTIGO":null},"geometry":{"type":"MultiLineString","coordinates":[[[-42.654769025463125,-22.478685553403107,0.0],[-42.654754121642021,-22.479200497247536,0.0]]]}},
{"type":"Feature","properties":{"fid":425,"NOM_LOGRAD":"RUA 3","DOC_CRIAç":null,"LOCALIDADE":"PEDREIRA","BAIRRO":"PEDREIRA","CEP":0,"NOME ANTIGO":null},"geometry":{"type":"MultiLineString","coordinates":[[[-42.656914910923227,-22.483093688280785,0.0],[-42.656578923271617,-22.483197841680774,0.0],[-42.656454434448563,-22.483233937685316,0.0],[-42.656378454820413,-22.483260209551741,0.0],[-42.656031431274037,-22.483368179463909,0.0],[-42.655737461680168,-22.483459500029227,0.0]]]}},
{"type":"Feature","properties":{"fid":426,"NOM_LOGRAD":"RUA SÃO JOÃO","DOC_CRIAç":null,"LOCALIDADE":"PEDREIRA","BAIRRO":"PEDREIRA","CEP":null,"NOME ANTIGO":null},"geometry":{"type":"MultiLineString","coordinates":[[[-42.657051943455237,-22.48198476889549,0.0],[-42.656992686944861,-22.482092230012423,0.0],[-42.65692532061577,-22.482162467543723,0.0],[-42.656868565211056,-22.482223147917782,0.0],[-42.656759790095755,-22.482270123279033,0.0],[-42.656269677325305,-22.482415141023832,0.0],[-42.655846113019344,-22.482538465358378,0.0],[-42.655275191881991,-22.482724387127135,0.0],[-42.65482681204368,-22.482873244629367,0.0],[-42.654655241408342,-22.48292577882064,0.0],[-42.65460695829011,-22.482938371521829,0.0]]]}},
{"type":"Feature","properties":{"fid":427,"NOM_LOGRAD":"RUA 1","DOC_CRIAç":null,"LOCALIDADE":"PEDREIRA","BAIRRO":"PEDREIRA","CEP":0,"NOME ANTIGO":null},"geometry":{"type":"MultiLineString","coordinates":[[[-42.654706827753799,-22.482923178634827,0.0],[-42.654767336831888,-22.482978081455467,0.0],[-42.654925793914416,-22.483061420846248,0.0],[-42.655221699205825,-22.483220426825664,0.0],[-42.655666075458434,-22.483428247994972,0.0],[-42.655821908845738,-22.483496469931534,0.0],[-42.656319286586324,-22.483730749277978,0.0],[-42.656818090028096,-22.483976730059037,0.0]]]}},
{"type":"Feature","properties":{"fid":428,"NOM_LOGRAD":"ESTRADA DA ROMANA","DOC_CRIAç":null,"LOCALIDADE":"PEDREIRA","BAIRRO":"PEDREIRA","CEP":28682430,"NOME ANTIGO":null},"geometry":{"type":"MultiLineString","coordinates":[[[-42.654606958290096,-22.482938371521822,0.0],[-42.654508293763378,-22.482964104125031,0.0],[-42.654403654517544,-22.482972292382684,0.0],[-42.654323556559689,-22.482971126418349,0.0],[-42.654247268444379,-22.482950593072609,0.0],[-42.654181537018808,-22.482923739107601,0.0],[-42.654091864449931,-22.482870639505798,0.0],[-42.653706296968572,-22.482599580900825,0.0],[-42.653589364983134,-22.482510475666643,0.0],[-42.653468950646449,-22.482421319647191,0.0],[-42.653393536130473,-22.482349004524163,0.0],[-42.653222030644883,-22.482191124538492,0.0],[-42.653122730104386,-22.482089327250659,0.0],[-42.65305047097084,-22.48203648073785,0.0],[-42.652905843709469,-22.48193726030204,0.0],[-42.652565253267404,-22.481684658594535,0.0],[-42.652351359283983,-22.481561768751352,0.0],[-42.652202868391917,-22.481485151378429,0.0],[-42.652146565920951,-22.481455348189009,0.0]]]}},
{"type":"Feature","properties":{"fid":429,"NOM_LOGRAD":"ESTRADA DONA LEOPOLDINA","DOC_CRIAç":"Lei n° 2208 de 28.03.2016","LOCALIDADE":"PEDREIRA","BAIRRO":"PEDREIRA","CEP":28682470,"NOME ANTIGO":null},"geometry":{"type":"MultiLineString","coordinates":[[[-42.665398920349418,-22.51196144413095,0.0],[-42.66543649099998,-22.511953746999925,0.0],[-42.665542768999984,-22.511929003000013,0.0],[-42.665767707999947,-22.511864612999926,0.0],[-42.666383427,-22.511686308,0.0],[-42.666774081999989,-22.511570038999889,0.0],[-42.66692723699996,-22.511524456999936,0.0],[-42.668421182999936,-22.511103217,0.0],[-42.669299984,-22.510856780999937,0.0],[-42.669477659999963,-22.510806134999925,0.0],[-42.669562767999977,-22.510779674999952,0.0],[-42.669640869999952,-22.510705873999967,0.0],[-42.669716095999959,-22.510618135,0.0],[-42.669734767,-22.510557367999947,0.0],[-42.669767002,-22.510377640999906,0.0],[-42.669812967999988,-22.51009557099993,0.0],[-42.669842394999932,-22.509873185999915,0.0],[-42.669861979999951,-22.509725188999926,0.0],[-42.66987559699993,-22.509544206999962,0.0],[-42.669903781999949,-22.50924716499998,0.0],[-42.669913107999918,-22.509196281999944,0.0],[-42.66992621899994,-22.509124742999983,0.0],[-42.66994907699997,-22.509035894,0.0],[-42.669969877,-22.508955042999975,0.0],[-42.669972204000018,-22.508945996999934,0.0],[-42.670073603999967,-22.508595140999951,0.0],[-42.670324308000019,-22.507703643999907,0.0],[-42.670378611999986,-22.507529743,0.0],[-42.670439127999927,-22.507335948999955,0.0],[-42.670545176,-22.506971222999972,0.0],[-42.670610422999978,-22.506803324999932,0.0],[-42.67068563399998,-22.506594747999902,0.0],[-42.670742138999948,-22.506491596999986,0.0],[-42.670828232999966,-22.506391447999956,0.0],[-42.670837649999946,-22.506380491999945,0.0],[-42.670987879999942,-22.506231456999959,0.0],[-42.671191394999909,-22.506051252999978,0.0],[-42.671281190999963,-22.505956851999965,0.0],[-42.671326375999968,-22.505828895999944,0.0],[-42.671331194999922,-22.505732743999904,0.0],[-42.671284824999908,-22.505616205999939,0.0],[-42.671090650999915,-22.505315389000014,0.0],[-42.670934023000015,-22.505040669000017,0.0],[-42.67083790099997,-22.504755887999988,0.0],[-42.670706589999938,-22.504390102999924,0.0],[-42.670575040999978,-22.504010277999939,0.0],[-42.670478085999946,-22.503677266999922,0.0],[-42.670424044999919,-22.503519217999983,0.0],[-42.670334040999933,-22.503379167999949,0.0],[-42.67021282599994,-22.503217010999943,0.0],[-42.670181360999912,-22.503118816999987,0.0],[-42.670151154999985,-22.503000081000021,0.0],[-42.670100535999978,-22.502828028999907,0.0],[-42.670046089,-22.502676876999921,0.0],[-42.669954398999963,-22.502502282999952,0.0],[-42.669796952,-22.502258924999982,0.0],[-42.669550483999942,-22.501858384999977,0.0],[-42.669441115999945,-22.501686776999975,0.0],[-42.669325699,-22.501531321,0.0],[-42.669177732,-22.501378017999922,0.0],[-42.668993277999931,-22.50120879299995,0.0],[-42.668847581999955,-22.501079740999927,0.0],[-42.668733889999963,-22.501001491999951,0.0],[-42.668589416,-22.500913786999973,0.0],[-42.668533701999927,-22.500845176999984,0.0],[-42.668479258999945,-22.500756043999978,0.0],[-42.668328644,-22.500465457999915,0.0],[-42.668252111999976,-22.5003098,0.0],[-42.668230778999899,-22.500267198999939,0.0],[-42.668180772999939,-22.500167339999944,0.0],[-42.668116953999984,-22.50001097099997,0.0],[-42.668070187999938,-22.499896385999897,0.0],[-42.668010428999963,-22.499653741999989,0.0],[-42.667955115000012,-22.499338493999929,0.0],[-42.667927625999951,-22.499156479999964,0.0],[-42.667924075999927,-22.49913297099998,0.0],[-42.667899747999954,-22.498978678,0.0],[-42.667851712999976,-22.498771374999897,0.0],[-42.66782725,-22.498644062000018,0.0],[-42.667771526000017,-22.49843089999997,0.0],[-42.667750903999988,-22.498358981999971,0.0],[-42.667708959999985,-22.498212709999944,0.0],[-42.667658605999989,-22.498059095999942,0.0],[-42.667590938999986,-22.497911203999955,0.0],[-42.667465745999934,-22.497612101999909,0.0],[-42.667311632999969,-22.497308789999941,0.0],[-42.667146527999897,-22.49700406899996,0.0],[-42.66691692099991,-22.496614627999975,0.0],[-42.666641171,-22.49617842999994,0.0],[-42.666260425999944,-22.495525347,0.0],[-42.665882574999941,-22.494894479000024,0.0],[-42.665875112999949,-22.494881839999962,0.0],[-42.665575255999919,-22.494373946999936,0.0],[-42.665212714999946,-22.493754542999945,0.0],[-42.664824963999919,-22.493111444999929,0.0],[-42.664418594999958,-22.492414715999931,0.0],[-42.664035333999962,-22.491767892999963,0.0],[-42.663713142999946,-22.491223918,0.0],[-42.663678067999975,-22.491167964999882,0.0],[-42.663617881885784,-22.491069725234052,0.0],[-42.663271302717554,-22.490549143690433,0.0],[-42.663105228033679,-22.490334476546611,0.0],[-42.662855251103764,-22.490064011401451,0.0],[-42.662630864020251,-22.489824239791091,0.0],[-42.662264160232453,-22.489509628612932,0.0],[-42.661960174250055,-22.4892661488641,0.0],[-42.659111837344781,-22.487423964089015,0.0],[-42.657873745386865,-22.486645912754682,0.0],[-42.657691855281051,-22.48652706540474,0.0],[-42.657494825367372,-22.486371409530758,0.0],[-42.657304033943234,-22.486194016816565,0.0],[-42.657148650409148,-22.48600622510881,0.0],[-42.657022344717632,-22.485835226619557,0.0],[-42.656908607330664,-22.485615299323854,0.0],[-42.656841375622143,-22.485423332452203,0.0],[-42.656791939554438,-22.485220710694836,0.0],[-42.65676589401356,-22.485023885927731,0.0],[-42.656751865253675,-22.484810865416527,0.0],[-42.656755448161952,-22.484598101024513,0.0],[-42.656818090028089,-22.483976730059037,0.0],[-42.656840041842599,-22.48375897881678,0.0],[-42.656874722298753,-22.483442986742279,0.0],[-42.65690889565316,-22.483226847337544,0.0],[-42.656914910923227,-22.483093688280785,0.0],[-42.65691638447327,-22.483061068460849,0.0],[-42.656949927072986,-22.482742877043545,0.0],[-42.657051943455222,-22.48198476889549,0.0],[-42.657081082797554,-22.481649051479604,0.0],[-42.657226219813822,-22.480282586946114,0.0],[-42.657370038616996,-22.479152044025192,0.0]]]}},
{"type":"Feature","properties":{"fid":430,"NOM_LOGRAD":"RUA ADALGISA VELOSO","DOC_CRIAç":"Del. n° 589 de 27.03.1974","LOCALIDADE":"SEDE","BAIRRO":"CIDADE ALTA","CEP":28680670,"NOME ANTIGO":null},"geometry":{"type":"MultiLineString","coordinates":[[[-42.655945387810888,-22.465296260842536,0.0],[-42.655935516793726,-22.465292268645218,0.0],[-42.65591370334753,-22.465283446493611,0.0],[-42.655854984663151,-22.465297417285875,0.0],[-42.655723926196394,-22.465344926711175,0.0],[-42.655550501931423,-22.465403291164286,0.0],[-42.655418489437004,-22.465462258380548,0.0],[-42.655302700881833,-22.465530340743825,0.0],[-42.655238974796447,-22.46557012494754,0.0],[-42.655167009042799,-22.465581432086484,0.0],[-42.655100982474487,-22.465555764426984,0.0],[-42.655061532895125,-22.465530483267802,0.0],[-42.655027856186919,-22.465478107889826,0.0],[-42.655021172321284,-22.465401417658683,0.0],[-42.655047503614405,-22.465258497533409,0.0],[-42.655122338594815,-22.46507675090588,0.0],[-42.655146718107424,-22.464986433286317,0.0],[-42.655202577142013,-22.464911137103815,0.0],[-42.655261227192824,-22.464913258496061,0.0],[-42.655375008536012,-22.464964383648002,0.0],[-42.655456683523852,-22.464976987594472,0.0],[-42.655529234293134,-22.464964089313433,0.0],[-42.655804469203943,-22.464904907441383,0.0],[-42.656078259079294,-22.464779263186102,0.0],[-42.656269816947017,-22.464669153389785,0.0],[-42.656435151268376,-22.464576420859757,0.0],[-42.65651092142754,-22.464534393949215,0.0],[-42.656550874500255,-22.464512142059196,0.0],[-42.656601529786307,-22.464502730467075,0.0],[-42.656667044651243,-22.464502414154513,0.0],[-42.65674899690638,-22.464498531268283,0.0],[-42.656848793662931,-22.464488565277833,0.0],[-42.656952683756991,-22.464478658707083,0.0],[-42.65702246262817,-22.464468256397257,0.0],[-42.657114200657169,-22.464450562275566,0.0],[-42.657220436368618,-22.464382339673204,0.0],[-42.657295481657414,-22.464302247526305,0.0],[-42.657448898049324,-22.464106594066646,0.0],[-42.657568479516407,-22.463942408136596,0.0],[-42.657618311439997,-22.463824536221839,0.0],[-42.657788965189354,-22.463161148963845,0.0],[-42.657835225658985,-22.462939453695814,0.0],[-42.657903156391015,-22.462577066772457,0.0],[-42.657931425821239,-22.462519127404295,0.0],[-42.65796538748279,-22.46244731745043,0.0],[-42.658068039695166,-22.462267416047627,0.0],[-42.658192368422156,-22.462093468321385,0.0],[-42.658233478689127,-22.462019942907084,0.0],[-42.658364595262334,-22.46181059800297,0.0],[-42.65840494579831,-22.46174635378096,0.0]]]}},
{"type":"Feature","properties":{"fid":431,"NOM_LOGRAD":"TRAVESSA OSMAR RODRIGUES DA SILVA","DOC_CRIAç":"Lei n° 593 de 1991","LOCALIDADE":"SEDE","BAIRRO":"CIDADE ALTA","CEP":null,"NOME ANTIGO":null},"geometry":{"type":"MultiLineString","coordinates":[[[-42.657618311440018,-22.463824536221846,0.0],[-42.65749542070553,-22.463851334570482,0.0],[-42.657384175720672,-22.463875472920989,0.0],[-42.657293845450816,-22.463929181590412,0.0],[-42.657214277291587,-22.464016995740707,0.0],[-42.657151216803989,-22.46409685507744,0.0],[-42.657083217757311,-22.46417078931945,0.0],[-42.657033851522151,-22.46422275172581,0.0],[-42.65699621206646,-22.464251471303736,0.0]]]}},
{"type":"Feature","properties":{"fid":432,"NOM_LOGRAD":"RUA JOSÉ RODRIGUES VARGAS","DOC_CRIAç":"Lei n° 1160 de 1998","LOCALIDADE":"SEDE","BAIRRO":"CIDADE ALTA","CEP":null,"NOME ANTIGO":null},"geometry":{"type":"MultiLineString","coordinates":[[[-42.664464618374005,-22.457000260721411,0.0],[-42.664212495135118,-22.457738156499044,0.0],[-42.664172929881417,-22.457896273652395,0.0],[-42.664135211845149,-22.458022099678043,0.0],[-42.664097695454586,-22.45813589315188,0.0],[-42.664070140265011,-22.458234786567854,0.0],[-42.664038592164694,-22.45837875510324,0.0],[-42.664024839739248,-22.458426697735327,0.0],[-42.663891955094535,-22.458629375681575,0.0],[-42.663799621572721,-22.458730339547849,0.0],[-42.663775034476608,-22.45873349168081,0.0],[-42.663706472703034,-22.458686866091739,0.0],[-42.663607809552133,-22.458586144296095,0.0],[-42.663486542366293,-22.45848208610764,0.0],[-42.663400976345841,-22.458372527360758,0.0],[-42.663350455592052,-22.458296573824189,0.0],[-42.663324816874493,-22.458281158042528,0.0],[-42.663279406805977,-22.458286517835329,0.0],[-42.663214326266306,-22.458306636920138,0.0],[-42.663057226067394,-22.458416654708863,0.0],[-42.662776297439741,-22.45860912261562,0.0],[-42.66264802561664,-22.458680556114128,0.0],[-42.662366517612867,-22.45886603425209,0.0],[-42.662130873498405,-22.459019079236352,0.0],[-42.661983595672538,-22.459114732152752,0.0],[-42.661688585060247,-22.45933311068087,0.0],[-42.661488792233982,-22.459471630125144,0.0],[-42.661298102265455,-22.459646387613969,0.0],[-42.661245511982109,-22.459693766700738,0.0],[-42.661180077065829,-22.459734941768584,0.0],[-42.661124704804003,-22.459755200731074,0.0],[-42.660779929381377,-22.459852501290531,0.0],[-42.660628781269629,-22.459894179120749,0.0]]]}},
{"type":"Feature","properties":{"fid":433,"NOM_LOGRAD":"RUA DEMÉTRIO CUSTÓDIO","DOC_CRIAç":"Lei n° 592 de 1991","LOCALIDADE":"SEDE","BAIRRO":"CIDADE ALTA","CEP":null,"NOME ANTIGO":null},"geometry":{"type":"MultiLineString","coordinates":[[[-42.659550173291457,-22.459778427958021,0.0],[-42.659522296686433,-22.459941279356908,0.0],[-42.659532637317291,-22.460099067376007,0.0],[-42.659544262865573,-22.460190516774649,0.0],[-42.6595593446606,-22.460319532446551,0.0],[-42.659580862334174,-22.460362316843348,0.0],[-42.659614766764342,-22.460422227124976,0.0],[-42.65967259450769,-22.460446459477197,0.0],[-42.659794091712065,-22.460506567029615,0.0],[-42.659924027819322,-22.460550364324597,0.0],[-42.660032714367389,-22.46056656776824,0.0],[-42.660060323662158,-22.460534280500475,0.0],[-42.660092335799156,-22.460474988022977,0.0],[-42.660163908590995,-22.460339723375611,0.0],[-42.660201896514621,-22.460248052817182,0.0],[-42.660247961480664,-22.460152289402913,0.0],[-42.660336642244495,-22.460001573721318,0.0],[-42.660444311855933,-22.459799871508498,0.0],[-42.660483079968266,-22.459791521494189,0.0]]]}},
{"type":"Feature","properties":{"fid":434,"NOM_LOGRAD":"RUA NOEL DIAS","DOC_CRIAç":"Lei n° 598 de 1991","LOCALIDADE":"SEDE","BAIRRO":"CIDADE ALTA","CEP":null,"NOME ANTIGO":null},"geometry":{"type":"MultiLineString","coordinates":[[[-42.660483079968266,-22.459791521494189,0.0],[-42.660512384903321,-22.459797914955441,0.0],[-42.660562517179663,-22.459830040693525,0.0],[-42.660628781269629,-22.459894179120749,0.0],[-42.660734111758764,-22.460005221500911,0.0],[-42.660823647124474,-22.460093738248116,0.0],[-42.660881578660508,-22.460164352944521,0.0],[-42.660925130709217,-22.460253074831492,0.0],[-42.660966000146196,-22.460333908180477,0.0],[-42.661027963770273,-22.460443829415457,0.0],[-42.661103048068078,-22.460610632629646,0.0],[-42.66114152904111,-22.460721957602431,0.0],[-42.66120023935418,-22.460857997002805,0.0],[-42.661256662324725,-22.460962604734892,0.0],[-42.661312439994695,-22.461049759493314,0.0],[-42.661324606276573,-22.461066716262774,0.0],[-42.661360898500739,-22.461103541383473,0.0],[-42.661369178835983,-22.461150898257351,0.0],[-42.66136414309247,-22.461232412438655,0.0],[-42.661350793374638,-22.461256289710331,0.0],[-42.661324457515427,-22.461282385736755,0.0],[-42.661285898893091,-22.461289224067389,0.0],[-42.661070438259763,-22.461295551230201,0.0],[-42.66100741783432,-22.461293737202791,0.0],[-42.660987578903253,-22.461294903755689,0.0],[-42.660870548644006,-22.461323944016904,0.0],[-42.660742507717707,-22.461349372343104,0.0],[-42.660654175432214,-22.461356812727821,0.0],[-42.66046049347667,-22.461375765573369,0.0],[-42.660258337887484,-22.461384868020328,0.0],[-42.660116940069962,-22.461385649694691,0.0],[-42.659994805166271,-22.461394343580576,0.0],[-42.659889469022133,-22.46140851422939,0.0],[-42.659670001790467,-22.461457659975203,0.0],[-42.659609916405579,-22.461459404472595,0.0],[-42.659570631409359,-22.461451856869935,0.0],[-42.659555694299456,-22.461447279179382,0.0],[-42.659461644630539,-22.461404049528106,0.0],[-42.659328061008054,-22.461368095597784,0.0],[-42.659215215174257,-22.461351676663131,0.0],[-42.659168610566809,-22.461351000161009,0.0],[-42.659119335942037,-22.461355099055957,0.0],[-42.659082723974819,-22.46137623134446,0.0],[-42.659061646869709,-22.461397589138084,0.0],[-42.659043037587971,-22.461426204006493,0.0],[-42.659039680105607,-22.461471889870619,0.0],[-42.659044332695409,-22.461503249508539,0.0],[-42.659064237105042,-22.461551680143568,0.0],[-42.659208881223392,-22.461685973227077,0.0],[-42.659251440414643,-22.461745636935419,0.0],[-42.659255807373654,-22.461809807322872,0.0],[-42.65923669748512,-22.461866888815504,0.0],[-42.659217232866993,-22.461906370861733,0.0]]]}},
{"type":"Feature","properties":{"fid":435,"NOM_LOGRAD":"TRAVESSA SÃO JORGE","DOC_CRIAç":"Lei n° 597 de 1991","LOCALIDADE":"SEDE","BAIRRO":"CIDADE ALTA","CEP":null,"NOME ANTIGO":null},"geometry":{"type":"MultiLineString","coordinates":[[[-42.661324606276573,-22.461066716262774,0.0],[-42.661282831153422,-22.461086627973909,0.0],[-42.661255876065795,-22.461094547063876,0.0],[-42.661214143895251,-22.461077321769803,0.0],[-42.66114886351474,-22.46102485284333,0.0],[-42.660993917803758,-22.460934519262459,0.0],[-42.660865606513802,-22.460855374916946,0.0],[-42.660703384825133,-22.460772414556903,0.0],[-42.660583635686038,-22.460715831262412,0.0],[-42.660438585521113,-22.460675549800548,0.0],[-42.660273982878962,-22.460646081992653,0.0],[-42.660176597071185,-22.460623501618826,0.0],[-42.660061187751452,-22.460594852753673,0.0],[-42.660032714367389,-22.46056656776824,0.0]]]}},
{"type":"Feature","properties":{"fid":436,"NOM_LOGRAD":"RUA JAIR JOSÉ PEREIRA","DOC_CRIAç":"Lei n° 594 de 1991","LOCALIDADE":"SEDE","BAIRRO":"CIDADE ALTA","CEP":null,"NOME ANTIGO":null},"geometry":{"type":"MultiLineString","coordinates":[[[-42.659570631409359,-22.461451856869935,0.0],[-42.65952869255932,-22.461378857301131,0.0],[-42.659481949057202,-22.461273899677767,0.0],[-42.659416383525752,-22.461184782743693,0.0],[-42.659361668858772,-22.461121648238251,0.0],[-42.659317067930736,-22.461086877723762,0.0],[-42.659261647855878,-22.461065730647935,0.0],[-42.659117522800344,-22.461029515409507,0.0],[-42.659022487268594,-22.461013042889153,0.0],[-42.658957516188899,-22.460972070644161,0.0],[-42.65892953545125,-22.460872576133852,0.0],[-42.658902591590142,-22.460795407946733,0.0],[-42.65885601643857,-22.460710080186889,0.0],[-42.658807305423899,-22.460659397573995,0.0],[-42.658765392199697,-22.460599176774771,0.0],[-42.658733276038106,-22.460535713965697,0.0],[-42.658721441891586,-22.460483701254642,0.0],[-42.658721540701279,-22.460393801387177,0.0],[-42.658719970750795,-22.460269987303462,0.0],[-42.658711360173704,-22.460201382911041,0.0],[-42.658703181057227,-22.460113283066619,0.0],[-42.658702944138824,-22.459987991205089,0.0],[-42.658691877349838,-22.459822764406287,0.0],[-42.658696225882458,-22.459756632717504,0.0],[-42.658676962319724,-22.459713902076114,0.0],[-42.658619765732475,-22.459683310117438,0.0],[-42.658498844771096,-22.459613610834477,0.0],[-42.65832689594582,-22.459552711102724,0.0],[-42.658221031950688,-22.459524069017782,0.0],[-42.658129816847634,-22.459488610232594,0.0],[-42.658073070167205,-22.45944862451562,0.0],[-42.658048917291474,-22.459415463077946,0.0],[-42.658024918821653,-22.459373116887559,0.0],[-42.658013636441702,-22.45933029914897,0.0],[-42.658005232551787,-22.459284242143895,0.0],[-42.658026319328329,-22.459205802725187,0.0]]]}},
{"type":"Feature","properties":{"fid":437,"NOM_LOGRAD":"RUA FRANCISCO JOSÉ DE OLIVEIRA","DOC_CRIAç":"Lei n° 646 de 1991","LOCALIDADE":"SEDE","BAIRRO":"CIDADE ALTA","CEP":null,"NOME ANTIGO":null},"geometry":{"type":"MultiLineString","coordinates":[[[-42.658404945798317,-22.46174635378096,0.0],[-42.658376845097074,-22.461714416718976,0.0],[-42.658357036982693,-22.461469525047107,0.0],[-42.658343208782341,-22.461343316105374,0.0],[-42.658324582303472,-22.461194440707057,0.0],[-42.658298012546723,-22.461140816197442,0.0],[-42.658249028936552,-22.461094873707992,0.0],[-42.658188871541732,-22.461026277464796,0.0],[-42.658152111611642,-22.460982480129555,0.0],[-42.658071906370239,-22.460908007749705,0.0],[-42.658026784659931,-22.460823228985003,0.0],[-42.658007787902406,-22.460739288815798,0.0],[-42.65800160065298,-22.460632956811324,0.0],[-42.658042922638693,-22.460401644256052,0.0],[-42.658048557761973,-22.460297172637876,0.0],[-42.658021781733289,-22.460223105774428,0.0],[-42.657993606192946,-22.460175567466752,0.0],[-42.657946862698815,-22.460116632916893,0.0],[-42.657875153013265,-22.460072790051601,0.0],[-42.657811789922711,-22.460064398943722,0.0],[-42.65776139993455,-22.460037397401539,0.0],[-42.657666369616834,-22.460017813385619,0.0],[-42.65756857847294,-22.459984273267086,0.0],[-42.657474562458653,-22.459907876647048,0.0],[-42.657432564043638,-22.459852583354859,0.0],[-42.657386451266589,-22.459726933073291,0.0],[-42.657356325184622,-22.459643933142988,0.0],[-42.657351166706071,-22.459595428286441,0.0],[-42.657347127647938,-22.459489614422171,0.0],[-42.657360922919217,-22.45939968255373,0.0],[-42.657380706614752,-22.459338079115696,0.0],[-42.657417496480583,-22.459303161506064,0.0],[-42.657478482969275,-22.459251770669326,0.0],[-42.657560379162284,-22.459207104128225,0.0],[-42.657611371540149,-22.459178195804967,0.0],[-42.657657547075544,-22.459119568532223,0.0],[-42.657685327162497,-22.459048320331004,0.0],[-42.657704843800374,-22.458994247339767,0.0],[-42.657727589056243,-22.45893151355682,0.0],[-42.657746472310833,-22.458889845159607,0.0],[-42.657802904256535,-22.458853603521614,0.0],[-42.657891227057476,-22.458817825001848,0.0],[-42.657963770465699,-22.458771934288865,0.0],[-42.658001972995294,-22.45871319111005,0.0],[-42.658016880163999,-22.458617048410304,0.0],[-42.658030458381525,-22.458441822465034,0.0],[-42.658010526497776,-22.458362469079582,0.0],[-42.657982538900434,-22.458287940206365,0.0],[-42.657946204953134,-22.458235526858715,0.0],[-42.65774028540023,-22.457992873825933,0.0],[-42.657581143568613,-22.457813904048454,0.0]]]}},
{"type":"Feature","properties":{"fid":438,"NOM_LOGRAD":"RUA NORVALINO CUSTÓDIO","DOC_CRIAç":null,"LOCALIDADE":"SEDE","BAIRRO":"CIDADE ALTA","CEP":null,"NOME ANTIGO":null},"geometry":{"type":"MultiLineString","coordinates":[[[-42.655804469203936,-22.464904907441397,0.0],[-42.655834214693712,-22.464839542383046,0.0],[-42.655953942589868,-22.464698362626077,0.0],[-42.656057677573564,-22.464545667087272,0.0],[-42.656132270439251,-22.464441441661542,0.0],[-42.656211478243335,-22.464303433708189,0.0],[-42.656269761863122,-22.464206493257226,0.0],[-42.656324126320818,-22.464101973687196,0.0],[-42.656369766819871,-22.46403493792544,0.0],[-42.65642330869445,-22.463979300178508,0.0],[-42.656501946561825,-22.463875133325338,0.0],[-42.656584187095362,-22.463797346229132,0.0],[-42.656633619932009,-22.463745409744753,0.0],[-42.656691396954109,-22.463678550248133,0.0],[-42.656761563726754,-22.463596826518053,0.0],[-42.65682793782716,-22.463500003380013,0.0],[-42.656881858806557,-22.463421804571777,0.0],[-42.656952025331215,-22.463340080735772,0.0],[-42.657063343340702,-22.463217583083143,0.0],[-42.657146089099037,-22.463109714464544,0.0],[-42.657192234775337,-22.463012597229362,0.0],[-42.65722181863233,-22.462937805744957,0.0],[-42.657222908861833,-22.462872981610513,0.0]]]}},
{"type":"Feature","properties":{"fid":439,"NOM_LOGRAD":"RUA DO EXPEDICIONÁRIO","DOC_CRIAç":"Lei n° 342 de 1988","LOCALIDADE":"SEDE","BAIRRO":"CIDADE ALTA","CEP":null,"NOME ANTIGO":null},"geometry":{"type":"MultiLineString","coordinates":[[[-42.661585377842314,-22.461899343582623,0.0],[-42.661301782951789,-22.461872684983515,0.0],[-42.661204705081666,-22.461875640713192,0.0],[-42.661099034172743,-22.461877744462665,0.0],[-42.660918801039976,-22.461893312262294,0.0],[-42.660590543137019,-22.461916914399765,0.0],[-42.660401790186818,-22.461927267024823,0.0],[-42.66021641066456,-22.461923122706018,0.0],[-42.660052874365313,-22.46192293156027,0.0],[-42.659900704640002,-22.461925713675726,0.0],[-42.659723085224087,-22.461917628854881,0.0],[-42.659565431395585,-22.461920221226691,0.0],[-42.659465346545929,-22.46191585942665,0.0],[-42.659384782420979,-22.461913962761937,0.0],[-42.659301761461684,-22.461918575942402,0.0],[-42.659217232867,-22.461906370861723,0.0],[-42.658941985886074,-22.461856726549122,0.0],[-42.658770568037312,-22.461832209219249,0.0],[-42.658531851813223,-22.461775149836583,0.0],[-42.65840494579831,-22.46174635378096,0.0]]]}},
{"type":"Feature","properties":{"fid":440,"NOM_LOGRAD":"TRAVESSA APOLINÁRIA VARGAS","DOC_CRIAç":"Lei n° 600 de 1991","LOCALIDADE":"SEDE","BAIRRO":"CIDADE ALTA","CEP":null,"NOME ANTIGO":null},"geometry":{"type":"MultiLineString","coordinates":[[[-42.66100741783432,-22.461293737202791,0.0],[-42.661330464485296,-22.461445648628843,0.0],[-42.661466777517511,-22.461486657635835,0.0],[-42.661513222032937,-22.461498168080684,0.0],[-42.661567283095124,-22.461510196441846,0.0],[-42.66163270197309,-22.461530034704641,0.0],[-42.662050352155248,-22.4616472058912,0.0]]]}},
{"type":"Feature","properties":{"fid":441,"NOM_LOGRAD":"RUA FARMACÊUTICO JOSÉ BRANCO","DOC_CRIAç":"Lei nº 2.624 de 27.06.2024","LOCALIDADE":"SEDE","BAIRRO":"GANGURI","CEP":null,"NOME ANTIGO":null},"geometry":{"type":"MultiLineString","coordinates":[[[-42.657796761694009,-22.467606096516093,0.0],[-42.657778370000678,-22.467396688657189,0.0],[-42.657727145922223,-22.466765706685681,0.0],[-42.657680430113842,-22.466456184795423,0.0],[-42.657603380767604,-22.466097965458776,0.0],[-42.657570128186968,-22.465914106700737,0.0],[-42.657509947829183,-22.465787764824928,0.0],[-42.657449848714379,-22.46565659843796,0.0]]]}},
{"type":"Feature","properties":{"fid":442,"NOM_LOGRAD":"RUA IDUÍNO JOSÉ PEREIRA","DOC_CRIAç":null,"LOCALIDADE":"SEDE","BAIRRO":"GANGURI","CEP":null,"NOME ANTIGO":null},"geometry":{"type":"MultiLineString","coordinates":[[[-42.658397029498715,-22.465257761602999,0.0],[-42.658283662500317,-22.464885503139477,0.0],[-42.658196339160156,-22.464601239799407,0.0]]]}},
{"type":"Feature","properties":{"fid":443,"NOM_LOGRAD":"RUA WALDEMIRO BITTENCOURT","DOC_CRIAç":null,"LOCALIDADE":"SEDE","BAIRRO":"GANGURI","CEP":null,"NOME ANTIGO":null},"geometry":{"type":"MultiLineString","coordinates":[[[-42.659098700263414,-22.464632968010239,0.0],[-42.658271988976082,-22.464843778950552,0.0]]]}},
{"type":"Feature","properties":{"fid":444,"NOM_LOGRAD":"RUA REGINALDO JOSÉ DA SILVA","DOC_CRIAç":"Del. n° 548 de 17.04.1973","LOCALIDADE":"SEDE","BAIRRO":"GANGURI","CEP":null,"NOME ANTIGO":null},"geometry":{"type":"MultiLineString","coordinates":[[[-42.662133693198946,-22.46394184112674,0.0],[-42.662047662219436,-22.464004532016446,0.0],[-42.661949620517561,-22.464059526550933,0.0],[-42.661765989379219,-22.464150890629107,0.0],[-42.661544950635218,-22.46426587714522,0.0],[-42.661472467130501,-22.464300208142056,0.0],[-42.661421743510132,-22.464298162015243,0.0],[-42.661168387773664,-22.464188340517246,0.0],[-42.6609136448713,-22.464077188071041,0.0],[-42.660780789212737,-22.464012358974859,0.0],[-42.660698155113053,-22.463965839372872,0.0],[-42.660678307987205,-22.463954390168265,0.0],[-42.66049133649863,-22.463953120451496,0.0],[-42.660309241306855,-22.463979210471315,0.0],[-42.659983111206678,-22.463992198821682,0.0],[-42.659749997834986,-22.463983770666893,0.0],[-42.659670313534171,-22.463979208979222,0.0],[-42.659586059773432,-22.46400040506941,0.0],[-42.65939623623224,-22.464095792241675,0.0],[-42.659341812949677,-22.464146109835053,0.0],[-42.659298622372852,-22.464199211374581,0.0],[-42.658743411604604,-22.464341854678942,0.0],[-42.658517144501801,-22.464408920919471,0.0],[-42.658390709877189,-22.464445498114799,0.0],[-42.65829553922903,-22.464507717219469,0.0],[-42.658196339160163,-22.464601239799407,0.0],[-42.658115195671144,-22.464688898158251,0.0],[-42.657798663504416,-22.464990498348072,0.0],[-42.657670093330232,-22.465040459461605,0.0],[-42.657565319920344,-22.465066456803797,0.0],[-42.657426628374232,-22.465084523613044,0.0],[-42.657241727254046,-22.465108931516308,0.0],[-42.657016939006432,-22.465144978670434,0.0],[-42.656749565309028,-22.465201444027763,0.0],[-42.656482084042999,-22.4652926254915,0.0],[-42.656048995929766,-22.465435492692453,0.0],[-42.656015997313659,-22.465444777317188,0.0]]]}},
{"type":"Feature","properties":{"fid":445,"NOM_LOGRAD":"RUA PROFESSORA GEORGINA MIRANDA DA SILVA","DOC_CRIAç":null,"LOCALIDADE":"SEDE","BAIRRO":"GANGURI","CEP":null,"NOME ANTIGO":null},"geometry":{"type":"MultiLineString","coordinates":[[[-42.66201791220012,-22.46330431052581,0.0],[-42.661900850181347,-22.463306544500906,0.0],[-42.661790836121163,-22.463308880592706,0.0],[-42.661659458271082,-22.463324011333,0.0],[-42.661402813816082,-22.463367081618795,0.0],[-42.661232662050757,-22.463383344132982,0.0],[-42.661160562142179,-22.463398435922027,0.0]]]}},
{"type":"Feature","properties":{"fid":446,"NOM_LOGRAD":"TRAVESSA  BEATRIZ RANGEL DA SILVA","DOC_CRIAç":"Lei nº 634 de 11.12.1991","LOCALIDADE":"SEDE","BAIRRO":"GANGURI","CEP":28680445,"NOME ANTIGO":"Rua VII"},"geometry":{"type":"MultiLineString","coordinates":[[[-42.659983111206678,-22.463992198821682,0.0],[-42.659990713515221,-22.463856139794725,0.0],[-42.660008485156226,-22.463692135585468,0.0],[-42.660027773025654,-22.463575392152375,0.0],[-42.660045200221695,-22.463486545946232,0.0],[-42.660059474623111,-22.463407295642376,0.0],[-42.660085006195509,-22.463331439930336,0.0],[-42.660099675500014,-22.463283340411834,0.0],[-42.660218905161059,-22.463263402328433,0.0],[-42.660361258941727,-22.463220335016949,0.0],[-42.660467202285133,-22.46317673930599,0.0],[-42.660577254311598,-22.463129442057834,0.0],[-42.660630478519295,-22.463092603512049,0.0]]]}},
{"type":"Feature","properties":{"fid":447,"NOM_LOGRAD":"RUA ADALBERTO JOSÉ DA SILVA","DOC_CRIAç":"Lei nº 117/83 de  04.05.1983","LOCALIDADE":"SEDE","BAIRRO":"GANGURI","CEP":28680440,"NOME ANTIGO":"Travessa \"B\""},"geometry":{"type":"MultiLineString","coordinates":[[[-42.659298622372866,-22.464199211374599,0.0],[-42.659282608458987,-22.464077248778867,0.0],[-42.659312126607091,-22.463765508555642,0.0],[-42.659333490170077,-22.463457411005344,0.0],[-42.659344298257224,-22.463295841917848,0.0],[-42.659377042116681,-22.463273750802397,0.0],[-42.659438912810941,-22.463255843531485,0.0],[-42.659932886889607,-22.46325903058667,0.0],[-42.660099675500014,-22.463283340411834,0.0]]]}},
{"type":"Feature","properties":{"fid":448,"NOM_LOGRAD":"RUA ANTÔNIO PINTO","DOC_CRIAç":null,"LOCALIDADE":"SEDE","BAIRRO":"GANGURI","CEP":28680435,"NOME ANTIGO":null},"geometry":{"type":"MultiLineString","coordinates":[[[-42.658743411604611,-22.46434185467896,0.0],[-42.658722417197836,-22.464181947768207,0.0],[-42.658740305413318,-22.463839950333821,0.0],[-42.658752251862175,-22.463610698648129,0.0],[-42.658758635854703,-22.463471631823566,0.0],[-42.658723868670101,-22.463373339247511,0.0],[-42.658657495201389,-22.463229454928424,0.0],[-42.658591311466211,-22.463074290140828,0.0],[-42.658576772395847,-22.462976291261935,0.0],[-42.65857847886722,-22.462874767206156,0.0],[-42.658611285928686,-22.462848916096888,0.0],[-42.658635243408291,-22.462868069301496,0.0],[-42.658663246476479,-22.462887281244289,0.0],[-42.65869883512287,-22.462936691868052,0.0],[-42.658762869284303,-22.46297899335956,0.0],[-42.658819128295427,-22.463002376599572,0.0],[-42.658891885645474,-22.463007194010444,0.0],[-42.658997260461582,-22.462997440651979,0.0],[-42.65906230578905,-22.462979579611012,0.0],[-42.659143912568553,-22.462939392550105,0.0],[-42.659314901248067,-22.462877936502579,0.0],[-42.659465282810551,-22.462838747572974,0.0],[-42.659546826231164,-22.462802320443224,0.0],[-42.65966876225184,-22.462770240583531,0.0],[-42.659741898572996,-22.462752496682434,0.0],[-42.659906855440703,-22.462765399938839,0.0],[-42.660111889523535,-22.462768375274472,0.0],[-42.660275202508309,-22.462726439842427,0.0]]]}},
{"type":"Feature","properties":{"fid":449,"NOM_LOGRAD":"RUA ANTÔNIO VELOSO","DOC_CRIAç":"Lei nº 620 de 1991","LOCALIDADE":"SEDE","BAIRRO":"GANGURI","CEP":28680480,"NOME ANTIGO":"Rua IV"},"geometry":{"type":"MultiLineString","coordinates":[[[-42.66051428608025,-22.462557896401513,0.0],[-42.660458025875833,-22.462518418643128,0.0],[-42.660414345509153,-22.46246889096917,0.0],[-42.660378098826179,-22.462425710587588,0.0],[-42.660330336589418,-22.462400760633109,0.0],[-42.660266329861869,-22.462386770476378,0.0],[-42.660212107799452,-22.462387849628126,0.0],[-42.66014436572663,-22.462401035463621,0.0],[-42.660067310377222,-22.462411200554552,0.0],[-42.659990381346006,-22.462413845299135,0.0],[-42.659882604627484,-22.462403593220746,0.0],[-42.659644610276139,-22.462349759386449,0.0],[-42.659506429023452,-22.462316556088748,0.0],[-42.659421661637111,-22.462304042516632,0.0],[-42.65936453053984,-22.462291582491456,0.0],[-42.659272143026548,-22.462293973252489,0.0],[-42.659158826170085,-22.462292705150684,0.0],[-42.659098142680577,-22.462291824229816,0.0],[-42.659015995004935,-22.462277869997006,0.0],[-42.658908362765821,-22.462199128116662,0.0],[-42.658841408165031,-22.462121653396618,0.0],[-42.6588028152755,-22.462046828345184,0.0],[-42.658757424758292,-22.461982356115985,0.0],[-42.658673312727799,-22.461914213765329,0.0],[-42.658601444430559,-22.461866106925939,0.0],[-42.658505373896645,-22.461815457207869,0.0],[-42.65840494579831,-22.46174635378096,0.0]]]}},
{"type":"Feature","properties":{"fid":450,"NOM_LOGRAD":"SERVIDÃO SEM NOME","DOC_CRIAç":null,"LOCALIDADE":"SEDE","BAIRRO":"GANGURI","CEP":null,"NOME ANTIGO":null},"geometry":{"type":"MultiLineString","coordinates":[[[-42.659048199689003,-22.462283340536338,0.0],[-42.659060891519232,-22.462453630561271,0.0],[-42.659072890765273,-22.462560094888254,0.0],[-42.659066312928481,-22.462666316594468,0.0],[-42.659040758752667,-22.462810470810812,0.0]]]}},
{"type":"Feature","properties":{"fid":451,"NOM_LOGRAD":"TRAVESSA JOSEFA FERREIRA","DOC_CRIAç":"Lei n° 307 de 19.09.1987","LOCALIDADE":"SEDE","BAIRRO":"GANGURI","CEP":null,"NOME ANTIGO":null},"geometry":{"type":"MultiLineString","coordinates":[[[-42.659102027287105,-22.465173880717551,0.0],[-42.659211446670639,-22.465042278259958,0.0],[-42.659311483326761,-22.464942429838615,0.0],[-42.659395158599899,-22.464867051321335,0.0],[-42.659430663286763,-22.464810739501662,0.0],[-42.659455371153065,-22.464764153940596,0.0],[-42.659478002413543,-22.464682947752532,0.0],[-42.659475925825639,-22.464648327130906,0.0],[-42.659472104706794,-22.464559324719563,0.0],[-42.659446730336306,-22.464329176782652,0.0],[-42.659441996071756,-22.464294517582235,0.0],[-42.659298622372866,-22.464199211374599,0.0]]]}},
{"type":"Feature","properties":{"fid":452,"NOM_LOGRAD":"RUA JOÃO BATISTA PINTO GARCIA","DOC_CRIAç":null,"LOCALIDADE":"SEDE","BAIRRO":"GANGURI","CEP":null,"NOME ANTIGO":null},"geometry":{"type":"MultiLineString","coordinates":[[[-42.657324130062982,-22.465696456187516,0.0],[-42.657324130062982,-22.465696456187516,0.0],[-42.657449848714393,-22.46565659843796,0.0],[-42.657566227899302,-22.465627217510814,0.0],[-42.657715316972713,-22.465619964810148,0.0],[-42.657835737423333,-22.465630190946666,0.0],[-42.657958295008441,-22.465633854983377,0.0],[-42.658089822750831,-22.465649985087627,0.0],[-42.658184642402986,-22.465673486105185,0.0],[-42.658274456191549,-22.465694959108735,0.0],[-42.658368155318556,-22.465727401515526,0.0],[-42.658368155318556,-22.465727401515526,0.0],[-42.658439533894438,-22.46570112406971,0.0],[-42.658555268762484,-22.465628397485872,0.0],[-42.658678364551179,-22.465539765990272,0.0],[-42.658803739706826,-22.465436097640076,0.0],[-42.658939515070564,-22.46531656847279,0.0],[-42.65903933995979,-22.465225715044145,0.0],[-42.659102027287105,-22.465173880717551,0.0],[-42.659155454240704,-22.465190668106768,0.0],[-42.659207773124265,-22.465213090585877,0.0],[-42.659255992021031,-22.465238279123867,0.0],[-42.659326009529153,-22.465273394215725,0.0],[-42.659373499944572,-22.465301206289094,0.0],[-42.659415956979686,-22.465367753228726,0.0],[-42.659460440321446,-22.465434329574421,0.0],[-42.659507551694148,-22.46552543256815,0.0],[-42.659553729105376,-22.465611812665546,0.0],[-42.65958385462541,-22.465688541089595,0.0],[-42.659620122286462,-22.465761591204078,0.0],[-42.659647398332048,-22.465826975868744,0.0],[-42.659689634123616,-22.46590670566242,0.0],[-42.659730703098745,-22.465979856456279,0.0],[-42.659764654810907,-22.466025527817198,0.0]]]}},
{"type":"Feature","properties":{"fid":453,"NOM_LOGRAD":"TRAVESSA MANOEL DIZ MARTINEZ","DOC_CRIAç":null,"LOCALIDADE":"SEDE","BAIRRO":"GANGURI","CEP":null,"NOME ANTIGO":null},"geometry":{"type":"MultiLineString","coordinates":[[[-42.659393159650136,-22.466306241371299,0.0],[-42.659393159650136,-22.466306241371299,0.0],[-42.659282617467625,-22.466328795551767,0.0],[-42.659172038123387,-22.466305489819195,0.0],[-42.659083124329563,-22.466256326489709,0.0],[-42.659040504247216,-22.466232760430973,0.0],[-42.659003873379369,-22.466195900527943,0.0],[-42.658967933060104,-22.466161728654818,0.0],[-42.658941688268271,-22.46613208750658,0.0],[-42.658915303181367,-22.466115193595186,0.0],[-42.658895409566171,-22.466094813588697,0.0],[-42.658849957426469,-22.466072352892109,0.0],[-42.658817457700813,-22.466056292767757,0.0],[-42.658706064842406,-22.466019011945551,0.0],[-42.658566538662022,-22.465961765215237,0.0],[-42.658536491051215,-22.465945222859677,0.0],[-42.658467729808898,-22.465903372303785,0.0],[-42.658415667331838,-22.465859679144003,0.0],[-42.658391183870094,-22.465794751509446,0.0],[-42.658368155318556,-22.465727401515526,0.0]]]}},
{"type":"Feature","properties":{"fid":454,"NOM_LOGRAD":"BECO JOAQUIM JOSÉ DA SILVA","DOC_CRIAç":"Lei nº 464 de 07.05.1990","LOCALIDADE":"SEDE","BAIRRO":"GANGURI","CEP":28680385,"NOME ANTIGO":null},"geometry":{"type":"MultiLineString","coordinates":[[[-42.658914870061238,-22.465747091613792,0.0],[-42.658536491051215,-22.465945222859677,0.0]]]}},
{"type":"Feature","properties":{"fid":455,"NOM_LOGRAD":"TRAVESSA NICANOR PINTO","DOC_CRIAç":"Lei nº 472 de 21.05.1990","LOCALIDADE":"SEDE","BAIRRO":"GANGURI","CEP":null,"NOME ANTIGO":null},"geometry":{"type":"MultiLineString","coordinates":[[[-42.659623610919034,-22.46576995396908,0.0],[-42.659268187646717,-22.465939131308101,0.0]]]}},
{"type":"Feature","properties":{"fid":456,"NOM_LOGRAD":"RUA ENGENHEIRO CIRO RODRIGUES","DOC_CRIAç":"Lei n° 461 de 07.05.1990","LOCALIDADE":"SEDE","BAIRRO":"GANGURI","CEP":null,"NOME ANTIGO":null},"geometry":{"type":"MultiLineString","coordinates":[[[-42.659371763424041,-22.466145959528163,0.0],[-42.659094616708209,-22.465592529897478,0.0],[-42.658939515070564,-22.46531656847279,0.0]]]}},
{"type":"Feature","properties":{"fid":457,"NOM_LOGRAD":"TRAVESSA JOÃO NUNES DE BARROS","DOC_CRIAç":"Lei nº 474/90 de 21.09.1990","LOCALIDADE":"SEDE","BAIRRO":"GANGURI","CEP":null,"NOME ANTIGO":null},"geometry":{"type":"MultiLineString","coordinates":[[[-42.660052631657955,-22.465795557154777,0.0],[-42.660045286474393,-22.465856529646146,0.0],[-42.660020587956396,-22.465911417148767,0.0],[-42.659948626618501,-22.465949044924031,0.0],[-42.659822624586837,-22.46601903588051,0.0],[-42.659764654810907,-22.466025527817198,0.0],[-42.659764654810907,-22.466025527817198,0.0]]]}},
{"type":"Feature","properties":{"fid":458,"NOM_LOGRAD":"RUA MARIA DO ROSÁRIO DE JESUS","DOC_CRIAç":null,"LOCALIDADE":"SEDE","BAIRRO":"GANGURI","CEP":null,"NOME ANTIGO":null},"geometry":{"type":"MultiLineString","coordinates":[[[-42.660275202508309,-22.462726439842427,0.0],[-42.660400200014912,-22.462731975131458,0.0],[-42.660541440318838,-22.462740342305334,0.0],[-42.660645104524455,-22.462750340088906,0.0],[-42.660743687105331,-22.462772940737647,0.0],[-42.660799224242062,-22.462820137411093,0.0],[-42.66087315156058,-22.462884589289331,0.0],[-42.660933656944884,-22.462936170549685,0.0],[-42.660994268770359,-22.462981415387286,0.0],[-42.661061804433587,-22.463020422688164,0.0],[-42.661119043919584,-22.463067225713502,0.0],[-42.661154893207083,-22.463142483572206,0.0],[-42.661157576934464,-22.463258941102342,0.0],[-42.661153809390946,-22.463299129922063,0.0],[-42.661160562142179,-22.463398435922027,0.0],[-42.661141304319933,-22.463450162577658,0.0],[-42.661119346499817,-22.463498330842356,0.0],[-42.661083160744333,-22.463554155439255,0.0],[-42.660984470454309,-22.46372177229901,0.0],[-42.660922383858434,-22.463808671996794,0.0],[-42.660850782036142,-22.463874466380535,0.0],[-42.660746803440084,-22.463937170111095,0.0],[-42.660678307987205,-22.463954390168272,0.0]]]}},
{"type":"Feature","properties":{"fid":459,"NOM_LOGRAD":"TRAVESSA UMBELINA GERALDA DA CONCEIÇÃO","DOC_CRIAç":"Lei nº 306/87 de 19.09.1987","LOCALIDADE":"SEDE","BAIRRO":"GANGURI","CEP":null,"NOME ANTIGO":null},"geometry":{"type":"MultiLineString","coordinates":[[[-42.661805696398673,-22.463582934553614,0.0],[-42.661805696398673,-22.463582934553614,0.0],[-42.661672259809137,-22.463563386617718,0.0],[-42.661479793022849,-22.463540910362578,0.0],[-42.661261711729615,-22.463517026308537,0.0],[-42.661119346499817,-22.463498330842356,0.0],[-42.661119346499817,-22.463498330842356,0.0],[-42.661119346499817,-22.463498330842356,0.0],[-42.661119346499817,-22.463498330842356,0.0]]]}},
{"type":"Feature","properties":{"fid":460,"NOM_LOGRAD":"TRAVESSA MÁRIO VANELLI","DOC_CRIAç":"Lei nº 465/90 de 07.05.1990","LOCALIDADE":"SEDE","BAIRRO":"GANGURI","CEP":null,"NOME ANTIGO":null},"geometry":{"type":"MultiLineString","coordinates":[[[-42.661787486529363,-22.46270875879263,0.0],[-42.661792608303266,-22.462802077941603,0.0],[-42.661821550372885,-22.462870877197421,0.0],[-42.661798218586242,-22.462932702125226,0.0],[-42.661721476617181,-22.463043827216673,0.0],[-42.661518721534073,-22.46329913939147,0.0],[-42.661485119779904,-22.463356709098285,0.0]]]}},
{"type":"Feature","properties":{"fid":461,"NOM_LOGRAD":"RUA ADVIR COELHO GOMES","DOC_CRIAç":"Lei nº 465 de 07.05.1990","LOCALIDADE":"SEDE","BAIRRO":"GANGURI","CEP":28680405,"NOME ANTIGO":null},"geometry":{"type":"MultiLineString","coordinates":[[[-42.659839825343752,-22.46462983152551,0.0],[-42.659839350527328,-22.464633307872003,0.0],[-42.659833270998874,-22.464677818835284,0.0],[-42.659808428962911,-22.464793985984336,0.0],[-42.659790366214395,-22.464919732015485,0.0],[-42.659761880152686,-22.465032973012228,0.0],[-42.659752412953495,-22.465121782557489,0.0],[-42.659753036988718,-22.465242858300236,0.0],[-42.65977238943907,-22.465356793624736,0.0],[-42.659818443462143,-22.465463704249924,0.0],[-42.65984904934087,-22.465540741670175,0.0],[-42.659903657617249,-22.465613185949955,0.0],[-42.659960757654403,-22.465695549373368,0.0],[-42.660187688108792,-22.465942570072581,0.0],[-42.660336405540008,-22.466148033298314,0.0],[-42.660502507049657,-22.466450981547666,0.0]]]}},
{"type":"Feature","properties":{"fid":462,"NOM_LOGRAD":"RUA ROSA DEOLÍNDIA DA COSTA","DOC_CRIAç":"Lei n° 473 de 21.05.1990","LOCALIDADE":"SEDE","BAIRRO":"GANGURI","CEP":null,"NOME ANTIGO":null},"geometry":{"type":"MultiLineString","coordinates":[[[-42.661321835628343,-22.465587771721896,0.0],[-42.661489620530524,-22.465507336317181,0.0],[-42.661638824456709,-22.465459362611497,0.0],[-42.661841282190807,-22.465377348473442,0.0],[-42.662111826706237,-22.465267752313199,0.0],[-42.662339129783483,-22.465182654336836,0.0],[-42.662430401156151,-22.465056911733189,0.0],[-42.662409318837589,-22.464896392630664,0.0],[-42.662357225768076,-22.464812768368414,0.0],[-42.662262978316811,-22.464761680537091,0.0],[-42.662180616147666,-22.464710764979412,0.0],[-42.662066699863033,-22.464711897195251,0.0],[-42.661663331479161,-22.464719837879169,0.0],[-42.661502232101782,-22.464756173710427,0.0],[-42.661341410865269,-22.46477593961102,0.0],[-42.661234814963173,-22.464752295095529,0.0],[-42.661010109085986,-22.464682740442178,0.0],[-42.660989184352829,-22.464673613030826,0.0],[-42.660724509529047,-22.464558161005613,0.0],[-42.660445058255434,-22.464492231031912,0.0],[-42.66013121542403,-22.464492096672831,0.0],[-42.659973663061812,-22.464529587356317,0.0],[-42.659844115401519,-22.464598422056415,0.0],[-42.659839825343752,-22.46462983152551,0.0]]]}},
{"type":"Feature","properties":{"fid":463,"NOM_LOGRAD":"RUA JOSÉ CUSTÓDIO DE SOUZA","DOC_CRIAç":"Lei n° 599 de 01.10.1991","LOCALIDADE":"SEDE","BAIRRO":"GANGURI","CEP":null,"NOME ANTIGO":null},"geometry":{"type":"MultiLineString","coordinates":[[[-42.660275202508288,-22.462726439842417,0.0],[-42.660277024185831,-22.462707732393227,0.0],[-42.660343241518731,-22.462643820512127,0.0],[-42.660463924624167,-22.462568360547756,0.0],[-42.660594178830692,-22.46254129618157,0.0],[-42.66088047870501,-22.462497192621765,0.0],[-42.661003614093751,-22.462475835378765,0.0],[-42.661064045344311,-22.462463650506049,0.0],[-42.661138910557469,-22.46244303296557,0.0],[-42.661213980935649,-22.462424819043239,0.0],[-42.661280616550094,-22.462414203850198,0.0],[-42.661458589138505,-22.462400333829876,0.0],[-42.661592968621228,-22.462407880379299,0.0],[-42.661730892562048,-22.462443467026702,0.0],[-42.661882490320828,-22.462501642881698,0.0],[-42.661980116525001,-22.462545974610546,0.0],[-42.662066820881371,-22.462591608197172,0.0],[-42.662206713279197,-22.462670847387312,0.0],[-42.662272571724067,-22.462706547128477,0.0],[-42.662338818821475,-22.462719089174048,0.0],[-42.662409542359818,-22.462712393330918,0.0],[-42.662455479896991,-22.462697617053056,0.0],[-42.66265324196879,-22.46254606166908,0.0],[-42.662876955153727,-22.462333113298868,0.0],[-42.663080228524009,-22.462100565588646,0.0],[-42.66310713315157,-22.462070147057837,0.0]]]}},
{"type":"Feature","properties":{"fid":464,"NOM_LOGRAD":"RUA ALBERTINO JESUS DA SILVA","DOC_CRIAç":"Lei n° 636 de 1991","LOCALIDADE":"SEDE","BAIRRO":"GANGURI","CEP":28680475,"NOME ANTIGO":"¨Rua VIII\""},"geometry":{"type":"MultiLineString","coordinates":[[[-42.66310713315157,-22.462070147057837,0.0],[-42.663181136037153,-22.462071219500697,0.0],[-42.663250931506091,-22.462077964174807,0.0],[-42.663308585461742,-22.462073066406159,0.0],[-42.663362833203969,-22.462026075526353,0.0],[-42.663411811332494,-22.461925498061184,0.0],[-42.663435673137926,-22.461851311746145,0.0],[-42.66344122650807,-22.461765393665367,0.0],[-42.663445076747081,-22.461658429037236,0.0],[-42.663456925163146,-22.461564957851294,0.0],[-42.663482938629095,-22.46148506946038,0.0],[-42.663513447855308,-22.461382313254632,0.0]]]}},
{"type":"Feature","properties":{"fid":465,"NOM_LOGRAD":"RUA JOSÉ CARLOS DE FARIAS","DOC_CRIAç":null,"LOCALIDADE":"SEDE","BAIRRO":"SÃO FRANCISCO DE ASSIS","CEP":null,"NOME ANTIGO":null},"geometry":{"type":"MultiLineString","coordinates":[[[-42.653932041904611,-22.469390573900377,0.0],[-42.654023335814195,-22.469409494399248,0.0],[-42.654161406224944,-22.469438243328995,0.0],[-42.654283475713413,-22.469428057045253,0.0],[-42.654325392058254,-22.469411778683945,0.0],[-42.654408836582306,-22.469312366888683,0.0],[-42.654452779952244,-22.46923348476102,0.0],[-42.6541783458661,-22.469079055246819,0.0],[-42.653811681313726,-22.468878437527,0.0],[-42.653754055736478,-22.468838050207214,0.0],[-42.653717670741564,-22.46881254948789,0.0],[-42.653717670741564,-22.46881254948789,0.0],[-42.653793349463513,-22.468651073599084,0.0],[-42.653851294994752,-22.468527083213541,0.0],[-42.653945669486333,-22.468312034368743,0.0],[-42.654213798236448,-22.467888480688114,0.0]]]}},
{"type":"Feature","properties":{"fid":466,"NOM_LOGRAD":"RUA JOAQUIM JOSÉ DOS REIS","DOC_CRIAç":"Lei nº 683 de 05.05.1992","LOCALIDADE":"SEDE","BAIRRO":"SÃO FRANCISCO DE ASSIS","CEP":null,"NOME ANTIGO":null},"geometry":{"type":"MultiLineString","coordinates":[[[-42.654675797592468,-22.468375804217462,0.0],[-42.654546696987907,-22.468630134288421,0.0],[-42.654457875153817,-22.468798089657522,0.0],[-42.654437013119974,-22.468835396712809,0.0]]]}},
{"type":"Feature","properties":{"fid":467,"NOM_LOGRAD":"RUA 8","DOC_CRIAç":null,"LOCALIDADE":"SEDE","BAIRRO":"SÃO FRANCISCO DE ASSIS","CEP":0,"NOME ANTIGO":null},"geometry":{"type":"MultiLineString","coordinates":[[[-42.656572213667822,-22.474272409160157,0.0],[-42.656635532531979,-22.474057632250169,0.0],[-42.656636956549491,-22.473973029104481,0.0],[-42.656624711577095,-22.473798902063571,0.0],[-42.656623135109825,-22.473592020843881,0.0],[-42.656622112387168,-22.473352238394106,0.0],[-42.656619349222638,-22.473215859792543,0.0]]]}},
{"type":"Feature","properties":{"fid":468,"NOM_LOGRAD":"RUA HERÁCLITO ANTONIO BUSQUET","DOC_CRIAç":null,"LOCALIDADE":"SEDE","BAIRRO":"SÃO FRANCISCO DE ASSIS","CEP":null,"NOME ANTIGO":null},"geometry":{"type":"MultiLineString","coordinates":[[[-42.655992460516629,-22.475110544029992,0.0],[-42.655974525340824,-22.47450794378717,0.0],[-42.655928847481718,-22.47325144871099,0.0]]]}},
{"type":"Feature","properties":{"fid":469,"NOM_LOGRAD":"RUA JOEL MENDES","DOC_CRIAç":null,"LOCALIDADE":"SEDE","BAIRRO":"SÃO FRANCISCO DE ASSIS","CEP":null,"NOME ANTIGO":null},"geometry":{"type":"MultiLineString","coordinates":[[[-42.655310919383062,-22.475059887166751,0.0],[-42.655290231483519,-22.474502584830795,0.0],[-42.655293720078973,-22.473976578685317,0.0],[-42.655283310666924,-22.473638033915147,0.0],[-42.655282141581104,-22.473452349757693,0.0],[-42.655270354183578,-22.473367663136429,0.0]]]}},
{"type":"Feature","properties":{"fid":470,"NOM_LOGRAD":"RUA LUIZA FAUSTINA FALCÃO","DOC_CRIAç":"Lei  nº 1525/04 de 31.05.2004","LOCALIDADE":"SEDE","BAIRRO":"SÃO FRANCISCO DE ASSIS","CEP":null,"NOME ANTIGO":null},"geometry":{"type":"MultiLineString","coordinates":[[[-42.654200460024221,-22.474769722247391,0.0],[-42.65420899723393,-22.474625677040486,0.0],[-42.654216173065095,-22.474474969090156,0.0],[-42.654219493902808,-22.474277884084096,0.0],[-42.654218630551561,-22.474122750202749,0.0],[-42.65419559445133,-22.473857595566773,0.0]]]}},
{"type":"Feature","properties":{"fid":471,"NOM_LOGRAD":"RUA JOÃO LUÍS DE SIQUEIRA","DOC_CRIAç":null,"LOCALIDADE":"SEDE","BAIRRO":"SÃO FRANCISCO DE ASSIS","CEP":null,"NOME ANTIGO":null},"geometry":{"type":"MultiLineString","coordinates":[[[-42.656619349222659,-22.47321585979255,0.0],[-42.65652310144953,-22.473223863186089,0.0],[-42.656350914384376,-22.473235463748747,0.0],[-42.655992365527595,-22.473248196737888,0.0],[-42.655928847481718,-22.47325144871099,0.0],[-42.655765800232729,-22.473269267359854,0.0],[-42.655645136767468,-22.4732817036193,0.0],[-42.655423175655514,-22.473330739248183,0.0],[-42.655270354183578,-22.473367663136429,0.0],[-42.655191377191549,-22.47338843650245,0.0],[-42.655088232299065,-22.473419256933038,0.0],[-42.65492046902672,-22.473468530861425,0.0],[-42.654501965826,-22.47368810510666,0.0],[-42.65419559445133,-22.473857595566773,0.0],[-42.654124896947764,-22.473886003050175,0.0],[-42.653945803810096,-22.473971493096101,0.0],[-42.653831926338128,-22.4740409359169,0.0],[-42.653733915747829,-22.474157993580423,0.0],[-42.653626543964933,-22.474305340900564,0.0],[-42.653550220416342,-22.474393853997615,0.0],[-42.653495112571285,-22.474464559887377,0.0],[-42.653427311758122,-22.474488626768963,0.0],[-42.653359354050323,-22.474488681303999,0.0],[-42.65321541067037,-22.474498590588503,0.0],[-42.653172456048971,-22.474514667798783,0.0],[-42.653139923391663,-22.47454551154501,0.0],[-42.653139114083103,-22.474593519819472,0.0],[-42.653149999277936,-22.474647439898732,0.0],[-42.653190631616894,-22.474769125575925,0.0],[-42.653205104196566,-22.474843454214998,0.0],[-42.653208417357312,-22.474913444713977,0.0],[-42.653169610478386,-22.475003886157737,0.0],[-42.653122667680961,-22.475087826346805,0.0],[-42.65306063185173,-22.475166845434753,0.0]]]}},
{"type":"Feature","properties":{"fid":472,"NOM_LOGRAD":"RUA GENERAL BASÍLIO TABORDA","DOC_CRIAç":"Lei nº 316/87 de 20.10.1987","LOCALIDADE":"SEDE","BAIRRO":"SÃO FRANCISCO DE ASSIS","CEP":null,"NOME ANTIGO":null},"geometry":{"type":"MultiLineString","coordinates":[[[-42.653151876539766,-22.475035596898092,0.0],[-42.65310473590187,-22.474951227088486,0.0],[-42.6530556674442,-22.47486118761886,0.0],[-42.652971835884856,-22.474733482978682,0.0],[-42.652862540123841,-22.474630812773622,0.0],[-42.652790149646762,-22.474534295423641,0.0],[-42.652756411196705,-22.474429917707763,0.0],[-42.652796531190688,-22.474066197622026,0.0],[-42.652848132869288,-22.473668732754287,0.0],[-42.652844581053508,-22.473579356030537,0.0],[-42.652812032252577,-22.473409634695365,0.0],[-42.65272946488065,-22.47320627578512,0.0],[-42.652690035081903,-22.473085822854816,0.0],[-42.652707902560756,-22.472984999945634,0.0],[-42.652769224336645,-22.472948282369003,0.0],[-42.653089182475178,-22.472873018747947,0.0],[-42.653261685901633,-22.472842621000805,0.0],[-42.65336283228703,-22.47284409350182,0.0],[-42.653463978680868,-22.472845565939494,0.0],[-42.653692033338686,-22.472820677699634,0.0],[-42.654096369505702,-22.472811107724663,0.0],[-42.654152562118291,-22.472802683332727,0.0],[-42.65419026065716,-22.472797031559089,0.0],[-42.654270468425779,-22.472716264540942,0.0],[-42.654317647176462,-22.472618223363952,0.0],[-42.654324684101745,-22.472500792761636,0.0],[-42.654313550561014,-22.472260863422981,0.0],[-42.65428629493487,-22.472077115320946,0.0],[-42.65427330061047,-22.471947639925244,0.0],[-42.654249756215172,-22.471843868267907,0.0],[-42.654205190864751,-22.47178680391443,0.0],[-42.654155093146443,-22.471757866962559,0.0],[-42.654049602923699,-22.471714019920938,0.0],[-42.65380835823062,-22.471621183848672,0.0],[-42.653723334940537,-22.471563530532663,0.0],[-42.653619112287146,-22.471444480574704,0.0],[-42.653570519723971,-22.471326240307306,0.0],[-42.653562068501451,-22.471227389596983,0.0],[-42.653574321540148,-22.471100632336867,0.0],[-42.653591631797603,-22.470973948682683,0.0],[-42.653613128040568,-22.470899040461866,0.0],[-42.653593770268721,-22.470847044192698,0.0],[-42.653514042379982,-22.470775363920495,0.0],[-42.653418113145975,-22.470764564926274,0.0],[-42.653291444411011,-22.470776824990551,0.0],[-42.653225621023985,-22.470780568091378,0.0],[-42.653175761529361,-22.470737530384895,0.0],[-42.653161461183096,-22.470685607701263,0.0],[-42.65316715215188,-22.470648080004295,0.0],[-42.65323922091526,-22.470573908063621,0.0],[-42.653429586151596,-22.470383925101181,0.0],[-42.653531839599502,-22.470319595014828,0.0],[-42.653658824703747,-22.470288534055978,0.0],[-42.653780198176747,-22.470290300560908,0.0],[-42.653915872264946,-22.470343989614999,0.0],[-42.654101802065966,-22.470417215171704,0.0],[-42.654227441130494,-22.470466056628887,0.0],[-42.654423010727847,-22.470567630035163,0.0],[-42.654553469796177,-22.470630645350592,0.0],[-42.65468408732022,-22.470684260229802,0.0],[-42.654739162884248,-22.47071797074112,0.0],[-42.654858716160291,-22.470827840390047,0.0],[-42.654954012382156,-22.470876239906818,0.0],[-42.655029158804908,-22.470919644941631,0.0],[-42.655105017642413,-22.470920748402712,0.0],[-42.655165783865414,-22.470916930974337,0.0],[-42.65525215295493,-22.470894680628422,0.0],[-42.655323904264051,-22.470839308361583,0.0],[-42.655487556577349,-22.470733558091645,0.0],[-42.65554468991801,-22.470645063848245,0.0],[-42.655586018376283,-22.470593950324016,0.0],[-42.655623080885405,-22.47049576150712,0.0],[-42.655628929450266,-22.470448833318123,0.0],[-42.655650345382952,-22.47037862489389,0.0]]]}},
{"type":"Feature","properties":{"fid":473,"NOM_LOGRAD":"RUA MARIA ZULMIRA PINTO","DOC_CRIAç":"Lei nº 469/90 de 07.05.1990","LOCALIDADE":"SEDE","BAIRRO":"SÃO FRANCISCO DE ASSIS","CEP":null,"NOME ANTIGO":null},"geometry":{"type":"MultiLineString","coordinates":[[[-42.651388336916973,-22.471640956442055,0.0],[-42.65138333775365,-22.47189084164668,0.0],[-42.651372800103957,-22.47195773225156,0.0],[-42.651353064341627,-22.472012100246307,0.0],[-42.651299019569869,-22.472123143923071,0.0],[-42.651227019140052,-22.472325808358665,0.0],[-42.651199075329359,-22.472401918939791,0.0],[-42.651178113029125,-22.472482503687562,0.0],[-42.651159638859028,-22.472560829698086,0.0],[-42.651141798708395,-22.472636467514775,0.0],[-42.65114734490728,-22.472679544021688,0.0],[-42.651208045678921,-22.472753302579559,0.0],[-42.651299196610793,-22.472834792213426,0.0],[-42.651433362510716,-22.472969377863219,0.0],[-42.651502969383678,-22.473026505057,0.0],[-42.651585684408495,-22.47305030113241,0.0],[-42.651629327326923,-22.473038305466506,0.0],[-42.651659326715084,-22.473007649589501,0.0],[-42.651744656631585,-22.472922901317467,0.0],[-42.651805475922679,-22.472850184520887,0.0],[-42.651878053996377,-22.472777638990312,0.0],[-42.651981638738633,-22.472688394533119,0.0],[-42.652062183773246,-22.472615311985674,0.0],[-42.652253529275001,-22.472499788877574,0.0],[-42.652325395475479,-22.472461720614735,0.0],[-42.652370558218699,-22.472447405632913,0.0],[-42.652426400918365,-22.47243728780537,0.0],[-42.652478788540591,-22.472446066906294,0.0],[-42.652580415839012,-22.472464307956564,0.0],[-42.652720295671052,-22.472492579613256,0.0],[-42.652898024915991,-22.472508284934754,0.0],[-42.652992378060539,-22.472492897719228,0.0],[-42.653051039201948,-22.472455128543988,0.0],[-42.653083781768451,-22.472419896947272,0.0],[-42.653120408807723,-22.47235294354898,0.0],[-42.653127896218109,-22.472292875696731,0.0],[-42.653112942406914,-22.472225018858701,0.0],[-42.653076812463247,-22.472135586394732,0.0],[-42.653036028166369,-22.472043171194109,0.0],[-42.652985750921118,-22.47195571895768,0.0],[-42.652882110062173,-22.471777854544737,0.0],[-42.652824182394511,-22.471680667415495,0.0],[-42.652798846941216,-22.471647201244529,0.0],[-42.65278042818084,-22.471623338323042,0.0],[-42.652693513791569,-22.471569603367797,0.0],[-42.6526450595629,-22.471551687799721,0.0],[-42.652574715328633,-22.47149951313715,0.0],[-42.652482069603266,-22.471425951785275,0.0],[-42.652432699577737,-22.471366130230727,0.0],[-42.652422609184256,-22.471313513926141,0.0],[-42.652433047226005,-22.471261255980089,0.0],[-42.652468105829463,-22.471183360156548,0.0],[-42.652493796846514,-22.471090827110583,0.0],[-42.652514342687908,-22.470988373812538,0.0],[-42.652523032041373,-22.470916549491236,0.0],[-42.652480102775186,-22.470833382075682,0.0],[-42.652445440871112,-22.470796440250105,0.0],[-42.65242871069794,-22.470765589485175,0.0],[-42.652404937607251,-22.470733907412082,0.0],[-42.652394355909692,-22.470710433595489,0.0],[-42.652379492828665,-22.470651922534476,0.0],[-42.652463142348189,-22.470490626756728,0.0],[-42.652517040017749,-22.470409792621947,0.0],[-42.652637265041257,-22.470301503384885,0.0],[-42.652798547897874,-22.470176322070618,0.0],[-42.65293247903444,-22.470057468890161,0.0],[-42.653008492969548,-22.469965301411538,0.0],[-42.653035450588881,-22.469902508155492,0.0],[-42.65305689015981,-22.46983862185418,0.0],[-42.65307218843936,-22.469728348546845,0.0],[-42.653071173653721,-22.469665879496976,0.0],[-42.653058919131027,-22.469595560135016,0.0],[-42.653036555598398,-22.469511641910987,0.0],[-42.653034976765902,-22.469421300433332,0.0],[-42.653046804503724,-22.469271582359305,0.0],[-42.653066849580249,-22.46918635985871,0.0],[-42.653087976760652,-22.469098270601044,0.0],[-42.653108563792728,-22.46902198127011,0.0],[-42.653119166878398,-22.46896516858083,0.0],[-42.653107684528244,-22.468882057219517,0.0],[-42.653086042295293,-22.468821565281914,0.0],[-42.653057774813426,-22.468770003426862,0.0],[-42.652989919580868,-22.468659663110955,0.0],[-42.652902120656641,-22.46853251549329,0.0],[-42.652860038735945,-22.468453114353593,0.0],[-42.652793202319202,-22.468332878162226,0.0],[-42.652755580209188,-22.468260118165261,0.0],[-42.652721600323652,-22.468163340440451,0.0],[-42.652718222203653,-22.468108213399351,0.0]]]}},
{"type":"Feature","properties":{"fid":474,"NOM_LOGRAD":"RUA CECÍLIA PEREIRA DOS SANTOS","DOC_CRIAç":null,"LOCALIDADE":"SEDE","BAIRRO":"SÃO FRANCISCO DE ASSIS","CEP":null,"NOME ANTIGO":null},"geometry":{"type":"MultiLineString","coordinates":[[[-42.656295441135669,-22.473238948936991,0.0],[-42.656280871120714,-22.473077622423212,0.0],[-42.656253821682533,-22.472829190601164,0.0],[-42.656220517960328,-22.472614971039484,0.0],[-42.656162115397848,-22.472205122157561,0.0],[-42.656126284226815,-22.471972394879266,0.0],[-42.656107968996054,-22.471879773797721,0.0],[-42.656078521825172,-22.471773797313386,0.0],[-42.656037498652196,-22.471680846043039,0.0],[-42.656002196931695,-22.471585339251916,0.0],[-42.655932266877642,-22.471480671820412,0.0]]]}},
{"type":"Feature","properties":{"fid":475,"NOM_LOGRAD":"RUA ANTÔNIO CORDOVIL DE SIQUEIRA","DOC_CRIAç":null,"LOCALIDADE":"SEDE","BAIRRO":"SÃO FRANCISCO DE ASSIS","CEP":28681561,"NOME ANTIGO":null},"geometry":{"type":"MultiLineString","coordinates":[[[-42.655731426641616,-22.470731992704764,0.0],[-42.655629530739098,-22.470785669047714,0.0],[-42.655465916274558,-22.470891476568653,0.0],[-42.65515890345624,-22.471121687505576,0.0],[-42.655206139246808,-22.47131253002566,0.0],[-42.655249289470433,-22.471447731712018,0.0],[-42.655302860860104,-22.471638497811387,0.0],[-42.655342461986628,-22.471815867168726,0.0],[-42.65541915484949,-22.472103598909374,0.0],[-42.65546896974201,-22.472248500283932,0.0],[-42.655509506314303,-22.472294016456338,0.0],[-42.655509342792115,-22.47230641504013,0.0]]]}},
{"type":"Feature","properties":{"fid":476,"NOM_LOGRAD":"RUA SEM NOME","DOC_CRIAç":null,"LOCALIDADE":"SEDE","BAIRRO":"SÃO FRANCISCO DE ASSIS","CEP":null,"NOME ANTIGO":null},"geometry":{"type":"MultiLineString","coordinates":[[[-42.653083781768458,-22.472419896947272,0.0],[-42.653515680227414,-22.472559787944757,0.0],[-42.653795403706795,-22.472640381986885,0.0],[-42.653961986992613,-22.47269558061744,0.0],[-42.654074638616265,-22.472749994207948,0.0],[-42.654152562118291,-22.472802683332727,0.0]]]}},
{"type":"Feature","properties":{"fid":477,"NOM_LOGRAD":"RUA VEREADOR RUBENS LOTA","DOC_CRIAç":null,"LOCALIDADE":"SEDE","BAIRRO":"SÃO FRANCISCO DE ASSIS","CEP":null,"NOME ANTIGO":null},"geometry":{"type":"MultiLineString","coordinates":[[[-42.654625836116608,-22.470198470263355,0.0],[-42.654347138855364,-22.47005720265404,0.0],[-42.654169649001773,-22.469975458858126,0.0],[-42.6540344695794,-22.469910162826551,0.0],[-42.65390762787937,-22.469855542849817,0.0],[-42.653848286966834,-22.469838847024317,0.0],[-42.653783091366563,-22.469832620791891,0.0],[-42.653709380406987,-22.469826270600134,0.0],[-42.653629681389837,-22.46983830415671,0.0],[-42.653581072024167,-22.469858706298353,0.0],[-42.653529624188785,-22.46987906710962,0.0],[-42.653372264318577,-22.469950660349799,0.0],[-42.653338024999279,-22.46996071676768,0.0],[-42.653301125047406,-22.469960179629563,0.0],[-42.653147393617573,-22.469805349359923,0.0],[-42.653071604630789,-22.469692409941267,0.0]]]}},
{"type":"Feature","properties":{"fid":478,"NOM_LOGRAD":"AVENIDA NABY CALIFFA","DOC_CRIAç":"Lei  nº 575 de 26.10.1973","LOCALIDADE":"SEDE","BAIRRO":"SÃO FRANCISCO DE ASSIS","CEP":28681547,"NOME ANTIGO":null},"geometry":{"type":"MultiLineString","coordinates":[[[-42.655645136767468,-22.4732817036193,0.0],[-42.655645136767468,-22.4732817036193,0.0],[-42.655645136767468,-22.4732817036193,0.0],[-42.655645136767468,-22.4732817036193,0.0],[-42.655645136767468,-22.4732817036193,0.0],[-42.655645136767468,-22.4732817036193,0.0],[-42.655645136767468,-22.4732817036193,0.0],[-42.655645136767468,-22.4732817036193,0.0],[-42.655645136767468,-22.4732817036193,0.0],[-42.655623073884342,-22.473115997070945,0.0],[-42.655593290168262,-22.472962112717958,0.0],[-42.655553244299178,-22.472648610233531,0.0],[-42.655509342792115,-22.47230641504013,0.0],[-42.655509506314303,-22.472294016456338,0.0],[-42.655509506314303,-22.472294016456338,0.0],[-42.655515662680749,-22.472287879509153,0.0],[-42.655572602699735,-22.472184558918194,0.0],[-42.65560438755945,-22.472110770469694,0.0],[-42.655717523877968,-22.471928876153232,0.0],[-42.655813868835203,-22.471782843721765,0.0],[-42.655880627840794,-22.471663460620679,0.0],[-42.655914918839869,-22.471549623053928,0.0],[-42.655932266877642,-22.471480671820412,0.0],[-42.655917248323412,-22.471411249937038,0.0],[-42.655859322084552,-22.471198283853948,0.0],[-42.655810624834615,-22.471014036015223,0.0],[-42.655749284975471,-22.47081155123411,0.0],[-42.655695076909488,-22.470570055131791,0.0],[-42.655650345382952,-22.47037862489389,0.0],[-42.655650224379258,-22.470349757002939,0.0],[-42.655584280918696,-22.470228444118487,0.0],[-42.655395375993038,-22.469911272285088,0.0],[-42.655203007333498,-22.469607589713423,0.0],[-42.655028995358187,-22.469367359758241,0.0],[-42.654844564941278,-22.469169101951493,0.0],[-42.654698138306756,-22.469021042800335,0.0],[-42.654621270542187,-22.468971783000271,0.0],[-42.654541470223123,-22.468904427424985,0.0],[-42.654437013119974,-22.468835396712809,0.0],[-42.654031665730308,-22.468611169406394,0.0],[-42.653890421461185,-22.468539910583793,0.0],[-42.653851294994752,-22.468527083213541,0.0]]]}},
{"type":"Feature","properties":{"fid":479,"NOM_LOGRAD":"PRAÇA CARLOS DE FARIAS FILHO","DOC_CRIAç":"Lei n° 698 de 20.05.1992","LOCALIDADE":"SEDE","BAIRRO":"SÃO FRANCISCO DE ASSIS","CEP":0,"NOME ANTIGO":null},"geometry":{"type":"MultiLineString","coordinates":[[[-42.653717670741564,-22.46881254948789,0.0],[-42.653628870442788,-22.46880634868522,0.0],[-42.653592887675821,-22.46881739700132,0.0],[-42.653572367362905,-22.468834456375905,0.0],[-42.653562519689615,-22.468864689617384,0.0],[-42.653560403244242,-22.468897928391964,0.0],[-42.653573968573845,-22.468924162895103,0.0],[-42.65360003059628,-22.468947686276,0.0],[-42.65362636066348,-22.468955302016262,0.0],[-42.653654295461592,-22.468960048101206,0.0],[-42.653688673536266,-22.468951869426004,0.0],[-42.653704525872605,-22.46893474209935,0.0],[-42.653723636387987,-22.468908983168639,0.0],[-42.653754055736478,-22.468838050207214,0.0],[-42.653754055736478,-22.468838050207214,0.0]]]}},
{"type":"Feature","properties":{"fid":480,"NOM_LOGRAD":"RUA ALTAIR PIRES GAMA","DOC_CRIAç":"Lei nº 2.623 de 27.06.2024","LOCALIDADE":"SEDE","BAIRRO":"SÃO FRANCISCO DE ASSIS","CEP":28681631,"NOME ANTIGO":null},"geometry":{"type":"MultiLineString","coordinates":[[[-42.653851294994745,-22.46852708321353,0.0],[-42.653803540441992,-22.468508557785054,0.0],[-42.653665127535604,-22.468461410744727,0.0],[-42.653292167728083,-22.468308548984343,0.0],[-42.652926432674484,-22.468168099002707,0.0],[-42.652718222203653,-22.468108213399351,0.0],[-42.652683876885327,-22.468096596643512,0.0],[-42.652494389598317,-22.468006581211572,0.0],[-42.652346775115078,-22.467929210686869,0.0],[-42.652285432457326,-22.467919290897413,0.0],[-42.652201230991608,-22.467921073577319,0.0],[-42.652149344487576,-22.467926335656795,0.0],[-42.652081325859228,-22.467928353940767,0.0],[-42.652005947263213,-22.46789037115397,0.0],[-42.651944910323863,-22.467851858077861,0.0],[-42.651856211678997,-22.467839323374498,0.0],[-42.651747353066547,-22.467799597460164,0.0],[-42.651604050372413,-22.467776263031173,0.0],[-42.651501739583409,-22.467742902076317,0.0],[-42.651343830138288,-22.467699470881449,0.0],[-42.651199960969365,-22.467627717443893,0.0],[-42.651064836967031,-22.467541955432857,0.0],[-42.65095302892027,-22.467453070023872,0.0],[-42.650873941708205,-22.467343599419731,0.0],[-42.650817332861834,-22.467244987256713,0.0],[-42.650795793320754,-22.467178478903516,0.0],[-42.650772640962565,-22.46701566413272,0.0],[-42.650771922087827,-22.46692746849094,0.0]]]}},
{"type":"Feature","properties":{"fid":481,"NOM_LOGRAD":"VIADUTO","DOC_CRIAç":null,"LOCALIDADE":"SEDE","BAIRRO":"CENTRO","CEP":null,"NOME ANTIGO":null},"geometry":{"type":"MultiLineString","coordinates":[[[-42.653539501231059,-22.465359499643306,0.0],[-42.653436692553981,-22.465186944269199,0.0],[-42.653647516998085,-22.465536210878113,0.0],[-42.653811380695693,-22.465765339896006,0.0],[-42.654501156923239,-22.466678167206069,0.0],[-42.654747867308792,-22.466989830018594,0.0],[-42.654829092180329,-22.467099047508569,0.0]]]}},
{"type":"Feature","properties":{"fid":482,"NOM_LOGRAD":"RUA LUIZA REIS","DOC_CRIAç":null,"LOCALIDADE":"SEDE","BAIRRO":"CENTRO","CEP":null,"NOME ANTIGO":null},"geometry":{"type":"MultiLineString","coordinates":[[[-42.65735630422612,-22.466155661798219,0.0],[-42.656688109906931,-22.466369863036125,0.0]]]}},
{"type":"Feature","properties":{"fid":483,"NOM_LOGRAD":"RUA MARIO AMARAL DA COSTA","DOC_CRIAç":null,"LOCALIDADE":"SEDE","BAIRRO":"CENTRO","CEP":null,"NOME ANTIGO":null},"geometry":{"type":"MultiLineString","coordinates":[[[-42.656517547222066,-22.465952849172805,0.0],[-42.656688109906938,-22.466369863036125,0.0],[-42.656707574564294,-22.466447356698623,0.0],[-42.656903134254812,-22.466921184514419,0.0]]]}},
{"type":"Feature","properties":{"fid":484,"NOM_LOGRAD":"RUA ANÍCIO MONTEIRO DA SILVA","DOC_CRIAç":"Del. nº 509 de 17.07.1972","LOCALIDADE":"SEDE","BAIRRO":"CENTRO","CEP":28680065,"NOME ANTIGO":"Rua da Matriz"},"geometry":{"type":"MultiLineString","coordinates":[[[-42.657727866657481,-22.466774584771688,0.0],[-42.656903134254812,-22.466921184514419,0.0],[-42.656313190121196,-22.467045508408724,0.0],[-42.65566925876918,-22.467181206708307,0.0]]]}},
{"type":"Feature","properties":{"fid":485,"NOM_LOGRAD":"RUA FLORIANO PEIXOTO","DOC_CRIAç":null,"LOCALIDADE":"SEDE","BAIRRO":"CENTRO","CEP":null,"NOME ANTIGO":null},"geometry":{"type":"MultiLineString","coordinates":[[[-42.654089246367093,-22.465103338056842,0.0],[-42.654151411391133,-22.465209194445766,0.0],[-42.654406118287348,-22.465622961117717,0.0],[-42.654577935812085,-22.46589977734229,0.0],[-42.654988606789814,-22.466809299421122,0.0],[-42.655073588423136,-22.467002839994379,0.0],[-42.655260733528195,-22.467453801116122,0.0]]]}},
{"type":"Feature","properties":{"fid":486,"NOM_LOGRAD":"RUA RUI BARBOSA","DOC_CRIAç":null,"LOCALIDADE":"SEDE","BAIRRO":"CENTRO","CEP":null,"NOME ANTIGO":null},"geometry":{"type":"MultiLineString","coordinates":[[[-42.654714188334012,-22.464360100444267,0.0],[-42.654790676534596,-22.464329788241532,0.0],[-42.654917230031678,-22.464263929776326,0.0],[-42.655006549992109,-22.464246423499784,0.0],[-42.655212876156611,-22.464249424016863,0.0],[-42.655382918433666,-22.464244374551125,0.0],[-42.655476347250122,-22.464223166693507,0.0],[-42.655570345632604,-22.464168117505626,0.0],[-42.655721931717885,-22.464057489588718,0.0],[-42.655948078559227,-22.463844516215399,0.0],[-42.656055605325243,-22.463706919992575,0.0],[-42.656374708090986,-22.463260230675282,0.0],[-42.656627814446466,-22.462887802768886,0.0],[-42.656741693061754,-22.462690087857876,0.0],[-42.656806896628325,-22.462557260322679,0.0],[-42.656856964030219,-22.462407490922644,0.0],[-42.656905445256655,-22.462275614752805,0.0],[-42.656939131126066,-22.462182939447203,0.0],[-42.656972073802315,-22.462134446883798,0.0],[-42.657043720133842,-22.462076961309343,0.0],[-42.657123416425151,-22.461999287511262,0.0],[-42.657154150957631,-22.46192926325115,0.0],[-42.657158146391176,-22.461844517447656,0.0],[-42.657129316793707,-22.461700951790615,0.0],[-42.657102515716858,-22.461610296827292,0.0],[-42.657045468889692,-22.461393206720818,0.0]]]}},
{"type":"Feature","properties":{"fid":487,"NOM_LOGRAD":"TRAVESSA HÉLIO PORTO FERNANDES","DOC_CRIAç":"Lei nº 875/93 de 25.10.1993","LOCALIDADE":"SEDE","BAIRRO":"CENTRO","CEP":null,"NOME ANTIGO":null},"geometry":{"type":"MultiLineString","coordinates":[[[-42.656313190121196,-22.467045508408741,0.0],[-42.656281685507444,-22.466887603819728,0.0],[-42.6562487899538,-22.466779251345017,0.0],[-42.656239796082914,-22.466662897945731,0.0],[-42.656247976739436,-22.466580855831317,0.0],[-42.656242135359598,-22.466523890200179,0.0],[-42.656230496165406,-22.466475493176169,0.0]]]}},
{"type":"Feature","properties":{"fid":488,"NOM_LOGRAD":"RUA MANOEL DELFIM SARMENTO","DOC_CRIAç":"Lei nº 181/85 de 03.07.1985","LOCALIDADE":"SEDE","BAIRRO":"CENTRO","CEP":null,"NOME ANTIGO":null},"geometry":{"type":"MultiLineString","coordinates":[[[-42.655260733528173,-22.467453801116122,0.0],[-42.655503144663783,-22.467513886563211,0.0],[-42.65569422207615,-22.467550601169492,0.0],[-42.655812243008988,-22.467589081345899,0.0],[-42.65625195933449,-22.467677486473985,0.0],[-42.656400543763411,-22.467707926513285,0.0],[-42.656661446146906,-22.467754139021888,0.0],[-42.657053037950647,-22.467809320421253,0.0],[-42.657147293929313,-22.467813518163933,0.0],[-42.657202478892323,-22.467788867988105,0.0],[-42.657346453978356,-22.467731571843593,0.0],[-42.65750891902227,-22.467660404152912,0.0],[-42.657655888364594,-22.467605979228939,0.0],[-42.657719961549347,-22.46759559805469,0.0],[-42.657905146012745,-22.46762091242125,0.0],[-42.657965654135282,-22.467641587494178,0.0],[-42.658013946537835,-22.467664913109342,0.0],[-42.658055415173699,-22.467685973742977,0.0],[-42.658112902715423,-22.467715966471285,0.0]]]}},
{"type":"Feature","properties":{"fid":489,"NOM_LOGRAD":"RUA SERAFIM COELHO GOMES","DOC_CRIAç":"Del. nº 78 de 13.07.1995","LOCALIDADE":"SEDE","BAIRRO":"CENTRO","CEP":null,"NOME ANTIGO":null},"geometry":{"type":"MultiLineString","coordinates":[[[-42.655765964577157,-22.467573992490856,0.0],[-42.655722801739643,-22.467418854919568,0.0],[-42.655669258769194,-22.467181206708318,0.0],[-42.655593410597866,-22.466893392860431,0.0],[-42.655451810811144,-22.466295058741096,0.0],[-42.655351522104489,-22.465957340297017,0.0],[-42.655307260077436,-22.465869306599103,0.0]]]}},
{"type":"Feature","properties":{"fid":490,"NOM_LOGRAD":"RUA HERMAN ALMEIDA FERRAZ","DOC_CRIAç":null,"LOCALIDADE":"SEDE","BAIRRO":"CENTRO","CEP":null,"NOME ANTIGO":null},"geometry":{"type":"MultiLineString","coordinates":[[[-42.656070106680545,-22.465612615364428,0.0],[-42.655844764785492,-22.465690786439424,0.0],[-42.655457390475995,-22.465817543374783,0.0],[-42.655307260077436,-22.465869306599103,0.0]]]}},
{"type":"Feature","properties":{"fid":491,"NOM_LOGRAD":"RUA WASHINGTON LUÍS","DOC_CRIAç":null,"LOCALIDADE":"SEDE","BAIRRO":"CENTRO","CEP":null,"NOME ANTIGO":null},"geometry":{"type":"MultiLineString","coordinates":[[[-42.655307260077436,-22.465869306599103,0.0],[-42.655154178106294,-22.465776634010595,0.0],[-42.655038262813619,-22.46571516506096,0.0],[-42.654929943066612,-22.465611288816831,0.0],[-42.654885999293377,-22.465529410782324,0.0],[-42.654845798573717,-22.46541749870234,0.0],[-42.654822844104281,-22.465242651656308,0.0],[-42.654802569039454,-22.465100940906574,0.0],[-42.654766719271926,-22.464922897445916,0.0],[-42.654726455141443,-22.464755465858662,0.0],[-42.654694108245131,-22.464620956514267,0.0],[-42.654656156959305,-22.464480115540791,0.0]]]}},
{"type":"Feature","properties":{"fid":492,"NOM_LOGRAD":"RUA MANOEL DIZ MARTINEZ","DOC_CRIAç":"Lei nº 20/41 de 08.08.1941","LOCALIDADE":"SEDE","BAIRRO":"CENTRO","CEP":null,"NOME ANTIGO":null},"geometry":{"type":"MultiLineString","coordinates":[[[-42.654851458692512,-22.466508418066613,0.0],[-42.655343101063593,-22.466332917305614,0.0],[-42.655818876304494,-22.466179237097585,0.0],[-42.656372222932262,-22.465997034044403,0.0],[-42.656516511954102,-22.465953190909236,0.0],[-42.656634132918569,-22.465914364801243,0.0],[-42.6570697076492,-22.46577986237082,0.0],[-42.657324130062982,-22.465696456187516,0.0]]]}},
{"type":"Feature","properties":{"fid":493,"NOM_LOGRAD":"RUA PROFESSOR FERNANDO NUNES","DOC_CRIAç":"Lei nº 349/89 de 14.04.89","LOCALIDADE":"SEDE","BAIRRO":"CENTRO","CEP":null,"NOME ANTIGO":null},"geometry":{"type":"MultiLineString","coordinates":[[[-42.653506131862613,-22.465492504147672,0.0],[-42.653793445508775,-22.465912999383605,0.0],[-42.653979031113643,-22.466186496016601,0.0],[-42.654121508362579,-22.466376621987937,0.0],[-42.654426182837177,-22.466752257049958,0.0],[-42.654709442933616,-22.467097500983613,0.0]]]}},
{"type":"Feature","properties":{"fid":494,"NOM_LOGRAD":"RUA GETÚLIO VARGAS","DOC_CRIAç":null,"LOCALIDADE":"SEDE","BAIRRO":"CENTRO","CEP":null,"NOME ANTIGO":null},"geometry":{"type":"MultiLineString","coordinates":[[[-42.65320133114426,-22.465713299251817,0.0],[-42.653705216849062,-22.465348287911578,0.0],[-42.653731008223865,-22.465330889079741,0.0],[-42.653967177818018,-22.465171568926877,0.0],[-42.654089315113289,-22.46510279443779,0.0],[-42.654175531702982,-22.465054246496194,0.0],[-42.654388754066872,-22.464888100824172,0.0],[-42.65443825140423,-22.46483240498479,0.0],[-42.654621007588425,-22.464552983969771,0.0],[-42.654714015151541,-22.464360169076265,0.0],[-42.654714188334012,-22.464360100444267,0.0]]]}},
{"type":"Feature","properties":{"fid":495,"NOM_LOGRAD":"RUA RIMA EL-DAHER","DOC_CRIAç":"Lei nº 826 de\t13.05.1992\n","LOCALIDADE":"SEDE","BAIRRO":"CENTRO","CEP":null,"NOME ANTIGO":null},"geometry":{"type":"MultiLineString","coordinates":[[[-42.654397539778465,-22.467605467747212,0.0],[-42.654782695650731,-22.467461964378071,0.0],[-42.654952652370746,-22.467408006278678,0.0]]]}},
{"type":"Feature","properties":{"fid":496,"NOM_LOGRAD":"RUA SEM NOME","DOC_CRIAç":null,"LOCALIDADE":"SEDE","BAIRRO":"CENTRO","CEP":null,"NOME ANTIGO":null},"geometry":{"type":"MultiLineString","coordinates":[[[-42.653709324570123,-22.46534551684827,0.0],[-42.653938331386613,-22.465644620211666,0.0],[-42.65416445358656,-22.465953203001774,0.0],[-42.654308914549745,-22.466165999743332,0.0],[-42.6544130515638,-22.466300811594056,0.0],[-42.654490450615462,-22.466375035850739,0.0],[-42.654624004748221,-22.466411377896989,0.0],[-42.654702562237105,-22.46641682055191,0.0],[-42.654805982919676,-22.466404839724859,0.0]]]}},
{"type":"Feature","properties":{"fid":497,"NOM_LOGRAD":"RAMPA","DOC_CRIAç":null,"LOCALIDADE":"SEDE","BAIRRO":"CENTRO","CEP":0,"NOME ANTIGO":null},"geometry":{"type":"MultiLineString","coordinates":[[[-42.655197897833176,-22.467558529718097,0.0],[-42.655347400456492,-22.467839065341032,0.0]]]}},
{"type":"Feature","properties":{"fid":498,"NOM_LOGRAD":"AVENIDA LORD BADEN POWELL","DOC_CRIAç":null,"LOCALIDADE":"SEDE","BAIRRO":"CENTRO","CEP":0,"NOME ANTIGO":null},"geometry":{"type":"MultiLineString","coordinates":[[[-42.653904618370241,-22.464790087876345,0.0],[-42.653917737844743,-22.464811287542691,0.0],[-42.654084884727695,-22.465103375578874,0.0]]]}},
{"type":"Feature","properties":{"fid":499,"NOM_LOGRAD":"RUA PROFESSORA EDITH MIRANDA","DOC_CRIAç":"Lei nº 1292/00 de16.08.2000\n","LOCALIDADE":"SEDE","BAIRRO":"CENTRO","CEP":null,"NOME ANTIGO":null},"geometry":{"type":"MultiLineString","coordinates":[[[-42.653772222140596,-22.465303086200215,0.0],[-42.653623067131754,-22.465116211792804,0.0],[-42.653589631168202,-22.465073231436985,0.0]]]}},
{"type":"Feature","properties":{"fid":500,"NOM_LOGRAD":"RUA ADALGISA VELOSO","DOC_CRIAç":"Del. n° 589 de 27.03.1974","LOCALIDADE":"SEDE","BAIRRO":"CENTRO","CEP":28680045,"NOME ANTIGO":null},"geometry":{"type":"MultiLineString","coordinates":[[[-42.656221550661421,-22.466043902764063,0.0],[-42.656018180317801,-22.465450917269305,0.0],[-42.655981323704104,-22.465347253706327,0.0],[-42.655945387810888,-22.465296260842536,0.0]]]}},
{"type":"Feature","properties":{"fid":501,"NOM_LOGRAD":"RUA MARIA COTAS","DOC_CRIAç":"Lei nº 570/73 de 17.07.1973","LOCALIDADE":"SEDE","BAIRRO":"CENTRO","CEP":null,"NOME ANTIGO":null},"geometry":{"type":"MultiLineString","coordinates":[[[-42.65530755027752,-22.467841307420588,0.0],[-42.655137568692354,-22.467531373789082,0.0],[-42.654926840682755,-22.467206623751828,0.0],[-42.654829092180336,-22.467099047508569,0.0]]]}},
{"type":"Feature","properties":{"fid":502,"NOM_LOGRAD":"RUA MAURÍCIO DE ABREU","DOC_CRIAç":null,"LOCALIDADE":"SEDE","BAIRRO":"CENTRO","CEP":null,"NOME ANTIGO":null},"geometry":{"type":"MultiLineString","coordinates":[[[-42.654829092180336,-22.467099047508569,0.0],[-42.654842415331927,-22.467196347353038,0.0],[-42.654908844945574,-22.467318374516584,0.0],[-42.6549526524147,-22.467408006368601,0.0]]]}},
{"type":"Feature","properties":{"fid":503,"NOM_LOGRAD":"RUA JOSÉ CARLOS DE FARIAS","DOC_CRIAç":null,"LOCALIDADE":"SEDE","BAIRRO":"CENTRO","CEP":null,"NOME ANTIGO":null},"geometry":{"type":"MultiLineString","coordinates":[[[-42.654213798236398,-22.467888480688092,0.0],[-42.654239816129738,-22.467847380948466,0.0],[-42.654397539778465,-22.467605467747212,0.0],[-42.654709442933608,-22.467097500983595,0.0],[-42.654791907572694,-22.467049047952408,0.0]]]}},
{"type":"Feature","properties":{"fid":504,"NOM_LOGRAD":"AVENIDA GOVERNADOR ROBERTO SILVEIRA","DOC_CRIAç":null,"LOCALIDADE":"SEDE","BAIRRO":"CENTRO","CEP":0,"NOME ANTIGO":null},"geometry":{"type":"MultiLineString","coordinates":[[[-42.654627010757409,-22.464184714231198,0.0],[-42.654714015151519,-22.464360169076265,0.0]]]}},
{"type":"Feature","properties":{"fid":505,"NOM_LOGRAD":"RUA PASTOR LOTA","DOC_CRIAç":null,"LOCALIDADE":"SEDE","BAIRRO":"TUIM","CEP":null,"NOME ANTIGO":null},"geometry":{"type":"MultiLineString","coordinates":[[[-42.654699518786686,-22.458383784309152,0.0],[-42.654635444332484,-22.458307512315638,0.0],[-42.654565557194019,-22.45826558365048,0.0],[-42.654502526182512,-22.458230409395942,0.0],[-42.654436638522718,-22.458177161336895,0.0],[-42.654359965408844,-22.45810265008561,0.0],[-42.654255002880177,-22.458033089723877,0.0],[-42.654170023576683,-22.458009179227197,0.0],[-42.653971166131946,-22.457987391280259,0.0],[-42.653643138134036,-22.457948743815056,0.0],[-42.653495429103415,-22.457936792441906,0.0],[-42.65336978298415,-22.457918164866335,0.0],[-42.653127214156477,-22.457884414699667,0.0],[-42.652948681173477,-22.457862921266329,0.0],[-42.652685614950983,-22.45779106934431,0.0],[-42.652556623572075,-22.457724947618427,0.0],[-42.652347386846237,-22.457595302991145,0.0],[-42.652162634728803,-22.457460345940099,0.0],[-42.651922822425362,-22.457214993930453,0.0],[-42.651655321666439,-22.456923889574803,0.0],[-42.651594113144697,-22.456852443551391,0.0],[-42.651507790772982,-22.456751683078448,0.0],[-42.651368580793232,-22.456568260416759,0.0],[-42.651253313890024,-22.456411639847033,0.0],[-42.651150305163114,-22.456251418654688,0.0],[-42.651130147673292,-22.456211277606037,0.0],[-42.651048029073124,-22.456047748735564,0.0],[-42.650990178737501,-22.455861731616956,0.0],[-42.650906295662516,-22.455531730549243,0.0],[-42.650842099579769,-22.455239806921039,0.0],[-42.650833408428959,-22.455031831300406,0.0],[-42.650830398935831,-22.454978111185547,0.0],[-42.650820907329923,-22.454808683892853,0.0],[-42.65081157160931,-22.454689649431149,0.0],[-42.650811006338337,-22.454682441979923,0.0],[-42.650790789576298,-22.454424669277959,0.0],[-42.650777269472002,-22.45426197219934,0.0],[-42.650779944423256,-22.454103290063426,0.0],[-42.650802751679151,-22.453956238355943,0.0],[-42.650837943955118,-22.453798029791088,0.0],[-42.650897969943728,-22.453613729355322,0.0],[-42.650974891223129,-22.453391884181489,0.0],[-42.651154489870443,-22.452867318592503,0.0],[-42.651197110236559,-22.452750787871427,0.0],[-42.6512652644535,-22.452566605567259,0.0],[-42.651308011951848,-22.452442518500504,0.0],[-42.651321670247725,-22.452355798632436,0.0],[-42.651330945548331,-22.452287910322415,0.0],[-42.651319834019418,-22.452223504255358,0.0],[-42.651284653076615,-22.452139852357046,0.0],[-42.651237723988729,-22.452029575867869,0.0],[-42.651134208643484,-22.451899580049943,0.0],[-42.650990779602111,-22.451725543603462,0.0],[-42.650870942581243,-22.451599089046855,0.0],[-42.650726845502369,-22.45146472296075,0.0],[-42.65062650405244,-22.451387680137547,0.0],[-42.650518033513698,-22.451310518863018,0.0],[-42.650429376573619,-22.451263878703354,0.0],[-42.650316395803067,-22.451213105132588,0.0],[-42.650174835559348,-22.451169473333152,0.0],[-42.649859134927709,-22.451085513811904,0.0],[-42.649539688708252,-22.450982603760231,0.0],[-42.649244120759278,-22.450910273643736,0.0],[-42.648976845926455,-22.450847803026591,0.0],[-42.648891425958794,-22.450850337177716,0.0],[-42.648858909297445,-22.450849863264352,0.0],[-42.64873693861918,-22.450849299609736,0.0]]]}},
{"type":"Feature","properties":{"fid":506,"NOM_LOGRAD":"RUA JOÃO MENDES","DOC_CRIAç":null,"LOCALIDADE":"SEDE","BAIRRO":"TUIM","CEP":null,"NOME ANTIGO":null},"geometry":{"type":"MultiLineString","coordinates":[[[-42.652199942583024,-22.447971446929827,0.0],[-42.65218085465802,-22.448144444410808,0.0],[-42.652181806187428,-22.448269403419776,0.0],[-42.652210955114036,-22.44842923102274,0.0],[-42.652250975819939,-22.448526077001354,0.0],[-42.652265775557375,-22.448729818370591,0.0],[-42.652279135515727,-22.448881384173546,0.0],[-42.652291968081641,-22.448970488129056,0.0],[-42.652260251866331,-22.449112736888669,0.0],[-42.652113649619785,-22.449605764397244,0.0],[-42.652104913928056,-22.449767979193982,0.0],[-42.652179742076235,-22.44998550754886,0.0],[-42.652288002751789,-22.450210872190308,0.0],[-42.6522938161377,-22.45050568856335,0.0],[-42.652318433003906,-22.450604116819701,0.0],[-42.652581922504034,-22.45118688340742,0.0],[-42.652642119943614,-22.45138686294354,0.0],[-42.652755345493141,-22.451528025389361,0.0],[-42.652880187071815,-22.451644371826337,0.0],[-42.653039922673564,-22.451731943115945,0.0],[-42.653322839698276,-22.451787588437167,0.0],[-42.653462606181627,-22.451810797120448,0.0],[-42.653666162096201,-22.451863965800211,0.0],[-42.653810012244087,-22.45194940308544,0.0],[-42.653920826212314,-22.452026725518618,0.0],[-42.654028375349476,-22.452128037962254,0.0],[-42.654079283200495,-22.452205541071137,0.0],[-42.654074193793981,-22.452256691850078,0.0],[-42.654025225214305,-22.452292798596027,0.0],[-42.65385632104627,-22.452310635233832,0.0],[-42.653669495299106,-22.452336023997081,0.0],[-42.653465548565755,-22.452357474963041,0.0],[-42.653320333167322,-22.452401145477424,0.0],[-42.653220512199844,-22.452479050466131,0.0],[-42.653009993686574,-22.45269574596044,0.0],[-42.652778492630162,-22.452988440768529,0.0],[-42.652595160600306,-22.45315059163908,0.0],[-42.652475281778841,-22.453249569582958,0.0],[-42.652451325202172,-22.453307212692529,0.0],[-42.652446654534657,-22.453389554060013,0.0],[-42.652471375382333,-22.453481479771785,0.0],[-42.652524973813875,-22.453613504318199,0.0],[-42.652519994762741,-22.45371415438677,0.0],[-42.652478887464774,-22.453916048653312,0.0],[-42.652464210489946,-22.454014998029773,0.0],[-42.65244498239997,-22.454075183417839,0.0],[-42.652404820885934,-22.454142319960745,0.0],[-42.652351937457915,-22.454192341064783,0.0],[-42.652293973391643,-22.454235032372861,0.0],[-42.652225929568004,-22.45425822807109,0.0],[-42.651962536065476,-22.454293091791296,0.0],[-42.651780193411241,-22.454304948963681,0.0],[-42.651540538392474,-22.454320808702686,0.0],[-42.651293119899343,-22.454334136427455,0.0],[-42.651077040492204,-22.454340664327407,0.0],[-42.650998713126732,-22.454356453910776,0.0],[-42.650956560830977,-22.454387281933165,0.0],[-42.650916724605416,-22.454435073924358,0.0],[-42.650891592774173,-22.454525072266307,0.0],[-42.650864068581633,-22.454602786304847,0.0],[-42.650811571609282,-22.454689649431153,0.0]]]}},
{"type":"Feature","properties":{"fid":507,"NOM_LOGRAD":"RUA BOM JESUS","DOC_CRIAç":null,"LOCALIDADE":"SEDE","BAIRRO":"TUIM","CEP":null,"NOME ANTIGO":null},"geometry":{"type":"MultiLineString","coordinates":[[[-42.65239517635267,-22.455534198298409,0.0],[-42.652261553965403,-22.455530265698101,0.0],[-42.652154691172015,-22.455505524187224,0.0],[-42.652101360237666,-22.45545623309971,0.0],[-42.652093138536124,-22.455374958597123,0.0],[-42.652129269702094,-22.455308139140023,0.0],[-42.652182173018467,-22.455252062350816,0.0],[-42.652296255312805,-22.455177262652679,0.0],[-42.652397215654936,-22.455103416403094,0.0],[-42.652486714563715,-22.455042063951705,0.0],[-42.652551394193807,-22.454998997385445,0.0],[-42.652618894761744,-22.45494998212062,0.0],[-42.652680342761229,-22.454922533303989,0.0],[-42.652751952518003,-22.454895232341144,0.0],[-42.652851811625496,-22.454874524029727,0.0],[-42.652896015958085,-22.454854456845229,0.0],[-42.652930399770099,-22.454811706993848,0.0]]]}},
{"type":"Feature","properties":{"fid":508,"NOM_LOGRAD":"TRAVESSA ANÍBAL","DOC_CRIAç":null,"LOCALIDADE":"SEDE","BAIRRO":"TUIM","CEP":null,"NOME ANTIGO":null},"geometry":{"type":"MultiLineString","coordinates":[[[-42.651927813157819,-22.454944270453311,0.0],[-42.651854280468243,-22.454977039309057,0.0],[-42.651793597355038,-22.455020152970231,0.0],[-42.6517582023343,-22.455060701630032,0.0],[-42.651722461387116,-22.455121777224409,0.0],[-42.651699240943039,-22.455188901376633,0.0],[-42.651676119306437,-22.455250160682198,0.0],[-42.651665518192772,-22.455317468554558,0.0],[-42.651672017280475,-22.455377414153194,0.0],[-42.651693937563138,-22.4554229931714,0.0],[-42.651730628686153,-22.455497561844894,0.0],[-42.651764226727131,-22.455557618181398,0.0],[-42.651820982976311,-22.455611213449085,0.0],[-42.651895179572449,-22.455663381865705,0.0],[-42.652117184565626,-22.455769560929877,0.0]]]}},
{"type":"Feature","properties":{"fid":509,"NOM_LOGRAD":"RUA NERY DE SOUZA NASCIMENTO","DOC_CRIAç":"Lei nº 1277/00 de 23.03.2000","LOCALIDADE":"SEDE","BAIRRO":"TUIM","CEP":null,"NOME ANTIGO":null},"geometry":{"type":"MultiLineString","coordinates":[[[-42.654009820817748,-22.456861890157295,0.0],[-42.653893808445353,-22.456979256730605,0.0],[-42.653826321421661,-22.457051603585395,0.0],[-42.653804059054039,-22.457080515383932,0.0],[-42.653807314219911,-22.457120522143391,0.0],[-42.653841336810906,-22.457206298597495,0.0],[-42.653933676349915,-22.457422741212632,0.0],[-42.653952803460498,-22.457470389826895,0.0]]]}},
{"type":"Feature","properties":{"fid":510,"NOM_LOGRAD":"RUA DANIEL CUNHA MUNIZ","DOC_CRIAç":"Lei nº 619 de 02.12.1991","LOCALIDADE":"SEDE","BAIRRO":"TUIM","CEP":null,"NOME ANTIGO":null},"geometry":{"type":"MultiLineString","coordinates":[[[-42.652988436445291,-22.456024545815222,0.0],[-42.652952992070716,-22.456068027163614,0.0],[-42.652914787946926,-22.45608800321012,0.0],[-42.652848288810652,-22.456101701203373,0.0],[-42.652753642853604,-22.456100323841103,0.0],[-42.652687390688065,-22.456099359654534,0.0],[-42.652589589878865,-22.456097936281875,0.0],[-42.652535710178491,-22.456111817807383,0.0],[-42.652487942593368,-22.456137520837952,0.0],[-42.652427259111356,-22.456180634705568,0.0],[-42.652287980567849,-22.456324653291915,0.0]]]}},
{"type":"Feature","properties":{"fid":511,"NOM_LOGRAD":"RUA GETÚLIO VALADARES DE MIRANDA","DOC_CRIAç":null,"LOCALIDADE":"SEDE","BAIRRO":"TUIM","CEP":null,"NOME ANTIGO":null},"geometry":{"type":"MultiLineString","coordinates":[[[-42.654020147070909,-22.457559266345829,0.0],[-42.653982797823915,-22.457550493244018,0.0],[-42.653950057664204,-22.457546418940524,0.0],[-42.653868405866469,-22.457550850018752,0.0],[-42.653776765623022,-22.457558316338758,0.0],[-42.653610968191884,-22.45754934037204,0.0],[-42.653523920632324,-22.457527869490562,0.0],[-42.653452612173425,-22.45750298116538,0.0],[-42.653371291737997,-22.457462842567185,0.0],[-42.65323979109413,-22.457401241146957,0.0],[-42.653129814843439,-22.457340465442964,0.0],[-42.653055532297977,-22.457286915510963,0.0],[-42.652977699650663,-22.457224044436487,0.0],[-42.652915589732572,-22.457164477760934,0.0],[-42.65283450114265,-22.45710756800878,0.0],[-42.652728074730796,-22.457056155744489,0.0],[-42.652649992970282,-22.457008089091655,0.0],[-42.652537306345451,-22.456953652457919,0.0],[-42.652437535770495,-22.456881804907177,0.0],[-42.652394157905519,-22.456834243269196,0.0],[-42.652354132572846,-22.456774997858641,0.0],[-42.652320911092488,-22.456686520073116,0.0],[-42.652315984715223,-22.456604320431282,0.0],[-42.652318734102685,-22.456546431260044,0.0]]]}},
{"type":"Feature","properties":{"fid":512,"NOM_LOGRAD":"RUA CLAUDIONOR SIQUEIRA","DOC_CRIAç":"Lei nº 1255 de 09.12.1999","LOCALIDADE":"SEDE","BAIRRO":"TUIM","CEP":null,"NOME ANTIGO":null},"geometry":{"type":"MultiLineString","coordinates":[[[-42.650811571609289,-22.454689649431153,0.0],[-42.650900253009787,-22.45464041565107,0.0],[-42.651054754987449,-22.45458220053429,0.0],[-42.651136009930994,-22.454547104704904,0.0],[-42.651227344426729,-22.45453150446864,0.0],[-42.651355057837748,-22.454518852502687,0.0],[-42.651550081805418,-22.454526529336082,0.0],[-42.651664339963993,-22.454540285906479,0.0],[-42.651752747059007,-22.454543991613527,0.0],[-42.651809774298634,-22.4545569148762,0.0],[-42.651861598734946,-22.454569762377904,0.0],[-42.65194464008141,-22.454583064301428,0.0],[-42.65204853345751,-22.454594251112447,0.0],[-42.652194212352889,-22.454596371649071,0.0],[-42.652337737940762,-22.454571856014159,0.0],[-42.652450250251711,-22.45453479583233,0.0],[-42.652528903476529,-22.454499661406686,0.0],[-42.652599915363218,-22.454454741296548,0.0],[-42.652704786217782,-22.454407895279068,0.0],[-42.652762098615263,-22.454403892089672,0.0],[-42.652824043658249,-22.454433816827649,0.0],[-42.652890295591874,-22.454517013628081,0.0],[-42.652915427736694,-22.454567179946185,0.0]]]}},
{"type":"Feature","properties":{"fid":513,"NOM_LOGRAD":"RUA CÉLIO ARAUJO","DOC_CRIAç":"Lei nº1803 de 24.02.2010","LOCALIDADE":"SEDE","BAIRRO":"TUIM","CEP":null,"NOME ANTIGO":null},"geometry":{"type":"MultiLineString","coordinates":[[[-42.652915427736694,-22.454567179946185,0.0],[-42.652930574222388,-22.454597413855328,0.0],[-42.652970812171695,-22.454680232092919,0.0],[-42.652980484787491,-22.454723907814394,0.0],[-42.652969264650082,-22.454772116744532,0.0],[-42.652945322504301,-22.454803210284904,0.0],[-42.652930399770099,-22.454811706993848,0.0],[-42.652895488377027,-22.454826671225529,0.0],[-42.652441498107827,-22.454899878422751,0.0],[-42.652199159145219,-22.454920537228482,0.0],[-42.65200108494367,-22.454939421430936,0.0],[-42.651701514783859,-22.454959246343325,0.0],[-42.651362801116434,-22.454985756545582,0.0],[-42.65100900876724,-22.454980604536054,0.0],[-42.650830398935895,-22.454978111185568,0.0]]]}},
{"type":"Feature","properties":{"fid":514,"NOM_LOGRAD":"RUA DR. AMÉRICO BERNARDES MARTINEZ","DOC_CRIAç":"Lei nº 549 de 03.04.1991","LOCALIDADE":"SEDE","BAIRRO":"TUIM","CEP":28680804,"NOME ANTIGO":"Rua \"12\""},"geometry":{"type":"MultiLineString","coordinates":[[[-42.651362801116434,-22.454985756545582,0.0],[-42.651356895311032,-22.455092989424472,0.0],[-42.65134520675457,-22.455224810500198,0.0],[-42.651333617011367,-22.45535076673179,0.0],[-42.65135081625607,-22.455453677056884,0.0],[-42.651383104813448,-22.455571051640288,0.0],[-42.651415066888291,-22.455659081278508,0.0],[-42.651478654307894,-22.455732915796204,0.0],[-42.651534009034499,-22.455792820743827,0.0],[-42.651670907646078,-22.455907521794476,0.0],[-42.651885470502464,-22.456042208266226,0.0],[-42.65220321380469,-22.456260531889701,0.0],[-42.652287980567849,-22.456324653291915,0.0],[-42.652512119163745,-22.456493398298065,0.0]]]}},
{"type":"Feature","properties":{"fid":515,"NOM_LOGRAD":"RUA LAUDELINA TEIXEIRA","DOC_CRIAç":"Lei nº 1310 de 22.11.2000","LOCALIDADE":"SEDE","BAIRRO":"TUIM","CEP":null,"NOME ANTIGO":null},"geometry":{"type":"MultiLineString","coordinates":[[[-42.653408971047121,-22.456744018122553,0.0],[-42.653148087914445,-22.456475639618034,0.0],[-42.653112858112529,-22.456424642045459,0.0]]]}},
{"type":"Feature","properties":{"fid":516,"NOM_LOGRAD":"RUA MARIA CARDOSO BATISTA","DOC_CRIAç":null,"LOCALIDADE":"SEDE","BAIRRO":"TUIM","CEP":null,"NOME ANTIGO":null},"geometry":{"type":"MultiLineString","coordinates":[[[-42.653979465894665,-22.456413997308459,0.0],[-42.65376639409822,-22.456487568438114,0.0],[-42.653671204664654,-22.456518448258301,0.0],[-42.653572564038541,-22.456566876664649,0.0],[-42.653422943207943,-22.45667505714432,0.0],[-42.653413776645351,-22.456712395493462,0.0],[-42.653408971047121,-22.456744018122553,0.0],[-42.653405731298299,-22.456765336867406,0.0],[-42.653364548346069,-22.456856483280887,0.0],[-42.653319862373927,-22.456918696422221,0.0],[-42.653249596197973,-22.457006228338983,0.0]]]}},
{"type":"Feature","properties":{"fid":517,"NOM_LOGRAD":"RUA RUI BARBOSA","DOC_CRIAç":null,"LOCALIDADE":"SEDE","BAIRRO":"TUIM","CEP":null,"NOME ANTIGO":null},"geometry":{"type":"MultiLineString","coordinates":[[[-42.657045468889699,-22.461393206720818,0.0],[-42.657004066781369,-22.461208312966576,0.0],[-42.656972524681748,-22.461158960827163,0.0],[-42.656860704532555,-22.461070831598935,0.0],[-42.656800970345586,-22.461013547664596,0.0],[-42.656741805421376,-22.460922422396269,0.0],[-42.656667470465976,-22.460770899631196,0.0],[-42.656502935234862,-22.460448818146222,0.0],[-42.656376610161225,-22.460260809635052,0.0],[-42.656131039818909,-22.459945072305906,0.0],[-42.655917075221247,-22.459674926840059,0.0],[-42.655849630637007,-22.459594964157603,0.0],[-42.655766383832784,-22.459492205366285,0.0],[-42.655691354630584,-22.459382043867446,0.0],[-42.655601472369234,-22.45919268408505,0.0],[-42.655519744524845,-22.458999681746594,0.0],[-42.65543292739823,-22.458868662939746,0.0],[-42.655321552968388,-22.45875421185692,0.0],[-42.65519778925249,-22.458654624831397,0.0],[-42.654985152484898,-22.458546223364912,0.0],[-42.654767525135846,-22.458433629802446,0.0],[-42.654699518786757,-22.458383784309131,0.0]]]}},
{"type":"Feature","properties":{"fid":518,"NOM_LOGRAD":"RUA DOCA MONTEIRO","DOC_CRIAç":null,"LOCALIDADE":"SEDE","BAIRRO":"TUIM","CEP":null,"NOME ANTIGO":null},"geometry":{"type":"MultiLineString","coordinates":[[[-42.653750152742631,-22.455661543782337,0.0],[-42.653581064999244,-22.455819933798125,0.0],[-42.653521021425973,-22.455879771481307,0.0],[-42.65342159112928,-22.455975118615704,0.0],[-42.653360364765902,-22.456050489527527,0.0],[-42.653305398684076,-22.456128884637987,0.0],[-42.65324072100281,-22.456221804130042,0.0],[-42.653149865891841,-22.456370072384875,0.0],[-42.653112858112536,-22.456424642045459,0.0],[-42.652842193347603,-22.456501830177736,0.0],[-42.652659704504259,-22.456513577570977,0.0],[-42.652627040623237,-22.456509111466158,0.0],[-42.652512119163738,-22.456493398298054,0.0],[-42.652400427574086,-22.456509975956909,0.0],[-42.652318734102685,-22.456546431260044,0.0],[-42.652273537045929,-22.456563159842695,0.0],[-42.651594113144711,-22.456852443551366,0.0]]]}},
{"type":"Feature","properties":{"fid":519,"NOM_LOGRAD":"RUA MÁRIO LAVOURA","DOC_CRIAç":null,"LOCALIDADE":"SEDE","BAIRRO":"TUIM","CEP":null,"NOME ANTIGO":null},"geometry":{"type":"MultiLineString","coordinates":[[[-42.655221571401427,-22.458317145495492,0.0],[-42.655098518565346,-22.458296685104365,0.0],[-42.654961569607842,-22.458249349340701,0.0],[-42.654836321165767,-22.458188847000759,0.0],[-42.654706367255422,-22.45806692774088,0.0],[-42.654666829771962,-22.45802901026698,0.0],[-42.654520245791772,-22.457872173852572,0.0],[-42.654398854519457,-22.457753046230792,0.0],[-42.654322334647411,-22.45769591955786,0.0],[-42.654219859296191,-22.457646417294558,0.0],[-42.654160328974989,-22.457602874272055,0.0],[-42.654078071324761,-22.457545664036591,0.0],[-42.654050921859259,-22.457525682588283,0.0],[-42.654023184745938,-22.457513455493142,0.0],[-42.65395280346052,-22.457470389826909,0.0]]]}},
{"type":"Feature","properties":{"fid":520,"NOM_LOGRAD":"RUA VEREADOR FERNANDO DE QUEIROZ TEIXEIRA","DOC_CRIAç":"Deliberação 463/1970","LOCALIDADE":"SEDE","BAIRRO":"TUIM","CEP":null,"NOME ANTIGO":null},"geometry":{"type":"MultiLineString","coordinates":[[[-42.652627040623244,-22.456509111466175,0.0],[-42.653249596197973,-22.457006228338983,0.0],[-42.6534655602008,-22.45717867644143,0.0],[-42.653666316673025,-22.457333654738278,0.0],[-42.653777626189971,-22.457393939248128,0.0],[-42.653827015226462,-22.457420687989089,0.0],[-42.65395280346052,-22.457470389826909,0.0],[-42.654020147070909,-22.457559266345829,0.0],[-42.654342738646172,-22.457847675303672,0.0],[-42.65463544433247,-22.458307512315617,0.0]]]}},
{"type":"Feature","properties":{"fid":521,"NOM_LOGRAD":"RUA SEM NOME","DOC_CRIAç":null,"LOCALIDADE":"SEDE","BAIRRO":"TUIM","CEP":null,"NOME ANTIGO":null},"geometry":{"type":"MultiLineString","coordinates":[[[-42.653942900279802,-22.456929591888802,0.0],[-42.653987958922485,-22.456923920833209,0.0],[-42.654013179172807,-22.456937187415434,0.0],[-42.654078564653908,-22.457037753059659,0.0],[-42.654106301309852,-22.457084738853499,0.0],[-42.654130159702703,-22.457133101536034,0.0],[-42.654197136419988,-22.457184957982626,0.0],[-42.654244131873043,-22.457232940526442,0.0],[-42.654291139420053,-22.457280206582915,0.0],[-42.654385938601962,-22.45732816771018,0.0]]]}},
{"type":"Feature","properties":{"fid":522,"NOM_LOGRAD":"RUA SEM NOME","DOC_CRIAç":null,"LOCALIDADE":"SEDE","BAIRRO":"TUIM","CEP":null,"NOME ANTIGO":null},"geometry":{"type":"MultiLineString","coordinates":[[[-42.653750152742631,-22.455661543782337,0.0],[-42.653740325485138,-22.455634645836088,0.0],[-42.653689966770784,-22.455572758999491,0.0],[-42.653636573069335,-22.4555079613923,0.0],[-42.653599108862394,-22.455473972639183,0.0],[-42.653569593307388,-22.455456343614994,0.0],[-42.653526620338212,-22.455444252016136,0.0],[-42.653387824226627,-22.455445099321555,0.0],[-42.653279893153019,-22.455444484519401,0.0],[-42.653195487985776,-22.455450900701294,0.0],[-42.653137563285284,-22.455472035174836,0.0],[-42.65308659156257,-22.455507603824529,0.0]]]}},
{"type":"Feature","properties":{"fid":523,"NOM_LOGRAD":"TRAVESSA GOVERNADOR ROBERTO SILVEIRA","DOC_CRIAç":null,"LOCALIDADE":"SEDE","BAIRRO":"TUIM","CEP":null,"NOME ANTIGO":null},"geometry":{"type":"MultiLineString","coordinates":[[[-42.651130147673292,-22.456211277606037,0.0],[-42.650974065626748,-22.456316126537846,0.0],[-42.650656186086543,-22.456519671041232,0.0]]]}},
{"type":"Feature","properties":{"fid":524,"NOM_LOGRAD":"RUA DEMÉTRIO GUERRA","DOC_CRIAç":"Lei nº 80/55 de 18.07.1955","LOCALIDADE":"SEDE","BAIRRO":"VÁRZEA","CEP":null,"NOME ANTIGO":null},"geometry":{"type":"MultiLineString","coordinates":[[[-42.651451756136275,-22.465522409251744,0.0],[-42.651507465162581,-22.465482833333041,0.0],[-42.651670710721206,-22.465400963413764,0.0],[-42.652378990535404,-22.46505773843425,0.0],[-42.652865688693879,-22.464812167094564,0.0],[-42.653246917448193,-22.464625380955205,0.0]]]}},
{"type":"Feature","properties":{"fid":525,"NOM_LOGRAD":"RUA 13 DE MAIO","DOC_CRIAç":"Lei nº 987/95  Art. 1º  § 2º de 27.03.1995","LOCALIDADE":"SEDE","BAIRRO":"VÁRZEA","CEP":28681508,"NOME ANTIGO":null},"geometry":{"type":"MultiLineString","coordinates":[[[-42.653415164216298,-22.46484717829285,0.0],[-42.653148517820888,-22.465114073563097,0.0],[-42.652695746210085,-22.465471552939977,0.0],[-42.652384373557304,-22.465698700604737,0.0],[-42.65225537607175,-22.465795278065595,0.0],[-42.652313725970735,-22.465883457730961,0.0],[-42.652080313754311,-22.466152481685643,0.0],[-42.651881907884899,-22.46638508577983,0.0],[-42.6518743650429,-22.466394839143575,0.0],[-42.651448433335922,-22.466945592302011,0.0],[-42.651405480557351,-22.467001427834433,0.0]]]}},
{"type":"Feature","properties":{"fid":526,"NOM_LOGRAD":"RUA BERNARDO DOS SANTOS","DOC_CRIAç":"Lei nº 405/89 de 27.06.1989","LOCALIDADE":"SEDE","BAIRRO":"VÁRZEA","CEP":null,"NOME ANTIGO":null},"geometry":{"type":"MultiLineString","coordinates":[[[-42.65225537607175,-22.465795278065617,0.0],[-42.65214634190658,-22.465607978162776,0.0],[-42.651957735112049,-22.465261875004071,0.0]]]}},
{"type":"Feature","properties":{"fid":527,"NOM_LOGRAD":"RUA ANTONIO RAIMUNDO DE SOUZA","DOC_CRIAç":"Lei nº 697/92 de 20.05.1992","LOCALIDADE":"SEDE","BAIRRO":"VÁRZEA","CEP":28681496,"NOME ANTIGO":"Rua \"3\""},"geometry":{"type":"MultiLineString","coordinates":[[[-42.651874365042914,-22.466394839143586,0.0],[-42.651833625926102,-22.466335108599804,0.0],[-42.651791936494583,-22.46627529344951,0.0],[-42.651668856503946,-22.466086952587364,0.0],[-42.651602715447346,-22.465977670899331,0.0],[-42.651514375358929,-22.465840986262918,0.0],[-42.65146107914147,-22.465737909309095,0.0],[-42.651442725236521,-22.465674456271309,0.0],[-42.651431605214881,-22.465565975963372,0.0],[-42.65144521065266,-22.465527059187004,0.0],[-42.651451756136275,-22.465522409251751,0.0]]]}},
{"type":"Feature","properties":{"fid":528,"NOM_LOGRAD":"AVENIDA JOSÉ RIBAMAR PERDIGÃO RAMOS","DOC_CRIAç":null,"LOCALIDADE":"BOCA DO MATO","BAIRRO":"BOCA DO MATO","CEP":28684300,"NOME ANTIGO":null},"geometry":{"type":"MultiLineString","coordinates":[[[-42.624232343807897,-22.416571046167235,0.0],[-42.624205801161736,-22.416554023993925,0.0],[-42.624059507522688,-22.416558437704428,0.0],[-42.623951236647912,-22.416564890021451,0.0],[-42.623825322114506,-22.416591195454867,0.0],[-42.623725017475167,-22.416637990351347,0.0],[-42.623642082672553,-22.41668101819894,0.0],[-42.623506832741491,-22.41674741154252,0.0],[-42.623419914728103,-22.416770267892396,0.0],[-42.623324482877685,-22.416784953803376,0.0],[-42.623216554149749,-22.416771297885589,0.0],[-42.623104642410553,-22.416737470520037,0.0],[-42.622932928842239,-22.416658514867635,0.0],[-42.622791356032131,-22.416588047783854,0.0],[-42.622632550434446,-22.416513304374767,0.0],[-42.622507868463174,-22.416467220992949,0.0],[-42.622503474629781,-22.416471178864697,0.0],[-42.622430080607543,-22.416462053355296,0.0],[-42.622317279031328,-22.416480505529581,0.0],[-42.622208460336644,-22.416519129010609,0.0],[-42.622112206693352,-22.416582072707744,0.0],[-42.622020278322367,-22.416645080023923,0.0],[-42.621945445808592,-22.416720406650295,0.0],[-42.621892445515236,-22.416783987054831,0.0],[-42.621843359525904,-22.416871760370636,0.0],[-42.621736605119146,-22.417043158012511,0.0],[-42.621674131774668,-22.417154869417111,0.0],[-42.621620103237547,-22.417303735501537,0.0],[-42.621472772388124,-22.417345378651461,0.0],[-42.621212383412356,-22.417354985050935,0.0],[-42.621005223126765,-22.417362627408917,0.0],[-42.620967738893128,-22.417429653695201,0.0],[-42.62097913403263,-22.417571023447735,0.0],[-42.62103447314189,-22.417624131722434,0.0],[-42.621136706286372,-22.417718156188851,0.0],[-42.621242990870932,-22.417828330463301,0.0],[-42.621417591204491,-22.417991803964497,0.0],[-42.621468057118449,-22.418077020723548,0.0],[-42.6215485953594,-22.418174747999334,0.0],[-42.621577091818637,-22.418279753922175,0.0],[-42.621605108718825,-22.418412910616315,0.0],[-42.621599757955529,-22.41846152600208,0.0]],[[-42.620979124703076,-22.417571010887873,0.0],[-42.62097913403263,-22.417571023447735,0.0]]]}},
{"type":"Feature","properties":{"fid":529,"NOM_LOGRAD":"RJ-116","DOC_CRIAç":null,"LOCALIDADE":"BOCA DO MATO","BAIRRO":"BOCA DO MATO","CEP":28684220,"NOME ANTIGO":null},"geometry":{"type":"MultiLineString","coordinates":[[[-42.602721194838502,-22.4072736614212,0.0],[-42.602731818498143,-22.407265972307435,0.0],[-42.603010474561124,-22.407116081329864,0.0],[-42.603736395494998,-22.407001347449143,0.0],[-42.604996805703578,-22.407596975819402,0.0],[-42.605371676330627,-22.40788129161092,0.0],[-42.606082742656469,-22.408633434918706,0.0],[-42.607367436144891,-22.409924605682203,0.0],[-42.607566822033434,-22.410104403088095,0.0],[-42.608132770743012,-22.410375198056524,0.0],[-42.608374606594118,-22.410584146409665,0.0],[-42.608627182912016,-22.410934309555067,0.0],[-42.60914995291099,-22.41152548372828,0.0],[-42.609776956543023,-22.411814291169659,0.0],[-42.610553894501557,-22.412304977642876,0.0],[-42.611604788292475,-22.412752129671855,0.0],[-42.611960009613227,-22.412776276676567,0.0],[-42.612949405860405,-22.412852309766382,0.0],[-42.613481996964374,-22.412902693345124,0.0],[-42.613947267648022,-22.413027661132666,0.0],[-42.614099718118212,-22.413078918112838,0.0],[-42.614593858765289,-22.413245057137566,0.0],[-42.615185064372106,-22.413433290321525,0.0],[-42.615513199088987,-22.413556229045899,0.0],[-42.615739830004031,-22.413672945109102,0.0],[-42.615849920601057,-22.413771407534401,0.0],[-42.615929172946764,-22.413890671726588,0.0],[-42.616071633938169,-22.414176201001403,0.0],[-42.616311730718699,-22.414694636201677,0.0],[-42.616483540366531,-22.415046731219899,0.0],[-42.616535386501589,-22.4151282577266,0.0],[-42.616671556113239,-22.415342379906427,0.0],[-42.616756252023926,-22.415440467111349,0.0],[-42.616971841774813,-22.415608980362496,0.0],[-42.617234354989662,-22.415707328926963,0.0],[-42.617457362131631,-22.415738961408564,0.0],[-42.617715486798737,-22.415780767623318,0.0],[-42.617938690468726,-22.415816917639219,0.0],[-42.61830400016607,-22.415845923864051,0.0],[-42.618791375449369,-22.415867281380649,0.0],[-42.619584920905801,-22.415810483890699,0.0],[-42.619991429596773,-22.415807027005005,0.0],[-42.620103094729792,-22.415813396211806,0.0],[-42.620224435614169,-22.415848250626169,0.0],[-42.620345374117981,-22.415906717959004,0.0],[-42.620481148364128,-22.415989022714815,0.0],[-42.620626840050903,-22.416085644831931,0.0],[-42.620862954565496,-22.416242646174165,0.0],[-42.620993891507702,-22.416310707920069,0.0],[-42.621161027900307,-22.416341512434645,0.0],[-42.621308088272876,-22.416357849740173,0.0],[-42.621826827812697,-22.416327698467256,0.0],[-42.622152309839208,-22.416308871760172,0.0],[-42.622446993921848,-22.416308486192371,0.0],[-42.622599375149633,-22.416310729277996,0.0],[-42.623598525296437,-22.416412823628196,0.0],[-42.623892647255289,-22.416445493727647,0.0],[-42.623988287690025,-22.416469948400252,0.0],[-42.624049465242237,-22.416485591091696,0.0],[-42.624205801161736,-22.416554023993889,0.0],[-42.624232343807876,-22.416571046167235,0.0],[-42.624401808117398,-22.416679725827056,0.0],[-42.624551538380416,-22.416837813395574,0.0],[-42.624769568607455,-22.417162238221707,0.0],[-42.62507170062333,-22.417620165888071,0.0],[-42.625160640029598,-22.4177679114553,0.0],[-42.625349039753964,-22.418042300081247,0.0],[-42.625429025692569,-22.418119056913309,0.0],[-42.625534649959448,-22.418182019266538,0.0],[-42.625681150932273,-22.418231411120807,0.0],[-42.625950040881406,-22.418254259216894,0.0],[-42.626142899680474,-22.418266541722275,0.0],[-42.626320118669625,-22.418302213131991,0.0],[-42.626512495865029,-22.418342830927724,0.0],[-42.626648517358738,-22.418410963129897,0.0],[-42.626820095276315,-22.418479617721427,0.0],[-42.6270260255626,-22.418619633928149,0.0],[-42.627266469163978,-22.418821566405558,0.0],[-42.627685762441402,-22.419262316060632,0.0],[-42.628028353122254,-22.419624977041863,0.0],[-42.628194844754361,-22.419801221519137,0.0],[-42.628429360650578,-22.420052939765075,0.0],[-42.628658896986394,-22.420299312052819,0.0],[-42.628928539659142,-22.420577252048165,0.0],[-42.628998757180675,-22.420637900180797,0.0],[-42.629178907880778,-22.420793499210891,0.0],[-42.629429437290405,-22.421000300788783,0.0],[-42.630637351994309,-22.421676999641907,0.0],[-42.631948291709357,-22.422412182535652,0.0],[-42.632081818287446,-22.422487064055034,0.0],[-42.633744512558678,-22.423407914724567,0.0],[-42.63442768368224,-22.423786267528708,0.0]]]}},
{"type":"Feature","properties":{"fid":530,"NOM_LOGRAD":"RUA SEM NOME 4","DOC_CRIAç":null,"LOCALIDADE":"BOCA DO MATO","BAIRRO":"BOCA DO MATO","CEP":null,"NOME ANTIGO":null},"geometry":{"type":"MultiLineString","coordinates":[[[-42.631421603841595,-22.424515817499369,0.0],[-42.631311651643287,-22.424419528132113,0.0],[-42.631257845622869,-22.424382042682552,0.0],[-42.63118662945363,-22.424327851819381,0.0],[-42.631130080599895,-22.424291591475747,0.0],[-42.631095217332913,-22.424260710800784,0.0],[-42.631038200271114,-22.424199239613831,0.0]]]}},
{"type":"Feature","properties":{"fid":531,"NOM_LOGRAD":"RUA 1","DOC_CRIAç":null,"LOCALIDADE":"BOCA DO MATO","BAIRRO":"BOCA DO MATO","CEP":0,"NOME ANTIGO":null},"geometry":{"type":"MultiLineString","coordinates":[[[-42.634670282764077,-22.421149425004508,0.0],[-42.634557501047141,-22.420882924689348,0.0],[-42.634468132980444,-22.420718032824301,0.0],[-42.634337213562418,-22.420533058095032,0.0],[-42.634201248425668,-22.420398642121913,0.0],[-42.634039890720103,-22.420279433339608,0.0],[-42.633886447561359,-22.420187604166486,0.0],[-42.633803542862438,-22.420135756693103,0.0],[-42.633707743797153,-22.420103194376956,0.0],[-42.633561093097605,-22.420104940287697,0.0],[-42.633389313607211,-22.420106317808795,0.0],[-42.63331000314367,-22.420089576204948,0.0],[-42.633128300171592,-22.419935014988631,0.0],[-42.63294260756183,-22.419768710639833,0.0],[-42.63259702664773,-22.419520218398784,0.0],[-42.632455753460334,-22.419451935335321,0.0],[-42.632247470687204,-22.419382669708771,0.0],[-42.631915064208719,-22.419222002838954,0.0],[-42.631859622691735,-22.4191995647783,0.0],[-42.631415795358961,-22.419019939906207,0.0],[-42.631065317929867,-22.418872380595598,0.0],[-42.63097489699215,-22.418834311067798,0.0],[-42.63053645742766,-22.418627295662763,0.0],[-42.630282703059351,-22.418522307109779,0.0],[-42.629925040565915,-22.418369055481989,0.0],[-42.629717157607139,-22.418276423733264,0.0],[-42.629621162631125,-22.418255540724097,0.0],[-42.629328328626379,-22.418231768374106,0.0],[-42.629227911770492,-22.418226400687828,0.0]]]}},
{"type":"Feature","properties":{"fid":532,"NOM_LOGRAD":"RUA SANTA THEREZINHA","DOC_CRIAç":"Lei 1690 de 03.09.2007","LOCALIDADE":"BOCA DO MATO","BAIRRO":"BOCA DO MATO","CEP":null,"NOME ANTIGO":null},"geometry":{"type":"MultiLineString","coordinates":[[[-42.621011060436679,-22.417601662838919,0.0],[-42.620919820191673,-22.417751164332667,0.0],[-42.620759857036447,-22.417998205739327,0.0],[-42.620662093866649,-22.418149622219499,0.0]]]}},
{"type":"Feature","properties":{"fid":533,"NOM_LOGRAD":"ESTRADA D","DOC_CRIAç":null,"LOCALIDADE":"BOCA DO MATO","BAIRRO":"BOCA DO MATO","CEP":28684410,"NOME ANTIGO":null},"geometry":{"type":"MultiLineString","coordinates":[[[-42.631926241258022,-22.422473933544968,0.0],[-42.631874869405394,-22.422672397100492,0.0],[-42.631790509715366,-22.422919597103668,0.0],[-42.631710456542159,-22.423173122913798,0.0],[-42.631635400984514,-22.42337195266969,0.0],[-42.631571281782833,-22.423454316609099,0.0],[-42.631448350695969,-22.423643813243263,0.0],[-42.631354789484071,-22.423797236224839,0.0],[-42.631323681412752,-22.423904276718762,0.0],[-42.631324015821896,-22.424066243529126,0.0],[-42.631343064371293,-22.424215585252387,0.0],[-42.631377281014238,-22.424326167121791,0.0],[-42.631411272661289,-22.424465978517301,0.0],[-42.631422246040174,-22.424515826920153,0.0],[-42.63143617111897,-22.424551952869688,0.0],[-42.631488223421485,-22.424652681705112,0.0],[-42.631531741732282,-22.424728294025947,0.0],[-42.631574694739776,-22.42483721980571,0.0],[-42.631608407044375,-22.424962670912119,0.0],[-42.631624627205831,-22.425062874114925,0.0],[-42.631633987190675,-22.425135427353883,0.0],[-42.631656490975011,-22.425217455052909,0.0],[-42.631701635230925,-22.425282615352359,0.0],[-42.631818709334539,-22.425378929810787,0.0],[-42.6318848989619,-22.425410123488913,0.0]]]}},
{"type":"Feature","properties":{"fid":534,"NOM_LOGRAD":"RUA 7","DOC_CRIAç":null,"LOCALIDADE":"BOCA DO MATO","BAIRRO":"BOCA DO MATO","CEP":0,"NOME ANTIGO":null},"geometry":{"type":"MultiLineString","coordinates":[[[-42.631065317929867,-22.418872380595598,0.0],[-42.630977357139351,-22.419032422096826,0.0],[-42.630877218512985,-22.419206993334239,0.0],[-42.630831758874493,-22.419288292254045,0.0],[-42.630679275505109,-22.419536609780749,0.0],[-42.630627679773973,-22.419625270035333,0.0],[-42.630575973331737,-22.419720448651496,0.0],[-42.630534487995945,-22.419803668630397,0.0],[-42.630478727712259,-22.419901582012326,0.0],[-42.630423984723748,-22.419998578865979,0.0],[-42.630360580964158,-22.420133637220111,0.0],[-42.630305853598394,-22.420229702818578,0.0],[-42.630053286407147,-22.420604855281667,0.0],[-42.630026575696554,-22.420655436163884,0.0]]]}},
{"type":"Feature","properties":{"fid":535,"NOM_LOGRAD":"RUA CORONEL LUIZ DE FREITAS","DOC_CRIAç":null,"LOCALIDADE":"BOCA DO MATO","BAIRRO":"BOCA DO MATO","CEP":null,"NOME ANTIGO":null},"geometry":{"type":"MultiLineString","coordinates":[[[-42.618717231550939,-22.416966881740827,0.0],[-42.618671334077227,-22.416932844871475,0.0],[-42.618572919166176,-22.416925738511456,0.0],[-42.618458848121712,-22.416909352861122,0.0],[-42.618319295014629,-22.416889198215824,0.0],[-42.618181305387367,-22.416848707690136,0.0],[-42.618008297202884,-22.416792996983823,0.0],[-42.617806680167931,-22.416774188620547,0.0],[-42.617658749101608,-22.416745992527428,0.0],[-42.617531358208353,-22.416726016622583,0.0],[-42.617416360791324,-22.416692650911891,0.0],[-42.61726536031496,-22.416630477836645,0.0],[-42.617088588194399,-22.416510241094315,0.0],[-42.61690884359524,-22.416421629575005,0.0],[-42.616781781130285,-22.416311174367859,0.0],[-42.61670608815443,-22.416255767266637,0.0],[-42.616582134053182,-22.416177027043087,0.0],[-42.61630084895036,-22.415979467174122,0.0],[-42.61620396016167,-22.4158830294311,0.0],[-42.616093365496454,-22.415734361293222,0.0],[-42.616007036645613,-22.415589444406077,0.0],[-42.61595839005571,-22.415446214751785,0.0],[-42.61591331582499,-22.415315358378272,0.0],[-42.615866506413184,-22.415193319554636,0.0],[-42.61582972758962,-22.415046204260378,0.0],[-42.615818025236671,-22.414914134848498,0.0],[-42.615717719354222,-22.414501208965774,0.0]]]}},
{"type":"Feature","properties":{"fid":536,"NOM_LOGRAD":"CONDOMÍNIO VILAR SÃO MARCOS","DOC_CRIAç":null,"LOCALIDADE":"BOCA DO MATO","BAIRRO":"BOCA DO MATO","CEP":0,"NOME ANTIGO":null},"geometry":{"type":"MultiLineString","coordinates":[[[-42.614499926775011,-22.411257298270808,0.0],[-42.614447595676062,-22.411254149507283,0.0],[-42.614275946667838,-22.411272393965213,0.0],[-42.614012956933202,-22.411259274434784,0.0],[-42.613848479403515,-22.41129378611334,0.0],[-42.613653659331469,-22.411360172888934,0.0],[-42.613468690302994,-22.411431322596393,0.0],[-42.613392794462371,-22.411513318884122,0.0],[-42.613392399991199,-22.411536401271874,0.0],[-42.613435349826695,-22.411638623973307,0.0],[-42.613599980709623,-22.41188579127688,0.0],[-42.613696521041533,-22.412048834990983,0.0],[-42.613754524227268,-22.412142044721286,0.0],[-42.613648995415723,-22.412214368066273,0.0],[-42.613449287758549,-22.41227606464054,0.0],[-42.613224754539836,-22.412337394138397,0.0],[-42.613144918712429,-22.412359302690898,0.0],[-42.612881611574167,-22.412364647051042,0.0],[-42.612350426947366,-22.412352178719427,0.0],[-42.611938878102592,-22.412313771521017,0.0],[-42.611899631175966,-22.412285485463688,0.0],[-42.611900183801218,-22.412253170159072,0.0],[-42.611900894317898,-22.4122116219101,0.0],[-42.611957088996142,-22.412120099891045,0.0],[-42.612038819394606,-22.41198739658552,0.0],[-42.612144980246391,-22.411878142564394,0.0],[-42.612190849825545,-22.411809556011992,0.0],[-42.612257526773938,-22.411685865323886,0.0]]]}},
{"type":"Feature","properties":{"fid":537,"NOM_LOGRAD":"RUA MATA ATLÂNTICA","DOC_CRIAç":"Lei 2151 de 16.11.2015","LOCALIDADE":"BOCA DO MATO","BAIRRO":"BOCA DO MATO","CEP":null,"NOME ANTIGO":null},"geometry":{"type":"MultiLineString","coordinates":[[[-42.629701765148887,-22.426206997901115,0.0],[-42.629720160753628,-22.426142906974139,0.0],[-42.629755654115328,-22.426091134732129,0.0],[-42.629827528686519,-22.425935309944578,0.0],[-42.629876818558159,-22.425835469451734,0.0],[-42.629895965314383,-22.425727141334043,0.0],[-42.62992829390447,-22.425606939021517,0.0],[-42.629959734568352,-22.425539016976312,0.0],[-42.6299996899169,-22.425479265031356,0.0],[-42.630048159947833,-22.425427683180107,0.0],[-42.6301048714923,-22.425400357656983,0.0],[-42.630125123364571,-22.425382107031087,0.0]]]}},
{"type":"Feature","properties":{"fid":538,"NOM_LOGRAD":"RUA 6","DOC_CRIAç":null,"LOCALIDADE":"BOCA DO MATO","BAIRRO":"BOCA DO MATO","CEP":0,"NOME ANTIGO":null},"geometry":{"type":"MultiLineString","coordinates":[[[-42.631859622691735,-22.4191995647783,0.0],[-42.631757214523738,-22.419375216688689,0.0],[-42.631637398978135,-22.419587688522423,0.0],[-42.631517835839375,-22.419785261055576,0.0],[-42.63140415536887,-22.419990371195713,0.0],[-42.631235407917522,-22.420283323517335,0.0],[-42.631162613287081,-22.420409697425963,0.0],[-42.631030113166972,-22.420661102637141,0.0],[-42.630818236529144,-22.421015782805643,0.0],[-42.63079179148388,-22.421056321881913,0.0]]]}},
{"type":"Feature","properties":{"fid":539,"NOM_LOGRAD":"RUA ZÉLIO MORAES","DOC_CRIAç":null,"LOCALIDADE":"BOCA DO MATO","BAIRRO":"BOCA DO MATO","CEP":null,"NOME ANTIGO":null},"geometry":{"type":"MultiLineString","coordinates":[[[-42.621620103237547,-22.417303735501537,0.0],[-42.621930269619483,-22.417308672383331,0.0],[-42.622189873074369,-22.417307667648821,0.0],[-42.622392299692081,-22.417310647809348,0.0]]]}},
{"type":"Feature","properties":{"fid":540,"NOM_LOGRAD":"AVENIDA PREFEITO ELPÍDIO DE CASTRO MAIA","DOC_CRIAç":"Lei 1198 de 11.11.1998","LOCALIDADE":"BOCA DO MATO","BAIRRO":"BOCA DO MATO","CEP":28684400,"NOME ANTIGO":"Estrada \"A\""},"geometry":{"type":"MultiLineString","coordinates":[[[-42.631959881219316,-22.422418681923983,0.0],[-42.631898137183171,-22.422520092761278,0.0],[-42.631835455125405,-22.422601907646403,0.0],[-42.631592362427142,-22.422904057428383,0.0],[-42.631495152342524,-22.423023308583886,0.0],[-42.631349336895738,-22.423202185177363,0.0],[-42.631283702305133,-22.423245470595308,0.0],[-42.631153456833147,-22.423271717870808,0.0],[-42.631061459059822,-22.423338751826918,0.0],[-42.630976747173534,-22.42348634392852,0.0],[-42.630849188681474,-22.423609171923715,0.0],[-42.630596758070972,-22.423951408526545,0.0],[-42.630510184418533,-22.424052642377241,0.0],[-42.630557991594586,-22.42412326203473,0.0],[-42.630605501943606,-22.424200935832076,0.0],[-42.630693609043057,-22.424363131290075,0.0],[-42.630823948580023,-22.424586284864482,0.0],[-42.630890769306269,-22.424728055081395,0.0],[-42.630898453698187,-22.424790495135774,0.0],[-42.630850424358187,-22.424780139542026,0.0],[-42.630784205657058,-22.424770844278221,0.0],[-42.630729059047383,-22.424759770076154,0.0],[-42.630643806469898,-22.424741416549182,0.0],[-42.630552384378241,-22.424718117011103,0.0],[-42.630470518875178,-22.424709681133855,0.0],[-42.630396269844177,-22.424704415040956,0.0],[-42.630319092961919,-22.424713175140958,0.0],[-42.630240149429824,-22.42472630921247,0.0],[-42.630163292881839,-22.424745889348973,0.0],[-42.630051725048169,-22.424794173967445,0.0]]]}},
{"type":"Feature","properties":{"fid":541,"NOM_LOGRAD":"AVENIDA A","DOC_CRIAç":null,"LOCALIDADE":"BOCA DO MATO","BAIRRO":"BOCA DO MATO","CEP":28684390,"NOME ANTIGO":null},"geometry":{"type":"MultiLineString","coordinates":[[[-42.614099718118212,-22.413078918112838,0.0],[-42.614094420608275,-22.413176800136625,0.0],[-42.614128466521258,-22.413218861817331,0.0],[-42.614186707043672,-22.413298222010006,0.0],[-42.61429806541117,-22.413466101972997,0.0],[-42.614437558594602,-22.41373136793759,0.0],[-42.614451034376252,-22.413814684564421,0.0],[-42.614454974228295,-22.413874772131887,0.0],[-42.614337309431896,-22.413785299058045,0.0],[-42.61426921724911,-22.413701175749473,0.0],[-42.614141701338319,-22.413606939405273,0.0],[-42.614092602195484,-22.413573890658167,0.0],[-42.613869644754267,-22.413542891325005,0.0],[-42.613745911048987,-22.413517975214475,0.0],[-42.613627615885598,-22.413465433503884,0.0],[-42.61350987310184,-22.413380576375893,0.0],[-42.613318995085258,-22.413216138645698,0.0],[-42.613191164673729,-22.413140367543942,0.0],[-42.613151601613112,-22.413130547654664,0.0],[-42.61303716736812,-22.413142709581738,0.0],[-42.612951813530429,-22.413196859948581,0.0],[-42.612856213728975,-22.413269329409065,0.0],[-42.612750604676847,-22.413346268516793,0.0],[-42.612635065275256,-22.413423060775745,0.0],[-42.61253978088164,-22.413477064124667,0.0],[-42.612380344524546,-22.413507030952999,0.0],[-42.61213074651257,-22.413581841157061,0.0],[-42.61197075734043,-22.413644122863683,0.0],[-42.611815417343955,-22.413724943693413,0.0],[-42.611715246295248,-22.413774256626375,0.0],[-42.611654559325601,-22.413838006233966,0.0],[-42.611547764758335,-22.413984191504099,0.0],[-42.61140518737686,-22.414189876815239,0.0],[-42.611247398209557,-22.414413807543742,0.0],[-42.611134531857005,-22.414624549579614,0.0],[-42.611067457373792,-22.414771321892456,0.0],[-42.611035849759823,-22.414877060025756,0.0],[-42.611044911252364,-22.414927988046522,0.0],[-42.610993995807789,-22.415001117138072,0.0],[-42.61092377255369,-22.415041637170106,0.0],[-42.610824469175519,-22.415040168296791,0.0],[-42.610616564105257,-22.415000151735089,0.0],[-42.610497242107677,-22.415007621787936,0.0],[-42.610381937183064,-22.415070562794721,0.0],[-42.610301546371225,-22.415124785014083,0.0],[-42.610084652800822,-22.415174678633583,0.0],[-42.609964698489406,-22.415219079988471,0.0],[-42.609744255209336,-22.415331258643409,0.0],[-42.609483615937691,-22.415470547841348,0.0],[-42.609312981833192,-22.415574227785235,0.0],[-42.609187034153557,-22.415678569008744,0.0],[-42.609009853284896,-22.415874504297818,0.0],[-42.608908493904451,-22.415993062153976,0.0],[-42.60882754858654,-22.416079598753967,0.0],[-42.608678023057699,-22.416400619032739,0.0],[-42.608584616594626,-22.416634735113441,0.0],[-42.608509813755468,-22.416797553335147,0.0],[-42.60845771010662,-22.416939928302785,0.0],[-42.608426416228113,-22.417027199852839,0.0],[-42.608390157071931,-22.417114397866186,0.0],[-42.608348932629227,-22.417201522338679,0.0],[-42.608312989708345,-22.417270254496295,0.0],[-42.608247808911287,-22.417306230257978,0.0],[-42.608072760044664,-22.417377519866513,0.0]]]}},
{"type":"Feature","properties":{"fid":542,"NOM_LOGRAD":"RUA SEM NOME 6","DOC_CRIAç":null,"LOCALIDADE":"BOCA DO MATO","BAIRRO":"BOCA DO MATO","CEP":null,"NOME ANTIGO":null},"geometry":{"type":"MultiLineString","coordinates":[[[-42.629502742166288,-22.415854593712037,0.0],[-42.629434081480937,-22.415950956481989,0.0],[-42.62934415012846,-22.416066481108039,0.0],[-42.629296429234728,-22.416163151151935,0.0],[-42.629230964474722,-22.416317983012235,0.0],[-42.629163295159614,-22.416355937896274,0.0],[-42.629112840698397,-22.416366881720329,0.0],[-42.628986737580014,-22.4163922942843,0.0],[-42.628864491789649,-22.416437237468553,0.0],[-42.628813838893187,-22.416459862737266,0.0],[-42.62878871083263,-22.416459493822536,0.0],[-42.628772884633136,-22.416404734012421,0.0],[-42.628790430236471,-22.416358253786331,0.0],[-42.628799401424402,-22.416323332129242,0.0],[-42.62885490356333,-22.416261829866738,0.0],[-42.628906019268868,-22.416211947642072,0.0],[-42.628907606313319,-22.416118495290146,0.0],[-42.62893366007696,-22.416064350307561,0.0],[-42.628976333558391,-22.41601823893642,0.0],[-42.628981182798228,-22.415979361933619,0.0],[-42.628978052788732,-22.415916998880888,0.0],[-42.62895817080944,-22.41585438990812,0.0],[-42.628900001798804,-22.415826272238526,0.0],[-42.628828607563229,-22.415836908579756,0.0],[-42.628719124609511,-22.415870354601701,0.0],[-42.628685554540517,-22.41587375655466,0.0],[-42.628589296859047,-22.415868448471688,0.0],[-42.62851038638766,-22.415828341676718,0.0],[-42.628465244427154,-22.415773151404732,0.0],[-42.628420830029079,-22.415675128807553,0.0],[-42.62838818596142,-22.415624016847087,0.0],[-42.628309738679818,-22.41555665304352,0.0],[-42.628205568301063,-22.41552396483463,0.0],[-42.628134372639281,-22.415522919339455,0.0],[-42.628087775679404,-22.415553393593772,0.0],[-42.628048231683103,-22.41566186775556,0.0],[-42.627984221208209,-22.41573103441598,0.0],[-42.627883180322058,-22.415760709025555,0.0],[-42.627828802656346,-22.415756015570341,0.0],[-42.627736865441321,-22.415742980807906,0.0],[-42.627691393036805,-22.415707259571828,0.0],[-42.627618060318461,-22.415585443145019,0.0],[-42.627573845070899,-22.415475738835649,0.0],[-42.627529365234864,-22.415381609896809,0.0],[-42.627454114036468,-22.415372714903636,0.0],[-42.627369957568469,-22.415394847588598,0.0],[-42.6272640671638,-22.415463398738581,0.0],[-42.627105935678259,-22.415648026785679,0.0],[-42.626921947858861,-22.41587511771041,0.0],[-42.626865518542232,-22.415991133042713,0.0],[-42.626849777745647,-22.416177852864575,0.0],[-42.626822995143904,-22.416274829700722,0.0],[-42.62677580198703,-22.416340348104185,0.0],[-42.626585554794815,-22.416442712501681,0.0],[-42.626319658443883,-22.416559544123452,0.0],[-42.6261339296925,-22.416642500281597,0.0],[-42.626129013420169,-22.416685270965043,0.0]]]}},
{"type":"Feature","properties":{"fid":543,"NOM_LOGRAD":"RUA 2","DOC_CRIAç":null,"LOCALIDADE":"BOCA DO MATO","BAIRRO":"BOCA DO MATO","CEP":0,"NOME ANTIGO":null},"geometry":{"type":"MultiLineString","coordinates":[[[-42.629359999219837,-22.420102440170915,0.0],[-42.629394146756937,-22.420050780193076,0.0],[-42.629542502096534,-22.419777260370942,0.0],[-42.629593552842756,-22.419688428885099,0.0],[-42.629661570813759,-22.419576477505398,0.0],[-42.629717404616379,-22.41949550580475,0.0],[-42.629859975367225,-22.41924054020954,0.0],[-42.630088488752882,-22.418858306588035,0.0],[-42.630282703059351,-22.418522307109779,0.0],[-42.6302784488866,-22.418526139507719,0.0]]]}},
{"type":"Feature","properties":{"fid":544,"NOM_LOGRAD":"RUA JADER CORTES","DOC_CRIAç":null,"LOCALIDADE":"BOCA DO MATO","BAIRRO":"BOCA DO MATO","CEP":null,"NOME ANTIGO":null},"geometry":{"type":"MultiLineString","coordinates":[[[-42.628998757180689,-22.420637900180797,0.0],[-42.628857825355865,-22.420775966519138,0.0],[-42.628661929644025,-22.420963936017866,0.0],[-42.628602501806199,-22.421009801129891,0.0],[-42.628556167592052,-22.421024699971891,0.0],[-42.628459840232807,-22.421023285351691,0.0],[-42.628142533647001,-22.42096020289414,0.0],[-42.62788614003707,-22.420914726767109,0.0]]]}},
{"type":"Feature","properties":{"fid":545,"NOM_LOGRAD":"RUA DOS COLIBRIS","DOC_CRIAç":"Lei 1027 de 29.11.1998","LOCALIDADE":"BOCA DO MATO","BAIRRO":"BOCA DO MATO","CEP":null,"NOME ANTIGO":null},"geometry":{"type":"MultiLineString","coordinates":[[[-42.620070151486757,-22.413398868321451,0.0],[-42.619948478426494,-22.413336680878462,0.0],[-42.619821103558834,-22.413295919035306,0.0],[-42.619648189332509,-22.413242576749084,0.0],[-42.619574420552091,-22.413199930727046,0.0],[-42.61949103634872,-22.413138672340327,0.0],[-42.619450947129252,-22.413121813847599,0.0],[-42.619362572534889,-22.413099837815423,0.0],[-42.619291171941896,-22.413085704680398,0.0],[-42.61903405959481,-22.413112013880347,0.0],[-42.618909717092556,-22.413126663722387,0.0],[-42.618865538130123,-22.413141061939086,0.0],[-42.618784964341351,-22.413188294663804,0.0],[-42.618738344862237,-22.413232995439341,0.0],[-42.618628447243132,-22.413338369857872,0.0],[-42.618593218910767,-22.413365556417187,0.0],[-42.61853292867896,-22.413406226434571,0.0],[-42.618457537394512,-22.413464057020335,0.0],[-42.618351664087939,-22.413551318797737,0.0],[-42.618259771785212,-22.413697728773606,0.0],[-42.618187151151744,-22.413844432226437,0.0]]]}},
{"type":"Feature","properties":{"fid":546,"NOM_LOGRAD":"CAMINHO DA FLORESTA","DOC_CRIAç":null,"LOCALIDADE":"BOCA DO MATO","BAIRRO":"BOCA DO MATO","CEP":28684380,"NOME ANTIGO":null},"geometry":{"type":"MultiLineString","coordinates":[[[-42.618738344862237,-22.413232995439341,0.0],[-42.618880477557738,-22.413314101611281,0.0],[-42.619134012478767,-22.413365757586206,0.0],[-42.619331179810366,-22.413408325022857,0.0],[-42.619431829033587,-22.413440736367114,0.0],[-42.61951814604592,-22.413478915565289,0.0],[-42.619567145196285,-22.413505795125907,0.0],[-42.619592504303725,-22.413543486229994,0.0],[-42.619607486192848,-22.41362727271957,0.0],[-42.619588824910466,-22.413759323527497,0.0],[-42.619506534890334,-22.413857061065144,0.0],[-42.619324624300141,-22.413943203924493,0.0],[-42.619186300865174,-22.414159979736951,0.0],[-42.619051171635441,-22.414273136861933,0.0],[-42.618881646733783,-22.414367614760359,0.0],[-42.618816201608908,-22.414408692926525,0.0],[-42.61872997968009,-22.414462842060829,0.0],[-42.618653086059517,-22.414512351066293,0.0],[-42.618544472248878,-22.414553748165673,0.0],[-42.618445136949418,-22.414533173066548,0.0],[-42.618418113144045,-22.414490731632476,0.0],[-42.61841309925456,-22.414434643976474,0.0],[-42.618392370856867,-22.414326392655109,0.0],[-42.618356646603736,-22.414151953411679,0.0],[-42.618285610731853,-22.41395527588837,0.0],[-42.618248626502371,-22.413897515048209,0.0],[-42.618187151151744,-22.413844432226437,0.0]]]}},
{"type":"Feature","properties":{"fid":547,"NOM_LOGRAD":"ESTRADA DO IMPERADOR","DOC_CRIAç":null,"LOCALIDADE":"BOCA DO MATO","BAIRRO":"BOCA DO MATO","CEP":28684285,"NOME ANTIGO":null},"geometry":{"type":"MultiLineString","coordinates":[[[-42.617715486798737,-22.415780767623342,0.0],[-42.617601551064695,-22.415841824175558,0.0],[-42.617466711366568,-22.415884083113784,0.0],[-42.617227858046355,-22.415936875089432,0.0],[-42.617041045694769,-22.415982389441332,0.0],[-42.616910676226517,-22.41602918403801,0.0],[-42.616831585917872,-22.416030279117013,0.0],[-42.616716473462709,-22.41600369752933,0.0],[-42.616565260584153,-22.415975368989759,0.0],[-42.616444975522171,-22.415925323439872,0.0],[-42.616372873815109,-22.415893439732887,0.0],[-42.6163338217792,-22.41584725480244,0.0],[-42.616253563267705,-22.415733439233897,0.0],[-42.616090858192415,-22.415558225209519,0.0],[-42.616017403376624,-22.415481017157212,0.0],[-42.61595839005571,-22.415446214751785,0.0]]]}},
{"type":"Feature","properties":{"fid":548,"NOM_LOGRAD":"RUA DA CEDAE","DOC_CRIAç":null,"LOCALIDADE":"BOCA DO MATO","BAIRRO":"BOCA DO MATO","CEP":null,"NOME ANTIGO":null},"geometry":{"type":"MultiLineString","coordinates":[[[-42.632277758367067,-22.430006029789599,0.0],[-42.632089476138319,-22.429972735060232,0.0],[-42.631857212202291,-22.42987337373718,0.0],[-42.631685667049645,-22.429845269376504,0.0],[-42.631459522877456,-22.429790775968716,0.0],[-42.631192646802596,-22.429703699822355,0.0],[-42.631096447095779,-22.429695891267958,0.0]]]}},
{"type":"Feature","properties":{"fid":549,"NOM_LOGRAD":"RUA SEM NOME 2","DOC_CRIAç":null,"LOCALIDADE":"BOCA DO MATO","BAIRRO":"BOCA DO MATO","CEP":null,"NOME ANTIGO":null},"geometry":{"type":"MultiLineString","coordinates":[[[-42.620103094729814,-22.415813396211828,0.0],[-42.620085662008599,-22.415694072756896,0.0],[-42.620102760965025,-22.415565030305363,0.0],[-42.620130419805363,-22.415399202184481,0.0],[-42.620122849977015,-22.415260560921777,0.0],[-42.62012513187468,-22.415126682475687,0.0],[-42.620126862957939,-22.415025119514976,0.0],[-42.620128357976384,-22.414937406047784,0.0],[-42.620159801529006,-22.414840898532102,0.0],[-42.620211892614783,-22.41469851864321,0.0],[-42.620238528213555,-22.414592704946688,0.0],[-42.62031095189392,-22.414422918627078,0.0]]]}},
{"type":"Feature","properties":{"fid":550,"NOM_LOGRAD":"ESTRADA C","DOC_CRIAç":null,"LOCALIDADE":"BOCA DO MATO","BAIRRO":"BOCA DO MATO","CEP":28684430,"NOME ANTIGO":null},"geometry":{"type":"MultiLineString","coordinates":[[[-42.630306124735846,-22.425816283071697,0.0],[-42.63038917104241,-22.425857068706968,0.0],[-42.630478712688387,-22.425934811534141,0.0],[-42.630589404837309,-22.426041022652928,0.0],[-42.63068841740359,-22.426070633600851,0.0],[-42.630878132685943,-22.426109620567686,0.0],[-42.631016144754149,-22.426135781011194,0.0],[-42.63113726375807,-22.426137558099558,0.0],[-42.631241557891883,-22.426110930301739,0.0],[-42.631302390432737,-22.426095732517243,0.0],[-42.631371942576479,-22.426076640063773,0.0],[-42.631475690592396,-22.426082184619617,0.0],[-42.631596741338399,-22.426087982923914,0.0],[-42.63173427584627,-22.426142293716737,0.0],[-42.631876818594293,-22.426156452194626,0.0],[-42.631946507199004,-22.426129316358406,0.0],[-42.631986120737118,-22.426089671694577,0.0],[-42.632048522703109,-22.42598197760676,0.0],[-42.632102614401525,-22.425854048776333,0.0],[-42.632095600730999,-22.425757404311216,0.0],[-42.632054049964012,-22.425656230763224,0.0],[-42.631952827077306,-22.425501888669935,0.0],[-42.631884256759015,-22.425410114069614,0.0],[-42.631903111270589,-22.425305098506005,0.0],[-42.631881226116043,-22.425216585719738,0.0],[-42.631873115936365,-22.425166484123444,0.0],[-42.631865288403944,-22.425099725790435,0.0],[-42.631857319554342,-22.425041295825523,0.0],[-42.631859015408715,-22.424941355405448,0.0],[-42.631859722011868,-22.424899713563338,0.0],[-42.631860569933437,-22.424849743352528,0.0],[-42.631853307689482,-22.424749671544408,0.0],[-42.631854438245739,-22.424683044595618,0.0],[-42.631822583580842,-22.42452223669174,0.0],[-42.631791700010837,-22.424434352937045,0.0],[-42.631770088441016,-22.424345171882756,0.0],[-42.631739666933349,-22.42423006236114,0.0],[-42.631716903197656,-22.424117931739861,0.0],[-42.631712099797262,-22.424037596963693,0.0],[-42.631721240781403,-22.423953166841649,0.0],[-42.631732701111851,-22.423822905407761,0.0],[-42.631747593772936,-22.423762925597842,0.0],[-42.631783626506135,-22.423729055094675,0.0]]]}},
{"type":"Feature","properties":{"fid":551,"NOM_LOGRAD":"RUA 5","DOC_CRIAç":null,"LOCALIDADE":"BOCA DO MATO","BAIRRO":"BOCA DO MATO","CEP":0,"NOME ANTIGO":null},"geometry":{"type":"MultiLineString","coordinates":[[[-42.631235407917522,-22.420283323517335,0.0],[-42.631422927942836,-22.42041910437321,0.0],[-42.631664721185643,-22.420575405234427,0.0],[-42.632013611166649,-22.420796613528868,0.0],[-42.632260043916276,-22.420915724402878,0.0],[-42.632379033011929,-22.420988257756175,0.0],[-42.632625154581781,-22.421122558181974,0.0],[-42.632803287424174,-22.421255278129358,0.0],[-42.632892174035739,-22.421331248143574,0.0],[-42.633122899583341,-22.4214751275581,0.0]]]}},
{"type":"Feature","properties":{"fid":552,"NOM_LOGRAD":"CMU-024  (Ex-Ramal Ferroviário)","DOC_CRIAç":null,"LOCALIDADE":"BOCA DO MATO","BAIRRO":"BOCA DO MATO","CEP":1,"NOME ANTIGO":null},"geometry":{"type":"MultiLineString","coordinates":[[[-42.615929172946799,-22.413890671726588,0.0],[-42.615909682709223,-22.413755411869449,0.0],[-42.615905663405549,-22.41369994076717,0.0],[-42.615867282244167,-22.413620874243335,0.0],[-42.615814951585776,-22.413486190037318,0.0],[-42.615792569421153,-22.413342712578682,0.0],[-42.615791545379068,-22.413111815058077,0.0],[-42.615784610344825,-22.412936242063726,0.0],[-42.615796511071991,-22.412820976513931,0.0],[-42.615818105521505,-22.412719706984589,0.0],[-42.615810224602242,-22.412599531803668,0.0],[-42.615797220953382,-22.412488516307754,0.0],[-42.61576971613519,-22.412354198531336,0.0],[-42.615733463477213,-22.412150486905738,0.0],[-42.615694925114724,-22.412080653342748,0.0],[-42.615562759718024,-22.411967878924425,0.0],[-42.615391031618479,-22.411845285091346,0.0],[-42.615146562240703,-22.411620028950111,0.0],[-42.614970894835508,-22.411437347153971,0.0],[-42.614843695692031,-22.41132464554892,0.0],[-42.6147451043093,-22.411281630974074,0.0],[-42.614651004930032,-22.411266388551763,0.0],[-42.614499926775011,-22.411257298270808,0.0],[-42.614447595676062,-22.411254149507283,0.0],[-42.614279178398462,-22.411228574062317,0.0],[-42.614061268499917,-22.411193032155776,0.0],[-42.613848875926571,-22.411125247949744,0.0],[-42.613671791028644,-22.411025661551829,0.0],[-42.613347096624707,-22.410845394277619,0.0],[-42.612968419108746,-22.410627387592235,0.0],[-42.612744444077507,-22.410510945637437,0.0],[-42.612690144570585,-22.410491672631203,0.0],[-42.612591159964389,-22.410471739223297,0.0],[-42.612432674175032,-22.410446308714253,0.0],[-42.612204757252407,-22.410415234156684,0.0],[-42.611847829217552,-22.410377634482078,0.0],[-42.611486015402249,-22.410335344152713,0.0],[-42.611423126418927,-22.410316455359251,0.0],[-42.611308143816565,-22.41028192010036,0.0],[-42.610946428973946,-22.410295746398731,0.0],[-42.610495269341399,-22.410278579568068,0.0],[-42.610101425819707,-22.410331827785505,0.0],[-42.609711904642886,-22.410353560726712,0.0],[-42.609496246995633,-22.410301736020781,0.0],[-42.609345788171964,-22.410169666608894,0.0],[-42.60927055876013,-22.410039268961714,0.0],[-42.609236729022925,-22.409955631218303,0.0],[-42.608963789936318,-22.409539411314192,0.0],[-42.60870633817138,-22.409308707784575,0.0],[-42.608465604053514,-22.409144874843253,0.0],[-42.60839481779248,-22.40903018702236,0.0],[-42.607955878222462,-22.408392951163236,0.0],[-42.607736714641085,-22.407994700724569,0.0],[-42.607746745229335,-22.407757310136116,0.0],[-42.607723340523428,-22.407660347783089,0.0],[-42.607640705533392,-22.407591831007043,0.0],[-42.607362039230495,-22.4073883174133,0.0],[-42.60692253311516,-22.407350325785714,0.0],[-42.606560751382879,-22.407386942736601,0.0],[-42.606071662340455,-22.40694944075236,0.0],[-42.605806440802652,-22.406620195467191,0.0],[-42.605008625015898,-22.405758354007187,0.0],[-42.604537794815144,-22.405572975504114,0.0],[-42.604147026781419,-22.405325818746583,0.0],[-42.60388001328338,-22.405101484516624,0.0],[-42.60370398436833,-22.404836523198295,0.0]]]}},
{"type":"Feature","properties":{"fid":553,"NOM_LOGRAD":"AVENIDA CASTELO BRANCO","DOC_CRIAç":null,"LOCALIDADE":"BOCA DO MATO","BAIRRO":"BOCA DO MATO","CEP":28684330,"NOME ANTIGO":null},"geometry":{"type":"MultiLineString","coordinates":[[[-42.633313292758629,-22.429400849795471,0.0],[-42.633024778260271,-22.429270695472979,0.0],[-42.632625725656716,-22.429081524210279,0.0],[-42.632254739986806,-22.428865265687282,0.0],[-42.632025041232424,-22.428689575977128,0.0],[-42.631885466261068,-22.428548205560034,0.0],[-42.63175026979124,-22.428381234486341,0.0],[-42.63160790364072,-22.428171994570004,0.0],[-42.631550753578729,-22.4280538314535,0.0],[-42.631493230303427,-22.427957661230781,0.0],[-42.631482335386508,-22.427902505436236,0.0],[-42.631464363858207,-22.427799582657684,0.0],[-42.631487165173816,-22.427385614259411,0.0],[-42.631509927238277,-22.42720629470427,0.0],[-42.631528902055301,-22.427017753585609,0.0],[-42.631522385350266,-22.426936997236364,0.0],[-42.631481255393872,-22.426804403542519,0.0],[-42.631424479178079,-22.426664247511091,0.0],[-42.631382540568204,-22.426579305106539,0.0],[-42.631312629915541,-22.426515950704353,0.0],[-42.63119553158095,-22.426444571165906,0.0],[-42.631035063896924,-22.426372555213877,0.0],[-42.630823714969374,-22.426277794114995,0.0],[-42.630690348550971,-22.426235506695036,0.0],[-42.630565427692893,-22.426160345546972,0.0],[-42.630441627274266,-22.426019205626542,0.0],[-42.63032605475545,-22.425858021208832,0.0],[-42.630230849337181,-22.425658638503936,0.0],[-42.630125123364557,-22.425382107031059,0.0],[-42.630072976346106,-22.425201688236182,0.0],[-42.630040231401715,-22.425039886195787,0.0],[-42.63005560731591,-22.424831127328908,0.0],[-42.63003863294977,-22.424669556766808,0.0],[-42.629986392851215,-22.424494636185266,0.0],[-42.629936570433451,-22.424409577775386,0.0],[-42.629879298573904,-22.4242987452362,0.0],[-42.629790361384693,-22.424194780653472,0.0],[-42.629666750115163,-22.424042643881382,0.0],[-42.629484000033926,-22.423889638827081,0.0],[-42.629336733758315,-22.423737154562147,0.0],[-42.629142779310342,-22.423547320725888,0.0],[-42.628972294110639,-22.423368830494265,0.0],[-42.628805627379769,-22.423197728971878,0.0],[-42.628433149674244,-22.422838451813611,0.0],[-42.628126856522897,-22.422529642400136,0.0],[-42.627936972525468,-22.422332534331503,0.0],[-42.627785891598286,-22.422172660043319,0.0],[-42.627724617419176,-22.422065434497618,0.0],[-42.627660023775029,-22.421921496243925,0.0],[-42.627627032870471,-22.421774355871037,0.0],[-42.627606897569621,-22.421566908888476,0.0],[-42.627624661266957,-22.421449845304384,0.0],[-42.627654439399386,-22.42132195904173,0.0],[-42.62772777211169,-22.421183713433059,0.0],[-42.627784836243876,-22.421074559936304,0.0],[-42.627825507291149,-22.421001829531999,0.0],[-42.627886140037049,-22.420914726767098,0.0],[-42.627911165500116,-22.42083443372282,0.0],[-42.627938121860375,-22.420640510842357,0.0],[-42.627952129443315,-22.42051239282938,0.0],[-42.627941734535206,-22.420427913092929,0.0],[-42.627927770857568,-22.420321382574546,0.0],[-42.627886427724789,-22.420201617504315,0.0],[-42.627852502475925,-22.420109459339805,0.0],[-42.62778371774958,-22.419980125172497,0.0],[-42.627718626462681,-22.419865510812155,0.0],[-42.62765697941829,-22.419780278173413,0.0],[-42.627571926738625,-22.419680036101003,0.0],[-42.627494447652126,-22.419598237220438,0.0],[-42.627404705139895,-22.419541922888534,0.0],[-42.627268213728605,-22.419451924130243,0.0],[-42.627104499042048,-22.419339526914737,0.0],[-42.626898102920492,-22.419186172058467,0.0],[-42.626649025689495,-22.418991859423535,0.0],[-42.626489441483997,-22.41886852318013,0.0],[-42.62622825759334,-22.41869053079866,0.0],[-42.626095336285061,-22.418622581971981,0.0],[-42.625914981115734,-22.418561268537498,0.0],[-42.625860036241825,-22.418545795258158,0.0],[-42.625718482317424,-22.418521715916242,0.0],[-42.625545326578653,-22.418500838216751,0.0],[-42.625328804066761,-22.418479322677861,0.0],[-42.625127926696798,-22.418465369695852,0.0],[-42.62477292012337,-22.418471148032058,0.0],[-42.624441817716125,-22.418462611652565,0.0],[-42.623578268288334,-22.418459072981012,0.0],[-42.623041847659302,-22.418465844312472,0.0],[-42.622695350511201,-22.418435079464796,0.0],[-42.622438967645294,-22.418438638008507,0.0],[-42.622076045545477,-22.418446127059305,0.0],[-42.622030841625886,-22.418447588616388,0.0],[-42.622018924332899,-22.41844797393048,0.0],[-42.621599757955515,-22.418461526002055,0.0]]]}},
{"type":"Feature","properties":{"fid":554,"NOM_LOGRAD":"RUA MARIA ELIZA AZEREDO","DOC_CRIAç":"Del. nº 562/73 de 24.08.1973","LOCALIDADE":"BOCA DO MATO","BAIRRO":"BOCA DO MATO","CEP":null,"NOME ANTIGO":null},"geometry":{"type":"MultiLineString","coordinates":[[[-42.618921081746848,-22.416043620878909,0.0],[-42.61893416572628,-22.416090760379642,0.0],[-42.618975018664941,-22.416232151668037,0.0],[-42.618999461880001,-22.416321007971003,0.0],[-42.619028779107481,-22.416377755775471,0.0],[-42.619058919317865,-22.416386245184516,0.0],[-42.619102035550348,-22.416394925874378,0.0],[-42.619236326801541,-22.416384837837469,0.0],[-42.619375354808831,-22.41635068424009,0.0],[-42.619453210910045,-22.4163518318013,0.0],[-42.619526535977705,-22.416364980176901,0.0],[-42.6195779601006,-22.416393895913096,0.0],[-42.619628012969159,-22.416503242320633,0.0],[-42.619682185568571,-22.416624717068224,0.0],[-42.619732375710214,-22.416726020385916,0.0],[-42.619915966358398,-22.41686951507668,0.0],[-42.620121526956105,-22.416993220594492,0.0],[-42.620327636300836,-22.417084753592167,0.0],[-42.620593547166479,-22.417221415401396,0.0],[-42.620773567897857,-22.417320608608922,0.0],[-42.620816204837666,-22.417357439635474,0.0],[-42.620883971684172,-22.417442911405775,0.0],[-42.620979124703076,-22.417571010887873,0.0]]]}},
{"type":"Feature","properties":{"fid":555,"NOM_LOGRAD":"AVENIDA EDUARDO DALE","DOC_CRIAç":"Lei 323 de 12.11.1987","LOCALIDADE":"BOCA DO MATO","BAIRRO":"BOCA DO MATO","CEP":28684230,"NOME ANTIGO":null},"geometry":{"type":"MultiLineString","coordinates":[[[-42.619619081180417,-22.415810193436549,0.0],[-42.61962796733382,-22.415718807428508,0.0],[-42.619637131500745,-22.415663522185991,0.0],[-42.619642227667214,-22.415598710613594,0.0],[-42.619665979001816,-22.415549358488946,0.0],[-42.619706881271121,-22.415480696436752,0.0],[-42.61975232565063,-22.415457387408658,0.0],[-42.619780739778776,-22.415438224256786,0.0],[-42.61980513634871,-22.415393674226205,0.0],[-42.619795383052676,-22.415362953768852,0.0],[-42.619768737063993,-22.415348228248323,0.0],[-42.619738660591722,-22.415314341713351,0.0],[-42.619733603354412,-22.415249291647012,0.0],[-42.619756998441368,-22.415162816712648,0.0],[-42.619773310612047,-22.415079939279401,0.0],[-42.619799946638139,-22.414974125695071,0.0],[-42.619826503921495,-22.414872928598918,0.0],[-42.619878665803064,-22.414787929237779,0.0],[-42.619898951744446,-22.414732043223356,0.0],[-42.619868160323648,-22.414692877058112,0.0],[-42.61981860728477,-22.414693880733985,0.0],[-42.619794423201348,-22.414715455511811,0.0],[-42.619773224611002,-22.414793643288828,0.0],[-42.619726963923476,-22.414885314697422,0.0],[-42.619691027065386,-22.414954049947934,0.0],[-42.619615211164479,-22.415031432784378,0.0],[-42.619495023180995,-22.415089690987909,0.0],[-42.619441150462706,-22.415117269591221,0.0],[-42.619360618455552,-22.415154787522667,0.0],[-42.619305007403959,-22.415165390499951,0.0],[-42.619259399543687,-22.415168107191239,0.0],[-42.619215382016158,-22.415128997561315,0.0],[-42.619198356987198,-22.415099660279768,0.0],[-42.619196739651606,-22.415047025603254,0.0],[-42.619226986766954,-22.414990856757637,0.0],[-42.619325176713069,-22.414856304852695,0.0],[-42.61943761749329,-22.414707304629662,0.0],[-42.619495603130034,-22.414561247669301,0.0],[-42.619515106510718,-22.414494309322389,0.0],[-42.619555716078111,-22.414380823216028,0.0],[-42.619582250998008,-22.414342916211062,0.0],[-42.61968312846048,-22.414252049716666,0.0],[-42.619753663911823,-22.414193059623155,0.0],[-42.61980425993513,-22.414138393326098,0.0],[-42.619845319038262,-22.414060498190352,0.0],[-42.619916137085134,-22.413900967973753,0.0],[-42.619946382419535,-22.413799650467141,0.0],[-42.619965025926057,-22.413739026061929,0.0],[-42.619999243835572,-22.413663586105272,0.0],[-42.620051951417715,-22.413592541805258,0.0],[-42.620083001220465,-22.413519116762892,0.0],[-42.620070151486757,-22.413398868321451,0.0],[-42.62011428285291,-22.41328638591305,0.0],[-42.620155262814862,-22.413213107153414,0.0],[-42.620197737566357,-22.413052114886945,0.0],[-42.620236820541493,-22.41279871945126,0.0],[-42.620260693301113,-22.412563570544965,0.0],[-42.620254303277015,-22.41235568174335,0.0],[-42.620277861180085,-22.412138998815177,0.0],[-42.620275177481744,-22.412005047156878,0.0],[-42.620306777405318,-22.411899306513039,0.0],[-42.620381563824431,-22.41173648130442,0.0],[-42.620437988999988,-22.411631106322684,0.0],[-42.620493942126274,-22.411553430321412,0.0],[-42.620569912811007,-22.411466813831431,0.0],[-42.620700656522068,-22.411371768736505,0.0],[-42.620821941803342,-22.411248878250202,0.0],[-42.620892789757626,-22.411171421452988,0.0],[-42.620913593760214,-22.411116315910132,0.0],[-42.620922412357636,-22.410890180375723,0.0],[-42.620935094954213,-22.410728749001802,0.0],[-42.620911292048021,-22.410668368850011,0.0],[-42.620893083350254,-22.41057112979151,0.0],[-42.620825538821734,-22.410454693488539,0.0],[-42.620826482554293,-22.41039929544986,0.0],[-42.620847994225763,-22.410302641372787,0.0],[-42.620918521725358,-22.410098194101373,0.0],[-42.620964307931345,-22.410034221119044,0.0],[-42.621045242449121,-22.409947677411008,0.0],[-42.621111045900932,-22.409874763827489,0.0],[-42.621187172472929,-22.409778913908184,0.0],[-42.621277407719433,-22.409729448317602,0.0]]]}},
{"type":"Feature","properties":{"fid":556,"NOM_LOGRAD":"TRAVESSA A","DOC_CRIAç":null,"LOCALIDADE":"BOCA DO MATO","BAIRRO":"BOCA DO MATO","CEP":null,"NOME ANTIGO":null},"geometry":{"type":"MultiLineString","coordinates":[[[-42.630898453698187,-22.424790495135781,0.0],[-42.630898048622583,-22.424842562994332,0.0],[-42.630889566941164,-22.424918504757876,0.0],[-42.630849181565573,-22.424974570960586,0.0],[-42.630797478549795,-22.425063799771667,0.0],[-42.630764317628831,-22.425116639085353,0.0],[-42.630781106227182,-22.42518354281178,0.0]]]}},
{"type":"Feature","properties":{"fid":557,"NOM_LOGRAD":"RUA JOSÉ SALGUEIRO MARTINEZ","DOC_CRIAç":"Lei 2187 de 28.12.2015","LOCALIDADE":"BOCA DO MATO","BAIRRO":"BOCA DO MATO","CEP":null,"NOME ANTIGO":null},"geometry":{"type":"MultiLineString","coordinates":[[[-42.628989928146574,-22.423387292553688,0.0],[-42.628877878299548,-22.423511852571227,0.0],[-42.628720038942362,-22.423634234080357,0.0],[-42.628575107773237,-22.423760827550911,0.0],[-42.628500615957662,-22.423816049349824,0.0],[-42.628465737831029,-22.423831627330504,0.0],[-42.628391997639007,-22.423842611952615,0.0],[-42.62821107424368,-22.423795706343682,0.0],[-42.627892757208187,-22.423686443796033,0.0],[-42.627690889839961,-22.423599004359442,0.0],[-42.627621885483968,-22.423585922861413,0.0]]]}},
{"type":"Feature","properties":{"fid":558,"NOM_LOGRAD":"RUA SEM NOME 3","DOC_CRIAç":null,"LOCALIDADE":"BOCA DO MATO","BAIRRO":"BOCA DO MATO","CEP":null,"NOME ANTIGO":null},"geometry":{"type":"MultiLineString","coordinates":[[[-42.624205801161736,-22.416554023993889,0.0],[-42.62415008795692,-22.416433867802532,0.0],[-42.624111889279376,-22.416391027661692,0.0],[-42.624049216709444,-22.416350571306847,0.0],[-42.623962562117242,-22.416318486156136,0.0],[-42.623893910581479,-22.416295993331968,0.0],[-42.623751811293666,-22.416253677211284,0.0],[-42.623634145097071,-22.416214416782637,0.0],[-42.623506490133593,-22.416172015260411,0.0],[-42.623468370852322,-22.416148024840794,0.0],[-42.623460804057686,-22.416126339030178,0.0],[-42.623494546478867,-22.416035218569593,0.0],[-42.623556533512136,-22.415865181956828,0.0],[-42.623547315281321,-22.415827414888817,0.0],[-42.623484589377426,-22.415808001106935,0.0],[-42.623420770618317,-22.415789559451461,0.0],[-42.623384799771088,-22.415763104935202,0.0]]]}},
{"type":"Feature","properties":{"fid":559,"NOM_LOGRAD":"AVENIDA SETE QUEDAS","DOC_CRIAç":null,"LOCALIDADE":"BOCA DO MATO","BAIRRO":"BOCA DO MATO","CEP":28684240,"NOME ANTIGO":null},"geometry":{"type":"MultiLineString","coordinates":[[[-42.629227911770492,-22.418226400687828,0.0],[-42.629227881199448,-22.418226399053673,0.0]],[[-42.628429360650607,-22.420052939765103,0.0],[-42.628441000860846,-22.419912986083936,0.0],[-42.628438598852803,-22.419807790767752,0.0],[-42.628432339492363,-22.419683064722179,0.0],[-42.628438181380204,-22.419585780100892,0.0],[-42.628524523228556,-22.419435150178632,0.0],[-42.628904253054877,-22.418782501750787,0.0],[-42.629227881199448,-22.418226399053673,0.0]],[[-42.629227881199448,-22.418226399053673,0.0],[-42.629198564749302,-22.418225968695836,0.0],[-42.629061945735934,-22.418130487455404,0.0],[-42.628878993745822,-22.418049905142773,0.0],[-42.628625175752646,-22.417948808021645,0.0],[-42.628539949001706,-22.417910555829515,0.0],[-42.628299026443933,-22.417790173496723,0.0],[-42.628091079444566,-22.417701433660245,0.0],[-42.627924550037342,-22.417640565609709,0.0],[-42.62773628661764,-22.417626115947403,0.0],[-42.627615031913756,-22.417612650394958,0.0],[-42.62755699486295,-22.417576744519664,0.0],[-42.627491177302971,-22.417505670991019,0.0],[-42.627476277940126,-22.417396397287188,0.0],[-42.627383261812206,-22.417200290082967,0.0],[-42.627301089452182,-22.417105607340762,0.0],[-42.627225837360008,-22.417096712163506,0.0],[-42.627162090495183,-22.417150303023739,0.0],[-42.627090033708349,-22.417199876947905,0.0],[-42.626968448560696,-22.4172058801568,0.0],[-42.626859890802976,-22.417184810995906,0.0],[-42.626790018145925,-22.417105888003942,0.0],[-42.626787087711925,-22.417031843474586,0.0],[-42.626796721333818,-22.416957983562465,0.0],[-42.626895428444598,-22.416819220621079,0.0],[-42.627007162655111,-22.416653385302581,0.0],[-42.627016928477268,-22.416571737676836,0.0],[-42.626982753316028,-22.4164874970371,0.0],[-42.626911755776938,-22.416474769434128,0.0],[-42.626726887882036,-22.416507106373452,0.0],[-42.626575457774187,-22.416543829287516,0.0],[-42.626436194436749,-22.416604099739828,0.0],[-42.62625491849824,-22.416671542223998,0.0],[-42.626200077162544,-22.416694105075159,0.0],[-42.626129013420169,-22.416685270965043,0.0]]]}},
{"type":"Feature","properties":{"fid":560,"NOM_LOGRAD":"RUA HORACILA DUARTE ROMANI","DOC_CRIAç":"Lei 214 de 09.04.1986","LOCALIDADE":"BOCA DO MATO","BAIRRO":"BOCA DO MATO","CEP":null,"NOME ANTIGO":null},"geometry":{"type":"MultiLineString","coordinates":[[[-42.62445115239894,-22.419616707035321,0.0],[-42.624502312580105,-22.419718778572079,0.0],[-42.624509496068598,-22.419788990792011,0.0],[-42.62450398274062,-22.419866805861719,0.0],[-42.6244898944121,-22.419956179218104,0.0],[-42.624500934686772,-22.420045922212047,0.0],[-42.624533048029889,-22.420128185569293,0.0],[-42.624606976243967,-22.420214958804248,0.0],[-42.624680573256839,-22.42032120118262,0.0],[-42.624724787302931,-22.420430906160501,0.0],[-42.62484319499459,-22.420611808948031,0.0],[-42.624990588621209,-22.420812612018185,0.0],[-42.625063572399426,-22.420910974610063,0.0],[-42.62508330945839,-22.420959041118959,0.0]]]}},
{"type":"Feature","properties":{"fid":561,"NOM_LOGRAD":"RUA 3","DOC_CRIAç":null,"LOCALIDADE":"BOCA DO MATO","BAIRRO":"BOCA DO MATO","CEP":0,"NOME ANTIGO":null},"geometry":{"type":"MultiLineString","coordinates":[[[-42.629359999219837,-22.420102440170915,0.0],[-42.629379442383964,-22.420120587124089,0.0],[-42.629480546837407,-22.420213914311891,0.0],[-42.629719049650667,-22.420444639859497,0.0],[-42.629890149494955,-22.42056389126612,0.0],[-42.630026575696554,-22.420655436163884,0.0],[-42.630185685589645,-22.420747953219834,0.0],[-42.630514923168818,-22.420924237907887,0.0],[-42.630797497154084,-22.421059043845819,0.0],[-42.630921933404487,-22.42113422408044,0.0],[-42.631385976921585,-22.421398651112526,0.0],[-42.631785209891603,-22.421608637285068,0.0],[-42.632241476143051,-22.421849732520204,0.0],[-42.632630339425532,-22.422070088380273,0.0],[-42.632674410597545,-22.422098605020999,0.0]]]}},
{"type":"Feature","properties":{"fid":562,"NOM_LOGRAD":"ALAMEDA TUPINIQUIM","DOC_CRIAç":null,"LOCALIDADE":"BOCA DO MATO","BAIRRO":"BOCA DO MATO","CEP":28684340,"NOME ANTIGO":null},"geometry":{"type":"MultiLineString","coordinates":[[[-42.626780694520491,-22.423796106921341,0.0],[-42.626642336143192,-22.423622078739346,0.0],[-42.626527543743343,-22.423422119925601,0.0],[-42.626432895591037,-22.423246345296448,0.0],[-42.626409441820343,-22.423114615823767,0.0],[-42.626396872335796,-22.422947214155403,0.0],[-42.626373083700116,-22.422684095049892,0.0],[-42.626369926304378,-22.42241650159141,0.0],[-42.626372150035415,-22.422134654349239,0.0],[-42.626348483272871,-22.421864370583897,0.0],[-42.626313164577354,-22.421619494534028,0.0],[-42.62631264179668,-22.42161553029328,0.0],[-42.626290945385065,-22.421451006485128,0.0],[-42.626262009176429,-22.421181839147533,0.0],[-42.626256149132892,-22.421033750171389,0.0],[-42.626211801261412,-22.420931833175761,0.0],[-42.626001053927169,-22.420761258231853,0.0],[-42.625593287382785,-22.420446830561843,0.0],[-42.625196763822011,-22.420143789501214,0.0],[-42.624760278977398,-22.419800016277922,0.0],[-42.624655162286174,-22.41972632803278,0.0],[-42.624497521316734,-22.419631074902462,0.0],[-42.62445115239894,-22.419616707035321,0.0],[-42.624418345149643,-22.419606541375515,0.0],[-42.624326140883234,-22.419609079816556,0.0],[-42.624200696970881,-22.419595549970389,0.0],[-42.624021205577819,-22.419557856011519,0.0],[-42.623806016143902,-22.419525478815988,0.0],[-42.623684826766379,-22.41950811637096,0.0],[-42.623588301936095,-22.419518380431263,0.0],[-42.623454415773608,-22.419508620591227,0.0],[-42.623220413394051,-22.419474018371332,0.0],[-42.623015528830805,-22.419451528818158,0.0],[-42.622765039631616,-22.419401104064349,0.0],[-42.62262297648644,-22.419379538762996,0.0],[-42.622485300424053,-22.419346353512555,0.0],[-42.622281212120463,-22.419277137119501,0.0],[-42.622102584106571,-22.419188821350243,0.0],[-42.622025263543499,-22.419141952536162,0.0],[-42.622010005221327,-22.419028270401839,0.0],[-42.622062693752348,-22.418696017889957,0.0],[-42.622102407424364,-22.418445583098354,0.0]]]}},
{"type":"Feature","properties":{"fid":563,"NOM_LOGRAD":"ESTRADA B","DOC_CRIAç":null,"LOCALIDADE":"BOCA DO MATO","BAIRRO":"BOCA DO MATO","CEP":28684420,"NOME ANTIGO":null},"geometry":{"type":"MultiLineString","coordinates":[[[-42.631876818594293,-22.426156452194626,0.0],[-42.631834994922393,-22.426071364859155,0.0],[-42.631772566610522,-22.425925636799427,0.0],[-42.631684730384052,-22.425747355505759,0.0],[-42.63161007610146,-22.425557199841116,0.0],[-42.631526770687415,-22.425366917248994,0.0],[-42.631456237671159,-22.425188889687725,0.0],[-42.631381310916233,-22.425014820215836,0.0],[-42.631365373430931,-22.424934135102021,0.0],[-42.63134991374239,-22.424825299036637,0.0],[-42.631342491049914,-22.424752783963733,0.0],[-42.631296547186274,-22.424655568390254,0.0],[-42.631191136689019,-22.424493119351283,0.0],[-42.631060045733975,-22.42431420323015,0.0],[-42.631038200271114,-22.424199239613831,0.0],[-42.631038157236155,-22.424198777834928,0.0],[-42.631017465075651,-22.424148054154703,0.0],[-42.63102076997005,-22.424066882823258,0.0],[-42.631044908890274,-22.423969295433491,0.0],[-42.631079840052472,-22.423863629432841,0.0],[-42.631127925944881,-22.423771047068765,0.0],[-42.631179551120191,-22.423719250446883,0.0],[-42.631236202345661,-22.423674096790386,0.0],[-42.631328488353411,-22.423610952521532,0.0],[-42.631427723114392,-22.423516855479562,0.0],[-42.631549545969165,-22.423416520442434,0.0],[-42.631693865063461,-22.423215364822624,0.0]]]}},
{"type":"Feature","properties":{"fid":564,"NOM_LOGRAD":"RJ-116","DOC_CRIAç":null,"LOCALIDADE":"CASTÁLIA","BAIRRO":"CASTÁLIA","CEP":28683620,"NOME ANTIGO":null},"geometry":{"type":"MultiLineString","coordinates":[[[-42.634427683682254,-22.423786267528733,0.0],[-42.634513073163653,-22.423833557469244,0.0],[-42.634826447634183,-22.424007116272051,0.0],[-42.636234611904875,-22.424786999337162,0.0],[-42.636485959258046,-22.424946564879122,0.0],[-42.636615953128874,-22.425071287062863,0.0],[-42.636790065562884,-22.425291131344082,0.0],[-42.636810408058089,-22.425321183650066,0.0],[-42.637003217328719,-22.425606023278032,0.0],[-42.63739980444376,-22.426190495313939,0.0],[-42.637483282595298,-22.426361774480927,0.0],[-42.637536202175504,-22.426537330297524,0.0],[-42.63764624205492,-22.426940465421982,0.0],[-42.6377512825769,-22.427338803528546,0.0],[-42.637985205536708,-22.428227943000017,0.0],[-42.638109527953446,-22.428687972775823,0.0],[-42.638150450549261,-22.428972000900348,0.0],[-42.638177332643146,-22.429184966252052,0.0],[-42.638284537951819,-22.42975575538896,0.0],[-42.63839189980061,-22.430017136312419,0.0],[-42.638504421884413,-22.430273868847614,0.0],[-42.638661385043022,-22.430606832582484,0.0],[-42.638794147938647,-22.430868584867824,0.0],[-42.638933829463774,-22.431021790296569,0.0],[-42.639133551979619,-22.431230197715678,0.0],[-42.639313075005433,-22.431431223793268,0.0],[-42.639423316483487,-22.431522588603066,0.0],[-42.639639758580472,-22.431643849199553,0.0],[-42.639937481080757,-22.431766297885726,0.0],[-42.640159882771499,-22.431835682869465,0.0],[-42.640311004853324,-22.431913473271337,0.0],[-42.640420368778798,-22.4320567867465,0.0],[-42.640434655397236,-22.43209397240588,0.0],[-42.64043827585926,-22.432103395855382,0.0],[-42.640493374059268,-22.432246806991881,0.0],[-42.640572705724146,-22.432663663427526,0.0],[-42.640680235850702,-22.433308001222013,0.0],[-42.640729573030463,-22.433603636105744,0.0],[-42.640804384783941,-22.433987359615017,0.0],[-42.640836830489214,-22.434172063123203,0.0],[-42.64084927534185,-22.434337578988114,0.0],[-42.640835960268134,-22.434523975570386,0.0],[-42.640798562477336,-22.434632076992251,0.0],[-42.640698605750813,-22.434833740532781,0.0],[-42.640115011692025,-22.435689669137691,0.0],[-42.639937891963577,-22.435946889722967,0.0],[-42.638979441541366,-22.437333485365539,0.0],[-42.638864159397912,-22.437539647008474,0.0],[-42.63874855707455,-22.437764699139748,0.0],[-42.63851787098794,-22.438184105813654,0.0],[-42.638372985610978,-22.43833787180132,0.0],[-42.638140936069867,-22.438537600220933,0.0],[-42.638132440825409,-22.438543973346786,0.0]]]}},
{"type":"Feature","properties":{"fid":565,"NOM_LOGRAD":"SERVIDÃO 1 DA ALAMEDA 2","DOC_CRIAç":null,"LOCALIDADE":"CASTÁLIA","BAIRRO":"CASTÁLIA","CEP":null,"NOME ANTIGO":null},"geometry":{"type":"MultiLineString","coordinates":[[[-42.641076540054769,-22.436452269782251,0.0],[-42.641147875060561,-22.436412702316026,0.0],[-42.641264046903473,-22.436380956578081,0.0],[-42.641360607691105,-22.436369229195009,0.0],[-42.641454538860728,-22.436361046567228,0.0],[-42.641566123926317,-22.436355389678962,0.0]]]}},
{"type":"Feature","properties":{"fid":566,"NOM_LOGRAD":"RUA 12","DOC_CRIAç":null,"LOCALIDADE":"CASTÁLIA","BAIRRO":"CASTÁLIA","CEP":0,"NOME ANTIGO":null},"geometry":{"type":"MultiLineString","coordinates":[[[-42.649217030827863,-22.430960050883105,0.0],[-42.649353463090428,-22.430997792225508,0.0],[-42.649461884211753,-22.431028911699279,0.0],[-42.649556868241469,-22.431049285198032,0.0],[-42.649613454601152,-22.431058549316553,0.0],[-42.649658872955293,-22.431057100555599,0.0],[-42.649802752765467,-22.431004334022123,0.0],[-42.649898833707738,-22.430971472213891,0.0],[-42.650150528326016,-22.430836390448704,0.0],[-42.65029455095425,-22.430824062835974,0.0],[-42.650546986001828,-22.430878175413145,0.0],[-42.650830062079088,-22.430957734258463,0.0],[-42.651059410539034,-22.43103943384406,0.0],[-42.651523819212571,-22.431208001857161,0.0]]]}},
{"type":"Feature","properties":{"fid":567,"NOM_LOGRAD":"RUA VINÍCIUS DE MORAES","DOC_CRIAç":null,"LOCALIDADE":"CASTÁLIA","BAIRRO":"CASTÁLIA","CEP":null,"NOME ANTIGO":null},"geometry":{"type":"MultiLineString","coordinates":[[[-42.643406122169495,-22.437604008594814,0.0],[-42.643353185548456,-22.437482506963942,0.0],[-42.643492876220002,-22.437247439971109,0.0],[-42.643490175490427,-22.437199544132813,0.0],[-42.643470981267519,-22.437162785591497,0.0],[-42.643473003303441,-22.437043106492144,0.0],[-42.643463123927312,-22.436974557315668,0.0],[-42.643429790412057,-22.436900213576852,0.0],[-42.643384540279477,-22.436840787627656,0.0],[-42.643314942135753,-22.436762373261956,0.0],[-42.643256388301367,-22.436708018175008,0.0],[-42.643215683269702,-22.436553573388114,0.0],[-42.643163166171469,-22.436422376368935,0.0],[-42.643125264315657,-22.436338691601613,0.0],[-42.643097220481216,-22.436173452797274,0.0],[-42.643082936357864,-22.436060730305488,0.0],[-42.643061195284268,-22.435978714825751,0.0],[-42.64303211364512,-22.435918248095437,0.0],[-42.642996429037751,-22.435852742311617,0.0],[-42.642976141801448,-22.435796100824213,0.0],[-42.642972311904884,-22.435756629197584,0.0],[-42.642981690275889,-22.435718664316585,0.0],[-42.643010583882401,-22.435668255732413,0.0],[-42.643024179954232,-22.435625701200642,0.0],[-42.643036312460936,-22.435560893694657,0.0],[-42.643029822674045,-22.435509495232498,0.0],[-42.642986608351649,-22.435454140233873,0.0],[-42.642932532714717,-22.435388365875195,0.0],[-42.642878341563716,-22.435329430306549,0.0],[-42.642816678438521,-22.435277226092872,0.0],[-42.642772886426812,-22.435256065068149,0.0]]]}},
{"type":"Feature","properties":{"fid":568,"NOM_LOGRAD":"RUA AFONSO FRANCISCO TRANNIN","DOC_CRIAç":"Lei nº 182/85 de 03.07.1985","LOCALIDADE":"CASTÁLIA","BAIRRO":"CASTÁLIA","CEP":28683650,"NOME ANTIGO":"Rua \"XXI\""},"geometry":{"type":"MultiLineString","coordinates":[[[-42.640680235850731,-22.433308001222017,0.0],[-42.640787968704068,-22.433299757617387,0.0],[-42.641045498385743,-22.433300101144138,0.0],[-42.641406016886116,-22.433301949150668,0.0],[-42.641527569954498,-22.433293464488926,0.0],[-42.64161613509313,-22.433277657276914,0.0],[-42.641690392170197,-22.433237699261234,0.0],[-42.641787643060809,-22.433143353219638,0.0],[-42.641903689241055,-22.433025339968463,0.0],[-42.641996914894875,-22.432951456446002,0.0],[-42.642137609791604,-22.432898787730505,0.0],[-42.642226116848235,-22.432886399556782,0.0],[-42.64234077554373,-22.432850451581103,0.0],[-42.642559636122904,-22.432744200193138,0.0],[-42.642712289567598,-22.432636981645544,0.0],[-42.642771948951243,-22.432589969411499,0.0],[-42.642861033531837,-22.432543386835011,0.0],[-42.642997702970682,-22.432511180014572,0.0],[-42.643183452392371,-22.432501874342439,0.0],[-42.643232002503282,-22.432502039379447,0.0],[-42.643367582145395,-22.432510000897132,0.0],[-42.643440979650265,-22.432522974694898,0.0],[-42.643568797679364,-22.432545567821023,0.0],[-42.643814677641231,-22.432606903165048,0.0],[-42.643924791416936,-22.432622191405965,0.0],[-42.644152144412146,-22.432666552655931,0.0],[-42.644424270642062,-22.432673944224515,0.0],[-42.644619617376719,-22.432652853017149,0.0],[-42.644822435852952,-22.432625030083283,0.0],[-42.644933473403185,-22.432585607113296,0.0],[-42.645262020779953,-22.432410836976139,0.0],[-42.645376736216072,-22.432371467329641,0.0],[-42.645498750197298,-22.432335624304866,0.0],[-42.645656910921964,-22.432337931157669,0.0],[-42.645800359038972,-22.432340023285754,0.0],[-42.645899034589853,-22.432379085126783,0.0],[-42.645953629984241,-22.432414083834711,0.0],[-42.646092419236211,-22.432474252061528,0.0],[-42.646162073530924,-22.432488948782456,0.0],[-42.646228338139565,-22.43248649478334,0.0],[-42.646302535971728,-22.432449953902264,0.0],[-42.646310988395612,-22.432385092340446,0.0],[-42.646264556892994,-22.43230232924661,0.0],[-42.646207379434387,-22.432202308186053,0.0],[-42.646160717276821,-22.432133222717521,0.0],[-42.646158192971818,-22.432064780851842,0.0],[-42.646215442100178,-22.431942486527621,0.0],[-42.646223663749332,-22.431891302614765,0.0],[-42.646181256726102,-22.431788076672017,0.0],[-42.646035631047276,-22.431697026597639,0.0],[-42.645827881115245,-22.431581128655584,0.0],[-42.64563438245262,-22.431492800337097,0.0],[-42.645520879650505,-22.431460362623596,0.0],[-42.64537772101454,-22.4314411732752,0.0],[-42.64511691994808,-22.431416847439365,0.0],[-42.644940427396755,-22.431410852438702,0.0],[-42.644786350001802,-22.431384662778704,0.0]]]}},
{"type":"Feature","properties":{"fid":569,"NOM_LOGRAD":"RUA ZALI PEDRO DA SILVA","DOC_CRIAç":"Lei nº 2.612 de 24.04.2024","LOCALIDADE":"CASTÁLIA","BAIRRO":"CASTÁLIA","CEP":null,"NOME ANTIGO":null},"geometry":{"type":"MultiLineString","coordinates":[[[-42.636637653999585,-22.430658258541957,0.0],[-42.636604057252292,-22.430591845644845,0.0],[-42.636562545596306,-22.430546694517336,0.0],[-42.636498358982124,-22.430509071997726,0.0],[-42.636375088795795,-22.430465343989372,0.0],[-42.636210085305713,-22.430389562431461,0.0],[-42.636078229000496,-22.430353569081124,0.0],[-42.635965963711968,-22.43032572311548,0.0],[-42.635879368722492,-22.430279911621934,0.0],[-42.635750596687764,-22.430228241997121,0.0],[-42.635622002320339,-22.430166094087141,0.0],[-42.635487639450687,-22.430111722184243,0.0],[-42.635341828227126,-22.430067663272926,0.0],[-42.635159608743052,-22.430009969912618,0.0],[-42.634963256434325,-22.429954689506694,0.0],[-42.634796157285351,-22.429919488941298,0.0],[-42.634695119140865,-22.429894426818279,0.0],[-42.634538703755517,-22.429810908898464,0.0],[-42.634396643607225,-22.429711880017511,0.0],[-42.634285578475236,-22.429613305232944,0.0],[-42.6341685227518,-22.429535604158527,0.0],[-42.634023601035011,-22.429439153244854,0.0],[-42.633901354418462,-22.429335173963814,0.0],[-42.633824413318315,-22.429218757664476,0.0],[-42.633806333052995,-22.429121545429989,0.0],[-42.633810838805104,-22.429022044038547,0.0],[-42.633814268861379,-22.428902875412284,0.0],[-42.633838143063031,-22.428824619457583,0.0],[-42.633876461055586,-22.428725613623005,0.0],[-42.633911739200428,-22.428639664201668,0.0],[-42.633981318150873,-22.428525395311805,0.0],[-42.634102725701688,-22.428346381017182,0.0],[-42.63414927432207,-22.428260596687259,0.0],[-42.634197841123488,-22.428222005447147,0.0],[-42.634269038170387,-22.428178505411456,0.0],[-42.634342964034083,-22.428140285719419,0.0],[-42.634413307270016,-22.428064020644396,0.0],[-42.634442949532939,-22.427977988485242,0.0],[-42.634461676313109,-22.427870834808068,0.0],[-42.63449695384098,-22.427784885200602,0.0],[-42.634552487889351,-22.427667790007895,0.0],[-42.634598547529144,-22.427610820509045,0.0],[-42.634655789000242,-22.427559255211197,0.0],[-42.634726807957989,-22.427526233115412,0.0],[-42.634865362124692,-22.427499440748637,0.0],[-42.635085761815233,-22.427465986565906,0.0],[-42.635353795446974,-22.42744895093486,0.0],[-42.635497674094829,-22.427440577382125,0.0],[-42.635550987867674,-22.427454459172179,0.0],[-42.635595271633719,-22.427502271281114,0.0],[-42.635616658979544,-22.427570709654663,0.0],[-42.635615371804342,-22.42764667655759,0.0],[-42.635577232924049,-22.42773520475653,0.0],[-42.635542355538774,-22.427797578725841,0.0],[-42.635518571277572,-22.427870595943421,0.0],[-42.635526669208467,-22.427891676127839,0.0],[-42.635573903928766,-22.427931670873527,0.0],[-42.635621582536622,-22.427945470124808,0.0],[-42.635692024513823,-22.427946501731899,0.0],[-42.635755533255519,-22.427940881280726,0.0],[-42.635815103960823,-22.42791817184564,0.0],[-42.635900344419845,-22.427877496886634,0.0],[-42.635977575590253,-22.427810502612889,0.0],[-42.63609496417493,-22.427702173100357,0.0],[-42.636178363001271,-22.427603826631781,0.0],[-42.636300432556467,-22.42738551710589,0.0],[-42.636404841431329,-22.427211492301076,0.0],[-42.636534830827564,-22.427024740879752,0.0],[-42.636565636352103,-22.426953136339019,0.0],[-42.636569651893808,-22.426882449724694,0.0],[-42.636554431847181,-22.426782659329326,0.0],[-42.636541718908965,-22.426701247032931,0.0],[-42.636555784563306,-22.426536380339261,0.0],[-42.636578214383412,-22.426376876476251,0.0],[-42.636591303914955,-22.426269639881514,0.0],[-42.636610782887288,-22.42611795340936,0.0],[-42.636663274976414,-22.426013913767303,0.0],[-42.636696809080199,-22.425947589513527,0.0],[-42.636709321755305,-22.425874407055836,0.0],[-42.636707080809465,-22.42584031165033,0.0],[-42.636707213892429,-22.42583245299727,0.0],[-42.636688333287019,-22.425782392831213,0.0],[-42.636658448317661,-22.425716450386542,0.0],[-42.636648686072363,-22.425627220681751,0.0],[-42.636661376171716,-22.425543560020731,0.0],[-42.63666847534985,-22.425457197321016,0.0],[-42.636680721806847,-22.42539973216563,0.0],[-42.63670383952627,-22.425366007934937,0.0],[-42.636746458838026,-22.425345670142413,0.0],[-42.636810408058103,-22.425321183650066,0.0]]]}},
{"type":"Feature","properties":{"fid":570,"NOM_LOGRAD":"AVENIDA CASTÁLIA","DOC_CRIAç":null,"LOCALIDADE":"CASTÁLIA","BAIRRO":"CASTÁLIA","CEP":28683670,"NOME ANTIGO":null},"geometry":{"type":"MultiLineString","coordinates":[[[-42.652609716125099,-22.426908619684866,0.0],[-42.652463856906955,-22.42705015011186,0.0],[-42.652425293291302,-22.427155617620695,0.0],[-42.652381958571461,-22.427326000782667,0.0],[-42.652326239551776,-22.427467131585928,0.0],[-42.652269975802191,-22.427531298473436,0.0],[-42.652093885667185,-22.427720272582935,0.0],[-42.651988886412589,-22.427838454831917,0.0],[-42.651887277333202,-22.427973787627138,0.0],[-42.651787049082479,-22.428027054087806,0.0],[-42.651510901780668,-22.428259035534058,0.0],[-42.651120042675217,-22.428530390669025,0.0],[-42.651034698733802,-22.428573612375594,0.0],[-42.650869038490647,-22.428689201026909,0.0],[-42.650564845565647,-22.428838686260256,0.0],[-42.650319616482925,-22.428982188541045,0.0],[-42.650241052371513,-22.429059711074522,0.0],[-42.650064439272619,-22.429279457336545,0.0],[-42.649940067604931,-22.429455500462204,0.0],[-42.649893626761568,-22.429591634828583,0.0],[-42.649889027163738,-22.429646292034491,0.0],[-42.649639788540654,-22.430136891106478,0.0],[-42.649525470554657,-22.430371224586644,0.0],[-42.649381093484926,-22.4306427431133,0.0],[-42.649349940206058,-22.430744897253486,0.0],[-42.649105988849129,-22.431139804926556,0.0],[-42.648973969768505,-22.43133283698797,0.0],[-42.648823213835378,-22.431546117557133,0.0],[-42.648740911603852,-22.431627004987909,0.0],[-42.648541359240689,-22.431897718851317,0.0],[-42.64841663727983,-22.43209427688765,0.0],[-42.648246312591709,-22.432267938755334,0.0],[-42.648145272902603,-22.432369074372563,0.0],[-42.64788589896586,-22.432478163631959,0.0],[-42.64755715839312,-22.432555459258069,0.0],[-42.647413306232473,-22.432577304572671,0.0],[-42.647211237703381,-22.432560678433671,0.0],[-42.647038075523916,-22.432575255689844,0.0],[-42.6469416357534,-22.432621733457232,0.0],[-42.646796283843194,-22.432732482944079,0.0],[-42.646690641745863,-22.432888274506034,0.0],[-42.646517789566182,-22.432993492397852,0.0],[-42.646406578952323,-22.433043174702796,0.0],[-42.646214102183933,-22.433112193443108,0.0],[-42.64600754721522,-22.433143383859605,0.0],[-42.645771797567079,-22.433160467203681,0.0],[-42.645623631677751,-22.433219870705877,0.0],[-42.645477989604544,-22.43334771590072,0.0],[-42.645338056725436,-22.433459745956647,0.0],[-42.645243031872909,-22.433535822530594,0.0],[-42.644986697075218,-22.433682573878873,0.0],[-42.644773382628173,-22.433787199382035,0.0],[-42.644687514071748,-22.433861191924105,0.0],[-42.644561300743739,-22.433927755183745,0.0],[-42.644383650285725,-22.433990147433942,0.0],[-42.644181522717737,-22.433976936762534,0.0],[-42.64391686589947,-22.433962813135963,0.0],[-42.643545252755338,-22.43396422890428,0.0],[-42.643335711255965,-22.433954329191192,0.0],[-42.643018596783769,-22.433927130535039,0.0],[-42.64292831178755,-22.433926771510475,0.0],[-42.642783051902107,-22.433937701954754,0.0],[-42.64264959898604,-22.433942278832344,0.0],[-42.642365843180571,-22.433979498805279,0.0],[-42.64211135445489,-22.434016824417807,0.0],[-42.641806468028946,-22.434062262349538,0.0],[-42.64173513847183,-22.434072892670226,0.0],[-42.641549165694336,-22.434093583033619,0.0],[-42.641150902044778,-22.43413789102426,0.0],[-42.640836830489214,-22.434172063123224,0.0]]]}},
{"type":"Feature","properties":{"fid":571,"NOM_LOGRAD":"RUA GROTA D'ÁGUA","DOC_CRIAç":null,"LOCALIDADE":"CASTÁLIA","BAIRRO":"CASTÁLIA","CEP":null,"NOME ANTIGO":null},"geometry":{"type":"MultiLineString","coordinates":[[[-42.650515239492364,-22.428867714622015,0.0],[-42.650548663767331,-22.428913281826212,0.0],[-42.650605670559855,-22.429040589996077,0.0],[-42.650715159299097,-22.429212654424138,0.0],[-42.650766530430154,-22.429323383336996,0.0],[-42.650777524572106,-22.429373034935626,0.0],[-42.650776321252138,-22.4294445053125,0.0],[-42.650700639473094,-22.429508452477762,0.0],[-42.650602142075009,-22.429601443564167,0.0],[-42.650461577790807,-22.429733040355728,0.0]]]}},
{"type":"Feature","properties":{"fid":572,"NOM_LOGRAD":"RUA MOACYR GOULART DA SILVEIRA","DOC_CRIAç":"Lei nº 851/93","LOCALIDADE":"CASTÁLIA","BAIRRO":"CASTÁLIA","CEP":null,"NOME ANTIGO":null},"geometry":{"type":"MultiLineString","coordinates":[[[-42.640981015312086,-22.435784742969574,0.0],[-42.641040108698725,-22.435685641892341,0.0],[-42.64108931356381,-22.435604275206241,0.0],[-42.641141293829605,-22.435507938791947,0.0],[-42.641199451671667,-22.435400670260478,0.0],[-42.641282454194716,-22.435278754502477,0.0],[-42.641350454593727,-22.435173720678787,0.0],[-42.641448054072946,-22.435058858606759,0.0],[-42.641554281706469,-22.434868877172381,0.0],[-42.641612345465632,-22.434698713378246,0.0],[-42.641632239580652,-22.434610077711564,0.0],[-42.641617201562617,-22.434411483834342,0.0],[-42.641593766583661,-22.434274331659125,0.0],[-42.641580325630066,-22.434198889900671,0.0],[-42.641549165694336,-22.434093583033619,0.0]]]}},
{"type":"Feature","properties":{"fid":573,"NOM_LOGRAD":"RUA LEOVEGILDO JOSÉ FALCÃO","DOC_CRIAç":"Lei nº 969/94 de 07.11.1994","LOCALIDADE":"CASTÁLIA","BAIRRO":"CASTÁLIA","CEP":null,"NOME ANTIGO":null},"geometry":{"type":"MultiLineString","coordinates":[[[-42.642226116848235,-22.432886399556782,0.0],[-42.642225859534996,-22.432820371896774,0.0],[-42.642216710392987,-22.432776567980738,0.0],[-42.64220995533838,-22.43273739590531,0.0],[-42.642200787477996,-22.432692544870456,0.0],[-42.642182469319991,-22.432622667996103,0.0],[-42.642179987332312,-22.432584926703292,0.0],[-42.642183196548579,-22.432533491700642,0.0],[-42.642212750868694,-22.432446186670113,0.0],[-42.642249690646977,-22.432337236598155,0.0],[-42.642276807545947,-22.432255696721853,0.0],[-42.642306214090944,-22.432161894477765,0.0],[-42.642329741281387,-22.432086389718936,0.0],[-42.642375550018727,-22.431951148012335,0.0],[-42.642356984823472,-22.431884349207415,0.0],[-42.642351173735385,-22.431778218894994,0.0],[-42.642329632219649,-22.43174908166224,0.0],[-42.642258028217171,-22.431740059756841,0.0],[-42.641846907874566,-22.431917866420065,0.0],[-42.641796467906438,-22.431902627612512,0.0],[-42.641730706629119,-22.431824806631894,0.0],[-42.641665930260338,-22.431642586083658,0.0],[-42.641621432493388,-22.431414255594106,0.0],[-42.641622047696515,-22.431101022771077,0.0],[-42.641653949030356,-22.431059433221947,0.0],[-42.641685164137279,-22.431058439061871,0.0],[-42.641741028729726,-22.431168019720204,0.0],[-42.641779526880001,-22.431197586009013,0.0],[-42.641937039585784,-22.431199886999913,0.0],[-42.642306844697998,-22.43119368706266,0.0]]]}},
{"type":"Feature","properties":{"fid":574,"NOM_LOGRAD":"SERVIDÃO 2 DA ALAMEDA 2","DOC_CRIAç":null,"LOCALIDADE":"CASTÁLIA","BAIRRO":"CASTÁLIA","CEP":null,"NOME ANTIGO":null},"geometry":{"type":"MultiLineString","coordinates":[[[-42.641575633025305,-22.436874025344569,0.0],[-42.641568373155984,-22.436619509063945,0.0],[-42.641551023585627,-22.436505786200417,0.0],[-42.641559740257108,-22.436446192872243,0.0],[-42.641568302870766,-22.436324395683723,0.0],[-42.641561444049835,-22.436269444483756,0.0],[-42.641552108666971,-22.436194189801025,0.0],[-42.641564599352392,-22.436073935663138,0.0],[-42.641564729676844,-22.436072680962049,0.0],[-42.641598180631,-22.436073720836813,0.0]]]}},
{"type":"Feature","properties":{"fid":575,"NOM_LOGRAD":"RUA WALDEMAR CABRAL","DOC_CRIAç":"Lei n° 2560 de 10.05.2023","LOCALIDADE":"CASTÁLIA","BAIRRO":"CASTÁLIA","CEP":null,"NOME ANTIGO":null},"geometry":{"type":"MultiLineString","coordinates":[[[-42.640438275859282,-22.432103395855396,0.0],[-42.640322982704959,-22.432078774798494,0.0],[-42.640224020072708,-22.432056806682041,0.0],[-42.640054999409202,-22.43204407502861,0.0],[-42.639889714773062,-22.432027977581182,0.0],[-42.639604151031563,-22.431945136658463,0.0],[-42.639403358176423,-22.431853274203167,0.0],[-42.639264515116309,-22.431796519912183,0.0],[-42.63916268486539,-22.431726625862215,0.0],[-42.639050167547246,-22.43163605400666,0.0],[-42.638973100618472,-22.431624666115148,0.0],[-42.638895570754606,-22.431640633338723,0.0],[-42.63882470266806,-22.431697740847422,0.0],[-42.638768315526335,-22.431768741100175,0.0],[-42.638757101709757,-22.431870555277939,0.0]]]}},
{"type":"Feature","properties":{"fid":576,"NOM_LOGRAD":"RUA SEM NOME","DOC_CRIAç":null,"LOCALIDADE":"CASTÁLIA","BAIRRO":"CASTÁLIA","CEP":null,"NOME ANTIGO":null},"geometry":{"type":"MultiLineString","coordinates":[[[-42.643256388301367,-22.436708018175008,0.0],[-42.643186890787526,-22.436812818771688,0.0],[-42.643073470553858,-22.436955447792137,0.0],[-42.643063366401378,-22.437005943427149,0.0],[-42.643058281774344,-22.437124355132529,0.0]]]}},
{"type":"Feature","properties":{"fid":577,"NOM_LOGRAD":"RUA FLÁVIO CLARE","DOC_CRIAç":"Lei nº 685/92 de 05.05.1992","LOCALIDADE":"CASTÁLIA","BAIRRO":"CASTÁLIA","CEP":null,"NOME ANTIGO":null},"geometry":{"type":"MultiLineString","coordinates":[[[-42.643018596783769,-22.433927130535039,0.0],[-42.643072036847734,-22.433882074333166,0.0],[-42.643162393166953,-22.433760264783729,0.0],[-42.643227233105478,-22.433624401626098,0.0],[-42.643261954254037,-22.433529141653651,0.0],[-42.643307709887218,-22.433434042774728,0.0],[-42.643375650042465,-22.433332427270553,0.0],[-42.643417323009459,-22.433261210476488,0.0],[-42.64350875362355,-22.433176920308984,0.0],[-42.643563648802022,-22.433078738875686,0.0],[-42.643565046002166,-22.433010268724232,0.0],[-42.643550968673715,-22.432972440490662,0.0],[-42.64354453647924,-22.432917622623403,0.0],[-42.643523911459774,-22.432831815330832,0.0],[-42.643485299970109,-22.432721803723336,0.0],[-42.643465021563905,-22.432615479998653,0.0],[-42.643440979650265,-22.432522974694898,0.0]]]}},
{"type":"Feature","properties":{"fid":578,"NOM_LOGRAD":"RUA DA CEDAE","DOC_CRIAç":null,"LOCALIDADE":"CASTÁLIA","BAIRRO":"CASTÁLIA","CEP":null,"NOME ANTIGO":null},"geometry":{"type":"MultiLineString","coordinates":[[[-42.638984161181725,-22.432569736044005,0.0],[-42.638914687279041,-22.432653882834224,0.0],[-42.638782247764794,-22.432754297201772,0.0],[-42.638644011226262,-22.432790656889964,0.0],[-42.638450523273768,-22.432839002087317,0.0],[-42.638167711860646,-22.43287964313614,0.0],[-42.637969509978049,-22.432799979301095,0.0],[-42.637743899254104,-22.432713517159002,0.0],[-42.637518072231288,-22.432639845497764,0.0],[-42.637311800363591,-22.432630429474294,0.0],[-42.637098215926365,-22.432646494026883,0.0],[-42.636974387846102,-22.432644681353388,0.0],[-42.636898606805715,-22.432649968945544,0.0],[-42.636734477765948,-22.432589993375178,0.0],[-42.636618395847776,-22.432537118089016,0.0],[-42.636487580228732,-22.432541599711072,0.0],[-42.63627410430162,-22.432551267794906,0.0],[-42.636095025017362,-22.43256143931632,0.0],[-42.63588951217865,-22.432507253836974,0.0],[-42.635732696691825,-22.432421796535579,0.0],[-42.635638337180978,-22.432305269079695,0.0],[-42.635532603803824,-22.432047841736704,0.0],[-42.635432666128018,-22.431854468895398,0.0],[-42.635372920437568,-22.43172565441558,0.0],[-42.635333595886578,-22.431609932993613,0.0],[-42.63517819099502,-22.431441335362727,0.0],[-42.635009136363927,-22.431266140666644,0.0],[-42.634785264991571,-22.43107734873864,0.0],[-42.634520660950386,-22.430855974860197,0.0],[-42.634350415040913,-22.430751128703932,0.0],[-42.634255840875412,-22.430647391360779,0.0],[-42.634076415315114,-22.430475242320522,0.0],[-42.633842847368363,-22.430452628125838,0.0],[-42.633582630451635,-22.430378447273412,0.0],[-42.63330286106774,-22.430240009776714,0.0],[-42.632968926713552,-22.430049601977132,0.0],[-42.632818452582278,-22.429996219912759,0.0],[-42.632638942682483,-22.430031969326134,0.0],[-42.632405050344516,-22.430028539227919,0.0],[-42.632277758367209,-22.430006029789649,0.0]]]}},
{"type":"Feature","properties":{"fid":579,"NOM_LOGRAD":"RUA SEM NOME 1","DOC_CRIAç":null,"LOCALIDADE":"CASTÁLIA","BAIRRO":"CASTÁLIA","CEP":null,"NOME ANTIGO":null},"geometry":{"type":"MultiLineString","coordinates":[[[-42.642263473775586,-22.434660261542984,0.0],[-42.641966609543026,-22.434635484355859,0.0],[-42.641669021639416,-22.434610615134829,0.0],[-42.641632239580652,-22.434610077711564,0.0]]]}},
{"type":"Feature","properties":{"fid":580,"NOM_LOGRAD":"RUA 23","DOC_CRIAç":null,"LOCALIDADE":"CASTÁLIA","BAIRRO":"CASTÁLIA","CEP":0,"NOME ANTIGO":null},"geometry":{"type":"MultiLineString","coordinates":[[[-42.640463580248564,-22.432169258861656,0.0],[-42.640571170230061,-22.432143400669414,0.0],[-42.640624154141243,-22.432123509867548,0.0],[-42.640689949080262,-22.432107069227261,0.0],[-42.640761500339458,-22.432096150913821,0.0],[-42.640818868620109,-22.432093726438616,0.0],[-42.640871282461141,-22.432107544204417,0.0],[-42.640922342783483,-22.43213221861971,0.0],[-42.640972270243275,-22.432154701174632,0.0],[-42.641011578879514,-22.4321824667553,0.0],[-42.641042791868749,-22.432204675795187,0.0],[-42.641059877054637,-22.432232116593717,0.0],[-42.641076042925356,-22.432313926194137,0.0],[-42.641086801794025,-22.432369553303392,0.0],[-42.641087107289152,-22.432420677071132,0.0],[-42.641089641781271,-22.432478359280999,0.0],[-42.641084025430786,-22.432533747086826,0.0],[-42.641083179646124,-22.432583766384372,0.0],[-42.641082021285015,-22.432652271073923,0.0],[-42.641089234412945,-22.432710021655506,0.0],[-42.641095516910504,-22.432753619255479,0.0],[-42.641115725029884,-22.43280394622926,0.0],[-42.641145419163749,-22.432846798312813,0.0],[-42.641176485225657,-22.432877706348286,0.0],[-42.641205450993894,-22.432894444304761,0.0],[-42.641234637398568,-22.432898133743318,0.0],[-42.641269764045589,-22.432896471756465,0.0],[-42.641300212042346,-22.432894741394591,0.0],[-42.641334316106352,-22.432884363292246,0.0],[-42.641361347037126,-22.43287714476277,0.0],[-42.64139910715614,-22.43285811891009,0.0],[-42.641433505352104,-22.432830342765033,0.0],[-42.641457303041584,-22.432806762301283,0.0],[-42.641506104824877,-22.432757443698531,0.0],[-42.641540944171851,-22.432703570493452,0.0],[-42.641588686524145,-22.43264771051108,0.0],[-42.641652914374852,-22.432585565499714,0.0],[-42.641726958985615,-22.432496372751839,0.0],[-42.64179615943533,-22.432416897998955,0.0],[-42.641873483082136,-22.432341348638413,0.0],[-42.642017786997897,-22.432179222239537,0.0],[-42.642133088087768,-22.43200253265303,0.0],[-42.642195031212978,-22.431937091073571,0.0],[-42.642252803746402,-22.431910743785785,0.0],[-42.642356984823472,-22.431884349207415,0.0]]]}},
{"type":"Feature","properties":{"fid":581,"NOM_LOGRAD":"RUA DA CEDAE","DOC_CRIAç":null,"LOCALIDADE":"CASTÁLIA","BAIRRO":"CASTÁLIA","CEP":null,"NOME ANTIGO":null},"geometry":{"type":"MultiLineString","coordinates":[[[-42.638984161181725,-22.432569736044005,0.0],[-42.638914687279041,-22.432653882834224,0.0],[-42.638782247764794,-22.432754297201772,0.0],[-42.638644011226262,-22.432790656889964,0.0],[-42.638450523273768,-22.432839002087317,0.0],[-42.638167711860646,-22.43287964313614,0.0],[-42.637969509978049,-22.432799979301095,0.0],[-42.637743899254104,-22.432713517159002,0.0],[-42.637518072231288,-22.432639845497764,0.0],[-42.637311800363591,-22.432630429474294,0.0],[-42.637098215926365,-22.432646494026883,0.0],[-42.636974387846102,-22.432644681353388,0.0],[-42.636898606805715,-22.432649968945544,0.0],[-42.636734477765948,-22.432589993375178,0.0],[-42.636618395847776,-22.432537118089016,0.0],[-42.636487580228732,-22.432541599711072,0.0],[-42.63627410430162,-22.432551267794906,0.0],[-42.636095025017362,-22.43256143931632,0.0],[-42.63588951217865,-22.432507253836974,0.0],[-42.635732696691825,-22.432421796535579,0.0],[-42.635638337180978,-22.432305269079695,0.0],[-42.635532603803824,-22.432047841736704,0.0],[-42.635432666128018,-22.431854468895398,0.0],[-42.635372920437568,-22.43172565441558,0.0],[-42.635333595886578,-22.431609932993613,0.0],[-42.63517819099502,-22.431441335362727,0.0],[-42.635009136363927,-22.431266140666644,0.0],[-42.634785264991571,-22.43107734873864,0.0],[-42.634520660950386,-22.430855974860197,0.0],[-42.634350415040913,-22.430751128703932,0.0],[-42.634255840875412,-22.430647391360779,0.0],[-42.634076415315114,-22.430475242320522,0.0],[-42.633842847368363,-22.430452628125838,0.0],[-42.633582630451635,-22.430378447273412,0.0],[-42.63330286106774,-22.430240009776714,0.0],[-42.632968926713552,-22.430049601977132,0.0],[-42.632818452582278,-22.429996219912759,0.0],[-42.632638942682483,-22.430031969326134,0.0],[-42.632405050344516,-22.430028539227919,0.0],[-42.632277758367209,-22.430006029789649,0.0]]]}},
{"type":"Feature","properties":{"fid":582,"NOM_LOGRAD":"RUA 19","DOC_CRIAç":null,"LOCALIDADE":"CASTÁLIA","BAIRRO":"CASTÁLIA","CEP":0,"NOME ANTIGO":null},"geometry":{"type":"MultiLineString","coordinates":[[[-42.650871164199039,-22.428027125642569,0.0],[-42.650822652592758,-22.428097907667347,0.0],[-42.650768412496056,-22.428157608179387,0.0],[-42.650749838807684,-22.42820682952917,0.0],[-42.650772660011313,-22.428256653226299,0.0],[-42.650842049269464,-22.428351147082509,0.0],[-42.650928716555093,-22.428473387662599,0.0],[-42.651013872628056,-22.428588143713384,0.0]]]}},
{"type":"Feature","properties":{"fid":583,"NOM_LOGRAD":"RUA SEM NOME 2","DOC_CRIAç":null,"LOCALIDADE":"CASTÁLIA","BAIRRO":"CASTÁLIA","CEP":null,"NOME ANTIGO":null},"geometry":{"type":"MultiLineString","coordinates":[[[-42.637088989018423,-22.430798250146978,0.0],[-42.637038477503545,-22.430902148223002,0.0],[-42.636977929551939,-22.43098248810665,0.0],[-42.636936972635887,-22.431070975342895,0.0],[-42.636896038725247,-22.431119597705123,0.0],[-42.636859207480306,-22.431169404530252,0.0],[-42.636829743271257,-22.431244958974499,0.0],[-42.636783771873709,-22.431296689963322,0.0],[-42.636690120559877,-22.431334621909848,0.0],[-42.636613976168434,-22.431382133818037,0.0],[-42.63654864648457,-22.431422373337998,0.0],[-42.636474110439387,-22.431442992339207,0.0],[-42.636424736855368,-22.431500504234151,0.0],[-42.636376751755769,-22.431551168063688,0.0],[-42.636368319980363,-22.431609963149512,0.0],[-42.636326630092,-22.431662065146217,0.0]]]}},
{"type":"Feature","properties":{"fid":584,"NOM_LOGRAD":"RUA DO LAGO ENCANTADO","DOC_CRIAç":null,"LOCALIDADE":"CASTÁLIA","BAIRRO":"CASTÁLIA","CEP":null,"NOME ANTIGO":null},"geometry":{"type":"MultiLineString","coordinates":[[[-42.641598180631,-22.436073720836813,0.0],[-42.641620628879167,-22.436079904039104,0.0],[-42.641673181129903,-22.436105479355842,0.0],[-42.641917256117807,-22.436249118619386,0.0],[-42.641945990097042,-22.436281095082126,0.0],[-42.641957546230692,-22.436327129431479,0.0],[-42.641981953183503,-22.436479415526954,0.0],[-42.642010459610276,-22.436720763868315,0.0],[-42.642034588860135,-22.436816883222797,0.0],[-42.642065496608183,-22.436947304046189,0.0],[-42.642104165587774,-22.437053896545709,0.0],[-42.642102951662892,-22.437125703934516,0.0],[-42.64205345769556,-22.437224167917055,0.0],[-42.64203011625991,-22.437299072263833,0.0]]]}},
{"type":"Feature","properties":{"fid":585,"NOM_LOGRAD":"RUA 15","DOC_CRIAç":null,"LOCALIDADE":"CASTÁLIA","BAIRRO":"CASTÁLIA","CEP":0,"NOME ANTIGO":null},"geometry":{"type":"MultiLineString","coordinates":[[[-42.65085741436814,-22.430779139318165,0.0],[-42.650952789214486,-22.430776307104413,0.0],[-42.651033803379995,-22.430817576977859,0.0],[-42.651097195022764,-22.430873851666618,0.0],[-42.651170614052802,-22.430939584770794,0.0],[-42.651248844840389,-22.431014625689389,0.0],[-42.651376669661232,-22.43109500703877,0.0],[-42.65146017874843,-22.431151648991591,0.0],[-42.651523819212571,-22.431208001857161,0.0],[-42.651567280111109,-22.431282536804218,0.0],[-42.65162051995592,-22.431366451837384,0.0],[-42.651673759861595,-22.431450366857643,0.0],[-42.651747101742316,-22.431520717531676,0.0],[-42.651825255441466,-22.431600376007719,0.0],[-42.651898675196378,-22.431666108837309,0.0],[-42.651981407671165,-22.431768928442821,0.0],[-42.652064295694274,-22.431862512438933,0.0],[-42.652127081879478,-22.431969660781537,0.0],[-42.652189945866844,-22.432072191318252,0.0],[-42.652218971999865,-22.432118802669425,0.0],[-42.652317305968388,-22.432180278774499,0.0],[-42.65238118035807,-22.432222777998362,0.0],[-42.652464302019382,-22.432302508462715,0.0],[-42.65255215789221,-22.432396164494708,0.0],[-42.652596008172942,-22.43244761028571,0.0],[-42.652624723719967,-22.432512692738658,0.0],[-42.652648549763548,-22.432573085166467,0.0],[-42.652657784933773,-22.43261478973773,0.0],[-42.652695580328782,-22.432730812333467,0.0],[-42.652743931817731,-22.432810037066201,0.0],[-42.652792283358643,-22.432889261788429,0.0],[-42.652875483327946,-22.432964374298887,0.0],[-42.652949448109645,-22.432997782211327,0.0],[-42.653032570543282,-22.433077512443251,0.0],[-42.653075799713868,-22.43316590045924,0.0]]]}},
{"type":"Feature","properties":{"fid":586,"NOM_LOGRAD":"ALAMEDA DOIS","DOC_CRIAç":null,"LOCALIDADE":"CASTÁLIA","BAIRRO":"CASTÁLIA","CEP":28683780,"NOME ANTIGO":null},"geometry":{"type":"MultiLineString","coordinates":[[[-42.640438340129208,-22.43547883236803,0.0],[-42.64078083609067,-22.435660257056139,0.0],[-42.640981015312086,-22.435784742969574,0.0],[-42.641062008661052,-22.435835110362035,0.0],[-42.641250645885144,-22.435941236171558,0.0],[-42.641459760797879,-22.436028782635269,0.0],[-42.641564729676844,-22.436072680962049,0.0]]]}},
{"type":"Feature","properties":{"fid":587,"NOM_LOGRAD":"RUA DR. ANTONIO DA SILVA LEITE","DOC_CRIAç":"Lei nº 850/93 de 28.06.1993","LOCALIDADE":"CASTÁLIA","BAIRRO":"CASTÁLIA","CEP":null,"NOME ANTIGO":null},"geometry":{"type":"MultiLineString","coordinates":[[[-42.645338056725436,-22.433459745956647,0.0],[-42.645424842432824,-22.433553865844107,0.0],[-42.645545068412261,-22.433624024568594,0.0],[-42.6456798918705,-22.433701236627368,0.0],[-42.645749431290334,-22.433722772393104,0.0],[-42.645811787462698,-22.433733942609585,0.0],[-42.645885524452517,-22.433724757273588,0.0],[-42.646052485671198,-22.433641685896827,0.0],[-42.646141512345771,-22.433598520888204,0.0],[-42.646230654358234,-22.433548517003182,0.0],[-42.64631577196576,-22.433518975897869,0.0],[-42.646419395865756,-22.433482864078091,0.0],[-42.646581755357779,-22.433454449059958,0.0],[-42.646747850669179,-22.433422668083736,0.0],[-42.6469322791827,-22.433394574440186,0.0],[-42.647064520931025,-22.433406762920029,0.0],[-42.647160326851058,-22.433397898675064,0.0],[-42.647278432570438,-22.433375678386803,0.0],[-42.647512660670294,-22.433339759273995,0.0],[-42.64763036269035,-22.433341474621333,0.0],[-42.647733351967233,-22.433342975480034,0.0],[-42.647847779401225,-22.433320701161918,0.0],[-42.648006114461595,-22.433312747563257,0.0],[-42.648079620585925,-22.433317238855196,0.0],[-42.648115998939723,-22.433341710692016,0.0],[-42.648151627893107,-22.433410634929029,0.0],[-42.64820122025094,-22.433524225931894,0.0],[-42.648242822183434,-22.433675323321882,0.0],[-42.648263046722271,-22.433785066175428,0.0],[-42.648264419094389,-22.433921896406595,0.0],[-42.648313492882039,-22.434066262136305,0.0],[-42.648407224105824,-22.43418049616794,0.0],[-42.648520268809229,-22.434240287419968,0.0],[-42.648626764115981,-22.434252099600915,0.0],[-42.648737225839938,-22.434246868208138,0.0],[-42.648832513638197,-22.434268777766093,0.0],[-42.648913261498045,-22.434280214713819,0.0],[-42.649042402475665,-22.4342581539041,0.0],[-42.649072462103526,-22.43422096889044,0.0],[-42.649111318790169,-22.434098405562942,0.0],[-42.649137988275655,-22.434044069870193,0.0],[-42.649160172789458,-22.434037552455489,0.0],[-42.649174655136285,-22.434051444407594,0.0],[-42.649174251767811,-22.434075380334857,0.0],[-42.649207552512465,-22.434173342663691,0.0],[-42.649295359111797,-22.434420879991983,0.0],[-42.649413168006895,-22.434634651635175,0.0],[-42.649529142765836,-22.434738948254854,0.0],[-42.649648738317445,-22.43484671778452,0.0],[-42.649710749766648,-22.434878403076784,0.0],[-42.649740290866603,-22.434871992710502,0.0],[-42.64978121233559,-22.434845226496073,0.0],[-42.64985552593474,-22.434801845178896,0.0],[-42.649903458177185,-22.43479570255904,0.0],[-42.649958631668177,-22.434796505871326,0.0],[-42.6500143236116,-22.434766534385318,0.0],[-42.65013214225209,-22.434761409172076,0.0],[-42.650184271120125,-22.434724545232612,0.0],[-42.650217893607412,-22.434694252378954,0.0],[-42.650241172585069,-22.43462276583011,0.0]]]}},
{"type":"Feature","properties":{"fid":588,"NOM_LOGRAD":"RUA 13","DOC_CRIAç":null,"LOCALIDADE":"CASTÁLIA","BAIRRO":"CASTÁLIA","CEP":0,"NOME ANTIGO":null},"geometry":{"type":"MultiLineString","coordinates":[[[-42.650002535978899,-22.429367079048713,0.0],[-42.650114235593286,-22.429406020402382,0.0],[-42.6502405954976,-22.429450060713449,0.0],[-42.650326057543047,-22.429513551168331,0.0],[-42.650398865781156,-22.42959136717942,0.0],[-42.650457651100602,-22.429700982256087,0.0],[-42.650465210819064,-22.429762700946366,0.0],[-42.650445617583941,-22.429877165290634,0.0],[-42.650414926129116,-22.430031807435629,0.0],[-42.65038379164703,-22.430179057936538,0.0],[-42.650367434773727,-22.430274299723639,0.0],[-42.65034318032216,-22.430366788990451,0.0],[-42.650326044089155,-22.430440918903432,0.0],[-42.650330576458195,-22.430502789433231,0.0],[-42.650360360721457,-22.430559581309115,0.0],[-42.650428254861083,-22.430638641439412,0.0],[-42.650522528342734,-22.430701205063336,0.0],[-42.650564318182766,-22.430726039287116,0.0],[-42.650755445234672,-22.430769215194523,0.0],[-42.65085741436814,-22.430779139318165,0.0],[-42.650917932792503,-22.430695106818156,0.0],[-42.650973533474009,-22.430640644565479,0.0],[-42.651064137000638,-22.430547367512588,0.0],[-42.651184047696802,-22.430413131317245,0.0],[-42.651293575501818,-22.430328997775465,0.0],[-42.651470358980319,-22.430216281516657,0.0],[-42.651619128399787,-22.430067684234633,0.0],[-42.651653699082281,-22.430091835988353,0.0],[-42.651645898631621,-22.43017744964169,0.0],[-42.651711363691817,-22.430255260736054,0.0],[-42.651884714909208,-22.430346465519804,0.0]]]}},
{"type":"Feature","properties":{"fid":589,"NOM_LOGRAD":"RUA MOACYR NUNES","DOC_CRIAç":"Lei nº 757 de 21.10.1992","LOCALIDADE":"CASTÁLIA","BAIRRO":"CASTÁLIA","CEP":null,"NOME ANTIGO":null},"geometry":{"type":"MultiLineString","coordinates":[[[-42.641620628879167,-22.436079904039104,0.0],[-42.641620760336536,-22.436077285444426,0.0],[-42.641688995210778,-22.436040568905284,0.0],[-42.641956545683186,-22.435883726526086,0.0],[-42.642224731369424,-22.435689270244506,0.0],[-42.642347904828917,-22.435585041923652,0.0],[-42.642552808254365,-22.435434123817096,0.0],[-42.642694603532568,-22.43531648619739,0.0],[-42.642772886426812,-22.435256065068149,0.0],[-42.64293072317529,-22.435059995825242,0.0],[-42.643027351482431,-22.434944062928938,0.0],[-42.64307555933636,-22.434867018028303,0.0],[-42.643126834569145,-22.434796080344469,0.0],[-42.643170000100334,-22.434711204474496,0.0],[-42.643206801555401,-22.43461597492761,0.0],[-42.64324986914751,-22.434528795491957,0.0],[-42.643227181964626,-22.434497389589275,0.0],[-42.643193857125723,-22.434468775211332,0.0],[-42.643114750073252,-22.434402575530868,0.0],[-42.643002285701257,-22.434308586650189,0.0],[-42.642897004545013,-22.434224963337314,0.0],[-42.642787294169686,-22.434185738481567,0.0],[-42.642706258257114,-22.434191395525236,0.0],[-42.642554816510192,-22.434226806464057,0.0],[-42.642477400985214,-22.434235936512312,0.0],[-42.642388777486602,-22.434255163552951,0.0],[-42.64232613252932,-22.434261089023245,0.0]]]}},
{"type":"Feature","properties":{"fid":590,"NOM_LOGRAD":"RUA VIRTULINO JOSÉ DE MORAES","DOC_CRIAç":"Lei 781/92 de 01.12.92","LOCALIDADE":"CASTÁLIA","BAIRRO":"CASTÁLIA","CEP":null,"NOME ANTIGO":null},"geometry":{"type":"MultiLineString","coordinates":[[[-42.642783051902107,-22.433937701954754,0.0],[-42.642709494081927,-22.433999909000597,0.0],[-42.642561326239331,-22.4340593094947,0.0],[-42.642435111872643,-22.434125870986069,0.0],[-42.642379072084196,-22.434176356147123,0.0],[-42.64232613252932,-22.434261089023245,0.0],[-42.642299633829843,-22.43430516515296,0.0],[-42.642285247191978,-22.434503329233294,0.0],[-42.642268453765148,-22.434626212756129,0.0],[-42.642243494733428,-22.434796860426019,0.0],[-42.642215666562457,-22.434919582744104,0.0],[-42.64218025070187,-22.435055875191271,0.0],[-42.642153000394188,-22.43514440348158,0.0],[-42.642159085256139,-22.435219737754664,0.0],[-42.642186603685474,-22.435333007823552,0.0],[-42.642268948809736,-22.435467600254899,0.0],[-42.642347904828917,-22.435585041923652,0.0]]]}},
{"type":"Feature","properties":{"fid":591,"NOM_LOGRAD":"RUA SEM NOME 4","DOC_CRIAç":null,"LOCALIDADE":"CASTÁLIA","BAIRRO":"CASTÁLIA","CEP":null,"NOME ANTIGO":null},"geometry":{"type":"MultiLineString","coordinates":[[[-42.640792388126279,-22.437171536532862,0.0],[-42.640712680808399,-22.437098546307542,0.0],[-42.640684122267395,-22.437046825210793,0.0],[-42.640662862437367,-22.436998631047018,0.0],[-42.640663614369238,-22.436954178899573,0.0],[-42.640682815458881,-22.436906576204802,0.0],[-42.640738799160729,-22.436859511192409,0.0],[-42.640864901140233,-22.436799790125203,0.0],[-42.640964387703626,-22.436790983564254,0.0],[-42.641085365529463,-22.436816693473762,0.0],[-42.641165535540949,-22.436862328342176,0.0],[-42.641230587758216,-22.436931683929039,0.0],[-42.641265924765044,-22.43701770643256,0.0],[-42.641309080955708,-22.437076481262935,0.0],[-42.641356262399242,-22.437114793453638,0.0],[-42.641472926292259,-22.437178062723259,0.0],[-42.641560742292995,-22.437206707936355,0.0],[-42.641637581326727,-22.437231772461047,0.0],[-42.641722528547071,-22.437212492265001,0.0],[-42.641797076875818,-22.43715543740251,0.0],[-42.641921003561016,-22.437006757377137,0.0],[-42.641985557444407,-22.436887991999033,0.0],[-42.64199826867187,-22.436788990638192,0.0],[-42.642010459610276,-22.436720763868315,0.0]]]}},
{"type":"Feature","properties":{"fid":592,"NOM_LOGRAD":"AVENIDA CASTELO BRANCO","DOC_CRIAç":null,"LOCALIDADE":"CASTÁLIA","BAIRRO":"CASTÁLIA","CEP":28683600,"NOME ANTIGO":null},"geometry":{"type":"MultiLineString","coordinates":[[[-42.637740150820704,-22.437046147930904,0.0],[-42.638082182966357,-22.436635418751315,0.0],[-42.638268968405896,-22.436376920608694,0.0],[-42.63845552040366,-22.436132167804871,0.0],[-42.638562746911163,-22.435913752211452,0.0],[-42.63867567741358,-22.435649589868284,0.0],[-42.638824853391128,-22.435282839910865,0.0],[-42.638852211368139,-22.435122834756466,0.0],[-42.638843827587664,-22.435035634912012,0.0],[-42.638816039324169,-22.434929819162253,0.0],[-42.638783865328648,-22.434791858177178,0.0],[-42.638785106258823,-22.434718548161147,0.0],[-42.638793602568541,-22.434507853960906,0.0],[-42.638818358338618,-22.4342103203977,0.0],[-42.638876140954984,-22.434000347142241,0.0],[-42.639018636336807,-22.433445595576725,0.0],[-42.639050534426623,-22.433308571782842,0.0],[-42.639072885375214,-22.433153076289386,0.0],[-42.639069197438332,-22.43307969415611,0.0],[-42.639067137883366,-22.432910092585423,0.0],[-42.639045131276518,-22.432753948299805,0.0],[-42.638984161181725,-22.432569736044005,0.0],[-42.638848870263587,-22.432116330483225,0.0],[-42.638797292495276,-22.431959753636264,0.0],[-42.638697514836977,-22.431738309557705,0.0],[-42.638630376149159,-22.431627335167988,0.0],[-42.638529125429052,-22.431492946684838,0.0],[-42.638325383598229,-22.431297479595568,0.0],[-42.638198792606374,-22.431203967309383,0.0],[-42.637988726864137,-22.431090901517514,0.0],[-42.637846962814983,-22.431020082022105,0.0],[-42.637518302542532,-22.430923612289437,0.0],[-42.637258254219802,-22.430851061203114,0.0],[-42.636934600989825,-22.430750080611549,0.0],[-42.636257841454466,-22.430540811804338,0.0],[-42.636007884606443,-22.430454657538604,0.0],[-42.635554943922621,-22.430303201131832,0.0],[-42.635370750383842,-22.430234507947244,0.0],[-42.635241259218866,-22.430195947109318,0.0],[-42.635080350011066,-22.430149593110645,0.0],[-42.634868308849803,-22.430095157038451,0.0],[-42.634711032014643,-22.43006718791732,0.0],[-42.634624663392273,-22.430043924030038,0.0],[-42.634398094400041,-22.429915946456362,0.0],[-42.634206575847188,-22.429814147062135,0.0],[-42.633682314490869,-22.429566314052561,0.0],[-42.633369192744937,-22.429426067247132,0.0],[-42.633352156200523,-22.429418381769892,0.0],[-42.633344119003326,-22.42941475605156,0.0],[-42.633313292758693,-22.429400849795513,0.0]]]}},
{"type":"Feature","properties":{"fid":593,"NOM_LOGRAD":"RUA NILZA MAIA CARDOSO","DOC_CRIAç":"Lei nº 631/91 de 11.12.1991","LOCALIDADE":"SEDE","BAIRRO":"SANTO ANTÔNIO","CEP":null,"NOME ANTIGO":null},"geometry":{"type":"MultiLineString","coordinates":[[[-42.651115741110246,-22.465099517473021,0.0],[-42.651116907865955,-22.465030331098259,0.0],[-42.651102247236267,-22.464939852256997,0.0],[-42.651072165085814,-22.464804016121555,0.0],[-42.651035051980898,-22.464701174819972,0.0],[-42.65102974577713,-22.464631894146809,0.0],[-42.651031216922981,-22.464544659152732,0.0],[-42.651042093142685,-22.464475614224643,0.0],[-42.651059087217646,-22.464427720315069,0.0],[-42.651098736657417,-22.464380156437667,0.0],[-42.651131558021738,-22.464353554979127,0.0],[-42.651383303205989,-22.464206779896131,0.0],[-42.65155791153434,-22.464410915587539,0.0],[-42.651819447624121,-22.46472263269796,0.0]]]}},
{"type":"Feature","properties":{"fid":594,"NOM_LOGRAD":"RUA NILO PEÇANHA","DOC_CRIAç":"Del. nº 359 de 26.05.1967","LOCALIDADE":"SEDE","BAIRRO":"SANTO ANTÔNIO","CEP":null,"NOME ANTIGO":null},"geometry":{"type":"MultiLineString","coordinates":[[[-42.652197737967448,-22.464426002418975,0.0],[-42.652071355125564,-22.464295030334199,0.0],[-42.651710060269565,-22.463878373144379,0.0]]]}},
{"type":"Feature","properties":{"fid":595,"NOM_LOGRAD":"RUA DONA AMÉLIA","DOC_CRIAç":null,"LOCALIDADE":"SEDE","BAIRRO":"SANTO ANTÔNIO","CEP":null,"NOME ANTIGO":null},"geometry":{"type":"MultiLineString","coordinates":[[[-42.651710060269572,-22.463878373144379,0.0],[-42.651709343858805,-22.463877546952666,0.0],[-42.652302480198728,-22.463335982291401,0.0],[-42.652477021104424,-22.463206521448296,0.0]]]}},
{"type":"Feature","properties":{"fid":596,"NOM_LOGRAD":"RUA SANTO ANTONIO","DOC_CRIAç":"Del. nº 359 de 26.05.1967","LOCALIDADE":"SEDE","BAIRRO":"SANTO ANTÔNIO","CEP":null,"NOME ANTIGO":null},"geometry":{"type":"MultiLineString","coordinates":[[[-42.650765022557778,-22.46669962480361,0.0],[-42.650788845318601,-22.466630768569985,0.0],[-42.650849792049428,-22.466472187997429,0.0],[-42.650881102515093,-22.466343264009726,0.0],[-42.650906853107344,-22.466160099856069,0.0],[-42.650916801525057,-22.46595413914843,0.0],[-42.65093794560984,-22.465852146587125,0.0],[-42.650968241130734,-22.465783384607807,0.0],[-42.65100445158717,-22.465747806054605,0.0],[-42.651076517327709,-22.46569770563914,0.0],[-42.651138974940309,-22.465641447532729,0.0],[-42.651188435731115,-22.465588008908131,0.0],[-42.651208615713081,-22.465543170247564,0.0],[-42.651213526230535,-22.465443949986373,0.0],[-42.651228501337222,-22.465323814440755,0.0],[-42.651265726117259,-22.465228073741248,0.0],[-42.651335265122242,-22.465135812578737,0.0],[-42.651391502979394,-22.465064419532425,0.0],[-42.651545748652339,-22.464940294812155,0.0],[-42.652149503807301,-22.464460150276608,0.0],[-42.652595090443143,-22.464144691493743,0.0],[-42.652686983858693,-22.464093853688855,0.0],[-42.652829451798105,-22.464015036569183,0.0]]]}},
{"type":"Feature","properties":{"fid":597,"NOM_LOGRAD":"AVENIDA ARISTIDES ANTONIO FALCÃO","DOC_CRIAç":"Lei nº 1046 de 01.07.1996","LOCALIDADE":"SEDE","BAIRRO":"SANTO ANTÔNIO","CEP":28681484,"NOME ANTIGO":null},"geometry":{"type":"MultiLineString","coordinates":[[[-42.650765022557778,-22.46669962480361,0.0],[-42.65062407551445,-22.46680288046305,0.0],[-42.650437918205398,-22.466899459461139,0.0],[-42.650383612535059,-22.466921801470892,0.0]]]}},
{"type":"Feature","properties":{"fid":598,"NOM_LOGRAD":"RUA FELIPE PEREIRA SODRÉ","DOC_CRIAç":"Lei nº 1057/96 de 09.09.1996","LOCALIDADE":"SEDE","BAIRRO":"BOA VISTA","CEP":null,"NOME ANTIGO":null},"geometry":{"type":"MultiLineString","coordinates":[[[-42.651156476126161,-22.475709860089879,0.0],[-42.650942276464235,-22.475455910920562,0.0],[-42.65053776333388,-22.47505585753488,0.0],[-42.650232433153761,-22.474743819016755,0.0],[-42.649817544906284,-22.474327611974431,0.0],[-42.649461138182318,-22.474120460295584,0.0],[-42.649158011255835,-22.473805491499451,0.0],[-42.649043633591184,-22.473551231695893,0.0],[-42.649003029674986,-22.473463383227774,0.0],[-42.648949529855457,-22.47337233782342,0.0],[-42.648899317583044,-22.473278331520461,0.0],[-42.64883297276269,-22.473181081059167,0.0],[-42.648805417385219,-22.473087405208819,0.0],[-42.648793893029925,-22.47300298969752,0.0],[-42.64880128075491,-22.472948938404226,0.0],[-42.648822427934043,-22.472846946425321,0.0],[-42.648820715184442,-22.472756656353294,0.0],[-42.648792956680282,-22.472675012885752,0.0],[-42.648739762049132,-22.472565918869361,0.0],[-42.648685856300915,-22.472498938174329,0.0],[-42.648567826950881,-22.472394916049495,0.0],[-42.648399332151577,-22.47221192791757,0.0],[-42.648313517394499,-22.472117402094341,0.0],[-42.648249749631944,-22.472059303909138,0.0],[-42.648131543144288,-22.471965809849113,0.0],[-42.648029647095683,-22.471865031601272,0.0],[-42.647978978598729,-22.471798097940798,0.0],[-42.647928513405006,-22.471719131892577,0.0],[-42.647881894686826,-22.471604115933772,0.0],[-42.647854899138501,-22.471477350953762,0.0],[-42.647853644279529,-22.471359988068098,0.0],[-42.647861692801918,-22.471266831611175,0.0],[-42.647891838789484,-22.471207094765756,0.0],[-42.647957994201136,-22.471123812628161,0.0],[-42.648013779104353,-22.471079494013679,0.0],[-42.648111843398063,-22.471023756874558,0.0],[-42.648209806004793,-22.470974035858148,0.0],[-42.64828839958146,-22.470921023379834,0.0],[-42.648380346024545,-22.470844134957275,0.0],[-42.648518595692487,-22.470709249586587,0.0],[-42.648627740902491,-22.470572435141072,0.0],[-42.648799346677158,-22.470379363695166,0.0],[-42.648898629129917,-22.470251431688038,0.0],[-42.649037664876417,-22.470069920268372,0.0],[-42.649110647745772,-22.469965675262308,0.0],[-42.649144537321035,-22.469875904330294,0.0],[-42.649168056864781,-22.469825097059935,0.0],[-42.649169377206782,-22.469746886530782,0.0],[-42.649172094046044,-22.469585953323911,0.0],[-42.649173668278038,-22.469492702305246,0.0],[-42.649189356841177,-22.469330453827791,0.0],[-42.649235748812004,-22.469075379068826,0.0],[-42.649250421638165,-22.468973292522758,0.0],[-42.649268838797084,-22.4688411721873,0.0]]]}},
{"type":"Feature","properties":{"fid":599,"NOM_LOGRAD":"SERVIDÃO 07","DOC_CRIAç":null,"LOCALIDADE":"SEDE","BAIRRO":"BOA VISTA","CEP":null,"NOME ANTIGO":null},"geometry":{"type":"MultiLineString","coordinates":[[[-42.636295267803199,-22.479463327581151,0.0],[-42.636145270073342,-22.479410644863936,0.0],[-42.636055423885857,-22.479370062722055,0.0],[-42.635997418939354,-22.479313183178359,0.0],[-42.635986698394888,-22.47927610723081,0.0],[-42.635985473547933,-22.479181155494146,0.0],[-42.636001762380054,-22.479057453121328,0.0],[-42.636038961595233,-22.478870845845695,0.0]]]}},
{"type":"Feature","properties":{"fid":600,"NOM_LOGRAD":"TRAVESSA OSMAR RODRIGUES DA SILVA","DOC_CRIAç":null,"LOCALIDADE":"SEDE","BAIRRO":"BOA VISTA","CEP":null,"NOME ANTIGO":null},"geometry":{"type":"MultiLineString","coordinates":[[[-42.637195269151526,-22.478934302434212,0.0],[-42.637165410448567,-22.479042873642989,0.0],[-42.6371294884093,-22.479153103096127,0.0],[-42.637078710636587,-22.479302670477729,0.0],[-42.637057509861755,-22.479381471142425,0.0],[-42.637064946258768,-22.479444869391244,0.0],[-42.637058511637917,-22.479489604903215,0.0],[-42.637022141772391,-22.479626198251239,0.0],[-42.636983427315748,-22.479733749651167,0.0],[-42.636953133887538,-22.479846698617234,0.0],[-42.636937740963091,-22.479917673262392,0.0],[-42.636921721350163,-22.480025557417797,0.0]]]}},
{"type":"Feature","properties":{"fid":601,"NOM_LOGRAD":"RUA THEODORO PINTO BARRETO","DOC_CRIAç":"Lei Nº 2.641/2024","LOCALIDADE":"SEDE","BAIRRO":"BOA VISTA","CEP":null,"NOME ANTIGO":null},"geometry":{"type":"MultiLineString","coordinates":[[[-42.637057509861755,-22.479381471142425,0.0],[-42.636916785713296,-22.479313481465443,0.0],[-42.636823930236773,-22.479267290020509,0.0],[-42.636705766912002,-22.479207542150043,0.0],[-42.636610298557379,-22.479148127024665,0.0],[-42.636469798734225,-22.479066955027786,0.0],[-42.636419585949312,-22.479016114657945,0.0],[-42.636400533821302,-22.478968368338681,0.0],[-42.636401250135172,-22.478926186047723,0.0],[-42.636400247226184,-22.478901696220394,0.0]]]}},
{"type":"Feature","properties":{"fid":602,"NOM_LOGRAD":"RUA ADAMASTOR MARTINS","DOC_CRIAç":"Lei nº 459/90 de 07.05.1990","LOCALIDADE":"SEDE","BAIRRO":"BOA VISTA","CEP":28682020,"NOME ANTIGO":"Rua do Contorno"},"geometry":{"type":"MultiLineString","coordinates":[[[-42.642556581162815,-22.474341020716679,0.0],[-42.642516044689629,-22.4741662330811,0.0],[-42.6424753249471,-22.473999735249052,0.0],[-42.642456130234756,-22.473899103866291,0.0],[-42.642449658931859,-22.473869875159622,0.0],[-42.642436058699317,-22.473850253536234,0.0],[-42.642401236080715,-22.473849744210508,0.0],[-42.642167212043617,-22.47388840363239,0.0],[-42.641632507286737,-22.473993880214891,0.0],[-42.641185406835007,-22.474068265840025,0.0],[-42.640860404664707,-22.474131488819765,0.0],[-42.640462247258192,-22.47419525880337,0.0],[-42.640228277226576,-22.474230678999291,0.0],[-42.639920905209529,-22.474281209675368,0.0],[-42.639882216236799,-22.47430330297702,0.0],[-42.639864311128399,-22.474332174821374,0.0],[-42.639860225356792,-22.474367723238437,0.0],[-42.639862610343407,-22.474432500419507,0.0],[-42.639888383681836,-22.474555888095249,0.0],[-42.639931952479614,-22.474656876542596,0.0],[-42.63996094867295,-22.474714396060488,0.0]]]}},
{"type":"Feature","properties":{"fid":603,"NOM_LOGRAD":"RUA SEM NOME 3","DOC_CRIAç":null,"LOCALIDADE":"SEDE","BAIRRO":"BOA VISTA","CEP":null,"NOME ANTIGO":null},"geometry":{"type":"MultiLineString","coordinates":[[[-42.64500814244132,-22.471768722140745,0.0],[-42.644977704537432,-22.471699232375453,0.0],[-42.64496886877707,-22.471660908134364,0.0],[-42.644988577231217,-22.471617124725395,0.0],[-42.645076644123151,-22.471456816382695,0.0],[-42.645135322145954,-22.471351902358602,0.0],[-42.645197806389056,-22.471208848743014,0.0],[-42.645225314567519,-22.471131241798211,0.0],[-42.645249712376575,-22.471042903852073,0.0]]]}},
{"type":"Feature","properties":{"fid":604,"NOM_LOGRAD":"RUA SEM NOME 6","DOC_CRIAç":null,"LOCALIDADE":"SEDE","BAIRRO":"BOA VISTA","CEP":null,"NOME ANTIGO":null},"geometry":{"type":"MultiLineString","coordinates":[[[-42.644906049966572,-22.471285389859659,0.0],[-42.644816406464244,-22.47132961474426,0.0],[-42.644755809825142,-22.471361048385425,0.0],[-42.644724204502666,-22.471360586612629,0.0],[-42.644705340682314,-22.471354434820558,0.0],[-42.644686824670877,-22.471327721487651,0.0],[-42.644678585246503,-22.471254148885635,0.0],[-42.644660615808547,-22.471195124561564,0.0],[-42.644633684014345,-22.471105268312101,0.0],[-42.644604331509207,-22.471004655056845,0.0],[-42.644560742891798,-22.470838844725122,0.0],[-42.64449427517647,-22.470711182702832,0.0],[-42.644395145060649,-22.470575651088247,0.0]]]}},
{"type":"Feature","properties":{"fid":605,"NOM_LOGRAD":"RUA ANTONIO VALLADARES","DOC_CRIAç":"Lei nº 513/90 de 26.09.1990","LOCALIDADE":"SEDE","BAIRRO":"BOA VISTA","CEP":28681820,"NOME ANTIGO":null},"geometry":{"type":"MultiLineString","coordinates":[[[-42.647063031842464,-22.470233396206257,0.0],[-42.646985058910204,-22.470093791514088,0.0],[-42.64687549455806,-22.469854625996433,0.0],[-42.646646909803103,-22.469345296680434,0.0],[-42.646531875777306,-22.469093499112166,0.0],[-42.646436705373034,-22.468929631124926,0.0],[-42.646288728966468,-22.468610715793982,0.0],[-42.646217312784103,-22.468467133391975,0.0],[-42.646145896737558,-22.468323550968616,0.0],[-42.646102518047854,-22.46820149488229,0.0],[-42.646059317849179,-22.468068882895384,0.0],[-42.646015939294962,-22.467946826795561,0.0],[-42.645984186045332,-22.4678091026821,0.0],[-42.645940093896854,-22.467729270144368,0.0],[-42.645895644929467,-22.467670549384316,0.0],[-42.645857053222841,-22.467601355642362,0.0],[-42.645824318774963,-22.467521688922485,0.0],[-42.645814121050506,-22.46745290977756,0.0],[-42.645815816201527,-22.467352628796132,0.0],[-42.645817778995983,-22.467236513973809,0.0],[-42.64582036629627,-22.467083453523401,0.0],[-42.645799970879295,-22.466945895231731,0.0],[-42.645760583528485,-22.466654961388603,0.0],[-42.645722908391562,-22.466464358279868,0.0],[-42.645707234526498,-22.466316310425771,0.0],[-42.645687231818627,-22.466155529161473,0.0],[-42.645670772876713,-22.466053927236263,0.0],[-42.645637426795062,-22.465876057527751,0.0],[-42.645622252648607,-22.465698453167057,0.0],[-42.645601393560895,-22.465588340186091,0.0],[-42.645598206718375,-22.465508049057227,0.0],[-42.645600062454029,-22.465398267762868,0.0],[-42.645616598149672,-22.465309859488762,0.0],[-42.645626071928987,-22.465175965045646,0.0],[-42.645628538972282,-22.465141097854449,0.0],[-42.645633445036033,-22.465122333846757,0.0]]]}},
{"type":"Feature","properties":{"fid":606,"NOM_LOGRAD":"RUA NICANOR PINTO","DOC_CRIAç":"Lei nº 496/90 de 06.07.1990","LOCALIDADE":"SEDE","BAIRRO":"BOA VISTA","CEP":null,"NOME ANTIGO":null},"geometry":{"type":"MultiLineString","coordinates":[[[-42.650159677270025,-22.466971281087353,0.0],[-42.649913222209968,-22.467013414024283,0.0],[-42.649763170815966,-22.467043492007484,0.0],[-42.649554216937858,-22.467082638911101,0.0],[-42.649106857665053,-22.467165466320054,0.0],[-42.648793154092019,-22.467240313886432,0.0],[-42.648345458866423,-22.467342989727147,0.0],[-42.648091586491496,-22.467398853049065,0.0],[-42.647976220543754,-22.46743067625631,0.0],[-42.64766188006886,-22.467498066421108,0.0],[-42.647225114089167,-22.467586006855996,0.0],[-42.646865938863499,-22.467665150809751,0.0],[-42.646713027919446,-22.467706352831367,0.0],[-42.646648743649166,-22.467717824181701,0.0],[-42.64613943129222,-22.467832003906381,0.0],[-42.645996343269807,-22.467861832522587,0.0]]]}},
{"type":"Feature","properties":{"fid":607,"NOM_LOGRAD":"RUA I","DOC_CRIAç":null,"LOCALIDADE":"SEDE","BAIRRO":"BOA VISTA","CEP":null,"NOME ANTIGO":null},"geometry":{"type":"MultiLineString","coordinates":[[[-42.64805698679546,-22.467391535433205,0.0],[-42.64801168378451,-22.467192198849567,0.0],[-42.647996671721877,-22.467129430186553,0.0],[-42.647981181696643,-22.467020573478965,0.0],[-42.647967800442004,-22.466935406521124,0.0],[-42.647968973780614,-22.466865929334499,0.0],[-42.647967351639466,-22.466803857184484,0.0]]]}},
{"type":"Feature","properties":{"fid":608,"NOM_LOGRAD":"RUA C","DOC_CRIAç":null,"LOCALIDADE":"SEDE","BAIRRO":"BOA VISTA","CEP":null,"NOME ANTIGO":null},"geometry":{"type":"MultiLineString","coordinates":[[[-42.64726522915943,-22.466634086323559,0.0],[-42.647261015153511,-22.466564462457825,0.0],[-42.647265850585065,-22.466491027151946,0.0],[-42.647267204853357,-22.466410858694875,0.0],[-42.647264739397762,-22.466343999201641,0.0],[-42.647258228514502,-22.466303810082394,0.0],[-42.647251943344507,-22.466250259553355,0.0],[-42.647228026725763,-22.466176404682862,0.0],[-42.647218260422548,-22.466116121002983,0.0],[-42.6472191068424,-22.466066015716827,0.0],[-42.647212595977543,-22.466025826596713,0.0],[-42.647213273112229,-22.465985742367529,0.0]]]}},
{"type":"Feature","properties":{"fid":609,"NOM_LOGRAD":"RUA A","DOC_CRIAç":null,"LOCALIDADE":"SEDE","BAIRRO":"BOA VISTA","CEP":28681690,"NOME ANTIGO":null},"geometry":{"type":"MultiLineString","coordinates":[[[-42.648328851556087,-22.464847156740106,0.0],[-42.648220574293731,-22.464877802536815,0.0],[-42.648122916607456,-22.464913131058655,0.0],[-42.64805069871781,-22.464932124715894,0.0],[-42.647971292863822,-22.464951013486665,0.0],[-42.647920582376436,-22.464973661993056,0.0],[-42.647866052261321,-22.465009619471012,0.0],[-42.647829266356098,-22.465059200494359,0.0],[-42.647791859896564,-22.465145525402878,0.0],[-42.647779949722121,-22.46521217519329,0.0],[-42.647773760770882,-22.465365779049879,0.0],[-42.647768643484433,-22.465418698704941,0.0],[-42.647765049652563,-22.465455863744797,0.0],[-42.6477242746926,-22.4655287747735,0.0],[-42.647566686630775,-22.465706899164818,0.0],[-42.647486322503781,-22.465784708049888,0.0],[-42.647420500795278,-22.465848436803153,0.0],[-42.647318119750111,-22.465950519371969,0.0],[-42.647213273112214,-22.465985742367522,0.0],[-42.647127242871711,-22.465971122245016,0.0],[-42.647051994645508,-22.465956659425352,0.0],[-42.646987302695955,-22.46595571533096,0.0],[-42.64692261074984,-22.465954771210662,0.0],[-42.646862841133284,-22.465951885817866,0.0],[-42.646825685711192,-22.465946674278669,0.0],[-42.646768689714378,-22.465915771842074,0.0],[-42.646712201699899,-22.465854806225853,0.0],[-42.646626679591172,-22.465810122687113,0.0],[-42.64652621713914,-22.465798632775851,0.0],[-42.646393408788583,-22.465786670637154,0.0],[-42.646292889937705,-22.465778520933785,0.0],[-42.646188494855444,-22.465787020451248,0.0],[-42.646091231294243,-22.465798965189965,0.0],[-42.645954147197806,-22.465826329837917,0.0],[-42.645911007732664,-22.46585436588758,0.0],[-42.645867479772733,-22.46589968588744,0.0],[-42.645837205281168,-22.465932597322283,0.0],[-42.645799333951267,-22.465967145510298,0.0],[-42.645661335265984,-22.466003586571578,0.0]]]}},
{"type":"Feature","properties":{"fid":610,"NOM_LOGRAD":"RUA B","DOC_CRIAç":null,"LOCALIDADE":"SEDE","BAIRRO":"BOA VISTA","CEP":28681700,"NOME ANTIGO":null},"geometry":{"type":"MultiLineString","coordinates":[[[-42.647051994645516,-22.465956659425352,0.0],[-42.647014040783333,-22.465862552626096,0.0],[-42.646987151106977,-22.465751901411736,0.0],[-42.646960148599213,-22.465647930899078,0.0],[-42.646936345078046,-22.465567395298471,0.0],[-42.646894740958402,-22.465476576384152,0.0],[-42.646860550590759,-22.465372500959539,0.0],[-42.646829333460381,-22.465305221853125,0.0],[-42.646802105384673,-22.465214612733405,0.0],[-42.646771396235934,-22.465117270454357,0.0],[-42.646764603339044,-22.465093783085372,0.0],[-42.64673720602476,-22.465013195014787,0.0],[-42.646720139154098,-22.464959487117628,0.0],[-42.646713572018577,-22.464922638340781,0.0],[-42.646714362133316,-22.464875873417128,0.0],[-42.646708618003217,-22.464800065610458,0.0]]]}},
{"type":"Feature","properties":{"fid":611,"NOM_LOGRAD":"TRAVESSA A","DOC_CRIAç":null,"LOCALIDADE":"SEDE","BAIRRO":"BOA VISTA","CEP":null,"NOME ANTIGO":null},"geometry":{"type":"MultiLineString","coordinates":[[[-42.646292889937719,-22.465778520933785,0.0],[-42.646266000856329,-22.465667869648524,0.0],[-42.646218281755907,-22.465513479009406,0.0],[-42.646180780175904,-22.465392649266143,0.0],[-42.646159950160921,-22.465348909909832,0.0],[-42.64613260962318,-22.465264981414304,0.0],[-42.646105269113789,-22.465181052916176,0.0],[-42.646056647062686,-22.465080107851222,0.0],[-42.646039241736297,-22.465046442004233,0.0]]]}},
{"type":"Feature","properties":{"fid":612,"NOM_LOGRAD":"RUA ESTÊVÃO JOSÉ DE LEMOS","DOC_CRIAç":null,"LOCALIDADE":"SEDE","BAIRRO":"BOA VISTA","CEP":null,"NOME ANTIGO":null},"geometry":{"type":"MultiLineString","coordinates":[[[-42.64828070077423,-22.469674877396066,0.0],[-42.648199841887717,-22.46951171282096,0.0],[-42.648001748854874,-22.4691078817558,0.0],[-42.647963793679985,-22.46901377508534,0.0],[-42.647716851978693,-22.46852236050653,0.0],[-42.647644197830175,-22.468354241629726,0.0],[-42.647557320179175,-22.468159866127312,0.0],[-42.647442327756501,-22.467944352942379,0.0],[-42.647288318347734,-22.467587865100647,0.0]]]}},
{"type":"Feature","properties":{"fid":613,"NOM_LOGRAD":"RUA WALDIR LESSA","DOC_CRIAç":"Lei nº 1056/09.09.1996","LOCALIDADE":"SEDE","BAIRRO":"BOA VISTA","CEP":null,"NOME ANTIGO":null},"geometry":{"type":"MultiLineString","coordinates":[[[-42.648858107051439,-22.469391817648024,0.0],[-42.648829387549434,-22.469273648382391,0.0],[-42.648638368232724,-22.468876603502739,0.0],[-42.648426462388393,-22.468439159677832,0.0],[-42.648366241370631,-22.468313889327622,0.0],[-42.648308381980989,-22.468193531371789,0.0],[-42.648186933544224,-22.467934489164083,0.0],[-42.648040609274872,-22.467658378114017,0.0],[-42.647947474571851,-22.467437233582949,0.0]]]}},
{"type":"Feature","properties":{"fid":614,"NOM_LOGRAD":"RUA DAS PARTEIRAS","DOC_CRIAç":null,"LOCALIDADE":"SEDE","BAIRRO":"BOA VISTA","CEP":null,"NOME ANTIGO":null},"geometry":{"type":"MultiLineString","coordinates":[[[-42.649145984596743,-22.468415830186551,0.0],[-42.649108278350027,-22.468298750331826,0.0],[-42.649094295995006,-22.468262101889938,0.0],[-42.649032141269913,-22.468123898822927,0.0],[-42.648992044601833,-22.468050162252766,0.0],[-42.648850833270387,-22.467790478213498,0.0],[-42.648594371654333,-22.467285903456297,0.0]]]}},
{"type":"Feature","properties":{"fid":615,"NOM_LOGRAD":"RUA CORONEL IZALTINO","DOC_CRIAç":null,"LOCALIDADE":"SEDE","BAIRRO":"BOA VISTA","CEP":null,"NOME ANTIGO":null},"geometry":{"type":"MultiLineString","coordinates":[[[-42.646531875777306,-22.469093499112166,0.0],[-42.646577197068034,-22.469065778519631,0.0],[-42.647335976397009,-22.468723955687217,0.0],[-42.647633116408983,-22.468584621065002,0.0],[-42.647716851978693,-22.46852236050653,0.0],[-42.647926893611661,-22.4684276345901,0.0],[-42.64808625936756,-22.468334633070477,0.0],[-42.64825314132203,-22.468263739437639,0.0],[-42.648308381980989,-22.468193531371789,0.0]]]}},
{"type":"Feature","properties":{"fid":616,"NOM_LOGRAD":"RUA DOS OPERÁRIOS","DOC_CRIAç":null,"LOCALIDADE":"SEDE","BAIRRO":"BOA VISTA","CEP":null,"NOME ANTIGO":null},"geometry":{"type":"MultiLineString","coordinates":[[[-42.646237063823484,-22.468506842932399,0.0],[-42.646453209469179,-22.468417047647712,0.0],[-42.646692336596445,-22.468306938437568,0.0],[-42.647011209844585,-22.46815789865186,0.0],[-42.647315536959553,-22.468018669439534,0.0],[-42.647442327756501,-22.467944352942379,0.0]]]}},
{"type":"Feature","properties":{"fid":617,"NOM_LOGRAD":"RUA DAVID ANTONIO ALVES","DOC_CRIAç":"Lei nº 1058/96 de 09.09.1996","LOCALIDADE":"SEDE","BAIRRO":"BOA VISTA","CEP":null,"NOME ANTIGO":null},"geometry":{"type":"MultiLineString","coordinates":[[[-42.646928334878204,-22.472170918283378,0.0],[-42.646928334878204,-22.472170918283378,0.0],[-42.646923843954532,-22.472139765357948,0.0],[-42.646877761641157,-22.472095570339309,0.0],[-42.646774776818177,-22.472053653357904,0.0],[-42.646690210971357,-22.472010450848522,0.0],[-42.646555746112725,-22.471950976102057,0.0],[-42.646229030378684,-22.471787660218737,0.0],[-42.646038267830214,-22.471694721284447,0.0],[-42.645874048202998,-22.471614604716986,0.0],[-42.645749852915138,-22.47154129001424,0.0],[-42.645613795749142,-22.471477128180549,0.0],[-42.64546029665626,-22.471412304449686,0.0]]]}},
{"type":"Feature","properties":{"fid":618,"NOM_LOGRAD":"RUA G","DOC_CRIAç":null,"LOCALIDADE":"SEDE","BAIRRO":"BOA VISTA","CEP":null,"NOME ANTIGO":null},"geometry":{"type":"MultiLineString","coordinates":[[[-42.645561234388644,-22.469512797515964,0.0],[-42.644982165304725,-22.46938255225594,0.0],[-42.644940149917247,-22.469383499844874,0.0],[-42.644902390714932,-22.469349975503388,0.0],[-42.644899926487334,-22.469283116089198,0.0],[-42.644938183410268,-22.469146686957281,0.0],[-42.64498026027556,-22.468996948926396,0.0],[-42.644988833399537,-22.468940436749065,0.0],[-42.644992398231409,-22.468916938130903,0.0],[-42.64500077263606,-22.468846895869369,0.0],[-42.644998421323365,-22.468773355757648,0.0],[-42.644974731589308,-22.468686139255365,0.0],[-42.644929929438604,-22.468571884973272,0.0],[-42.644917021941104,-22.468484825972279,0.0],[-42.644928651454578,-22.468434878289568,0.0],[-42.644943931501352,-22.468381642760352,0.0],[-42.644985386684596,-22.468268648502121,0.0],[-42.645040560506324,-22.468129641354633,0.0],[-42.645063453262416,-22.468078732962582,0.0],[-42.645080867140912,-22.467959316471699,0.0],[-42.645097322422998,-22.467710248679246,0.0]]]}},
{"type":"Feature","properties":{"fid":619,"NOM_LOGRAD":"SERVIDÃO 04","DOC_CRIAç":null,"LOCALIDADE":"SEDE","BAIRRO":"BOA VISTA","CEP":null,"NOME ANTIGO":null},"geometry":{"type":"MultiLineString","coordinates":[[[-42.646230661338429,-22.466701447847218,0.0],[-42.646239003062107,-22.466772525171347,0.0],[-42.64624180024353,-22.466832878217826,0.0],[-42.646245596448338,-22.466890585016326,0.0],[-42.646257085117078,-22.466944856341865,0.0],[-42.646269722680096,-22.466987614164509,0.0],[-42.646299368577111,-22.467040376679257,0.0],[-42.646344978852262,-22.467108450303609,0.0],[-42.646384796966302,-22.467189103447044,0.0],[-42.646431758876574,-22.467225019922708,0.0],[-42.64647714948012,-22.467249630038427,0.0],[-42.646527829941192,-22.467300038748412,0.0],[-42.646602087469759,-22.467423521046392,0.0],[-42.64665028007105,-22.467543330467862,0.0],[-42.646713027919446,-22.467706352831367,0.0]]]}},
{"type":"Feature","properties":{"fid":620,"NOM_LOGRAD":"RUA DAS PROFESSORAS","DOC_CRIAç":null,"LOCALIDADE":"SEDE","BAIRRO":"BOA VISTA","CEP":null,"NOME ANTIGO":null},"geometry":{"type":"MultiLineString","coordinates":[[[-42.645333660814224,-22.47049193787306,0.0],[-42.645426729139182,-22.470413306048375,0.0],[-42.646203080817983,-22.46990470662065,0.0],[-42.646396108173917,-22.469815403917444,0.0],[-42.646846093308078,-22.469632287725883,0.0],[-42.646990929400957,-22.469570919470918,0.0],[-42.647349453248651,-22.46941577558832,0.0],[-42.648001748854874,-22.4691078817558,0.0]]]}},
{"type":"Feature","properties":{"fid":621,"NOM_LOGRAD":"SERVIDÃO 06","DOC_CRIAç":null,"LOCALIDADE":"SEDE","BAIRRO":"BOA VISTA","CEP":null,"NOME ANTIGO":null},"geometry":{"type":"MultiLineString","coordinates":[[[-42.648209482754694,-22.470450002517786,0.0],[-42.648111846616516,-22.470341917518734,0.0],[-42.648029628705579,-22.470226946710245,0.0],[-42.647970357910964,-22.470112310665943,0.0],[-42.6478882603203,-22.469990230850005,0.0],[-42.64783334038696,-22.469891383539156,0.0]]]}},
{"type":"Feature","properties":{"fid":622,"NOM_LOGRAD":"RUA SEM NOME 4","DOC_CRIAç":null,"LOCALIDADE":"SEDE","BAIRRO":"BOA VISTA","CEP":null,"NOME ANTIGO":null},"geometry":{"type":"MultiLineString","coordinates":[[[-42.648457562702561,-22.466700442845791,0.0],[-42.648264821793596,-22.466739433330392,0.0],[-42.648157756860634,-22.4667565763109,0.0],[-42.648112092843334,-22.466764917405143,0.0],[-42.648080476192803,-22.46677064600404,0.0],[-42.648002557999234,-22.466796040800816,0.0],[-42.647967351639466,-22.466803857184484,0.0],[-42.647937858552787,-22.466810872747786,0.0],[-42.647876244517199,-22.46682238358084,0.0],[-42.64777174666046,-22.466843196499838,0.0],[-42.647661867345363,-22.466866412771431,0.0],[-42.647626992800902,-22.466875831698164,0.0],[-42.647581511881803,-22.466896778708577,0.0],[-42.647549818034811,-22.46690873348885,0.0],[-42.647533197596978,-22.466923814061364,0.0],[-42.647531196511594,-22.466937730957159,0.0],[-42.647537500514552,-22.466959996561613,0.0],[-42.647540851238631,-22.466979809044211,0.0],[-42.647559469997475,-22.467015820628784,0.0],[-42.647563171611232,-22.467049629007139,0.0],[-42.647564536233368,-22.467095316593191,0.0],[-42.647568271378631,-22.467127139909564,0.0],[-42.64756343051473,-22.467129472198472,0.0]]]}},
{"type":"Feature","properties":{"fid":623,"NOM_LOGRAD":"ESTRADA DA FÁBRICA DE WHISKY (CMU-023)","DOC_CRIAç":null,"LOCALIDADE":"SEDE","BAIRRO":"BOA VISTA","CEP":0,"NOME ANTIGO":null},"geometry":{"type":"MultiLineString","coordinates":[[[-42.636793626144666,-22.478896209727949,0.0],[-42.636685896164721,-22.478852046765695,0.0],[-42.636566736272876,-22.478760552434249,0.0],[-42.636471617966755,-22.478675019792465,0.0],[-42.636358490332519,-22.478582862026432,0.0],[-42.636290461629997,-22.478489185607852,0.0],[-42.636241428193408,-22.478368748081788,0.0],[-42.636188235256753,-22.47830407757754,0.0],[-42.636129018666729,-22.478245503431438,0.0],[-42.636133671640579,-22.478193112069661,0.0],[-42.636121810062157,-22.478115997322359,0.0],[-42.6361134435477,-22.478054671723225,0.0],[-42.636093879315453,-22.477987935914978,0.0],[-42.636074056896035,-22.477917558885306,0.0],[-42.635991293412566,-22.477815379696104,0.0],[-42.635860638074611,-22.477690061240942,0.0],[-42.635736398075437,-22.477542400094499,0.0],[-42.635593865517208,-22.477405688863918,0.0],[-42.635468673469397,-22.477314105350199,0.0],[-42.635313406379559,-22.477216471310445,0.0],[-42.635228059585543,-22.477162536930354,0.0],[-42.634949233526086,-22.476974779645555,0.0],[-42.634684903402615,-22.476847064499587,0.0],[-42.634444236978752,-22.476797093810863,0.0],[-42.634136173380227,-22.476792571965909,0.0],[-42.633802898491346,-22.476817589059532,0.0],[-42.633409045344955,-22.476944431381114,0.0],[-42.632918466579568,-22.476898528319257,0.0],[-42.632561753342181,-22.476517169234857,0.0],[-42.632333410410311,-22.476445278945437,0.0],[-42.632124124034938,-22.476287252168692,0.0],[-42.632080574804988,-22.476254369186194,0.0],[-42.632014712131365,-22.476173195993475,0.0],[-42.631899069662246,-22.476117318711971,0.0],[-42.631712355975189,-22.476249747469346,0.0],[-42.631494287779134,-22.476413220785204,0.0],[-42.631405578622669,-22.476499747285178,0.0],[-42.631392664145437,-22.476512343992447,0.0],[-42.631208701933765,-22.47655607880019,0.0],[-42.630957219051481,-22.476655230765235,0.0]]]}},
{"type":"Feature","properties":{"fid":624,"NOM_LOGRAD":"RUA E","DOC_CRIAç":null,"LOCALIDADE":"SEDE","BAIRRO":"BOA VISTA","CEP":null,"NOME ANTIGO":null},"geometry":{"type":"MultiLineString","coordinates":[[[-42.64756343051473,-22.467129472198472,0.0],[-42.647512270806075,-22.467154120516401,0.0],[-42.647428202844885,-22.467198561509786,0.0],[-42.647371283942384,-22.467221557563835,0.0],[-42.647281697566321,-22.467231292467023,0.0],[-42.647203175844787,-22.467040913638314,0.0],[-42.647166863153167,-22.466952946771549,0.0],[-42.647133672218033,-22.466879077821986,0.0],[-42.647110044242659,-22.466835795218515,0.0],[-42.647094447195038,-22.466775005582161,0.0]]]}},
{"type":"Feature","properties":{"fid":625,"NOM_LOGRAD":"BECO SEM NOME 1","DOC_CRIAç":null,"LOCALIDADE":"SEDE","BAIRRO":"BOA VISTA","CEP":0,"NOME ANTIGO":null},"geometry":{"type":"MultiLineString","coordinates":[[[-42.648264821793596,-22.466739433330392,0.0],[-42.64802750712699,-22.466421919913067,0.0],[-42.64784973901655,-22.466218665345021,0.0]]]}},
{"type":"Feature","properties":{"fid":626,"NOM_LOGRAD":"RUA H","DOC_CRIAç":null,"LOCALIDADE":"SEDE","BAIRRO":"BOA VISTA","CEP":null,"NOME ANTIGO":null},"geometry":{"type":"MultiLineString","coordinates":[[[-42.645633445036033,-22.465122333846757,0.0],[-42.645591896992038,-22.465140855948171,0.0],[-42.645572516166681,-22.465158311821739,0.0],[-42.645544552703228,-22.465176207230023,0.0],[-42.645503946132308,-22.465239096560392,0.0],[-42.645417743527766,-22.46539463961177,0.0],[-42.645338320782237,-22.465467218820592,0.0],[-42.645257671965531,-22.46555959384985,0.0],[-42.64516949621509,-22.465671905934201,0.0],[-42.645099629124374,-22.465764438333508,0.0],[-42.645051382353991,-22.465853945307625,0.0],[-42.645021161955903,-22.465940374385781,0.0],[-42.64502957176191,-22.466080826449307,0.0],[-42.645020802310228,-22.466174251179467,0.0],[-42.645001024913945,-22.466280879809457,0.0],[-42.645003432798497,-22.46635107959148,0.0],[-42.645023358849471,-22.466448264625857,0.0],[-42.6450579433561,-22.466528957903421,0.0],[-42.64513851578603,-22.466653758105632,0.0],[-42.645211956803905,-22.466775112947477,0.0],[-42.645278548769106,-22.466876320699747,0.0],[-42.645309878349146,-22.466936919365697,0.0],[-42.645308014631922,-22.467047150831167,0.0],[-42.645270267143886,-22.467153517038582,0.0],[-42.645181299542934,-22.46731259388191,0.0],[-42.645144540292328,-22.467360503971605,0.0],[-42.645112057589216,-22.467410029278415,0.0],[-42.645070448094245,-22.46746795364438,0.0]]]}},
{"type":"Feature","properties":{"fid":627,"NOM_LOGRAD":"RUA F","DOC_CRIAç":null,"LOCALIDADE":"SEDE","BAIRRO":"BOA VISTA","CEP":null,"NOME ANTIGO":null},"geometry":{"type":"MultiLineString","coordinates":[[[-42.644542613081185,-22.466396950823896,0.0],[-42.644642978332946,-22.466583253336793,0.0],[-42.644790546883556,-22.466703597135787,0.0],[-42.644933671926474,-22.466844209172404,0.0],[-42.644986905105,-22.466941078045519,0.0],[-42.645025552217405,-22.467046210732175,0.0],[-42.645043004198996,-22.467256511785966,0.0],[-42.645070448094245,-22.46746795364438,0.0],[-42.645070795779517,-22.467469685505186,0.0],[-42.645080358986775,-22.467633762122126,0.0],[-42.645097322422998,-22.467710248679246,0.0],[-42.645139040715399,-22.467898352297198,0.0],[-42.645144703763243,-22.467988646648351,0.0],[-42.645135595239836,-22.468102113440267,0.0],[-42.645123852870945,-22.468158741841592,0.0],[-42.645089642427152,-22.468268500798693,0.0],[-42.645070598941146,-22.468331704888904,0.0],[-42.6450617727387,-22.468428469933894,0.0],[-42.645060925444319,-22.468478575127445,0.0],[-42.645088661158084,-22.468539121349128,0.0],[-42.645170364285811,-22.468597114681181,0.0],[-42.645266556696242,-22.468648637263421,0.0],[-42.645370389145377,-22.468673542004108,0.0],[-42.645542904182207,-22.468676061548724,0.0],[-42.645614672507463,-22.468683791999588,0.0],[-42.645686186719892,-22.468706553983516,0.0],[-42.645739645925133,-22.468734064038646,0.0],[-42.64578928520752,-22.468774882985954,0.0],[-42.645842292712857,-22.468829115794399,0.0],[-42.645859190156742,-22.468892844816548,0.0],[-42.645872324136988,-22.468966542399912,0.0],[-42.645871138300762,-22.469036689707135,0.0],[-42.645877366484918,-22.4690935805863,0.0],[-42.645875164204774,-22.469223854154734,0.0],[-42.645856290301218,-22.46927703730691,0.0],[-42.645837529321668,-22.469323539759806,0.0],[-42.645804504941829,-22.469363151577372,0.0],[-42.645771593486558,-22.46939608269124,0.0],[-42.645691281244133,-22.469468415641671,0.0],[-42.645625740592898,-22.469517576069553,0.0],[-42.645560538760705,-22.469546694384597,0.0],[-42.645397901199033,-22.469597777793453,0.0],[-42.645275250374787,-22.469622715726167,0.0],[-42.645149457327626,-22.469620878294478,0.0],[-42.645063368714176,-22.469609597247416,0.0],[-42.644963016759533,-22.46959142545089,0.0],[-42.644894616147504,-22.469597108559991,0.0],[-42.644840252906207,-22.469623043736707,0.0],[-42.644741348171976,-22.469731857420062,0.0],[-42.644714946590014,-22.469804977443527,0.0],[-42.644702864847382,-22.469881647844954,0.0],[-42.644701169876512,-22.469981858187747,0.0],[-42.644721067731339,-22.470080713418312,0.0],[-42.644748860040025,-22.470137919357409,0.0],[-42.644816017987168,-22.470205723922508,0.0],[-42.644876213776428,-22.470260062070732,0.0],[-42.644986218632965,-22.470345198379995,0.0],[-42.645089148393453,-22.470423548928878,0.0],[-42.645160352670516,-22.470464683111999,0.0],[-42.645220774661873,-22.470505659767991,0.0],[-42.645321296771208,-22.470513810423416,0.0],[-42.645321296771208,-22.470513810423416,0.0]]]}},
{"type":"Feature","properties":{"fid":628,"NOM_LOGRAD":"RUA DA FELICIDADE","DOC_CRIAç":"Lei nº 935/94 de 09.08.1994","LOCALIDADE":"SEDE","BAIRRO":"BOA VISTA","CEP":null,"NOME ANTIGO":null},"geometry":{"type":"MultiLineString","coordinates":[[[-42.650191321439998,-22.466990122269149,0.0],[-42.650080296982416,-22.466924017406807,0.0],[-42.649972050733254,-22.466850463345121,0.0],[-42.649900971949002,-22.466789860693062,0.0],[-42.64985129320371,-22.466727088010877,0.0],[-42.649809791274244,-22.466654506740319,0.0],[-42.649800075278307,-22.466597280451101,0.0],[-42.64979928974072,-22.466485581618279,0.0],[-42.649800922724367,-22.466388809689398,0.0],[-42.649824918631062,-22.466232797126448,0.0],[-42.649828635144459,-22.466170802751055,0.0],[-42.649834644572174,-22.466131179274978,0.0],[-42.649849123815706,-22.466064377894025,0.0],[-42.649861043969757,-22.466025657025714,0.0],[-42.649868900671493,-22.466000135670576,0.0],[-42.649877412348133,-22.465970476431931,0.0],[-42.649878124120868,-22.465928293791347,0.0],[-42.649870575436644,-22.465900882399229,0.0],[-42.649837041068608,-22.465830899222727,0.0],[-42.649787404523828,-22.465765645214084,0.0],[-42.649726963437544,-22.465707679524076,0.0],[-42.649663727042771,-22.465657118892747,0.0],[-42.649610792802051,-22.465629045895181,0.0],[-42.64953633315843,-22.465610586855163,0.0],[-42.649461831662073,-22.465594609113563,0.0],[-42.649400511380591,-22.465588751270634,0.0],[-42.649328637779583,-22.465575293722026,0.0],[-42.64919603026857,-22.465521239593603,0.0],[-42.649191759271886,-22.465518502305915,0.0]]]}},
{"type":"Feature","properties":{"fid":629,"NOM_LOGRAD":"RUA ZILDA SALVAYA SILVA","DOC_CRIAç":"Lei nº 1182/98 de 18.09.98","LOCALIDADE":"SEDE","BAIRRO":"BOA VISTA","CEP":null,"NOME ANTIGO":null},"geometry":{"type":"MultiLineString","coordinates":[[[-42.649191759271886,-22.465518502305915,0.0],[-42.649124701189443,-22.465475524660608,0.0],[-42.649064909693898,-22.465379098131478,0.0],[-42.64903171090905,-22.465289264184683,0.0],[-42.64897732183794,-22.465189193491341,0.0],[-42.648919634845313,-22.4651263038119,0.0],[-42.648848222287633,-22.465085551440023,0.0],[-42.648731927033666,-22.465014361248986,0.0],[-42.648655258916307,-22.464968568277822,0.0],[-42.648594483539405,-22.464930452866394,0.0],[-42.648512392284452,-22.464889544626811,0.0],[-42.648448737799001,-22.464863796879442,0.0],[-42.648366227695774,-22.464847701866713,0.0],[-42.648328851556094,-22.464847156740117,0.0],[-42.648230113659992,-22.464843234677609,0.0],[-42.648011154415421,-22.464842522815012,0.0],[-42.647787044324019,-22.464830566783512,0.0],[-42.647627639024918,-22.464790760966203,0.0],[-42.647548715812789,-22.464785019237613,0.0],[-42.647354323406709,-22.464765133418165,0.0],[-42.647310568733118,-22.464765806473846,0.0],[-42.647193511651366,-22.464762131134094,0.0],[-42.647045935692873,-22.46476915808886,0.0],[-42.646962658536516,-22.464770565783677,0.0],[-42.646748857954663,-22.464795562504264,0.0],[-42.646510736206629,-22.46481229936796,0.0],[-42.646374597219491,-22.464809037559426,0.0],[-42.646374597219491,-22.464809037559426,0.0],[-42.646263753096108,-22.464768262370125,0.0],[-42.646184977031744,-22.464727050314664,0.0],[-42.646059266705691,-22.464675050374876,0.0],[-42.645998534192501,-22.464634452729467,0.0],[-42.6459561542312,-22.464613978504072,0.0],[-42.645900341835656,-22.464598272030837,0.0],[-42.64587097497342,-22.464597843273456,0.0],[-42.645846863665298,-22.464602455118008,0.0],[-42.645803770781122,-22.464624163379209,0.0],[-42.645768561212257,-22.464653432542292,0.0],[-42.645730136689529,-22.464714919937684,0.0],[-42.645692005718551,-22.464759038047863,0.0],[-42.645621712277368,-22.464810132331728,0.0],[-42.645551754335656,-22.464841375985003,0.0],[-42.645481922199906,-22.464865175632269,0.0],[-42.645441750577049,-22.464872034823969,0.0],[-42.645387852834709,-22.464901030989509,0.0],[-42.645355270884231,-22.464932820358595,0.0],[-42.645327650828371,-22.464987019611023,0.0],[-42.645269992619589,-22.465080491163192,0.0],[-42.645228814127648,-22.465146902065499,0.0],[-42.645150049683934,-22.465225173699832,0.0],[-42.645076624604478,-22.465303523272453,0.0],[-42.644965068053182,-22.465425990703125,0.0],[-42.644902489508162,-22.465494570862617,0.0],[-42.644855929287978,-22.465563384972217,0.0],[-42.644803484091547,-22.46566437826549,0.0],[-42.64473426511988,-22.465809801349135,0.0],[-42.644695168416419,-22.465910989583985,0.0],[-42.644641799779805,-22.466066571892707,0.0],[-42.644590639150863,-22.466249487717654,0.0],[-42.644553960149146,-22.466365602828841,0.0],[-42.644481126515608,-22.466566816481393,0.0],[-42.644402260663362,-22.466808893875246,0.0],[-42.644356774628037,-22.466972036999859,0.0],[-42.644300777310029,-22.467125098780606,0.0],[-42.644275070618555,-22.467224000560126,0.0],[-42.644260798431738,-22.467278394584842,0.0],[-42.644249573744148,-22.467310495724725,0.0],[-42.644224013874108,-22.467400712863594,0.0],[-42.644206400306579,-22.467494769008049,0.0],[-42.644179266341418,-22.467678035673838,0.0],[-42.644149966206243,-22.467831487461446,0.0],[-42.644126341347402,-22.467965166693716,0.0],[-42.644094958953978,-22.468083840952019,0.0],[-42.64406895803527,-22.468200111905244,0.0],[-42.644039930469638,-22.468337435059762,0.0],[-42.644008757782046,-22.468443702680023,0.0],[-42.64398313450959,-22.468537641718509,0.0],[-42.643957469216637,-22.468634062069331,0.0],[-42.643926548823799,-22.468701553612835,0.0],[-42.643904644009297,-22.468755337005742,0.0],[-42.643887785814513,-22.468806779060191,0.0],[-42.643886624386781,-22.468861506813344,0.0],[-42.643890719638833,-22.46890147910031,0.0],[-42.64388813024334,-22.468998118043178,0.0],[-42.643882828634965,-22.469085847915803,0.0],[-42.643864538869373,-22.469207978738254,0.0],[-42.643865666855831,-22.469254116258043,0.0],[-42.643872714359262,-22.469288810034474,0.0],[-42.643884442242666,-22.469328893873147,0.0],[-42.643890505666725,-22.469365347152536,0.0],[-42.643892887802622,-22.469393764142549,0.0],[-42.643892742292458,-22.469460841020055,0.0],[-42.643907837499569,-22.469515664173461,0.0]]]}},
{"type":"Feature","properties":{"fid":630,"NOM_LOGRAD":"ESTRADA AREIA BRANCA","DOC_CRIAç":null,"LOCALIDADE":"SEDE","BAIRRO":"BOA VISTA","CEP":28682000,"NOME ANTIGO":null},"geometry":{"type":"MultiLineString","coordinates":[[[-42.640940273392239,-22.468356566901086,0.0],[-42.641042095124206,-22.468617612161644,0.0],[-42.641095415378821,-22.468695506627871,0.0],[-42.641128997447751,-22.46874395931675,0.0],[-42.641181799892685,-22.468792693227826,0.0],[-42.641257120644276,-22.468885956240619,0.0],[-42.641280585409469,-22.468990618917193,0.0],[-42.641307188809222,-22.469099717263756,0.0],[-42.641330134244079,-22.469238142931594,0.0],[-42.641331453880987,-22.469346871355043,0.0],[-42.64131978331482,-22.46947597630902,0.0],[-42.641317345401397,-22.469619906762293,0.0],[-42.641344247421166,-22.469711380970679,0.0],[-42.641384089943109,-22.46978541599983,0.0],[-42.641452426671755,-22.469856929817318,0.0],[-42.641545798661951,-22.469943500292512,0.0],[-42.641627076016256,-22.469997574857011,0.0],[-42.641789680665205,-22.470102786521245,0.0],[-42.64223058592242,-22.470388353707559,0.0],[-42.642684259417443,-22.470666761301729,0.0],[-42.642831162579931,-22.470765866241603,0.0],[-42.642968932459411,-22.47084427091702,0.0],[-42.643062902721248,-22.470895592328546,0.0],[-42.643128577538917,-22.470937685742371,0.0],[-42.643206447024383,-22.471006400196444,0.0],[-42.643271972792739,-22.471057305638755,0.0],[-42.643315971527024,-22.471072639308474,0.0],[-42.643420219060047,-22.471077101387483,0.0],[-42.64352499182359,-22.471123245036768,0.0],[-42.643528022125302,-22.471125711188847,0.0],[-42.643564211242243,-22.471161472731861,0.0],[-42.643651065575263,-22.47125969920333,0.0],[-42.643725675565236,-22.471334241964108,0.0],[-42.643784830919955,-22.471387992191605,0.0],[-42.643856628448695,-22.471441927180482,0.0],[-42.643966451840932,-22.471490541736504,0.0],[-42.644022894133897,-22.47151780944581,0.0],[-42.644101708692808,-22.471530713662911,0.0],[-42.64421222801613,-22.471538205002382,0.0],[-42.644250104741126,-22.471541696615219,0.0],[-42.6443191892633,-22.471569148975735,0.0],[-42.6444067401032,-22.471626252035442,0.0],[-42.644481549477611,-22.471689045046155,0.0],[-42.644572186468864,-22.471750600253777,0.0],[-42.644663295582006,-22.471784250473458,0.0],[-42.644767444403548,-22.471794586454845,0.0],[-42.644849717871097,-22.471789912325434,0.0],[-42.644944732871302,-22.471779548124292,0.0],[-42.64500814244132,-22.471768722140745,0.0],[-42.645078071805862,-22.471746239020963,0.0],[-42.645164300633233,-22.471694613082416,0.0],[-42.645241047779905,-22.471642848588171,0.0],[-42.64530555011023,-22.471567400474818,0.0],[-42.645370400077709,-22.471471390780469,0.0],[-42.645470214617944,-22.47139008540217,0.0]]]}},
{"type":"Feature","properties":{"fid":631,"NOM_LOGRAD":"ESTRADA DOS LESSAS","DOC_CRIAç":null,"LOCALIDADE":"SEDE","BAIRRO":"BOA VISTA","CEP":28682030,"NOME ANTIGO":null},"geometry":{"type":"MultiLineString","coordinates":[[[-42.638722083482797,-22.478669233453815,0.0],[-42.638645160374075,-22.478575180393438,0.0],[-42.638573142382803,-22.478490694766883,0.0],[-42.638509798281426,-22.478375997887351,0.0],[-42.63847870518007,-22.478284527309544,0.0],[-42.638464316469907,-22.478170547756257,0.0],[-42.638408102582908,-22.478116631975404,0.0],[-42.638278713267169,-22.478046474709402,0.0],[-42.638255908223279,-22.477947540974945,0.0],[-42.63824864963378,-22.477894342543113,0.0],[-42.63829098943112,-22.477803948028779,0.0],[-42.638399889071145,-22.477638683017208,0.0],[-42.638499600146893,-22.477533959928973,0.0],[-42.63852484949124,-22.47748882240278,0.0],[-42.638525749967037,-22.47743574352425,0.0],[-42.638481426061993,-22.477162049127671,0.0],[-42.638501732137669,-22.476927224616794,0.0],[-42.638512206724897,-22.476790855612126,0.0],[-42.638514650796061,-22.476646784358319,0.0],[-42.638477328392945,-22.476441453784432,0.0],[-42.638480029726878,-22.476282217132436,0.0],[-42.638498534678398,-22.476153550360497,0.0],[-42.638583469869921,-22.475957595631563,0.0],[-42.638677592825971,-22.475701098772447,0.0],[-42.638773515972311,-22.475338444017684,0.0],[-42.6388265857059,-22.47509651475292,0.0],[-42.638888071434685,-22.474839539564808,0.0],[-42.638923408100574,-22.474680780903366,0.0],[-42.638892315303558,-22.474589310414672,0.0],[-42.638820041764959,-22.474519990427531,0.0],[-42.63876485791971,-22.474405413254718,0.0],[-42.638685711660543,-22.474260146688067,0.0],[-42.638572386290541,-22.474205394375755,0.0],[-42.638353251664327,-22.47413392257215,0.0],[-42.638198617180841,-22.474108903092802,0.0],[-42.638011732850345,-22.474060657142346,0.0],[-42.637751804025939,-22.473988586762516,0.0],[-42.637516223689353,-22.473924457433981,0.0],[-42.637171615781604,-22.473825888355453,0.0],[-42.636808016717048,-22.473604048672232,0.0],[-42.636564572573661,-22.473429770108158,0.0],[-42.636410778164588,-22.47325264219117,0.0],[-42.636434135199352,-22.472932384549075,0.0]]]}},
{"type":"Feature","properties":{"fid":632,"NOM_LOGRAD":"ESTRADA DA ROMANA","DOC_CRIAç":null,"LOCALIDADE":"SEDE","BAIRRO":"BOA VISTA","CEP":28682070,"NOME ANTIGO":null},"geometry":{"type":"MultiLineString","coordinates":[[[-42.652146565920951,-22.481455348189009,0.0],[-42.65202679087475,-22.481391946278364,0.0],[-42.651884719273198,-22.481347793472526,0.0],[-42.651801412949119,-22.481330393917151,0.0],[-42.651724798557801,-22.481329277488229,0.0],[-42.651581744152466,-22.481343378444578,0.0],[-42.651462793969472,-22.481374016215746,0.0],[-42.651333287089706,-22.481410974293269,0.0],[-42.651211018195312,-22.481431852112333,0.0],[-42.651106543994757,-22.481430329311198,0.0],[-42.650928692057654,-22.481442303890901,0.0],[-42.650646174712406,-22.481464082332579,0.0],[-42.65042313255438,-22.481470541817522,0.0],[-42.650224740923235,-22.481461174800952,0.0],[-42.649995280342488,-22.481435168826128,0.0],[-42.649765765226505,-22.48141239886143,0.0],[-42.649584895460073,-22.481396812357477,0.0],[-42.649393387035708,-22.481392400411636,0.0],[-42.649222746117715,-22.481389911215295,0.0],[-42.649013798087566,-22.481386862974151,0.0],[-42.648780691532743,-22.481370513474818,0.0],[-42.648627681760878,-22.481355332397026,0.0],[-42.648537082990003,-22.48135724752057,0.0],[-42.64842564411726,-22.481355621353927,0.0],[-42.648317906464719,-22.481341100625418,0.0],[-42.648223989318041,-22.481333255772828,0.0],[-42.648116689244844,-22.481292844303706,0.0],[-42.648065272693032,-22.481243537023396,0.0],[-42.64794209189516,-22.481112254192229,0.0],[-42.647716461592175,-22.480859702277218,0.0],[-42.647630931961075,-22.480767814319627,0.0],[-42.647121594571573,-22.480195500540219,0.0],[-42.646871918514549,-22.479923173817117,0.0],[-42.646499174804227,-22.479513090414461,0.0],[-42.646287889715929,-22.479236467901039,0.0],[-42.646237076576355,-22.479151560597394,0.0],[-42.646191114136563,-22.478985796081158,0.0],[-42.646165334675594,-22.478862408926307,0.0],[-42.646141724122735,-22.478816744372764,0.0],[-42.646122033822053,-22.47874524010015,0.0],[-42.646089344396927,-22.478618514890591,0.0],[-42.646073957494295,-22.478498516641451,0.0],[-42.64606103348823,-22.478232883878025,0.0],[-42.646127013118914,-22.477626887153253,0.0],[-42.646140524913839,-22.477445805645864,0.0],[-42.646131008183239,-22.477390635574128,0.0],[-42.646043531622624,-22.477208079107605,0.0],[-42.645898880361671,-22.476904913988683,0.0],[-42.645838578953636,-22.476763218392435,0.0],[-42.645825634754353,-22.476704761125124,0.0],[-42.64583207259362,-22.476530050566428,0.0],[-42.645899372230915,-22.476051939457964,0.0],[-42.645924398107198,-22.47580790223132,0.0],[-42.645936213233618,-22.475727146732975,0.0],[-42.645930945122394,-22.475626718990085,0.0],[-42.645894062563698,-22.475542015115849,0.0],[-42.645826167620179,-22.475437435538517,0.0],[-42.645761317244308,-22.475358797387781,0.0],[-42.645710286702162,-22.475286835321143,0.0],[-42.64568722410597,-22.475208807518275,0.0],[-42.645664544650401,-22.475108125453485,0.0],[-42.645643178773142,-22.474929771637903,0.0],[-42.645634264359607,-22.474839002000646,0.0],[-42.645580292266004,-22.47452906844838,0.0],[-42.645549519570032,-22.474289071893306,0.0],[-42.645552967645635,-22.474085183545178,0.0],[-42.645548739642138,-22.473923265661714,0.0],[-42.645525786751115,-22.473838765204611,0.0],[-42.645495869348785,-22.473754163014171,0.0],[-42.64543101986321,-22.473675524798626,0.0],[-42.645352077194254,-22.473606392056698,0.0],[-42.645224738739728,-22.473515510994932,0.0],[-42.645125121671647,-22.473433127639751,0.0],[-42.645070555089674,-22.473364350892531,0.0],[-42.645019908744757,-22.473269734429291,0.0],[-42.644965999181338,-22.473162121790835,0.0],[-42.644906220062595,-22.472989680947023,0.0],[-42.644897928375023,-22.472938700961603,0.0]]]}},
{"type":"Feature","properties":{"fid":633,"NOM_LOGRAD":"RUA DAS PEDRAS","DOC_CRIAç":null,"LOCALIDADE":"SEDE","BAIRRO":"BOA VISTA","CEP":null,"NOME ANTIGO":null},"geometry":{"type":"MultiLineString","coordinates":[[[-42.639178521357024,-22.478138431394864,0.0],[-42.639175366876984,-22.478140577218447,0.0],[-42.639079356613969,-22.478205887786878,0.0],[-42.638971968793939,-22.478263648302232,0.0],[-42.638889179683169,-22.478334954390984,0.0],[-42.638786591737038,-22.47852793406339,0.0],[-42.638683444411832,-22.478753868611854,0.0],[-42.638624638698722,-22.478874970673509,0.0],[-42.638529980758385,-22.479018621574273,0.0],[-42.638483099016291,-22.479064083025452,0.0],[-42.638422088854178,-22.479106041110544,0.0],[-42.638361470069349,-22.479124930696631,0.0],[-42.638318693487165,-22.479137489096637,0.0],[-42.638144767991861,-22.479144829164422,0.0],[-42.637939487075656,-22.479118746327298,0.0],[-42.63776972293023,-22.479089887522214,0.0],[-42.637568491696719,-22.479034196753979,0.0],[-42.637317951311658,-22.47895800496859,0.0],[-42.63715178956565,-22.478925902033396,0.0],[-42.636981858053367,-22.478906928910131,0.0],[-42.636793626144666,-22.478896209727949,0.0],[-42.636670028010393,-22.478889171104687,0.0],[-42.63651034313898,-22.478893421940157,0.0],[-42.636400247226184,-22.478901696220394,0.0],[-42.63623377804052,-22.478887717563058,0.0],[-42.636070771014786,-22.478878733987312,0.0],[-42.635943616469277,-22.478847201994061,0.0],[-42.635657449012662,-22.478780374022037,0.0],[-42.635546630370278,-22.478745818021522,0.0],[-42.635487965901788,-22.478735035439126,0.0],[-42.635216039185501,-22.478665119339095,0.0],[-42.634785380356433,-22.478543428659052,0.0],[-42.634517000526401,-22.478473563481622,0.0],[-42.633892010829165,-22.478307814198448,0.0],[-42.63336594770886,-22.478164941326334,0.0],[-42.633171756126714,-22.478112644953324,0.0],[-42.633069145209447,-22.478097952758809,0.0],[-42.632896286116036,-22.478042673059115,0.0],[-42.632769413512442,-22.477994661267793,0.0],[-42.632642260763717,-22.477963126798326,0.0],[-42.632462057752171,-22.477922572156135,0.0],[-42.632331303076917,-22.47789428084285,0.0],[-42.632101764222561,-22.47783487133,0.0],[-42.6318051314556,-22.477757994099903,0.0],[-42.631572103170384,-22.477695236283353,0.0],[-42.631382346546857,-22.477638391506488,0.0],[-42.631382346546857,-22.477638391506488,0.0],[-42.631382346546857,-22.477638391506488,0.0]]]}},
{"type":"Feature","properties":{"fid":634,"NOM_LOGRAD":"RUA HILDEBRANDO FERREIRA ALVES","DOC_CRIAç":"Lei nº 1045 de 01.07.1996\n","LOCALIDADE":"SEDE","BAIRRO":"BOA VISTA","CEP":null,"NOME ANTIGO":null},"geometry":{"type":"MultiLineString","coordinates":[[[-42.636129018666729,-22.478245503431438,0.0],[-42.635975304004688,-22.478212916228696,0.0],[-42.635776265279475,-22.478163557950104,0.0],[-42.63546131813532,-22.478073800121031,0.0],[-42.634947201970519,-22.477942420284485,0.0],[-42.634507627382867,-22.477835352229054,0.0],[-42.634383393308077,-22.477794829976119,0.0],[-42.634300395292122,-22.477778132187019,0.0],[-42.634125941715439,-22.477752352081456,0.0],[-42.633927299102609,-22.477679778167335,0.0],[-42.633587376317045,-22.47758965015861,0.0],[-42.633139741298507,-22.477466980666396,0.0],[-42.632385227269957,-22.477270144393902,0.0],[-42.631429583674567,-22.47709234129599,0.0]]]}},
{"type":"Feature","properties":{"fid":635,"NOM_LOGRAD":"RUA AGUINALDO VIEIRA FELÍCIO","DOC_CRIAç":"Lei n° 2539 de 18.10.2022","LOCALIDADE":"SEDE","BAIRRO":"BOA VISTA","CEP":28682010,"NOME ANTIGO":null},"geometry":{"type":"MultiLineString","coordinates":[[[-42.645014755813222,-22.471049783920737,0.0],[-42.644999257695588,-22.471098399159231,0.0],[-42.644944914346944,-22.471208092467226,0.0],[-42.64485985897948,-22.471377259006982,0.0],[-42.644808445821134,-22.471426455369201,0.0],[-42.644741279637856,-22.471472483462247,0.0],[-42.644664780867274,-22.471509560898621,0.0],[-42.644604979139409,-22.471493996673399,0.0],[-42.644564786598679,-22.471440523803047,0.0],[-42.64453061701164,-22.47140476746193,0.0],[-42.644486866464327,-22.471374747292945,0.0],[-42.644420942525869,-22.471347341192725,0.0],[-42.644332745820158,-22.471328423858733,0.0],[-42.644266474070783,-22.471321579232338,0.0],[-42.644251457127417,-22.471339784129349,0.0],[-42.644254755713426,-22.471355541221968,0.0],[-42.64426874008123,-22.471374497931055,0.0],[-42.644328193848047,-22.471410623806978,0.0],[-42.644428585504485,-22.471456162141084,0.0],[-42.644484630359941,-22.471506928592682,0.0],[-42.644530796123085,-22.471581055381144,0.0],[-42.64457419891302,-22.471631637080254,0.0],[-42.644643035113653,-22.471673776123094,0.0],[-42.644683724621956,-22.471697875355531,0.0],[-42.644780956073724,-22.471743367317071,0.0],[-42.644849717871097,-22.471789912325434,0.0]]]}},
{"type":"Feature","properties":{"fid":636,"NOM_LOGRAD":"AVENIDA ARISTIDES ANTONIO FALCÃO","DOC_CRIAç":"Lei nº 1046/96 de 01.07.1996","LOCALIDADE":"SEDE","BAIRRO":"BOA VISTA","CEP":28681640,"NOME ANTIGO":null},"geometry":{"type":"MultiLineString","coordinates":[[[-42.650383351434556,-22.466921908890736,0.0],[-42.650353159184256,-22.466934330336265,0.0],[-42.650219649002729,-22.466980526016261,0.0],[-42.650108946799584,-22.467018027487793,0.0],[-42.650043505377823,-22.467059197422476,0.0],[-42.649974421309309,-22.467124384951621,0.0],[-42.649927942232161,-22.46719291078367,0.0],[-42.649900933147642,-22.467258711563709,0.0],[-42.649897036716212,-22.467297769683519,0.0],[-42.649933477475578,-22.467632282064461,0.0],[-42.649991711352428,-22.468018262375217,0.0],[-42.649996509395208,-22.468117624019726,0.0],[-42.649995722609056,-22.468164249564772,0.0],[-42.649978981400096,-22.468197102773377,0.0],[-42.64994626038272,-22.468217687689929,0.0],[-42.649903626597116,-22.468250163459167,0.0],[-42.649850572385809,-22.468324611064574,0.0],[-42.649774862105389,-22.468398728373213,0.0],[-42.649721858532011,-22.468470167825238,0.0],[-42.649633303336977,-22.46853808012121,0.0],[-42.649449719535212,-22.468673810164937,0.0],[-42.6492922311418,-22.468797885118732,0.0],[-42.649268838797084,-22.4688411721873,0.0],[-42.649135795469341,-22.469051355281497,0.0],[-42.649105523596539,-22.469118612703543,0.0],[-42.649061873676558,-22.469211250151933,0.0],[-42.649008920194021,-22.469279681207791,0.0],[-42.648930175487024,-22.4693417184412,0.0],[-42.648858107051439,-22.469391817648024,0.0],[-42.648668556104006,-22.469497371257781,0.0],[-42.64845002789562,-22.469593475433271,0.0],[-42.648231347000944,-22.46969860357121,0.0],[-42.647872272494453,-22.469873895114585,0.0],[-42.64729813269912,-22.470131799052329,0.0],[-42.64698831684052,-22.470265683653111,0.0],[-42.646609667312802,-22.470449712931561,0.0],[-42.646345518719713,-22.470563201031108,0.0],[-42.646299697645681,-22.470592620358044,0.0],[-42.646220645971397,-22.470672704633913,0.0],[-42.646131858923042,-22.470754151128013,0.0],[-42.646010324164521,-22.470857685616309,0.0],[-42.645954589642429,-22.470898995401033,0.0],[-42.645905328333626,-22.470940399693323,0.0],[-42.645852830372071,-22.470981756701875,0.0],[-42.645757798529047,-22.471049572016547,0.0],[-42.645616640027271,-22.471164854903925,0.0],[-42.645537689364069,-22.471238922600044,0.0],[-42.64546029665626,-22.471412304449686,0.0],[-42.645395087258031,-22.471630996674541,0.0],[-42.645366650693269,-22.471781022876478,0.0],[-42.64530863272293,-22.472148757222744,0.0],[-42.645291228544643,-22.472220714937045,0.0],[-42.64527305835756,-22.47228101857057,0.0],[-42.645239778988035,-22.472391466739182,0.0],[-42.645215265487415,-22.472500930971272,0.0],[-42.645191540507177,-22.472563769837024,0.0],[-42.645164629718664,-22.472623553326411,0.0],[-42.645085270908744,-22.472721685395751,0.0],[-42.644797982257209,-22.473054477069542,0.0],[-42.644556667256722,-22.473348825145298,0.0],[-42.644321748227838,-22.473647779494286,0.0],[-42.644109866744152,-22.473924503918145,0.0],[-42.644023931220012,-22.474028556877442,0.0],[-42.643951044145851,-22.474126782852327,0.0],[-42.643750805855625,-22.474289341407712,0.0],[-42.643655719778373,-22.474360163258567,0.0],[-42.643527655631182,-22.474466608851934,0.0],[-42.643432874832122,-22.474519382051092,0.0],[-42.643319284805372,-22.474535774251201,0.0],[-42.643177124616244,-22.474518651522359,0.0],[-42.642896728627079,-22.4744438439234,0.0],[-42.642700257851757,-22.474383802987173,0.0],[-42.642581111362112,-22.47434595453305,0.0],[-42.642419786056969,-22.474313506723536,0.0],[-42.64232288903429,-22.474300054124789,0.0],[-42.642161207252464,-22.474288662628982,0.0],[-42.64200271125604,-22.47428032640304,0.0],[-42.641879411284606,-22.474296575540336,0.0],[-42.641729810126428,-22.474336510375242,0.0],[-42.641372449039388,-22.474409510928719,0.0],[-42.640833705381255,-22.47448737802371,0.0],[-42.64038551225336,-22.474571082124665,0.0],[-42.640128997594807,-22.474615467887581,0.0],[-42.640008322032259,-22.474667859842981,0.0],[-42.639935890871158,-22.474739011042576,0.0],[-42.639829970721493,-22.474875865913713,0.0],[-42.639723132365354,-22.475066866041885,0.0],[-42.639632706748394,-22.475244566732055,0.0],[-42.639565881439005,-22.475366949781719,0.0],[-42.639538559627773,-22.475450796652034,0.0],[-42.639517048139716,-22.475573843282987,0.0],[-42.639516969494636,-22.475769415504161,0.0],[-42.63953419657485,-22.475899047106118,0.0],[-42.639533811870379,-22.476112667766198,0.0],[-42.639534268744384,-22.476276655201069,0.0],[-42.639515534719671,-22.476426821877308,0.0],[-42.639478502395328,-22.476510526493925,0.0],[-42.639371611089459,-22.476704534277559,0.0],[-42.639258654087726,-22.476874382555206,0.0],[-42.639084147551621,-22.47704633794617,0.0],[-42.638997900250033,-22.477168436132928,0.0],[-42.638970475601269,-22.477258298974611,0.0],[-42.638969174553196,-22.47733500481921,0.0],[-42.638992721618045,-22.477473755479842,0.0],[-42.639028960658585,-22.477627736165847,0.0],[-42.639087295901952,-22.477815137553346,0.0],[-42.639145580260035,-22.478005547001672,0.0],[-42.639169790800935,-22.478105192708806,0.0],[-42.639178521357024,-22.478138431394864,0.0],[-42.639179399610995,-22.47814177505381,0.0],[-42.639196106838305,-22.478239215551742,0.0],[-42.639225112007068,-22.478347900757541,0.0],[-42.639233680056762,-22.478393811054119,0.0],[-42.639237052689872,-22.4784506878614,0.0],[-42.639236558348173,-22.478558998138627,0.0],[-42.639154493210356,-22.478841534135633,0.0],[-42.63912478370414,-22.478971444230343,0.0],[-42.639111513187828,-22.479095745059357,0.0],[-42.639094398270295,-22.479229641923947,0.0],[-42.639088299218642,-22.479297506138867,0.0],[-42.639119740975445,-22.479338075560513,0.0],[-42.6391343432676,-22.479431562878158,0.0],[-42.639129932923069,-22.479500701113615,0.0],[-42.639112881485282,-22.47955160124409,0.0],[-42.639089458466337,-22.479596390390164,0.0],[-42.639033522864771,-22.479638433417758,0.0],[-42.638966373954077,-22.479678892774931,0.0],[-42.638853586043297,-22.479705398872294,0.0],[-42.638690677116927,-22.479740707224384,0.0],[-42.638514977958231,-22.479774009750976,0.0],[-42.63819843880141,-22.479827048819914,0.0],[-42.638023344711243,-22.479842535528597,0.0],[-42.637948489653716,-22.479865508925936,0.0],[-42.637902510627612,-22.479903949624084,0.0],[-42.637862749942343,-22.479957525540055,0.0],[-42.637838611718408,-22.480044427425788,0.0],[-42.637820028130832,-22.480185569433303,0.0],[-42.637808479731476,-22.480293717569978,0.0],[-42.637807637337161,-22.480343350703251,0.0],[-42.637797161051708,-22.480388329394117,0.0],[-42.637767008534439,-22.480448063744607,0.0],[-42.637687588796346,-22.480549199317863,0.0],[-42.637595476921014,-22.480635104696788,0.0],[-42.637529617004553,-22.480700333158879,0.0],[-42.637404728100108,-22.480809828422103,0.0],[-42.63733927653665,-22.480850992250403,0.0],[-42.63727089450532,-22.480874060186775,0.0],[-42.637183091450645,-22.480896843334513,0.0],[-42.637066361151355,-22.480907167007448,0.0],[-42.637008149217237,-22.480903304611452,0.0],[-42.636940788606431,-22.480866211068555,0.0],[-42.636867567279467,-22.480792925771123,0.0],[-42.636800615378846,-22.480731767646116,0.0],[-42.636647035398909,-22.480624206838055,0.0],[-42.636489861257132,-22.480537654889879,0.0],[-42.636117710664969,-22.480336623364533,0.0],[-42.635793781265946,-22.480155855784929,0.0],[-42.635684496110876,-22.480109120254696,0.0],[-42.635578090133585,-22.480083488594175,0.0],[-42.635445738615125,-22.480060484988435,0.0],[-42.635368464019535,-22.480035280630048,0.0],[-42.635314255975096,-22.479986344200377,0.0],[-42.635282245647872,-22.479964812799082,0.0],[-42.635198804184803,-22.479921464994952,0.0],[-42.635131291248769,-22.479893394962399,0.0],[-42.635041069595395,-22.479868000463092,0.0],[-42.634970013232675,-22.479857931243231,0.0],[-42.634872857985052,-22.479859514212233,0.0],[-42.634739714501173,-22.479883135018255,0.0],[-42.634700719486517,-22.479891589118026,0.0],[-42.634590156906683,-22.479920054439926,0.0],[-42.634480003289632,-22.479924455189302,0.0],[-42.634421689676486,-22.47992660802225,0.0],[-42.634224704774276,-22.479896637041861,0.0],[-42.634066663878642,-22.479861219954461,0.0],[-42.633895624735636,-22.479828620685048,0.0],[-42.633704960323371,-22.479807768317166,0.0],[-42.633479049221584,-22.479765336464876,0.0],[-42.633324552429663,-22.479711917854374,0.0],[-42.633199238082419,-22.47965591888488,0.0],[-42.633025909068003,-22.479567622108963,0.0],[-42.632827223137284,-22.479447360200734,0.0],[-42.632683358289349,-22.479339938614885,0.0],[-42.632593444554495,-22.479296494465508,0.0],[-42.63245508144481,-22.479246320891765,0.0],[-42.632335576276859,-22.47922952115966,0.0],[-42.632257893470147,-22.479228379850522,0.0],[-42.632031728055409,-22.479200986366767,0.0],[-42.631763945242952,-22.479145901728071,0.0],[-42.631599637231631,-22.479098354990857,0.0],[-42.63125779292951,-22.479019615044376,0.0],[-42.631183551852722,-22.479006488583689,0.0],[-42.631089890141311,-22.478993076621325,0.0],[-42.631031576990154,-22.478995228255798,0.0],[-42.630950299219577,-22.479015095128243,0.0],[-42.630858952694766,-22.479055875586909,0.0],[-42.630695372933339,-22.479155770176313,0.0],[-42.63059698941511,-22.479229543885406,0.0],[-42.630508520975162,-22.479291428084242,0.0],[-42.630437004533199,-22.479308429394045,0.0],[-42.630320275565907,-22.479318748249604,0.0],[-42.63020734674501,-22.479296026038401,0.0],[-42.630085373468511,-22.479234056275139,0.0],[-42.629966432201179,-22.479184166237694,0.0],[-42.629783190923163,-22.479107755597173,0.0],[-42.629690709470481,-22.479063068612358,0.0],[-42.62961238346049,-22.479034181742904,0.0],[-42.629522600315497,-22.479010649815113,0.0],[-42.629376023387771,-22.479062652222602,0.0],[-42.629239054210544,-22.479120813435159,0.0],[-42.629164934213861,-22.479172341975911,0.0],[-42.629011771241629,-22.479349147640068,0.0],[-42.62890074713119,-22.479404681440446,0.0],[-42.628777083297102,-22.479441976358277,0.0],[-42.628520762649444,-22.479474310316498,0.0],[-42.628362160418128,-22.479471976327709,0.0],[-42.628194514244733,-22.479430394646744,0.0],[-42.628120222121552,-22.479420274828126,0.0],[-42.628084005241845,-22.479426453729104,0.0],[-42.627996763179503,-22.479445536936691,0.0],[-42.627858901461288,-22.479498547690177,0.0]]]}},
{"type":"Feature","properties":{"fid":637,"NOM_LOGRAD":"TRAVESSA ANTÔNIO ALONSO JÚNIOR","DOC_CRIAç":"2385 de 05.07.2018","LOCALIDADE":"SEDE","BAIRRO":"BOA VISTA","CEP":null,"NOME ANTIGO":null},"geometry":{"type":"MultiLineString","coordinates":[[[-42.647627639024918,-22.464790760966203,0.0],[-42.647650339718439,-22.464709836469559,0.0],[-42.647662316859851,-22.464667067628987,0.0],[-42.647701994470999,-22.464558992521223,0.0],[-42.647757235856787,-22.464408523981195,0.0],[-42.647779903988678,-22.464359859528603,0.0]]]}},
{"type":"Feature","properties":{"fid":638,"NOM_LOGRAD":"SERVIDÃO 12","DOC_CRIAç":null,"LOCALIDADE":"SEDE","BAIRRO":"BOA VISTA","CEP":null,"NOME ANTIGO":null},"geometry":{"type":"MultiLineString","coordinates":[[[-42.646184977031744,-22.464727050314664,0.0],[-42.646193266260973,-22.464700978495845,0.0],[-42.64622881703086,-22.464615680794452,0.0],[-42.646267172089289,-22.464560587583424,0.0],[-42.646273263886187,-22.464540523216499,0.0],[-42.646277022075544,-22.464528144978502,0.0],[-42.646292931431404,-22.464475744770127,0.0],[-42.646310884587457,-22.464409918759884,0.0],[-42.646308007602528,-22.464355080228682,0.0],[-42.646305223292927,-22.464302008189652,0.0],[-42.64631309911119,-22.46417535814075,0.0],[-42.64631309911119,-22.46417535814075,0.0],[-42.646383833530059,-22.463863736298233,0.0]]]}},
{"type":"Feature","properties":{"fid":639,"NOM_LOGRAD":"RUA DA MANGUEIRA","DOC_CRIAç":null,"LOCALIDADE":"SEDE","BAIRRO":"BOA VISTA","CEP":null,"NOME ANTIGO":null},"geometry":{"type":"MultiLineString","coordinates":[[[-42.64919603026857,-22.465521239593603,0.0],[-42.649193962098074,-22.465516518179168,0.0],[-42.649170317075956,-22.465462539073769,0.0],[-42.649162894192536,-22.465427683669066,0.0],[-42.649137955824735,-22.465323078528755,0.0],[-42.649112808081483,-22.465230880039844,0.0],[-42.649097627309999,-22.465181019872926,0.0],[-42.649069181655655,-22.465126002413871,0.0],[-42.649032475539158,-22.465085756154995,0.0],[-42.648990346219108,-22.465050394695886,0.0],[-42.648942961230837,-22.465009992710595,0.0],[-42.648879641673915,-22.464964394479658,0.0],[-42.648824038139658,-22.464936282328502,0.0],[-42.648779155420613,-22.464905844552447,0.0],[-42.648745035397823,-22.46487059982994,0.0],[-42.64873218941603,-22.464840629212969,0.0],[-42.64871938532648,-22.464808177265265,0.0],[-42.648690856114591,-22.464758122416509,0.0],[-42.648646392365556,-22.464702871310376,0.0],[-42.648583240604516,-22.464647347662023,0.0],[-42.648475373917883,-22.464551460827302,0.0],[-42.648409594468923,-22.464493416857067,0.0],[-42.648335638352755,-22.464445181371151,0.0],[-42.648248375607118,-22.464394269833978,0.0],[-42.648147680564023,-22.464348126213224,0.0],[-42.648055162324255,-22.464292174043695,0.0],[-42.647962686061454,-22.464233740498127,0.0],[-42.647836006463223,-22.464145024680271,0.0],[-42.647740483559204,-22.464108884034772,0.0],[-42.64765814163141,-22.464082863389621,0.0],[-42.647586436662792,-22.464059479829253,0.0],[-42.647504262428996,-22.464023533797636,0.0],[-42.647433060424049,-22.463970374237061,0.0],[-42.647380127313852,-22.463942300594645,0.0],[-42.647313678062396,-22.463923957482528,0.0],[-42.647262995587703,-22.463920736035867,0.0],[-42.647196169153872,-22.463924724826295,0.0],[-42.647121207864323,-22.463936040702151,0.0],[-42.647041158648946,-22.463932390662578,0.0],[-42.646948263925019,-22.463898769861505,0.0],[-42.646911480699451,-22.463883738853735,0.0],[-42.64689787490375,-22.463878179011633,0.0],[-42.646813573801218,-22.463836706992808,0.0],[-42.646765838072376,-22.463811910480803,0.0]]]}},
{"type":"Feature","properties":{"fid":640,"NOM_LOGRAD":"RUA D","DOC_CRIAç":null,"LOCALIDADE":"SEDE","BAIRRO":"BOA VISTA","CEP":null,"NOME ANTIGO":null},"geometry":{"type":"MultiLineString","coordinates":[[[-42.647788150755858,-22.466327055506611,0.0],[-42.647739769831801,-22.466395326931256,0.0],[-42.647685082350733,-22.466437527868642,0.0],[-42.647632022017099,-22.466459497752378,0.0],[-42.647558027509298,-22.466492544806066,0.0],[-42.64748408535992,-22.466522490163435,0.0],[-42.647383288450584,-22.466561350899457,0.0],[-42.647315968227822,-22.46659449522279,0.0],[-42.64726522915943,-22.466634086323559,0.0],[-42.647160046949217,-22.466734931377477,0.0],[-42.647094447195038,-22.466775005582161,0.0],[-42.647025511013474,-22.466795016465653,0.0],[-42.646912151068811,-22.466787157196123,0.0],[-42.646821889498064,-22.466795147090316,0.0],[-42.646761505483347,-22.466812880287694,0.0],[-42.646700649771965,-22.466858528376836,0.0],[-42.646622688729785,-22.466928746137505,0.0],[-42.646548536528783,-22.466971097654589,0.0],[-42.646525280942981,-22.466964553344098,0.0],[-42.646502025359638,-22.466958009030407,0.0],[-42.646489095867864,-22.466933000917425,0.0],[-42.646482998023515,-22.466898785263112,0.0],[-42.646483626993813,-22.466861565381436,0.0],[-42.646491140014597,-22.466812036301256,0.0],[-42.646532391885593,-22.466741282759696,0.0],[-42.64658762142647,-22.466633504167095,0.0],[-42.646635704803408,-22.466553543040828,0.0],[-42.646632577251367,-22.466541087700815,0.0],[-42.646663555343913,-22.466485696264417,0.0],[-42.646695005084759,-22.466402389902459,0.0],[-42.646703304108414,-22.466306335938636,0.0],[-42.64671404937269,-22.466263058859674,0.0],[-42.646724637407651,-22.466229086751987,0.0],[-42.646738562620428,-22.466195163351163,0.0],[-42.646759267003993,-22.466155134048265,0.0],[-42.646786960171198,-22.466096592208757,0.0],[-42.646824926875574,-22.466022688190829,0.0],[-42.646862841133306,-22.465951885817866,0.0]]]}},
{"type":"Feature","properties":{"fid":641,"NOM_LOGRAD":"SERVIDÃO 21","DOC_CRIAç":null,"LOCALIDADE":"SEDE","BAIRRO":"BOA VISTA","CEP":null,"NOME ANTIGO":null},"geometry":{"type":"MultiLineString","coordinates":[[[-42.647573973921915,-22.464544366184338,0.0],[-42.647587326027399,-22.464498688857482,0.0],[-42.647598094543682,-22.46443408531017,0.0],[-42.647608001853762,-22.464363173021351,0.0]]]}},
{"type":"Feature","properties":{"fid":642,"NOM_LOGRAD":"SERVIDÃO 15","DOC_CRIAç":null,"LOCALIDADE":"SEDE","BAIRRO":"BOA VISTA","CEP":null,"NOME ANTIGO":null},"geometry":{"type":"MultiLineString","coordinates":[[[-42.646999898895977,-22.464315533890357,0.0],[-42.646935075862764,-22.46432637034523,0.0],[-42.646900124257151,-22.464333055894627,0.0],[-42.646876828249205,-22.464337213179327,0.0],[-42.646804144058336,-22.464343348031448,0.0],[-42.646773047260801,-22.464350989264677,0.0],[-42.646709870962134,-22.464367156822835,0.0]]]}},
{"type":"Feature","properties":{"fid":643,"NOM_LOGRAD":"SERVIDÃO 10","DOC_CRIAç":null,"LOCALIDADE":"SEDE","BAIRRO":"BOA VISTA","CEP":null,"NOME ANTIGO":null},"geometry":{"type":"MultiLineString","coordinates":[[[-42.646955714020386,-22.464159515922201,0.0],[-42.646878458529123,-22.464183430465418,0.0],[-42.646825864060432,-22.464203350319259,0.0],[-42.646778289391925,-22.46421254997836,0.0],[-42.646723835861629,-22.464227945398754,0.0],[-42.64668498388486,-22.464236372883057,0.0],[-42.646648912862695,-22.464252036572056,0.0],[-42.646584601969465,-22.464278081507732,0.0],[-42.646532838187035,-22.464306108462416,0.0],[-42.646489857872126,-22.464329766341304,0.0],[-42.646445079290636,-22.464345302881352,0.0],[-42.646418835183837,-22.464352115425051,0.0],[-42.646380074330416,-22.464355147443843,0.0],[-42.646339393667787,-22.464357251975969,0.0],[-42.646323913638561,-22.46435702600699,0.0],[-42.646308007602528,-22.464355080228682,0.0]]]}},
{"type":"Feature","properties":{"fid":644,"NOM_LOGRAD":"SERVIDÃO 14","DOC_CRIAç":null,"LOCALIDADE":"SEDE","BAIRRO":"BOA VISTA","CEP":null,"NOME ANTIGO":null},"geometry":{"type":"MultiLineString","coordinates":[[[-42.646273263886187,-22.464540523216499,0.0],[-42.646301727124275,-22.46455323261176,0.0],[-42.646335906337541,-22.464563625530051,0.0],[-42.646373940374801,-22.464574974164496,0.0],[-42.646390319554293,-22.464579260793958,0.0],[-42.646405708439005,-22.4645848821459,0.0],[-42.646514108116811,-22.464619806231152,0.0],[-42.646643789155213,-22.464597912210067,0.0]]]}},
{"type":"Feature","properties":{"fid":645,"NOM_LOGRAD":"SERVIDÃO 18","DOC_CRIAç":null,"LOCALIDADE":"SEDE","BAIRRO":"BOA VISTA","CEP":null,"NOME ANTIGO":null},"geometry":{"type":"MultiLineString","coordinates":[[[-42.646277022075544,-22.464528144978502,0.0],[-42.646247769809371,-22.464510620386378,0.0],[-42.646204672873175,-22.464483907114627,0.0],[-42.646165423169109,-22.464458599175799,0.0],[-42.646145272780892,-22.464448411026503,0.0],[-42.646145272780892,-22.464448411026503,0.0],[-42.646145272780892,-22.464448411026503,0.0],[-42.646145272780892,-22.464448411026503,0.0],[-42.646145272780892,-22.464448411026503,0.0],[-42.646130483278981,-22.464444568442577,0.0]]]}},
{"type":"Feature","properties":{"fid":646,"NOM_LOGRAD":"SERVIDÃO 17","DOC_CRIAç":null,"LOCALIDADE":"SEDE","BAIRRO":"BOA VISTA","CEP":null,"NOME ANTIGO":null},"geometry":{"type":"MultiLineString","coordinates":[[[-42.646308007602528,-22.464355080228682,0.0],[-42.646288138865103,-22.464355154601268,0.0],[-42.646253453161528,-22.464346103462212,0.0],[-42.646174021779942,-22.464322007859248,0.0],[-42.646119654282344,-22.464303674839371,0.0],[-42.646077795929592,-22.464289571961476,0.0],[-42.646024403559764,-22.464270803420593,0.0],[-42.645969030611482,-22.464254704305759,0.0]]]}},
{"type":"Feature","properties":{"fid":647,"NOM_LOGRAD":"SERVIDÃO 16","DOC_CRIAç":null,"LOCALIDADE":"SEDE","BAIRRO":"BOA VISTA","CEP":null,"NOME ANTIGO":null},"geometry":{"type":"MultiLineString","coordinates":[[[-42.64631309911119,-22.46417535814075,0.0],[-42.64631309911119,-22.46417535814075,0.0],[-42.64631309911119,-22.46417535814075,0.0],[-42.64631309911119,-22.46417535814075,0.0],[-42.64631309911119,-22.46417535814075,0.0],[-42.64631309911119,-22.46417535814075,0.0],[-42.646277141610042,-22.464175553197236,0.0],[-42.646256839294765,-22.464174357375924,0.0],[-42.646206174685027,-22.464165972424862,0.0],[-42.646184996048859,-22.464159367084314,0.0],[-42.646124233484322,-22.464147236883601,0.0],[-42.646082775344446,-22.464138086843587,0.0],[-42.646037507998976,-22.464125283370581,0.0],[-42.646010631033796,-22.464116518272277,0.0],[-42.646037507998976,-22.464125283370581,0.0],[-42.646037507998976,-22.464125283370581,0.0],[-42.646037507998976,-22.464125283370581,0.0]]]}},
{"type":"Feature","properties":{"fid":648,"NOM_LOGRAD":"SERVIDÃO 11","DOC_CRIAç":null,"LOCALIDADE":"SEDE","BAIRRO":"BOA VISTA","CEP":null,"NOME ANTIGO":null},"geometry":{"type":"MultiLineString","coordinates":[[[-42.64631309911119,-22.46417535814075,0.0],[-42.64631309911119,-22.46417535814075,0.0],[-42.646336627698844,-22.464177320999237,0.0],[-42.646362719824907,-22.464179500778521,0.0],[-42.646412047162634,-22.464181120263468,0.0],[-42.646460452585316,-22.464180027917379,0.0],[-42.646503189750923,-22.464170757743421,0.0],[-42.646534301710687,-22.464162217328624,0.0],[-42.646577175609771,-22.464144854051902,0.0],[-42.646612279109,-22.464129176255849,0.0],[-42.646639551439293,-22.464118780871502,0.0],[-42.646705706092206,-22.46409815953627,0.0],[-42.646716424558541,-22.464093818705926,0.0],[-42.646784681305071,-22.464063334030868,0.0],[-42.646878108214104,-22.464032317204001,0.0],[-42.646919953772894,-22.464018536635486,0.0]]]}},
{"type":"Feature","properties":{"fid":649,"NOM_LOGRAD":"RUA SEM NOME 11","DOC_CRIAç":null,"LOCALIDADE":"SEDE","BAIRRO":"BOA VISTA","CEP":null,"NOME ANTIGO":null},"geometry":{"type":"MultiLineString","coordinates":[[[-42.646765838072376,-22.463811910480803,0.0],[-42.646719017192076,-22.463792761036583,0.0],[-42.646661012070474,-22.463765096567563,0.0],[-42.646590306849134,-22.463734644836048,0.0],[-42.646545869288957,-22.463710705592721,0.0],[-42.646533180665124,-22.463681100626516,0.0],[-42.646519318434898,-22.463642897764913,0.0],[-42.646515921841271,-22.463609750952674,0.0],[-42.646511227398314,-22.46357535937349,0.0],[-42.646518420671249,-22.463539915482734,0.0],[-42.646545561284526,-22.463410125112656,0.0],[-42.64653643365444,-22.463378208026661,0.0],[-42.646495174006184,-22.463348811196781,0.0],[-42.646379887711511,-22.4633558920228,0.0],[-42.646208458307413,-22.463417238550619,0.0],[-42.646126122502658,-22.463427304067753,0.0],[-42.646058977004024,-22.463455118452021,0.0],[-42.646027351954004,-22.463453404825419,0.0],[-42.645935406351398,-22.46339447328933,0.0],[-42.645780640849473,-22.463346517947819,0.0]]]}},
{"type":"Feature","properties":{"fid":650,"NOM_LOGRAD":"RUA SEM NOME 12","DOC_CRIAç":null,"LOCALIDADE":"SEDE","BAIRRO":"BOA VISTA","CEP":null,"NOME ANTIGO":null},"geometry":{"type":"MultiLineString","coordinates":[[[-42.645669633073361,-22.463738006032994,0.0],[-42.645803642224259,-22.463778772791798,0.0],[-42.64592742824523,-22.463786839770236,0.0],[-42.646058095605241,-22.463786243539122,0.0],[-42.646192422210113,-22.463808235528766,0.0],[-42.64634135053155,-22.463842959947815,0.0],[-42.646383833530059,-22.463863736298233,0.0],[-42.646453877055343,-22.463879656780424,0.0],[-42.64656855390497,-22.463868811218191,0.0],[-42.646629597306315,-22.463843411446657,0.0],[-42.646765838072376,-22.463811910480803,0.0]]]}},
{"type":"Feature","properties":{"fid":651,"NOM_LOGRAD":"SERVIDÃO 08","DOC_CRIAç":null,"LOCALIDADE":"SEDE","BAIRRO":"BOA VISTA","CEP":null,"NOME ANTIGO":null},"geometry":{"type":"MultiLineString","coordinates":[[[-42.647015980638486,-22.464433393319702,0.0],[-42.647151764630728,-22.464444138370638,0.0],[-42.647249206157561,-22.464467788164917,0.0],[-42.647267997111335,-22.46447234886373,0.0],[-42.647311150373021,-22.464472077939934,0.0],[-42.647362084125142,-22.46444998337212,0.0],[-42.6473974574577,-22.464437788364634,0.0],[-42.647432257652156,-22.464407650525651,0.0],[-42.647456592106074,-22.464372456682,0.0],[-42.647503097441508,-22.464303100764095,0.0]]]}},
{"type":"Feature","properties":{"fid":652,"NOM_LOGRAD":"SERVIDÃO 02","DOC_CRIAç":null,"LOCALIDADE":"SEDE","BAIRRO":"BOA VISTA","CEP":null,"NOME ANTIGO":null},"geometry":{"type":"MultiLineString","coordinates":[[[-42.647283479327754,-22.464593275200311,0.0],[-42.647246505307344,-22.464590346036513,0.0],[-42.647191795126481,-22.464588934790356,0.0],[-42.647093561889477,-22.464587501318533,0.0],[-42.647093561889477,-22.464587501318533,0.0],[-42.647081858187597,-22.464584760886535,0.0],[-42.64706924558827,-22.464566124935658,0.0],[-42.64706924558827,-22.464566124935658,0.0],[-42.64706924558827,-22.464566124935658,0.0],[-42.64706924558827,-22.464566124935658,0.0],[-42.64706924558827,-22.464566124935658,0.0],[-42.64706924558827,-22.464566124935658,0.0],[-42.64706924558827,-22.464566124935658,0.0],[-42.64706924558827,-22.464566124935658,0.0]]]}},
{"type":"Feature","properties":{"fid":653,"NOM_LOGRAD":"SERVIDÃO 01","DOC_CRIAç":null,"LOCALIDADE":"SEDE","BAIRRO":"BOA VISTA","CEP":null,"NOME ANTIGO":null},"geometry":{"type":"MultiLineString","coordinates":[[[-42.647486322503795,-22.465784708049895,0.0],[-42.647232643960088,-22.465684191519177,0.0],[-42.647281437672042,-22.465606450814263,0.0],[-42.647281151017843,-22.465584381803332,0.0],[-42.647281420142214,-22.465568450021287,0.0],[-42.647269269476098,-22.465506981527323,0.0],[-42.647244014440332,-22.465432695825065,0.0],[-42.647239114212219,-22.465418282181048,0.0],[-42.64720654955871,-22.465316063610583,0.0],[-42.647178907296784,-22.46523475587049,0.0],[-42.647146839580458,-22.465103124773695,0.0],[-42.647127785598656,-22.465059942891052,0.0],[-42.647111803527928,-22.464991063536363,0.0],[-42.647095366007022,-22.464949145656743,0.0],[-42.64707660189989,-22.46488880646778,0.0],[-42.64705672626831,-22.464816192819384,0.0],[-42.647045935692873,-22.46476915808886,0.0]]]}},
{"type":"Feature","properties":{"fid":654,"NOM_LOGRAD":"SERVIDÃO 03","DOC_CRIAç":null,"LOCALIDADE":"SEDE","BAIRRO":"BOA VISTA","CEP":null,"NOME ANTIGO":null},"geometry":{"type":"MultiLineString","coordinates":[[[-42.64776864348444,-22.465418698704955,0.0],[-42.647666891404761,-22.465391426642281,0.0],[-42.647523435828326,-22.465373397894947,0.0],[-42.647439026348238,-22.465373392114365,0.0],[-42.647379483482347,-22.465384781546515,0.0],[-42.647244014440332,-22.465432695825065,0.0]]]}},
{"type":"Feature","properties":{"fid":655,"NOM_LOGRAD":"RUA SEM NOME 7","DOC_CRIAç":null,"LOCALIDADE":"SEDE","BAIRRO":"BOA VISTA","CEP":null,"NOME ANTIGO":null},"geometry":{"type":"MultiLineString","coordinates":[[[-42.635546630370278,-22.478745818021522,0.0],[-42.635582810443744,-22.478617647806033,0.0],[-42.63563595145623,-22.478468380591448,0.0],[-42.635658965195766,-22.478390335534474,0.0],[-42.635686721195349,-22.478316839055115,0.0],[-42.635714895502446,-22.478218714143583,0.0],[-42.635725635091923,-22.478153926035205,0.0]]]}},
{"type":"Feature","properties":{"fid":656,"NOM_LOGRAD":"RUA SEM NOME 8","DOC_CRIAç":null,"LOCALIDADE":"SEDE","BAIRRO":"BOA VISTA","CEP":null,"NOME ANTIGO":null},"geometry":{"type":"MultiLineString","coordinates":[[[-42.631382346546857,-22.477638391506488,0.0],[-42.631415943711282,-22.477293381386328,0.0],[-42.631429583674567,-22.47709234129599,0.0],[-42.631433399347664,-22.476975628795124,0.0],[-42.631430752604082,-22.476847938342303,0.0],[-42.631448750463854,-22.476639929249206,0.0],[-42.631438114338202,-22.476556911399886,0.0],[-42.631405578622669,-22.476499747285178,0.0]]]}},
{"type":"Feature","properties":{"fid":657,"NOM_LOGRAD":"SERVIDÃO 20","DOC_CRIAç":null,"LOCALIDADE":"SEDE","BAIRRO":"BOA VISTA","CEP":null,"NOME ANTIGO":null},"geometry":{"type":"MultiLineString","coordinates":[[[-42.647608001853762,-22.464363173021351,0.0],[-42.6475576973247,-22.464340203641321,0.0],[-42.647503097441508,-22.464303100764095,0.0],[-42.647414013039132,-22.46423419621815,0.0],[-42.647361119286131,-22.464175835209911,0.0],[-42.647322827366288,-22.464130206646452,0.0],[-42.647302902382336,-22.464113640695277,0.0],[-42.647276011575897,-22.464110744441186,0.0],[-42.647236895172753,-22.464113929490992,0.0],[-42.647203038533753,-22.464124702921307,0.0],[-42.647147508561559,-22.464142671722186,0.0],[-42.647094756458657,-22.464155673279521,0.0],[-42.647039501330575,-22.464157370833256,0.0],[-42.646993651641317,-22.464160457563889,0.0],[-42.646955714020386,-22.464159515922201,0.0]]]}},
{"type":"Feature","properties":{"fid":658,"NOM_LOGRAD":"RUA SEM NOME 9","DOC_CRIAç":null,"LOCALIDADE":"SEDE","BAIRRO":"BOA VISTA","CEP":null,"NOME ANTIGO":null},"geometry":{"type":"MultiLineString","coordinates":[[[-42.649861043969757,-22.466025657025714,0.0],[-42.649847167268646,-22.46602124147163,0.0],[-42.64973276832059,-22.465935693825585,0.0],[-42.649666300596316,-22.465883395307465,0.0],[-42.649619821800577,-22.465843907573973,0.0],[-42.649570691930599,-22.465801877298638,0.0],[-42.64952374848383,-22.465789925475235,0.0],[-42.649468450404868,-22.465794127075348,0.0],[-42.64941287771218,-22.465814599888208,0.0],[-42.649355493590889,-22.465862588976528,0.0],[-42.649305935971938,-22.465925715443568,0.0],[-42.649275379627902,-22.465980355343913,0.0],[-42.649243497709179,-22.466033723968199,0.0],[-42.649184745635914,-22.466082944979888,0.0],[-42.649126247044627,-22.466117146371243,0.0],[-42.649077513195245,-22.46613145906716,0.0],[-42.649014219438925,-22.46613053614913,0.0],[-42.648983562822899,-22.466111310007431,0.0],[-42.648967804156214,-22.466087293339022,0.0],[-42.648960252314389,-22.466055884696249,0.0],[-42.648963558384843,-22.46601962661973,0.0],[-42.648964065463126,-22.465989587432627,0.0],[-42.64897132703836,-22.465958394797905,0.0],[-42.648974527460716,-22.465928394884397,0.0],[-42.648968195527047,-22.465904515675891,0.0],[-42.648957760191124,-22.465884332454504,0.0],[-42.648932807252564,-22.465846410364172,0.0],[-42.648902446508714,-22.465809661353898,0.0],[-42.648856221521854,-22.465755153827523,0.0],[-42.64881401545496,-22.465701956837801,0.0],[-42.648785107090895,-22.465658969284835,0.0],[-42.648776187504716,-22.465628792631801,0.0],[-42.648763650503554,-22.465573524409528,0.0],[-42.648757677820697,-22.465528367440662,0.0]]]}},
{"type":"Feature","properties":{"fid":659,"NOM_LOGRAD":"RUA SEM NOME 10","DOC_CRIAç":null,"LOCALIDADE":"SEDE","BAIRRO":"BOA VISTA","CEP":null,"NOME ANTIGO":null},"geometry":{"type":"MultiLineString","coordinates":[[[-42.649162894192536,-22.465427683669066,0.0],[-42.649211217834718,-22.465432321598616,0.0],[-42.649279559962075,-22.465453349079095,0.0],[-42.64932783937742,-22.465465946412852,0.0],[-42.649376245546868,-22.465471033933365,0.0],[-42.649430133455951,-22.465470567621104,0.0],[-42.649491470295779,-22.465467706001835,0.0],[-42.649545358207007,-22.465467239650888,0.0],[-42.649591356199508,-22.465455390792354,0.0],[-42.649617816915487,-22.465443883085353,0.0],[-42.649673265249852,-22.465390857898612,0.0],[-42.649750579568583,-22.465279310175784,0.0]]]}},
{"type":"Feature","properties":{"fid":660,"NOM_LOGRAD":"SERVIDÃO 05","DOC_CRIAç":null,"LOCALIDADE":"SEDE","BAIRRO":"BOA VISTA","CEP":null,"NOME ANTIGO":null},"geometry":{"type":"MultiLineString","coordinates":[[[-42.646911480699451,-22.463883738853735,0.0],[-42.646914239237731,-22.463937801328385,0.0],[-42.646919953772894,-22.464018536635486,0.0],[-42.646943640978911,-22.464110998102949,0.0],[-42.646962561560947,-22.464187016580571,0.0],[-42.646999898895977,-22.464315533890357,0.0],[-42.647015980638486,-22.464433393319702,0.0]]]}},
{"type":"Feature","properties":{"fid":661,"NOM_LOGRAD":"SERVIDÃO 19","DOC_CRIAç":null,"LOCALIDADE":"SEDE","BAIRRO":"BOA VISTA","CEP":null,"NOME ANTIGO":null},"geometry":{"type":"MultiLineString","coordinates":[[[-42.647573973921915,-22.464544366184338,0.0],[-42.647620786033634,-22.464549017141849,0.0],[-42.647668706388167,-22.464552339270629,0.0],[-42.647701994470999,-22.464558992521223,0.0],[-42.647727007892065,-22.464567616334218,0.0],[-42.647891542398263,-22.464600836877189,0.0]]]}},
{"type":"Feature","properties":{"fid":662,"NOM_LOGRAD":"SERVIDÃO 13","DOC_CRIAç":null,"LOCALIDADE":"SEDE","BAIRRO":"BOA VISTA","CEP":null,"NOME ANTIGO":null},"geometry":{"type":"MultiLineString","coordinates":[[[-42.647310568733118,-22.464765806473846,0.0],[-42.647307876309085,-22.464737242070814,0.0],[-42.647300009938071,-22.464701716798693,0.0],[-42.647296892854897,-22.464677408572808,0.0],[-42.647290810361518,-22.464661581824068,0.0],[-42.647288276830551,-22.464644495360872,0.0],[-42.647289452831188,-22.464616643154116,0.0],[-42.647283479327754,-22.464593275200311,0.0],[-42.647269598675116,-22.464538974972104,0.0],[-42.647249206157561,-22.464467788164917,0.0],[-42.647249206157561,-22.464467788164917,0.0]]]}},
{"type":"Feature","properties":{"fid":663,"NOM_LOGRAD":"SERVIDÃO 09","DOC_CRIAç":null,"LOCALIDADE":"SEDE","BAIRRO":"BOA VISTA","CEP":null,"NOME ANTIGO":null},"geometry":{"type":"MultiLineString","coordinates":[[[-42.648956450019355,-22.465602944483244,0.0],[-42.648981808314325,-22.465577521405276,0.0],[-42.648983388735353,-22.465567489612361,0.0],[-42.648983977022155,-22.46556050352061,0.0],[-42.648981325233898,-22.465550410015275,0.0],[-42.648979180579275,-22.465538138070379,0.0],[-42.648975588300935,-22.465528030851118,0.0],[-42.648969696439771,-22.465514829932005,0.0],[-42.64896112328303,-22.465493283744351,0.0],[-42.648952468974571,-22.465476545208624,0.0],[-42.648946599250351,-22.465462033111098,0.0],[-42.648947679916056,-22.465453742698649,0.0],[-42.648955476809682,-22.465437681216773,0.0],[-42.648968512794411,-22.465417761627045,0.0],[-42.649049145746353,-22.465336441835767,0.0]]]}},
{"type":"Feature","properties":{"fid":664,"NOM_LOGRAD":"RUA SEM NOME 1","DOC_CRIAç":null,"LOCALIDADE":"SEDE","BAIRRO":"BOA VISTA","CEP":null,"NOME ANTIGO":null},"geometry":{"type":"MultiLineString","coordinates":[[[-42.648457562702561,-22.466700442845791,0.0],[-42.64847917180726,-22.466723000039167,0.0],[-42.648504182788045,-22.466829596340634,0.0],[-42.648512425894801,-22.466842831569192,0.0],[-42.648574675951032,-22.466833247483919,0.0],[-42.648724658069213,-22.466809204865793,0.0],[-42.648968192248745,-22.466760296328367,0.0],[-42.649076006735669,-22.466726457962146,0.0],[-42.649166648745201,-22.466706795634565,0.0],[-42.649268377536735,-22.466699098410025,0.0],[-42.649361708225321,-22.466687344175543,0.0],[-42.649422591696485,-22.466675116826792,0.0]]]}},
{"type":"Feature","properties":{"fid":665,"NOM_LOGRAD":"RUA SEM NOME 13","DOC_CRIAç":null,"LOCALIDADE":"SEDE","BAIRRO":"BOA VISTA","CEP":null,"NOME ANTIGO":null},"geometry":{"type":"MultiLineString","coordinates":[[[-42.649422591696485,-22.466675116826792,0.0],[-42.649396456956417,-22.466551454724744,0.0],[-42.649363379175163,-22.466421133889256,0.0],[-42.649344181995545,-22.466388066480956,0.0],[-42.649324719259589,-22.466370733207896,0.0]]]}},
{"type":"Feature","properties":{"fid":666,"NOM_LOGRAD":"RUA SEM NOME 14","DOC_CRIAç":null,"LOCALIDADE":"SEDE","BAIRRO":"BOA VISTA","CEP":null,"NOME ANTIGO":null},"geometry":{"type":"MultiLineString","coordinates":[[[-42.649324719259589,-22.466370733207896,0.0],[-42.64927930985256,-22.46638580914561,0.0],[-42.649232312641054,-22.466411353924158,0.0],[-42.649176895204249,-22.466434152912662,0.0],[-42.649135629471388,-22.466454535227722,0.0],[-42.649098684495073,-22.466469734531561,0.0],[-42.649084510639803,-22.46647346235871,0.0]]]}},
{"type":"Feature","properties":{"fid":667,"NOM_LOGRAD":"SERVIDÃO CARMINDO ALVES FERNANDES","DOC_CRIAç":"Lei n° 2141 de 11.11.2015","LOCALIDADE":"SEDE","BAIRRO":"BOA VISTA","CEP":null,"NOME ANTIGO":null},"geometry":{"type":"MultiLineString","coordinates":[[[-42.648915544807444,-22.468081676517322,0.0],[-42.648776541059561,-22.468142601329639,0.0],[-42.648645603904477,-22.468196260405179,0.0],[-42.648574011918129,-22.468226692216895,0.0],[-42.64851465353685,-22.468250696359071,0.0],[-42.64844686945569,-22.468278463503751,0.0],[-42.648416543560337,-22.468291621897173,0.0],[-42.648366241370631,-22.468313889327622,0.0]]]}},
{"type":"Feature","properties":{"fid":668,"NOM_LOGRAD":"BECO SEM NOME 2","DOC_CRIAç":null,"LOCALIDADE":"SEDE","BAIRRO":"BOA VISTA","CEP":0,"NOME ANTIGO":null},"geometry":{"type":"MultiLineString","coordinates":[[[-42.645260901803645,-22.468955452777944,0.0],[-42.64519560104813,-22.468959939239269,0.0],[-42.644988833399537,-22.468940436749065,0.0]]]}},
{"type":"Feature","properties":{"fid":669,"NOM_LOGRAD":"RUA SEM NOME 5","DOC_CRIAç":null,"LOCALIDADE":"SEDE","BAIRRO":"BOA VISTA","CEP":null,"NOME ANTIGO":null},"geometry":{"type":"MultiLineString","coordinates":[[[-42.630957219051481,-22.476655230765235,0.0],[-42.630923207156613,-22.477105882323382,0.0]]]}},
{"type":"Feature","properties":{"fid":670,"NOM_LOGRAD":"BECO SEM NOME 3","DOC_CRIAç":null,"LOCALIDADE":"SEDE","BAIRRO":"BOA VISTA","CEP":0,"NOME ANTIGO":null},"geometry":{"type":"MultiLineString","coordinates":[[[-42.630518339537382,-22.477180368244472,0.0],[-42.630923207156613,-22.477105882323382,0.0]]]}},
{"type":"Feature","properties":{"fid":671,"NOM_LOGRAD":"AVENIDA GOVERNADOR ROBERTO SILVEIRA","DOC_CRIAç":null,"LOCALIDADE":"SEDE","BAIRRO":"CAMPO DO PRADO","CEP":28681260,"NOME ANTIGO":null},"geometry":{"type":"MultiLineString","coordinates":[[[-42.649821908841517,-22.456373696379234,0.0],[-42.649998564066173,-22.45653239619406,0.0],[-42.650264227281674,-22.456790524893488,0.0],[-42.65057035312234,-22.457107148792058,0.0],[-42.650776209991065,-22.45731336767664,0.0],[-42.651077109406955,-22.457676628680623,0.0],[-42.651756591575314,-22.458486433322019,0.0],[-42.65211664488389,-22.458928383088239,0.0],[-42.652157117881103,-22.45901112522596,0.0],[-42.652233777432208,-22.459154927888292,0.0],[-42.652453763397318,-22.459627266712818,0.0],[-42.652584121092389,-22.459897242221331,0.0],[-42.652908056077194,-22.460550532945145,0.0],[-42.65296950488883,-22.460690422936196,0.0],[-42.653051421215537,-22.460876907395654,0.0],[-42.653379246615771,-22.461575654356064,0.0],[-42.653657626162506,-22.462172071140575,0.0],[-42.653765607342791,-22.462389834282796,0.0],[-42.653869156337059,-22.462594561365965,0.0],[-42.654029286367035,-22.46293649648813,0.0],[-42.654390064232963,-22.46370688078385,0.0],[-42.654627010757473,-22.464184714231308,0.0]]]}},
{"type":"Feature","properties":{"fid":672,"NOM_LOGRAD":"TRAVESSA SEBASTIÃO LARANJEIRA","DOC_CRIAç":null,"LOCALIDADE":"SEDE","BAIRRO":"CAMPO DO PRADO","CEP":null,"NOME ANTIGO":null},"geometry":{"type":"MultiLineString","coordinates":[[[-42.65015846543757,-22.457276413039146,0.0],[-42.650339421782306,-22.457135457715683,0.0],[-42.650428449560515,-22.457066934870682,0.0],[-42.650488137301586,-22.457022113708074,0.0]]]}},
{"type":"Feature","properties":{"fid":673,"NOM_LOGRAD":"TRAVESSA DONA CAROLINA","DOC_CRIAç":null,"LOCALIDADE":"SEDE","BAIRRO":"CAMPO DO PRADO","CEP":null,"NOME ANTIGO":null},"geometry":{"type":"MultiLineString","coordinates":[[[-42.650776209991065,-22.45731336767664,0.0],[-42.65051530582636,-22.457463406763502,0.0],[-42.650348962891677,-22.457578228059305,0.0],[-42.650113739689438,-22.457743422416836,0.0]]]}},
{"type":"Feature","properties":{"fid":674,"NOM_LOGRAD":"RUA OSWALDO MARQUES","DOC_CRIAç":null,"LOCALIDADE":"SEDE","BAIRRO":"CAMPO DO PRADO","CEP":null,"NOME ANTIGO":null},"geometry":{"type":"MultiLineString","coordinates":[[[-42.650395402340699,-22.457546172406641,0.0],[-42.650588846151251,-22.457854135419677,0.0],[-42.650779301571987,-22.458102144975438,0.0],[-42.650956649463723,-22.458358003931714,0.0],[-42.651121025293477,-22.458613673801111,0.0],[-42.651315129325191,-22.458901938488321,0.0],[-42.651437415700194,-22.45908865087624,0.0],[-42.651517747122071,-22.459198367471537,0.0],[-42.651610915927584,-22.459316311471952,0.0]]]}},
{"type":"Feature","properties":{"fid":675,"NOM_LOGRAD":"RUA FRANCISCO PINTO","DOC_CRIAç":null,"LOCALIDADE":"SEDE","BAIRRO":"CAMPO DO PRADO","CEP":null,"NOME ANTIGO":null},"geometry":{"type":"MultiLineString","coordinates":[[[-42.656330039534907,-22.461875512396833,0.0],[-42.656029212898858,-22.461997155469842,0.0],[-42.65537178366101,-22.462271648688066,0.0],[-42.654818463074356,-22.462508838099033,0.0]]]}},
{"type":"Feature","properties":{"fid":676,"NOM_LOGRAD":"RUA CIRILO GOMES NOGUEIRA","DOC_CRIAç":null,"LOCALIDADE":"SEDE","BAIRRO":"CAMPO DO PRADO","CEP":null,"NOME ANTIGO":null},"geometry":{"type":"MultiLineString","coordinates":[[[-42.653632895084087,-22.458468062700003,0.0],[-42.653812391370529,-22.458824621693115,0.0],[-42.653939616507415,-22.459080563390529,0.0]]]}},
{"type":"Feature","properties":{"fid":677,"NOM_LOGRAD":"RUA VEREADOR SILVIO PEREIRA DA SILVA","DOC_CRIAç":"Lei nº 1049/96 de 16.08.1996","LOCALIDADE":"SEDE","BAIRRO":"CAMPO DO PRADO","CEP":null,"NOME ANTIGO":null},"geometry":{"type":"MultiLineString","coordinates":[[[-42.654521119596325,-22.458846080295423,0.0],[-42.653939616507415,-22.459080563390529,0.0],[-42.653780718584009,-22.459148890489232,0.0],[-42.653000990029973,-22.459475246220659,0.0],[-42.652926935909768,-22.45950633050203,0.0],[-42.652735246364713,-22.459587965901903,0.0],[-42.652521867560573,-22.459673305594688,0.0],[-42.652412880484732,-22.45972398238489,0.0],[-42.652190514109492,-22.459829292033916,0.0],[-42.652015849893509,-22.459927255379668,0.0],[-42.651867402061498,-22.460009519241144,0.0],[-42.651778455500022,-22.460031707990371,0.0]]]}},
{"type":"Feature","properties":{"fid":678,"NOM_LOGRAD":"RUA PROFESSORA LEANDRA WALTER","DOC_CRIAç":"Lei nº 59/46 de 20.09.1946","LOCALIDADE":"SEDE","BAIRRO":"CAMPO DO PRADO","CEP":null,"NOME ANTIGO":null},"geometry":{"type":"MultiLineString","coordinates":[[[-42.654936563909992,-22.459861206423863,0.0],[-42.652980875174691,-22.460685629877204,0.0],[-42.652969504888823,-22.460690422936207,0.0]]]}},
{"type":"Feature","properties":{"fid":679,"NOM_LOGRAD":"RUA ROMEU CAETANO GUIDA","DOC_CRIAç":"Lei nº 633/91 de 09.12.1991","LOCALIDADE":"SEDE","BAIRRO":"CAMPO DO PRADO","CEP":null,"NOME ANTIGO":null},"geometry":{"type":"MultiLineString","coordinates":[[[-42.65577998949778,-22.460633297775306,0.0],[-42.655418704686056,-22.460768754549431,0.0],[-42.654922080084731,-22.460978627279022,0.0],[-42.654229489177972,-22.461262067642252,0.0],[-42.653395613478224,-22.461610719826993,0.0],[-42.652687130764505,-22.461893306578869,0.0],[-42.652411013690525,-22.462003437959556,0.0]]]}},
{"type":"Feature","properties":{"fid":680,"NOM_LOGRAD":"RUA JOÃO JOSÉ DA COSTA","DOC_CRIAç":null,"LOCALIDADE":"SEDE","BAIRRO":"CAMPO DO PRADO","CEP":null,"NOME ANTIGO":null},"geometry":{"type":"MultiLineString","coordinates":[[[-42.653159619334623,-22.461107528193523,0.0],[-42.652397653586988,-22.461387662033008,0.0]]]}},
{"type":"Feature","properties":{"fid":681,"NOM_LOGRAD":"RUA PREFEITO JÚLIO MAIA","DOC_CRIAç":null,"LOCALIDADE":"SEDE","BAIRRO":"CAMPO DO PRADO","CEP":null,"NOME ANTIGO":null},"geometry":{"type":"MultiLineString","coordinates":[[[-42.656029212898858,-22.461997155469842,0.0],[-42.655828205406472,-22.461578377929502,0.0],[-42.65573994545867,-22.461398930203906,0.0],[-42.65547545235971,-22.460843622917995,0.0],[-42.655418704686056,-22.460768754549431,0.0],[-42.655386431935348,-22.460709412163826,0.0],[-42.65502664754937,-22.460031114403105,0.0],[-42.654936563909992,-22.459861206423863,0.0]]]}},
{"type":"Feature","properties":{"fid":682,"NOM_LOGRAD":"RUA OSWALDO ARANHA","DOC_CRIAç":null,"LOCALIDADE":"SEDE","BAIRRO":"CAMPO DO PRADO","CEP":null,"NOME ANTIGO":null},"geometry":{"type":"MultiLineString","coordinates":[[[-42.656280218168476,-22.461296490911817,0.0],[-42.655587751722763,-22.461583366361037,0.0],[-42.65477579120595,-22.46191940497549,0.0],[-42.654261131155508,-22.462126847859462,0.0],[-42.653740225726487,-22.462338647826627,0.0],[-42.652417148370773,-22.462875759553942,0.0]]]}},
{"type":"Feature","properties":{"fid":683,"NOM_LOGRAD":"BECO DOS TROVADORES","DOC_CRIAç":"Lei nº 1718 de 19.09.1986","LOCALIDADE":"SEDE","BAIRRO":"CAMPO DO PRADO","CEP":28681325,"NOME ANTIGO":null},"geometry":{"type":"MultiLineString","coordinates":[[[-42.652687130764505,-22.461893306578869,0.0],[-42.652857345235155,-22.462244190348613,0.0]]]}},
{"type":"Feature","properties":{"fid":684,"NOM_LOGRAD":"RUA JUVENAL SIQUEIRA","DOC_CRIAç":null,"LOCALIDADE":"SEDE","BAIRRO":"CAMPO DO PRADO","CEP":null,"NOME ANTIGO":null},"geometry":{"type":"MultiLineString","coordinates":[[[-42.65246855580429,-22.463181624197382,0.0],[-42.65239484771957,-22.463200610307279,0.0],[-42.652309956593172,-22.463188003477672,0.0],[-42.652216316049547,-22.463173778305183,0.0],[-42.652172096608581,-22.463164934346146,0.0],[-42.652120982753239,-22.463154879022351,0.0],[-42.652082989241869,-22.463136549085888,0.0],[-42.652026633358808,-22.463107122995989,0.0],[-42.651942448331013,-22.463066722808808,0.0],[-42.651872309589571,-22.463043991219873,0.0],[-42.651798111780451,-22.463028633560221,0.0],[-42.651742292648024,-22.463022510683125,0.0],[-42.651694800851701,-22.463011966115438,0.0],[-42.65163521176234,-22.462992278184572,0.0],[-42.65157254951685,-22.46296664651349,0.0],[-42.651430310081828,-22.462905872762096,0.0],[-42.651334625449032,-22.462869847732311,0.0],[-42.651258256109465,-22.462840240402905,0.0],[-42.651186656823768,-22.462813830087718,0.0],[-42.651153581331293,-22.462789043452641,0.0],[-42.651120251425979,-22.462733951893906,0.0]]]}},
{"type":"Feature","properties":{"fid":685,"NOM_LOGRAD":"RUA ELVIRA VALADARES","DOC_CRIAç":"Lei nº 468 de 07.05.1990\n","LOCALIDADE":"SEDE","BAIRRO":"CAMPO DO PRADO","CEP":null,"NOME ANTIGO":null},"geometry":{"type":"MultiLineString","coordinates":[[[-42.652327407114917,-22.460981867446119,0.0],[-42.652255380663519,-22.460975641106852,0.0],[-42.652203621205963,-22.460977147542224,0.0],[-42.652152233372533,-22.460966958329269,0.0],[-42.652108970520658,-22.46095117284208,0.0],[-42.652072416043268,-22.460924349217006,0.0],[-42.652023531805327,-22.46085095562934,0.0],[-42.651970184968128,-22.460768139978992,0.0],[-42.651925961219725,-22.460709049655076,0.0],[-42.651884527102645,-22.460656188868882,0.0],[-42.65182680389448,-22.460614704839589,0.0],[-42.65170371032346,-22.460553073487844,0.0],[-42.651632506685296,-22.46052093192251,0.0],[-42.651572053255897,-22.460507003467875,0.0],[-42.651500120638033,-22.460511633077775,0.0],[-42.651440045543865,-22.460522865373036,0.0]]]}},
{"type":"Feature","properties":{"fid":686,"NOM_LOGRAD":"RUA PROFESSORA MARIA CARLOTA PÓVOA","DOC_CRIAç":null,"LOCALIDADE":"SEDE","BAIRRO":"CAMPO DO PRADO","CEP":null,"NOME ANTIGO":null},"geometry":{"type":"MultiLineString","coordinates":[[[-42.651227254769772,-22.459591801793074,0.0],[-42.651610915927584,-22.459316311471952,0.0],[-42.651659024668,-22.459284850008018,0.0],[-42.652131158744488,-22.458958054928445,0.0],[-42.652271937743954,-22.458847525775834,0.0],[-42.65286721161214,-22.458430043472259,0.0],[-42.652945724785567,-22.458390983560374,0.0],[-42.652961556806034,-22.458395650533209,0.0]]]}},
{"type":"Feature","properties":{"fid":687,"NOM_LOGRAD":"RUA PREFEITO JOSÉ DA SILVA","DOC_CRIAç":null,"LOCALIDADE":"SEDE","BAIRRO":"CAMPO DO PRADO","CEP":null,"NOME ANTIGO":null},"geometry":{"type":"MultiLineString","coordinates":[[[-42.652961556806034,-22.458395650533209,0.0],[-42.652988763949814,-22.458403670667671,0.0],[-42.65306869011463,-22.458537502181972,0.0],[-42.653220097493147,-22.458792981468783,0.0],[-42.653312556785316,-22.45895312691869,0.0],[-42.653463423463606,-22.459240760198391,0.0],[-42.653546727087146,-22.459430924239012,0.0],[-42.653643274478696,-22.459605199918389,0.0],[-42.653693405796808,-22.459710455915214,0.0],[-42.653721983500901,-22.459811378064646,0.0],[-42.653720832804517,-22.459879705656014,0.0],[-42.653680763599176,-22.459947467015262,0.0],[-42.653649275222293,-22.460019373462998,0.0],[-42.653879022335545,-22.460503136482352,0.0],[-42.654062658643497,-22.460899792990411,0.0],[-42.654342236198332,-22.461506898208935,0.0],[-42.654542698587264,-22.461931940859436,0.0],[-42.654659686249921,-22.462176867875492,0.0],[-42.654818463074356,-22.462508838099033,0.0],[-42.654902176113652,-22.462674886061382,0.0],[-42.654948187915807,-22.462768021100558,0.0],[-42.654947781941019,-22.462792136733533,0.0],[-42.654942652896459,-22.462799050632579,0.0]]]}},
{"type":"Feature","properties":{"fid":688,"NOM_LOGRAD":"RUA SAMUEL CARDOSO","DOC_CRIAç":null,"LOCALIDADE":"SEDE","BAIRRO":"CAMPO DO PRADO","CEP":null,"NOME ANTIGO":null},"geometry":{"type":"MultiLineString","coordinates":[[[-42.654942652896459,-22.462799050632579,0.0],[-42.654921226748996,-22.46282793284783,0.0],[-42.654895009864049,-22.462843632596609,0.0],[-42.654385336109797,-22.463057333520023,0.0],[-42.654136907405366,-22.463166305132983,0.0]]]}},
{"type":"Feature","properties":{"fid":689,"NOM_LOGRAD":"RUA NICOMEDES ARRUDA","DOC_CRIAç":"Lei nº 987/95 Art. 1º § 1º de 27 de março de 1995","LOCALIDADE":"SEDE","BAIRRO":"CAMPO DO PRADO","CEP":null,"NOME ANTIGO":null},"geometry":{"type":"MultiLineString","coordinates":[[[-42.654461573675562,-22.463851089207697,0.0],[-42.653981354933919,-22.464464432295447,0.0]]]}},
{"type":"Feature","properties":{"fid":690,"NOM_LOGRAD":"RUA JOAQUIM ANTÔNIO DA ROSA SOBRINHO","DOC_CRIAç":"Del. Nº 355 de 27.04.1967\n","LOCALIDADE":"SEDE","BAIRRO":"CAMPO DO PRADO","CEP":null,"NOME ANTIGO":null},"geometry":{"type":"MultiLineString","coordinates":[[[-42.653535548273041,-22.464191836367075,0.0],[-42.653432021041013,-22.4642750034504,0.0],[-42.653350854469473,-22.464336689575109,0.0],[-42.653190754377988,-22.464443910376421,0.0],[-42.653128482026929,-22.464488458397629,0.0]]]}},
{"type":"Feature","properties":{"fid":691,"NOM_LOGRAD":"RUA PROFESSORA EDITH MIRANDA","DOC_CRIAç":"Lei nº 1292/00 de16.08.2000\n","LOCALIDADE":"SEDE","BAIRRO":"CAMPO DO PRADO","CEP":null,"NOME ANTIGO":null},"geometry":{"type":"MultiLineString","coordinates":[[[-42.653589631168245,-22.465073231437035,0.0],[-42.653447160702505,-22.464890092016834,0.0],[-42.65338276992464,-22.464803731000682,0.0],[-42.653229758786672,-22.464610397182657,0.0],[-42.653128482026922,-22.464488458397629,0.0]]]}},
{"type":"Feature","properties":{"fid":692,"NOM_LOGRAD":"RUA PLÍNIO CASADO","DOC_CRIAç":null,"LOCALIDADE":"SEDE","BAIRRO":"CAMPO DO PRADO","CEP":null,"NOME ANTIGO":null},"geometry":{"type":"MultiLineString","coordinates":[[[-42.649821908841517,-22.456373696379234,0.0],[-42.649767658427074,-22.456610700534451,0.0],[-42.649701589007002,-22.456912063414137,0.0],[-42.649704997122015,-22.457011313680123,0.0],[-42.649723390544601,-22.457167033782454,0.0],[-42.649727374871617,-22.457191145627348,0.0],[-42.649800004746929,-22.45740477672431,0.0],[-42.650037383167508,-22.458095554159794,0.0],[-42.65017812128994,-22.458489683395726,0.0],[-42.650266632589457,-22.458665755039053,0.0],[-42.65036522650157,-22.458846697382143,0.0],[-42.650494466126439,-22.459018638469296,0.0],[-42.650574249522563,-22.459109553726353,0.0],[-42.650659034424621,-22.459205265650095,0.0],[-42.650779466375226,-22.459296772969982,0.0],[-42.651267033206302,-22.459618010006277,0.0],[-42.651502578926845,-22.459815117831983,0.0],[-42.651778455500022,-22.460031707990371,0.0],[-42.651952870492167,-22.46023737278318,0.0],[-42.652101800948145,-22.460447390225561,0.0],[-42.652220643188869,-22.460633350302643,0.0],[-42.652288993035597,-22.460799679862234,0.0],[-42.652327407114917,-22.460981867446119,0.0],[-42.652336349279253,-22.461024277658282,0.0],[-42.652378411219274,-22.461223765534676,0.0],[-42.652400633427334,-22.461413042745903,0.0],[-42.652411805580982,-22.461956447263997,0.0],[-42.652404801852811,-22.462372043410404,0.0],[-42.652412524152687,-22.462818558898679,0.0],[-42.652433552591546,-22.463078676342484,0.0],[-42.652467972399762,-22.463179908348994,0.0],[-42.652583667880258,-22.463520179050278,0.0],[-42.652829451798127,-22.464015036569197,0.0],[-42.652903285387694,-22.464161703489676,0.0]]]}},
{"type":"Feature","properties":{"fid":693,"NOM_LOGRAD":"TRAVESSA ALAIR HIME SARDINHA","DOC_CRIAç":"Lei nº 1545 de 16.12.2004\n","LOCALIDADE":"SEDE","BAIRRO":"CAMPO DO PRADO","CEP":28692090,"NOME ANTIGO":null},"geometry":{"type":"MultiLineString","coordinates":[[[-42.654029286367042,-22.46293649648813,0.0],[-42.653600950066185,-22.463114250571202,0.0]]]}},
{"type":"Feature","properties":{"fid":694,"NOM_LOGRAD":"RUA WALDEMAR POUBEL","DOC_CRIAç":"Lei nº 341/88 de 05.04.1988","LOCALIDADE":"SEDE","BAIRRO":"CAMPO DO PRADO","CEP":null,"NOME ANTIGO":null},"geometry":{"type":"MultiLineString","coordinates":[[[-42.651453920655634,-22.460528115323925,0.0],[-42.651440045543865,-22.460522865373036,0.0],[-42.651368705582016,-22.460495872319633,0.0],[-42.651288683455675,-22.460440478091009,0.0],[-42.651214411010393,-22.460367111561535,0.0],[-42.651117826712373,-22.460292957925613,0.0],[-42.651008150038905,-22.460221644654997,0.0],[-42.650866023327296,-22.460140765266871,0.0],[-42.650798373674881,-22.460091281899984,0.0],[-42.650750081724382,-22.460054204980029,0.0],[-42.650702096401986,-22.459998945798514,0.0],[-42.650657218152709,-22.459952825226768,0.0],[-42.650615651373087,-22.459903721767688,0.0],[-42.650550700127965,-22.459887619930999,0.0]]]}},
{"type":"Feature","properties":{"fid":695,"NOM_LOGRAD":"RUA PRAXEDES JOAQUIM HENRIQUES","DOC_CRIAç":null,"LOCALIDADE":"SEDE","BAIRRO":"CAMPO DO PRADO","CEP":null,"NOME ANTIGO":null},"geometry":{"type":"MultiLineString","coordinates":[[[-42.651453920655634,-22.460528115323925,0.0],[-42.651440045543865,-22.460522865373036,0.0],[-42.651536870263683,-22.460583986224339,0.0],[-42.651617204287568,-22.460654871873199,0.0],[-42.651655358040735,-22.460713018771074,0.0],[-42.651690353624815,-22.460765057431267,0.0],[-42.651711899141866,-22.460841149191577,0.0],[-42.651717398258874,-22.460901851680976,0.0],[-42.65170338626595,-22.46095923892867,0.0],[-42.651648257644581,-22.46113424111677,0.0],[-42.651566688284412,-22.461330076057621,0.0],[-42.651501165128394,-22.46154130022855,0.0],[-42.651449756134305,-22.461689076396077,0.0],[-42.651432687893994,-22.461734294611237,0.0],[-42.651392643684666,-22.461788271553061,0.0],[-42.651364628576765,-22.461709054413067,0.0],[-42.651326627992702,-22.461641816313136,0.0],[-42.651291938913282,-22.461571595318535,0.0],[-42.651263566252652,-22.461513590796411,0.0],[-42.65124828620965,-22.461452745847346,0.0],[-42.651220271235012,-22.461373528692047,0.0],[-42.651166275499065,-22.461287870871711,0.0],[-42.651105145951384,-22.461238482561225,0.0],[-42.651015286282238,-22.461152302304029,0.0],[-42.650950896481575,-22.461102866452048,0.0],[-42.650904901479308,-22.461065468905353,0.0],[-42.650824670513686,-22.461024291221239,0.0],[-42.650613492402265,-22.46098840736801,0.0],[-42.650268369769023,-22.46093136728722,0.0],[-42.650097833594558,-22.460884872484943,0.0],[-42.649951639907336,-22.460824329058013,0.0],[-42.649816878302723,-22.460749548918013,0.0],[-42.649609102191093,-22.46051206858855,0.0],[-42.649526374009866,-22.460414841468268,0.0],[-42.649464555831749,-22.460353927092839,0.0],[-42.649367945628711,-22.460314110350328,0.0]]]}},
{"type":"Feature","properties":{"fid":696,"NOM_LOGRAD":"RUA DO MACÁRIO","DOC_CRIAç":null,"LOCALIDADE":"SEDE","BAIRRO":"CAMPO DO PRADO","CEP":null,"NOME ANTIGO":null},"geometry":{"type":"MultiLineString","coordinates":[[[-42.651392643684666,-22.461788271553051,0.0],[-42.651339167530267,-22.461880029892352,0.0],[-42.651253348195716,-22.461954910388656,0.0],[-42.651047798109161,-22.462275195988692,0.0]]]}},
{"type":"Feature","properties":{"fid":697,"NOM_LOGRAD":"VIADUTO","DOC_CRIAç":null,"LOCALIDADE":"SEDE","BAIRRO":"CAMPO DO PRADO","CEP":null,"NOME ANTIGO":null},"geometry":{"type":"MultiLineString","coordinates":[[[-42.652903285387687,-22.464161703489651,0.0],[-42.653088237860956,-22.464518393634663,0.0],[-42.653253420167275,-22.464843437889858,0.0],[-42.653333996848986,-22.465010436796554,0.0],[-42.653435870578754,-22.465179548085494,0.0],[-42.653439109175544,-22.465185171820224,0.0]]]}},
{"type":"Feature","properties":{"fid":698,"NOM_LOGRAD":"AVENIDA LORD BADEN POWELL","DOC_CRIAç":null,"LOCALIDADE":"SEDE","BAIRRO":"CAMPO DO PRADO","CEP":28681360,"NOME ANTIGO":null},"geometry":{"type":"MultiLineString","coordinates":[[[-42.65283567773438,-22.462705856560916,0.0],[-42.652885704228446,-22.462857669681462,0.0],[-42.652958417935594,-22.463056688515682,0.0],[-42.65305209196346,-22.463275808449175,0.0],[-42.653198901755871,-22.463591853920224,0.0],[-42.653458686881606,-22.464065083805053,0.0],[-42.653591907793718,-22.464284779020865,0.0],[-42.653793436992224,-22.46461043039487,0.0],[-42.653904618370277,-22.464790087876406,0.0]]]}},
{"type":"Feature","properties":{"fid":699,"NOM_LOGRAD":"RUA PASTOR JOSÉ VICTORIANO","DOC_CRIAç":"Lei n° 2415 de 24.04.2019","LOCALIDADE":"SEDE","BAIRRO":"CAMPO DO PRADO","CEP":null,"NOME ANTIGO":null},"geometry":{"type":"MultiLineString","coordinates":[[[-42.652969504888823,-22.460690422936207,0.0],[-42.652327407114917,-22.460981867446119,0.0]]]}},
{"type":"Feature","properties":{"fid":700,"NOM_LOGRAD":"RUA VEREADOR LUIZ BARROZO FILHO","DOC_CRIAç":"Lei 2.592 de 27/11/2023","LOCALIDADE":"SEDE","BAIRRO":"CAMPO DO PRADO","CEP":null,"NOME ANTIGO":null},"geometry":{"type":"MultiLineString","coordinates":[[[-42.650656186086543,-22.456519671041232,0.0],[-42.650472409687922,-22.456621476700949,0.0],[-42.650264227281674,-22.456790524893453,0.0]]]}},
{"type":"Feature","properties":{"fid":701,"NOM_LOGRAD":"ESTRADA DO DESCONJURO","DOC_CRIAç":null,"LOCALIDADE":"SEDE","BAIRRO":"RASGO","CEP":28681060,"NOME ANTIGO":null},"geometry":{"type":"MultiLineString","coordinates":[[[-42.640251915870557,-22.455803108915649,0.0],[-42.64030647858629,-22.455945857455106,0.0],[-42.640542436946816,-22.456224325409227,0.0],[-42.640618250333667,-22.45627376831353,0.0],[-42.640769469929921,-22.456440537756603,0.0],[-42.640797034954865,-22.456524789549295,0.0],[-42.640957459134341,-22.456618424515828,0.0],[-42.640957459134341,-22.456618424515828,0.0],[-42.64116739719173,-22.456567304729052,0.0],[-42.64134354992229,-22.456450378340428,0.0],[-42.641726152297949,-22.456343128878405,0.0],[-42.641927341309703,-22.45634682897861,0.0],[-42.642158475088294,-22.456341510317515,0.0],[-42.642427377387591,-22.456399586463732,0.0],[-42.64260873905441,-22.456432546360919,0.0],[-42.642734898567461,-22.456482246567703,0.0],[-42.642833605421359,-22.456531545466909,0.0],[-42.642901967539096,-22.45654849665106,0.0],[-42.642949848010119,-22.456558767648261,0.0],[-42.643011454873438,-22.45656923922688,0.0],[-42.643141208128263,-22.456609420393665,0.0],[-42.643219757230824,-22.456632901149224,0.0],[-42.643278148346354,-22.456630563960925,0.0],[-42.643336485516429,-22.45663141638272,0.0],[-42.643398416120377,-22.456622750029332,0.0]]]}},
{"type":"Feature","properties":{"fid":702,"NOM_LOGRAD":"RUA JULIÃO ALVES DE MORAES","DOC_CRIAç":null,"LOCALIDADE":"SEDE","BAIRRO":"RASGO","CEP":null,"NOME ANTIGO":null},"geometry":{"type":"MultiLineString","coordinates":[[[-42.646429926286267,-22.456629900796948,0.0],[-42.646479067948576,-22.456481896829164,0.0],[-42.646489213180061,-22.456373790030344,0.0],[-42.646507553104144,-22.456294563983551,0.0],[-42.646570712200365,-22.456180224860898,0.0],[-42.646631647646721,-22.456115811747033,0.0],[-42.646658231873879,-22.456083616737541,0.0],[-42.646700713998634,-22.456032168427591,0.0],[-42.64675908872816,-22.455965299291456,0.0],[-42.646796733682223,-22.455893290481008,0.0],[-42.646829543247286,-22.455799443694744,0.0],[-42.646910484918131,-22.455628903846897,0.0],[-42.646929470631889,-22.455583227391461,0.0],[-42.646961585905885,-22.455530486670654,0.0],[-42.647012319354985,-22.455453831529994,0.0],[-42.647086873747192,-22.455353337844628,0.0],[-42.647137525403956,-22.455281518665206,0.0],[-42.647143381450739,-22.45524290645189,0.0],[-42.647118796269218,-22.455157896731048,0.0],[-42.647098719873895,-22.455114069021111,0.0],[-42.647067992893234,-22.455084597554762,0.0],[-42.647016291349779,-22.455064494513678,0.0],[-42.646977270229826,-22.45506392526249,0.0],[-42.64690938864458,-22.455077446577111,0.0],[-42.646833172015548,-22.455122288086496,0.0],[-42.646741591881714,-22.455152393792943,0.0],[-42.646670741320577,-22.455187639101457,0.0],[-42.646610337202205,-22.455220618196261,0.0],[-42.646562339919328,-22.455211002879437,0.0],[-42.646559768622474,-22.455214214800012,0.0]]]}},
{"type":"Feature","properties":{"fid":703,"NOM_LOGRAD":"RUA GERSON VIANNA FONTES","DOC_CRIAç":"Lei 2.473 de 10 de Maio de 2021","LOCALIDADE":"SEDE","BAIRRO":"RASGO","CEP":null,"NOME ANTIGO":null},"geometry":{"type":"MultiLineString","coordinates":[[[-42.649723390544587,-22.457167033782454,0.0],[-42.649651651121033,-22.457100686012861,0.0],[-42.649605803900322,-22.457041971362226,0.0],[-42.649567842638618,-22.456978534415679,0.0],[-42.649559885962894,-22.456948713088785,0.0],[-42.64954581639752,-22.45689598085082,0.0],[-42.649525779800079,-22.456849735354439,0.0],[-42.649472291529868,-22.45678123489758,0.0],[-42.649405755304223,-22.456714962868382,0.0],[-42.649344218070382,-22.456660856697642,0.0],[-42.649264307628044,-22.456616157136754,0.0],[-42.649155903779786,-22.456563786418602,0.0],[-42.649032258550484,-22.456489426029549,0.0],[-42.648939626712739,-22.456427610658448,0.0],[-42.64884211848134,-22.45634637532013,0.0],[-42.648770543101598,-22.456270355186735,0.0],[-42.648709087920331,-22.456211412790051,0.0],[-42.648629708387993,-22.456135278832331,0.0],[-42.648576710465264,-22.456037762024501,0.0],[-42.648532128947778,-22.455904088848872,0.0],[-42.648490148928396,-22.455770453593416,0.0],[-42.648450576434108,-22.455494155799041,0.0],[-42.64845235141054,-22.455388972404471,0.0],[-42.64843874230926,-22.455270262395917,0.0],[-42.648426614768582,-22.455145493604029,0.0],[-42.648462432653332,-22.455044082980841,0.0]]]}},
{"type":"Feature","properties":{"fid":704,"NOM_LOGRAD":"RUA AVELAR RODRIGUES DE ASSIS","DOC_CRIAç":"Lei nº 929/94 de 05.07.1994\n","LOCALIDADE":"SEDE","BAIRRO":"RASGO","CEP":28681108,"NOME ANTIGO":"Rua \"XIX\""},"geometry":{"type":"MultiLineString","coordinates":[[[-42.649137290042667,-22.454644994660232,0.0],[-42.649148359516637,-22.454760039733365,0.0],[-42.64916734870485,-22.454984037457741,0.0],[-42.649163026181888,-22.455047462838021,0.0],[-42.649165003229299,-22.455123073057589,0.0],[-42.649227336216015,-22.455284214120425,0.0],[-42.649321728197691,-22.45547303170591,0.0],[-42.649378169755664,-22.455597807789793,0.0],[-42.649416120415481,-22.455661849253985,0.0],[-42.649527179652686,-22.4558267235982,0.0],[-42.649532765532285,-22.455881223618036,0.0],[-42.649530828182002,-22.455996079131214,0.0],[-42.649539359953963,-22.456068761619818,0.0]]]}},
{"type":"Feature","properties":{"fid":705,"NOM_LOGRAD":"RUA 10","DOC_CRIAç":null,"LOCALIDADE":"SEDE","BAIRRO":"RASGO","CEP":0,"NOME ANTIGO":null},"geometry":{"type":"MultiLineString","coordinates":[[[-42.650284592774184,-22.455350039577226,0.0],[-42.650326497110605,-22.455452153314049,0.0],[-42.650360365364676,-22.455534314134006,0.0],[-42.650386989897441,-22.455682705355152,0.0],[-42.650392351068433,-22.455781672268834,0.0],[-42.650411002616153,-22.455878903451111,0.0],[-42.650390625503171,-22.455930001988939,0.0],[-42.650299116742303,-22.455955878213476,0.0],[-42.65024285119538,-22.455948739475854,0.0],[-42.650207080313152,-22.455935210384123,0.0],[-42.65015546548949,-22.455945418590435,0.0],[-42.650105965438023,-22.455956478436399,0.0],[-42.650044123192757,-22.455970245429366,0.0],[-42.649992433684915,-22.455977977552063,0.0],[-42.6499028145452,-22.455973655405291,0.0]]]}},
{"type":"Feature","properties":{"fid":706,"NOM_LOGRAD":"RUA MANOEL FARIAS","DOC_CRIAç":"Lei nº 940/94 de 12.08.1994\n","LOCALIDADE":"SEDE","BAIRRO":"RASGO","CEP":null,"NOME ANTIGO":null},"geometry":{"type":"MultiLineString","coordinates":[[[-42.648838109292392,-22.453292261701975,0.0],[-42.648828849921067,-22.453272605675668,0.0],[-42.648800370299725,-22.453247280296637,0.0],[-42.648762545345932,-22.45323659368222,0.0],[-42.648694965267708,-22.453243986023793,0.0],[-42.648636127576893,-22.453260410096014,0.0],[-42.648621931450066,-22.453264372827725,0.0],[-42.648561780504245,-22.453281163451276,0.0],[-42.648538274447382,-22.453288918498615,0.0],[-42.648436085289134,-22.453322632385888,0.0],[-42.648339473730466,-22.453351504462983,0.0],[-42.648244459700656,-22.453392444792147,0.0],[-42.648084309111823,-22.453438481847495,0.0],[-42.647996002450718,-22.453467426798714,0.0],[-42.647874872425753,-22.453514032598751,0.0],[-42.647779705126212,-22.453564040163783,0.0],[-42.647677830237562,-22.453626042865999,0.0],[-42.6476016119625,-22.453709582449935,0.0],[-42.647531539911611,-22.45381437440755,0.0],[-42.647501202868725,-22.453877420293203,0.0]]]}},
{"type":"Feature","properties":{"fid":707,"NOM_LOGRAD":"RUA ANTÔNIO MENDES","DOC_CRIAç":null,"LOCALIDADE":"SEDE","BAIRRO":"RASGO","CEP":28680888,"NOME ANTIGO":null},"geometry":{"type":"MultiLineString","coordinates":[[[-42.646595932319919,-22.45283680710137,0.0],[-42.646644316012967,-22.452819754597403,0.0],[-42.64667554143184,-22.452808749400358,0.0],[-42.646804069847931,-22.452747740799094,0.0],[-42.646914225313729,-22.452696138481919,0.0],[-42.647066084155561,-22.452640307194045,0.0],[-42.647178881635618,-22.45258632461703,0.0],[-42.647281028677753,-22.452546698235182,0.0],[-42.647391102199713,-22.45249993157822,0.0]]]}},
{"type":"Feature","properties":{"fid":708,"NOM_LOGRAD":"RUA JOEL MENDES","DOC_CRIAç":null,"LOCALIDADE":"SEDE","BAIRRO":"RASGO","CEP":null,"NOME ANTIGO":null},"geometry":{"type":"MultiLineString","coordinates":[[[-42.6484032164296,-22.452812177979769,0.0],[-42.648353382422087,-22.452835637516653,0.0],[-42.648293387731208,-22.45284443727688,0.0],[-42.648215061042769,-22.452860225555103,0.0],[-42.648155025533512,-22.45287144327148,0.0],[-42.648053041661115,-22.45290139817018,0.0],[-42.647982437419486,-22.452922136136902,0.0],[-42.647872445326435,-22.45296406716631,0.0],[-42.647738591907462,-22.453032254797126,0.0],[-42.647638719461739,-22.453091263450872,0.0],[-42.647533725819159,-22.453145360142123,0.0],[-42.647444748513593,-22.453175504317784,0.0],[-42.647355485443768,-22.453222574495733,0.0],[-42.647284023742799,-22.453294090294683,0.0],[-42.64720182988863,-22.453384798339343,0.0],[-42.647177333417154,-22.453410138684038,0.0],[-42.647167032253911,-22.453442337241238,0.0],[-42.647108046531379,-22.453545476761381,0.0],[-42.647090728370152,-22.45366032879242,0.0],[-42.647098075176245,-22.453796002103751,0.0],[-42.647116347636718,-22.453973072081787,0.0]]]}},
{"type":"Feature","properties":{"fid":709,"NOM_LOGRAD":"RUA ELZA PINTO PEDRO","DOC_CRIAç":"Lei nº 968 de 07.11.1994\n","LOCALIDADE":"SEDE","BAIRRO":"RASGO","CEP":null,"NOME ANTIGO":null},"geometry":{"type":"MultiLineString","coordinates":[[[-42.648762545345932,-22.45323659368222,0.0],[-42.648653880180944,-22.453334788117466,0.0],[-42.64851061682814,-22.453464246592478,0.0],[-42.648226403299432,-22.453691483800206,0.0],[-42.648166954021363,-22.453745035612734,0.0],[-42.648101001231602,-22.453798492573565,0.0],[-42.648022296506994,-22.453836647290174,0.0],[-42.647937445358785,-22.453853549556388,0.0],[-42.647842736963113,-22.45387635454313,0.0],[-42.647764593310967,-22.453881261508812,0.0],[-42.647676796490508,-22.453879981151289,0.0],[-42.647501202868725,-22.453877420293203,0.0]]]}},
{"type":"Feature","properties":{"fid":710,"NOM_LOGRAD":"RUA JOÃO FRANCISCO DA SILVA","DOC_CRIAç":"Lei nº 1054/96 de 09.09.1996\n","LOCALIDADE":"SEDE","BAIRRO":"RASGO","CEP":null,"NOME ANTIGO":null},"geometry":{"type":"MultiLineString","coordinates":[[[-42.644049886250414,-22.456054801426792,0.0],[-42.644132660068792,-22.456021283081533,0.0],[-42.6441926153786,-22.456014903014903,0.0],[-42.644247286087918,-22.456013282936937,0.0],[-42.644304190324078,-22.456033462850314,0.0],[-42.644365806907437,-22.456082734754357,0.0],[-42.644445102122404,-22.456163706614092,0.0],[-42.644550575176218,-22.456235386349967,0.0],[-42.64469506974438,-22.456307635867773,0.0],[-42.64479558540404,-22.456364731469481,0.0],[-42.644875453187296,-22.456411851114776,0.0],[-42.644952392662297,-22.45647827676099,0.0],[-42.645003644820662,-22.456524978510664,0.0],[-42.645060099878464,-22.456571756214245,0.0],[-42.645147772176642,-22.456618989692512,0.0],[-42.645215123412513,-22.456636903241517,0.0],[-42.645261949225429,-22.456637586898353,0.0],[-42.645329790816888,-22.45662648436236,0.0],[-42.645419015897822,-22.456581833574063,0.0],[-42.645524298948317,-22.45651081254892,0.0],[-42.645624297322222,-22.456444551504198,0.0],[-42.645732263306769,-22.456368732290407,0.0],[-42.645898277610968,-22.456245388251038,0.0],[-42.646194457239979,-22.455964316009535,0.0]]]}},
{"type":"Feature","properties":{"fid":711,"NOM_LOGRAD":"TRAVESSA DAS PEDRINHAS","DOC_CRIAç":null,"LOCALIDADE":"SEDE","BAIRRO":"RASGO","CEP":null,"NOME ANTIGO":null},"geometry":{"type":"MultiLineString","coordinates":[[[-42.649835664500173,-22.455232790034216,0.0],[-42.649770381986407,-22.455292127854634,0.0],[-42.649652094717204,-22.455362962390154,0.0],[-42.649553419942499,-22.455428036122587,0.0],[-42.649534375190512,-22.455464862051368,0.0]]]}},
{"type":"Feature","properties":{"fid":712,"NOM_LOGRAD":"RUA DAS PEDRINHAS","DOC_CRIAç":null,"LOCALIDADE":"SEDE","BAIRRO":"RASGO","CEP":null,"NOME ANTIGO":null},"geometry":{"type":"MultiLineString","coordinates":[[[-42.649534375190512,-22.455464862051368,0.0],[-42.649533246534673,-22.455467044478567,0.0],[-42.64954564185863,-22.455503504191679,0.0],[-42.649560422282661,-22.455591394024189,0.0],[-42.649571797995456,-22.455688304010206,0.0],[-42.649577383892471,-22.455742804030368,0.0],[-42.649583224698844,-22.45578219148204,0.0],[-42.649569503823415,-22.455824317124772,0.0],[-42.64955923865169,-22.455854400098687,0.0],[-42.649532765532285,-22.455881223618036,0.0]]]}},
{"type":"Feature","properties":{"fid":713,"NOM_LOGRAD":"RUA MAURA XAVIER MAIA","DOC_CRIAç":"Lei nº 129/83 de 30.06.1983\n","LOCALIDADE":"SEDE","BAIRRO":"RASGO","CEP":null,"NOME ANTIGO":null},"geometry":{"type":"MultiLineString","coordinates":[[[-42.649828009350188,-22.456347044982024,0.0],[-42.649588179636631,-22.456121687686512,0.0],[-42.649539359953963,-22.456068761619818,0.0],[-42.649507340457752,-22.456050114343675,0.0],[-42.649297917494764,-22.455848910465409,0.0],[-42.64916688899244,-22.455738474714881,0.0],[-42.648980095281026,-22.455567261851694,0.0],[-42.648693297192516,-22.455296165837023,0.0],[-42.648515861420705,-22.455110423249309,0.0],[-42.648462432653325,-22.455044082980859,0.0],[-42.648402185834868,-22.454969276932793,0.0],[-42.648295508821356,-22.454809691463723,0.0],[-42.648210896918812,-22.45468402296968,0.0]]]}},
{"type":"Feature","properties":{"fid":714,"NOM_LOGRAD":"RUA DR. EMÍLIO ABUNAHMAN","DOC_CRIAç":"Lei nº 928/94 de 05.07.1994\n","LOCALIDADE":"SEDE","BAIRRO":"RASGO","CEP":null,"NOME ANTIGO":null},"geometry":{"type":"MultiLineString","coordinates":[[[-42.649187442651538,-22.452828748379567,0.0],[-42.649173416141579,-22.45288900910062,0.0],[-42.649149634469829,-22.45294912764934,0.0],[-42.649102988786439,-22.453014959483895,0.0],[-42.649053295282911,-22.453068653854359,0.0],[-42.648993234732046,-22.453158476186307,0.0],[-42.648950242937715,-22.45319720370577,0.0],[-42.648941265669151,-22.453205290531582,0.0],[-42.648937088679048,-22.453209053211335,0.0],[-42.648876243035708,-22.453264373190649,0.0],[-42.648857176165919,-22.453278317447609,0.0],[-42.648838109292392,-22.453292261701975,0.0]]]}},
{"type":"Feature","properties":{"fid":715,"NOM_LOGRAD":"RUA DONA JANDIRA","DOC_CRIAç":"Lei nº 939/94 de 12.08.1994\n","LOCALIDADE":"SEDE","BAIRRO":"RASGO","CEP":null,"NOME ANTIGO":null},"geometry":{"type":"MultiLineString","coordinates":[[[-42.648602011086851,-22.453984168997799,0.0],[-42.64854012874796,-22.454054125363552,0.0],[-42.648466556935524,-22.454101901107229,0.0],[-42.648411303079023,-22.454128818423168,0.0]]]}},
{"type":"Feature","properties":{"fid":716,"NOM_LOGRAD":"RUA AGOSTINHO MENDES","DOC_CRIAç":null,"LOCALIDADE":"SEDE","BAIRRO":"RASGO","CEP":28681052,"NOME ANTIGO":"Estrada da Pedreira"},"geometry":{"type":"MultiLineString","coordinates":[[[-42.644637301556166,-22.457016787550074,0.0],[-42.64455332770504,-22.457053946935176,0.0],[-42.644476754827103,-22.457073230428179,0.0],[-42.644425578117975,-22.457108423289661,0.0],[-42.644417199352304,-22.457114185140508,0.0],[-42.64437754296862,-22.457184527902136,0.0],[-42.644254724581621,-22.457255104181684,0.0],[-42.644080705442455,-22.45727718279408,0.0],[-42.643922797180068,-22.457278066490176,0.0],[-42.643843977893198,-22.457270534199303,0.0],[-42.643775669212481,-22.457250393743706,0.0],[-42.643683501074278,-22.457220333416547,0.0],[-42.643577876237558,-22.457174124330212,0.0],[-42.643561036130905,-22.457155153397078,0.0],[-42.643500405624629,-22.457086851087205,0.0],[-42.643467492063046,-22.457003419269949,0.0],[-42.643437848310057,-22.456929606483502,0.0],[-42.64342230861093,-22.456833666835518,0.0],[-42.643416847953866,-22.456750636134462,0.0],[-42.64340768597846,-22.456683503450456,0.0],[-42.643398416120377,-22.456622750029332,0.0],[-42.643400196273106,-22.456517492186915,0.0],[-42.643412325137838,-22.456409195130924,0.0],[-42.643423752719116,-22.456342363283756,0.0],[-42.643444719864291,-22.456320336696166,0.0],[-42.643479952778776,-22.456266614339338,0.0],[-42.643531642386044,-22.456254607873348,0.0],[-42.643566174039215,-22.456242350710248,0.0],[-42.643666013755606,-22.456224666833485,0.0],[-42.643755882295032,-22.456187694701526,0.0],[-42.643863070526464,-22.456141404265814,0.0],[-42.643987470555047,-22.45609217475452,0.0],[-42.644049886250414,-22.456054801426792,0.0],[-42.644064787659779,-22.456040633870519,0.0],[-42.644112679397104,-22.455995100637679,0.0],[-42.644182335656382,-22.455935500063966,0.0],[-42.644261855222744,-22.455901566887405,0.0],[-42.644354669718979,-22.455893351215447,0.0],[-42.644430056702916,-22.455900833076139,0.0],[-42.644484315023398,-22.455939910551617,0.0],[-42.644627039792788,-22.456024945859006,0.0],[-42.644715398447069,-22.456077282932569,0.0],[-42.644827886118442,-22.456123591458258,0.0],[-42.644981552962832,-22.456170501187469,0.0],[-42.64508771667267,-22.456184812977401,0.0],[-42.645167236211172,-22.456150879348289,0.0],[-42.645281341117091,-22.456101498493648,0.0],[-42.645360564130215,-22.456085107760156,0.0],[-42.645550325564408,-22.456027259922383,0.0],[-42.645695152878304,-22.455987898502407,0.0],[-42.645808934171349,-22.455957655069795,0.0],[-42.645857407491363,-22.455932839192517,0.0],[-42.645927063044837,-22.45587323779743,0.0],[-42.645987124260685,-22.455772020823741,0.0],[-42.645995711664369,-22.455670052578224,0.0],[-42.646055988252755,-22.455556077012393,0.0],[-42.646112671522651,-22.455451620248677,0.0],[-42.646161683389913,-22.455394907874823,0.0],[-42.646255305674131,-22.45533884649004,0.0],[-42.64632747647218,-22.455333518814282,0.0],[-42.646420452197383,-22.455315732992055,0.0],[-42.646444742567581,-22.455300135309187,0.0],[-42.646538418555323,-22.455240884104771,0.0],[-42.646601533531708,-22.45516204438033,0.0],[-42.646688346225012,-22.455102692935633,0.0],[-42.646782075844513,-22.455040251928004,0.0],[-42.646863210186794,-22.454910628161084,0.0],[-42.646926701834317,-22.454809460795122,0.0],[-42.647007270400245,-22.454713328155531,0.0],[-42.647062767772205,-22.454679043053702,0.0],[-42.64711075575196,-22.454682933506245,0.0],[-42.647165660708495,-22.454683734416481,0.0],[-42.647261205881541,-22.454717032376642,0.0],[-42.647326082445069,-22.454737121244147,0.0],[-42.647435730879934,-22.454748291827922,0.0],[-42.64751476450126,-22.454743063691225,0.0],[-42.647641839992971,-22.454738536170552,0.0],[-42.647751649994383,-22.454740137614777,0.0],[-42.6478097712086,-22.45475374692149,0.0],[-42.647881618690818,-22.454767556373831,0.0],[-42.647943225333044,-22.454778026032951,0.0],[-42.648063599245361,-22.454763829172229,0.0],[-42.648136092739193,-22.454739362795621,0.0],[-42.648210896918812,-22.45468402296968,0.0]]]}},
{"type":"Feature","properties":{"fid":717,"NOM_LOGRAD":"RUA C","DOC_CRIAç":null,"LOCALIDADE":"SEDE","BAIRRO":"RASGO","CEP":null,"NOME ANTIGO":null},"geometry":{"type":"MultiLineString","coordinates":[[[-42.644425578117975,-22.457108423289661,0.0],[-42.644391306861053,-22.45704060705447,0.0],[-42.644373258618323,-22.456961028729928,0.0],[-42.64435318011094,-22.45688682857179,0.0],[-42.644342430399007,-22.456834395954338,0.0],[-42.644316047804978,-22.456788945430326,0.0],[-42.644287482605627,-22.456757883880343,0.0],[-42.644216292610423,-22.456724397117345,0.0],[-42.644141042080975,-22.456701666654439,0.0],[-42.644050432931913,-22.456669698770074,0.0],[-42.64398484636795,-22.456648912012739,0.0],[-42.64395412909397,-22.456630437220674,0.0],[-42.64395412909397,-22.456630437220674,0.0],[-42.644276001686535,-22.456748703150971,0.0]]]}},
{"type":"Feature","properties":{"fid":718,"NOM_LOGRAD":"RUA PASTOR WALDEMIRO CUSTÓDIO","DOC_CRIAç":"Lei n° 1647 de 10.08.2006","LOCALIDADE":"SEDE","BAIRRO":"RASGO","CEP":null,"NOME ANTIGO":null},"geometry":{"type":"MultiLineString","coordinates":[[[-42.648134181414989,-22.454530604042567,0.0],[-42.648157453757861,-22.454500710825794,0.0],[-42.648213498619072,-22.454456179171125,0.0],[-42.648315016908974,-22.454415333747761,0.0],[-42.648413181390801,-22.4543804858708,0.0],[-42.64849152933926,-22.454363488565665,0.0],[-42.64857297602002,-22.454355606161215,0.0],[-42.648628102727507,-22.454365479563371,0.0],[-42.648718998671853,-22.454375874368043,0.0],[-42.64878403363317,-22.454376822385417,0.0],[-42.64884287106463,-22.45435954050312,0.0],[-42.648869496966945,-22.454323649541053,0.0],[-42.648886520594203,-22.454278548841483,0.0],[-42.648874023539371,-22.454248134122135,0.0],[-42.648858325737912,-22.454214649491146,0.0],[-42.64880690975712,-22.454177620957509,0.0],[-42.648707584601738,-22.454088498686886,0.0],[-42.648627362026524,-22.454023840879902,0.0],[-42.648602011086858,-22.45398416899781,0.0],[-42.648593020845361,-22.453938689105204,0.0],[-42.648604458987222,-22.45383908841017,0.0],[-42.64862199259467,-22.453763762615061,0.0],[-42.648662186309636,-22.45369481365136,0.0],[-42.64872616198528,-22.453565746222029,0.0],[-42.648772815954366,-22.453471482267872,0.0],[-42.648776671691095,-22.453463691777028,0.0],[-42.648838109292392,-22.453292261701975,0.0]]]}},
{"type":"Feature","properties":{"fid":719,"NOM_LOGRAD":"RJ-116","DOC_CRIAç":null,"LOCALIDADE":"SEDE","BAIRRO":"RASGO","CEP":28681148,"NOME ANTIGO":null},"geometry":{"type":"MultiLineString","coordinates":[[[-42.649468598322962,-22.451757533683349,0.0],[-42.649520553392883,-22.451832308342549,0.0],[-42.649791438609533,-22.452187171247324,0.0],[-42.649835095098901,-22.452310627153569,0.0],[-42.649853427343977,-22.452428990258976,0.0],[-42.649850560431197,-22.452599006754841,0.0],[-42.64982276731272,-22.452740317041961,0.0],[-42.649723189367116,-22.453220697899727,0.0],[-42.649669457562403,-22.453694660894264,0.0],[-42.649659836787556,-22.453963779566038,0.0],[-42.649668627750806,-22.454346538655734,0.0],[-42.649694572883597,-22.454616175551749,0.0],[-42.649735959825392,-22.454874227851466,0.0],[-42.649808031320994,-22.455120917649722,0.0],[-42.649835664500102,-22.455232790034138,0.0],[-42.649884148521473,-22.455429076287437,0.0],[-42.649906606099911,-22.455604185561302,0.0],[-42.649911471375994,-22.455918391760818,0.0],[-42.64988340844323,-22.456097540240368,0.0],[-42.649871603879525,-22.456172898168234,0.0],[-42.649828009350102,-22.456347044982014,0.0],[-42.649821908841467,-22.456373696379213,0.0],[-42.649797858830404,-22.456478763951797,0.0]]]}},
{"type":"Feature","properties":{"fid":720,"NOM_LOGRAD":"AVENIDA CASTELO BRANCO","DOC_CRIAç":null,"LOCALIDADE":"SEDE","BAIRRO":"RASGO","CEP":28680880,"NOME ANTIGO":null},"geometry":{"type":"MultiLineString","coordinates":[[[-42.648210896918798,-22.454684022969666,0.0],[-42.64819513853292,-22.454674094560747,0.0],[-42.647610787227912,-22.45437352923107,0.0],[-42.64754932294079,-22.454344022336191,0.0],[-42.647432968158441,-22.454266214136304,0.0],[-42.647412757577442,-22.454252698998978,0.0],[-42.647313163186006,-22.454186098571675,0.0],[-42.647197489058001,-22.454084340463222,0.0],[-42.647092082396426,-22.453939797372506,0.0],[-42.647084062970684,-22.453928800400977,0.0],[-42.647069335044257,-22.453908604113316,0.0],[-42.646911856832709,-22.45360915558712,0.0],[-42.64666741909415,-22.453044503813771,0.0],[-42.646627478286163,-22.452947288550632,0.0],[-42.646609716584379,-22.452878517766692,0.0],[-42.646601071343369,-22.452852357595475,0.0],[-42.646595932319919,-22.45283680710137,0.0],[-42.646546667646987,-22.452727698531493,0.0],[-42.646454708073755,-22.452155681895452,0.0],[-42.646398688093882,-22.451851005319163,0.0],[-42.646342649432704,-22.451608318604919,0.0],[-42.646254754760307,-22.451296488191634,0.0],[-42.646124252056886,-22.451034798661965,0.0],[-42.645961381396582,-22.450787566905323,0.0],[-42.645781797659374,-22.450578909597208,0.0],[-42.645523739347404,-22.450261609446688,0.0],[-42.645362518833181,-22.450106968430795,0.0],[-42.645181776841746,-22.449966972500722,0.0],[-42.645022608588775,-22.44988103998493,0.0],[-42.644770354420288,-22.449790762287734,0.0],[-42.644411865470737,-22.449713863201094,0.0],[-42.644034511057143,-22.449612799550049,0.0],[-42.643641301155199,-22.449499559321005,0.0],[-42.643458896300281,-22.449458076464463,0.0],[-42.643208694784576,-22.449436505203114,0.0],[-42.643032460976499,-22.449410042199432,0.0],[-42.64285359133482,-22.449371019061687,0.0],[-42.642694258998368,-22.449310285999779,0.0]]]}},
{"type":"Feature","properties":{"fid":721,"NOM_LOGRAD":"RUA CIRINO DE OLIVEIRA","DOC_CRIAç":"Lei nº 922/94 de 17.06.1994\n","LOCALIDADE":"SEDE","BAIRRO":"RASGO","CEP":null,"NOME ANTIGO":null},"geometry":{"type":"MultiLineString","coordinates":[[[-42.648210896918798,-22.454684022969666,0.0],[-42.648155076764084,-22.454564466843404,0.0],[-42.648134181414989,-22.454530604042567,0.0],[-42.648018753296078,-22.45447057213574,0.0],[-42.647832840227771,-22.454385628593819,0.0],[-42.647721837271291,-22.454333219157256,0.0],[-42.647633961243585,-22.45429807715567,0.0]]]}},
{"type":"Feature","properties":{"fid":722,"NOM_LOGRAD":"RUA SEM NOME 1","DOC_CRIAç":null,"LOCALIDADE":"VALÉRIO","BAIRRO":"VALÉRIO","CEP":null,"NOME ANTIGO":null},"geometry":{"type":"MultiLineString","coordinates":[[[-42.634913516738223,-22.440827513078219,0.0],[-42.634867168053816,-22.440657023221185,0.0],[-42.634730685922612,-22.440189410284546,0.0]]]}},
{"type":"Feature","properties":{"fid":723,"NOM_LOGRAD":"RUA 1","DOC_CRIAç":null,"LOCALIDADE":"VALÉRIO","BAIRRO":"VALÉRIO","CEP":0,"NOME ANTIGO":null},"geometry":{"type":"MultiLineString","coordinates":[[[-42.634113412559053,-22.441832721309723,0.0],[-42.633943771422643,-22.44190732585535,0.0],[-42.633892809289492,-22.441948628695918,0.0],[-42.63385086648659,-22.442050802778624,0.0],[-42.63383740841968,-22.442251511385983,0.0],[-42.633848282141088,-22.442499299086482,0.0],[-42.633851721764302,-22.442592794146329,0.0],[-42.633835141022651,-22.442681323404454,0.0],[-42.633808748233108,-22.442755692083686,0.0],[-42.633771195838712,-22.442895308342141,0.0],[-42.63377455612504,-22.442993474464178,0.0],[-42.633773208562296,-22.443072882625756,0.0],[-42.633807352529821,-22.44313412231681,0.0],[-42.633861516960962,-22.443200327809183,0.0],[-42.633950538886509,-22.443285733337451,0.0],[-42.634020570850275,-22.443305449141473,0.0]]]}},
{"type":"Feature","properties":{"fid":724,"NOM_LOGRAD":"RUA GEORGINA BERNARDO SCHOOT","DOC_CRIAç":null,"LOCALIDADE":"VALÉRIO","BAIRRO":"VALÉRIO","CEP":null,"NOME ANTIGO":null},"geometry":{"type":"MultiLineString","coordinates":[[[-42.632962301717178,-22.444060846181014,0.0],[-42.633059678942239,-22.443950141166312,0.0],[-42.63316255670756,-22.443811483391237,0.0],[-42.633265117108991,-22.443691509795592,0.0],[-42.633342394074276,-22.443580509745512,0.0],[-42.633368945872974,-22.443496799051168,0.0],[-42.63336230520126,-22.443295795781097,0.0],[-42.633364445840186,-22.4431696769769,0.0],[-42.633370824611383,-22.443151703357447,0.0],[-42.633443704384028,-22.442941900160161,0.0],[-42.633512199337829,-22.442756015498059,0.0],[-42.633559484645339,-22.442635230972058,0.0],[-42.633559960289062,-22.442607204565007,0.0],[-42.633530999991592,-22.442536696395361,0.0],[-42.633471573228185,-22.442484430331714,0.0],[-42.633477311611564,-22.442442464416835,0.0],[-42.633558423424212,-22.442401603885678,0.0],[-42.633634668838404,-22.442351327484371,0.0],[-42.633735008192915,-22.442362143362168,0.0],[-42.633789964977865,-22.442381638168328,0.0],[-42.633843748208896,-22.442395980936531,0.0]]]}},
{"type":"Feature","properties":{"fid":725,"NOM_LOGRAD":"RUA C","DOC_CRIAç":null,"LOCALIDADE":"VALÉRIO","BAIRRO":"VALÉRIO","CEP":null,"NOME ANTIGO":null},"geometry":{"type":"MultiLineString","coordinates":[[[-42.63303313848651,-22.442552755413473,0.0],[-42.632995159479158,-22.44242137589686,0.0],[-42.632986933410223,-22.442313793960071,0.0],[-42.632988360661486,-22.442229714770153,0.0],[-42.63298923286726,-22.442178333042516,0.0],[-42.633005972626762,-22.442080461775021,0.0],[-42.633042018982437,-22.442029595991873,0.0]]]}},
{"type":"Feature","properties":{"fid":726,"NOM_LOGRAD":"RUA JOSÉ VENTURA DA ROSA","DOC_CRIAç":"Lei nº 1493/03 de 19.11.2003","LOCALIDADE":"VALÉRIO","BAIRRO":"VALÉRIO","CEP":null,"NOME ANTIGO":null},"geometry":{"type":"MultiLineString","coordinates":[[[-42.639067082137309,-22.444972193239142,0.0],[-42.638965650167471,-22.444882756992474,0.0],[-42.638879918814894,-22.44476822010531,0.0],[-42.63877416661574,-22.444601817532298,0.0],[-42.638728625270502,-22.4444561235238,0.0],[-42.638742397980145,-22.44436045838335,0.0],[-42.638753001698284,-22.444327907863904,0.0],[-42.638768313969145,-22.444314115216049,0.0],[-42.638829483918371,-22.444263615691966,0.0],[-42.639007652136058,-22.444130727770631,0.0],[-42.639186215475384,-22.443974484190733,0.0],[-42.639384902676234,-22.443822609226384,0.0]]]}},
{"type":"Feature","properties":{"fid":727,"NOM_LOGRAD":"RUA ADRIÃO IZÍDIO DA COSTA","DOC_CRIAç":null,"LOCALIDADE":"VALÉRIO","BAIRRO":"VALÉRIO","CEP":28684110,"NOME ANTIGO":null},"geometry":{"type":"MultiLineString","coordinates":[[[-42.639542557150804,-22.443992862900828,0.0],[-42.639687934076811,-22.444058510520847,0.0],[-42.639752297957592,-22.444085554984078,0.0],[-42.639821698823312,-22.444142637076535,0.0],[-42.639906016561994,-22.444209281818527,0.0],[-42.639985388461199,-22.444271181937388,0.0],[-42.640025034905648,-22.444304467528656,0.0],[-42.640069864483756,-22.4443284844285,0.0],[-42.640125139362254,-22.444329292857823,0.0],[-42.640150501487696,-22.444315647052044,0.0],[-42.64022690406442,-22.444256025250329,0.0],[-42.64027770732104,-22.444224062508436,0.0],[-42.64028962804403,-22.444220894014485,0.0],[-42.640444322361411,-22.444179776613606,0.0],[-42.640570184124947,-22.444167600350855,0.0],[-42.640761449720216,-22.444151708050782,0.0],[-42.640881733226543,-22.444172155709275,0.0],[-42.640971708789323,-22.444201504672193,0.0],[-42.640998219663011,-22.444263596741774,0.0]]]}},
{"type":"Feature","properties":{"fid":728,"NOM_LOGRAD":"CMU-223 - Estrada Valério-São Joaquim","DOC_CRIAç":null,"LOCALIDADE":"VALÉRIO","BAIRRO":"VALÉRIO","CEP":1,"NOME ANTIGO":null},"geometry":{"type":"MultiLineString","coordinates":[[[-42.630775323987685,-22.441678941443953,0.0],[-42.630864628983282,-22.441661955163461,0.0],[-42.630930648610843,-22.441640040013734,0.0],[-42.631050154611486,-22.441539589531825,0.0],[-42.631170032391182,-22.441417243349441,0.0],[-42.631203576550178,-22.441371868444261,0.0],[-42.631282532889173,-22.441309952402577,0.0],[-42.631308820714302,-22.441261740812028,0.0],[-42.631331816140921,-22.441219567410865,0.0],[-42.631398805282146,-22.441122433946877,0.0],[-42.631459817430276,-22.441081279433494,0.0],[-42.631510779864904,-22.441039977392823,0.0],[-42.63154112069271,-22.441030403600397,0.0],[-42.631571474608876,-22.441017507078872,0.0],[-42.631581524286275,-22.441017654575873,0.0],[-42.631745616900055,-22.440993146652357,0.0],[-42.631783073141129,-22.440987906945576,0.0],[-42.631864848047968,-22.440980349526079,0.0],[-42.63191395691377,-22.440975810994722,0.0],[-42.63205492068797,-22.440950662403772,0.0],[-42.632155942326136,-22.440932639592241,0.0],[-42.632156021640476,-22.440927968528175,0.0],[-42.632282331599733,-22.440894820965635,0.0],[-42.632429577034941,-22.440874222407249,0.0],[-42.632607630065991,-22.440893090978907,0.0],[-42.63280911132555,-22.440974077273196,0.0],[-42.633018386073218,-22.441120631534606,0.0],[-42.633675253037147,-22.441647458907561,0.0],[-42.633869732250375,-22.441747179848306,0.0],[-42.634064442841826,-22.441815060316006,0.0],[-42.634113412559046,-22.441832721309723,0.0],[-42.634315597574094,-22.441861257887137,0.0],[-42.634378506315642,-22.44185939680256,0.0],[-42.634480600241936,-22.441856376415696,0.0],[-42.63457140544795,-22.441825743764444,0.0],[-42.634631951669924,-22.441761605702506,0.0],[-42.63470086956363,-22.441616308350881,0.0],[-42.634831790059017,-22.441527191476652,0.0],[-42.635035919876294,-22.441452152540322,0.0],[-42.635296965724429,-22.441415718846809,0.0],[-42.63577138604137,-22.441227690842723,0.0]]]}},
{"type":"Feature","properties":{"fid":729,"NOM_LOGRAD":"RUA DORVALINO JOÃO NOGUEIRA","DOC_CRIAç":"Lei nº 742/92 de 20.08.1992","LOCALIDADE":"VALÉRIO","BAIRRO":"VALÉRIO","CEP":null,"NOME ANTIGO":null},"geometry":{"type":"MultiLineString","coordinates":[[[-42.63577138604137,-22.441227690842734,0.0],[-42.63577138604137,-22.441227690842734,0.0],[-42.636098029999225,-22.441106822622796,0.0],[-42.636440179990238,-22.440969991864666,0.0],[-42.636521634369338,-22.440959560992685,0.0],[-42.63660025617164,-22.440984127553026,0.0],[-42.636658487439561,-22.441056508587259,0.0],[-42.636798655612118,-22.441247135718324,0.0],[-42.636862943992497,-22.441374877200008,0.0],[-42.636976075737749,-22.441509836475468,0.0],[-42.637246389475308,-22.441772790615715,0.0],[-42.637675603170464,-22.442128068593696,0.0],[-42.637930834339819,-22.442339887036489,0.0],[-42.638050425139873,-22.442381463448847,0.0]]]}},
{"type":"Feature","properties":{"fid":730,"NOM_LOGRAD":"RUA PEDRO DUARTE","DOC_CRIAç":"Lei nº 1098/97","LOCALIDADE":"VALÉRIO","BAIRRO":"VALÉRIO","CEP":null,"NOME ANTIGO":null},"geometry":{"type":"MultiLineString","coordinates":[[[-42.633042901906357,-22.442029608942793,0.0],[-42.63294654625718,-22.442028195548946,0.0],[-42.632721774767127,-22.441945470374282,0.0],[-42.632561851087765,-22.441891729676961,0.0],[-42.63241724008671,-22.441824196813421,0.0],[-42.632357893370234,-22.441767259333105,0.0],[-42.632353185745615,-22.44174850134948,0.0],[-42.632349509163376,-22.441669019530245,0.0]]]}},
{"type":"Feature","properties":{"fid":731,"NOM_LOGRAD":"RUA 3","DOC_CRIAç":null,"LOCALIDADE":"VALÉRIO","BAIRRO":"VALÉRIO","CEP":0,"NOME ANTIGO":null},"geometry":{"type":"MultiLineString","coordinates":[[[-42.634013801352971,-22.443833204630216,0.0],[-42.633864029906618,-22.443678182207268,0.0],[-42.633754359742625,-22.44359122381195,0.0],[-42.633596494915594,-22.44341603619733,0.0],[-42.633493349710669,-22.443274356592248,0.0],[-42.633414772451047,-22.443182588778217,0.0],[-42.633370824611383,-22.443151703357447,0.0]],[[-42.632315999246273,-22.44356743500148,0.0],[-42.632390855669065,-22.443506372579403,0.0],[-42.632511283962046,-22.443481084730166,0.0],[-42.632615639277446,-22.443460268474222,0.0],[-42.632796525440675,-22.443434772186141,0.0],[-42.632906663146706,-22.443423615112472,0.0],[-42.632974515370869,-22.443390518846325,0.0],[-42.633096459838953,-22.443263863066264,0.0],[-42.633193281326548,-22.443185855367229,0.0],[-42.633239060639397,-22.443153821240148,0.0],[-42.633299676839982,-22.443136021403046,0.0],[-42.633370824611383,-22.443151703357447,0.0]]]}},
{"type":"Feature","properties":{"fid":732,"NOM_LOGRAD":"RUA JOSÉ ARAUJO COSTA","DOC_CRIAç":"Lei nº 870/ de 29.09.1993","LOCALIDADE":"VALÉRIO","BAIRRO":"VALÉRIO","CEP":null,"NOME ANTIGO":null},"geometry":{"type":"MultiLineString","coordinates":[[[-42.635788284875296,-22.440156141420889,0.0],[-42.635684957759324,-22.440150388569748,0.0],[-42.635583827742529,-22.440186284788275,0.0],[-42.635446811096642,-22.440263705244099,0.0],[-42.635253570698985,-22.440396368526272,0.0],[-42.63507492915484,-22.440557278903121,0.0],[-42.634945822618796,-22.440760965140939,0.0],[-42.63491351673823,-22.440827513078208,0.0],[-42.63470582756694,-22.441099111482345,0.0],[-42.634675411472628,-22.441248189561964,0.0],[-42.634585876501099,-22.441333808994457,0.0],[-42.634372116190043,-22.44141548874931,0.0],[-42.634240534140631,-22.441426953239702,0.0],[-42.634101495850693,-22.44134985417702,0.0],[-42.633957321661704,-22.441245496578919,0.0],[-42.633852239962749,-22.441196995376583,0.0],[-42.633695204978686,-22.441110300311788,0.0],[-42.633609929461372,-22.440974596024958,0.0],[-42.63356518473028,-22.440912071364998,0.0],[-42.633261264817222,-22.440594676718153,0.0],[-42.633061264930348,-22.440343536514312,0.0],[-42.63280369831493,-22.440172732231591,0.0],[-42.632675151816912,-22.439994329663079,0.0],[-42.63250701547382,-22.439984209213407,0.0],[-42.632265404141926,-22.440048325809467,0.0],[-42.632069945561575,-22.440138797928633,0.0],[-42.631858240823647,-22.440157326073749,0.0],[-42.631746645154408,-22.440162016921057,0.0],[-42.631656433845549,-22.440162842924291,0.0],[-42.631622341013085,-22.440134855162036,0.0],[-42.631344833931443,-22.439944709495251,0.0],[-42.631197431142461,-22.43986323720787,0.0],[-42.63105386591878,-22.439782776657381,0.0],[-42.630874754496283,-22.439661900950281,0.0],[-42.630747845485061,-22.439553974433814,0.0],[-42.630690305355415,-22.439492214890333,0.0],[-42.63066384461667,-22.439457742240425,0.0]]]}},
{"type":"Feature","properties":{"fid":733,"NOM_LOGRAD":"TRAVESSA DA DOLORES DURAN","DOC_CRIAç":null,"LOCALIDADE":"VALÉRIO","BAIRRO":"VALÉRIO","CEP":null,"NOME ANTIGO":null},"geometry":{"type":"MultiLineString","coordinates":[[[-42.637621486057569,-22.440939679310116,0.0],[-42.637498826368933,-22.440923637962861,0.0],[-42.637461417429186,-22.440905167190518,0.0],[-42.637398007805771,-22.440833501794963,0.0],[-42.63738382819254,-22.440708277660367,0.0],[-42.637382433345387,-22.44053547682314,0.0],[-42.637384151058434,-22.440434089129212,0.0],[-42.637434740635264,-22.440341685514753,0.0],[-42.63747083609281,-22.440287650981489,0.0],[-42.637500637167769,-22.440141099564475,0.0]]]}},
{"type":"Feature","properties":{"fid":734,"NOM_LOGRAD":"RUA DOLORES DURAN","DOC_CRIAç":"Lei nº 1000/95 de 03.07.1995","LOCALIDADE":"VALÉRIO","BAIRRO":"VALÉRIO","CEP":null,"NOME ANTIGO":null},"geometry":{"type":"MultiLineString","coordinates":[[[-42.638254837926496,-22.440219749648456,0.0],[-42.638138183264026,-22.440197328250818,0.0],[-42.638007068186475,-22.440179490670491,0.0],[-42.637836123537163,-22.440130263871929,0.0],[-42.637724007539461,-22.440105374957579,0.0],[-42.63758342056628,-22.440127638390763,0.0],[-42.637500637167769,-22.440141099564475,0.0],[-42.6374292479288,-22.440159179377279,0.0],[-42.637219276191502,-22.440215654265796,0.0],[-42.637151681688607,-22.440220641989516,0.0]]]}},
{"type":"Feature","properties":{"fid":735,"NOM_LOGRAD":"RUA SETE","DOC_CRIAç":"Lei n° 2510 de 03.12.2021","LOCALIDADE":"VALÉRIO","BAIRRO":"VALÉRIO","CEP":null,"NOME ANTIGO":null},"geometry":{"type":"MultiLineString","coordinates":[[[-42.64027770732104,-22.444224062508436,0.0],[-42.640258092056222,-22.444162138315694,0.0],[-42.640233301182612,-22.44412344033903,0.0],[-42.640156401375734,-22.444021705618709,0.0],[-42.639904885311026,-22.443708766794252,0.0],[-42.639845778650752,-22.443598455765667,0.0],[-42.639802506379191,-22.443499694685634,0.0],[-42.63977818195626,-22.443459372182751,0.0],[-42.639726962729988,-22.443420738884203,0.0],[-42.639656385668303,-22.443397640520352,0.0],[-42.639559352381291,-22.44335515685707,0.0],[-42.63947051044773,-22.443285624723107,0.0],[-42.639427888802963,-22.443237693678832,0.0],[-42.639395286175429,-22.443193987434643,0.0],[-42.639341191170054,-22.443098173182268,0.0],[-42.639304294901223,-22.442971208136505,0.0],[-42.639291778090858,-22.442881303867885,0.0],[-42.639295903739736,-22.442795977651592,0.0],[-42.639327027057604,-22.442690958211152,0.0],[-42.639368842033967,-22.442590951043552,0.0],[-42.639513675061529,-22.442359644216122,0.0],[-42.639584366628618,-22.442235513624016,0.0],[-42.639613103133264,-22.442170682222439,0.0],[-42.639618746008694,-22.442148334473472,0.0],[-42.639607859885167,-22.442117588471756,0.0],[-42.639533617466469,-22.442071641867123,0.0],[-42.639452409485308,-22.442048431447908,0.0],[-42.639382708821394,-22.442019271980975,0.0],[-42.639211793300781,-22.441930720797366,0.0],[-42.639124557949977,-22.441877323298577,0.0],[-42.638933775093093,-22.441793702683562,0.0],[-42.638750907258093,-22.441722576871491,0.0],[-42.638711091023019,-22.441705209177748,0.0],[-42.638686565329344,-22.441671161551508,0.0],[-42.63867051414244,-22.441588385759971,0.0],[-42.63865267929954,-22.441501666232902,0.0],[-42.638640352650533,-22.441374652800526,0.0],[-42.638645328129165,-22.44121037281052,0.0],[-42.63862839089272,-22.441070649384567,0.0],[-42.63860547895208,-22.440921050767038,0.0],[-42.638583631013731,-22.440812250050428,0.0],[-42.638570907597391,-22.440734577429442,0.0],[-42.638572903309495,-22.440668539254233,0.0],[-42.638594674215589,-22.440626444210448,0.0],[-42.638617738886389,-22.440589720981205,0.0],[-42.638683784186355,-22.440518360666633,0.0],[-42.63874114137699,-22.440448737342376,0.0],[-42.638781170959561,-22.440390596496854,0.0],[-42.638790626427294,-22.440350360334079,0.0],[-42.638786209138118,-22.440326234120221,0.0],[-42.638777715171308,-22.440306773016463,0.0],[-42.638670338290432,-22.440199744704035,0.0],[-42.638509428439463,-22.440093903397834,0.0],[-42.638446741212022,-22.440035790336342,0.0],[-42.638407824221659,-22.439967853861727,0.0],[-42.638332556577666,-22.439818080782871,0.0],[-42.638282741058958,-22.439696807219249,0.0],[-42.638215300181542,-22.439557900867502,0.0],[-42.638185046933373,-22.439479156030121,0.0],[-42.63816139028863,-22.439417877901001,0.0],[-42.6381749482196,-22.439350136068818,0.0],[-42.638233920183971,-22.439287378693134,0.0],[-42.638360981751255,-22.439245193255811,0.0],[-42.638475900628521,-22.43919467355715,0.0],[-42.638577170956978,-22.43912111594539,0.0],[-42.638612758975668,-22.43906617270671,0.0],[-42.638635216698027,-22.439009406038608,0.0],[-42.638631803416658,-22.43896988763483,0.0],[-42.638614173804292,-22.438930796036757,0.0],[-42.638583002228842,-22.438906278338848,0.0],[-42.638544029347038,-22.438902037651086,0.0],[-42.638417603332762,-22.438906712810841,0.0],[-42.638328340572038,-22.438918864723824,0.0],[-42.638213765106656,-22.438920294542935,0.0],[-42.638066847821129,-22.438920339495493,0.0],[-42.637916931011077,-22.438913251400979,0.0],[-42.637760443997308,-22.438881111654545,0.0]]]}},
{"type":"Feature","properties":{"fid":736,"NOM_LOGRAD":"RUA PASTOR SCYLLA PINTO","DOC_CRIAç":"Lei n° 2.621 de 10.06.2024","LOCALIDADE":"VALÉRIO","BAIRRO":"VALÉRIO","CEP":null,"NOME ANTIGO":null},"geometry":{"type":"MultiLineString","coordinates":[[[-42.633018386073239,-22.441120631534613,0.0],[-42.632919668229896,-22.441242866746638,0.0],[-42.632888329752923,-22.441312490494621,0.0],[-42.632871669350408,-22.441405690693021,0.0],[-42.632898751311231,-22.441470125040453,0.0],[-42.632934276631474,-22.441512815907153,0.0],[-42.632989362158298,-22.441568773178979,0.0],[-42.633090379276538,-22.441636463926812,0.0],[-42.633196371964935,-22.441698450948682,0.0],[-42.633287954168168,-22.441752210357727,0.0],[-42.633357208403538,-22.441819296358826,0.0],[-42.63338656488132,-22.441866449206529,0.0],[-42.633380588680446,-22.441922428323529,0.0],[-42.633354830066367,-22.441959428386067,0.0],[-42.633268772875631,-22.441995544067868,0.0],[-42.633042901906357,-22.442029608942793,0.0]]]}},
{"type":"Feature","properties":{"fid":737,"NOM_LOGRAD":"RUA PROJETADA","DOC_CRIAç":null,"LOCALIDADE":"VALÉRIO","BAIRRO":"VALÉRIO","CEP":null,"NOME ANTIGO":null},"geometry":{"type":"MultiLineString","coordinates":[[[-42.636981603798915,-22.440764833450679,0.0],[-42.636881332340835,-22.440753599163244,0.0],[-42.636816096471037,-22.440714723797679,0.0],[-42.636713413591757,-22.44066363229657,0.0],[-42.636689058439252,-22.440619521728152,0.0],[-42.636668532275408,-22.440534630275017,0.0],[-42.636638743232425,-22.440440852385208,0.0],[-42.636639533997247,-22.440394193156468,0.0],[-42.636616711021176,-22.440259680326214,0.0],[-42.636620269447718,-22.440049713793215,0.0],[-42.636621010781255,-22.440005970764741,0.0]]]}},
{"type":"Feature","properties":{"fid":738,"NOM_LOGRAD":"AVENIDA CASTELO BRANCO","DOC_CRIAç":null,"LOCALIDADE":"VALÉRIO","BAIRRO":"VALÉRIO","CEP":28683870,"NOME ANTIGO":null},"geometry":{"type":"MultiLineString","coordinates":[[[-42.64268007724452,-22.44933675655242,0.0],[-42.642689316911358,-22.449319510517302,0.0],[-42.642535045601392,-22.449237360332077,0.0],[-42.64239467180748,-22.449141448897219,0.0],[-42.642220067915069,-22.449017172375836,0.0],[-42.642089109005113,-22.44892433142741,0.0],[-42.641958299089161,-22.448822693179849,0.0],[-42.641896346515587,-22.448754325720142,0.0],[-42.641856327889478,-22.448695078230536,0.0],[-42.64182646781191,-22.448594915441447,0.0],[-42.641809474479878,-22.448480275088279,0.0],[-42.641838878761902,-22.448234322201142,0.0],[-42.641857876429427,-22.448043946606919,0.0],[-42.641922056041935,-22.447794102278305,0.0],[-42.641946767545939,-22.447639007697536,0.0],[-42.642001805216417,-22.447369964355079,0.0],[-42.642042636904165,-22.447194573445827,0.0],[-42.642063796679622,-22.447062891935978,0.0],[-42.642065433424705,-22.446966122632318,0.0],[-42.642063989925795,-22.446864908618569,0.0],[-42.642031272917329,-22.446747105344603,0.0],[-42.641961097234969,-22.446605289579875,0.0],[-42.641908708611133,-22.446531195702352,0.0],[-42.641846905775772,-22.446454031086894,0.0],[-42.641741087135536,-22.446367423719241,0.0],[-42.641547683446291,-22.446235539117637,0.0],[-42.641400805568999,-22.446151264486051,0.0],[-42.641190786024978,-22.446068999757973,0.0],[-42.640986827878152,-22.4460014890299,0.0],[-42.640857935469541,-22.445973206309585,0.0],[-42.640719480050883,-22.445950649906631,0.0],[-42.640420611212718,-22.445897882816745,0.0],[-42.640297879370593,-22.44587848913427,0.0],[-42.640190920595991,-22.445859326055505,0.0],[-42.640014510928637,-22.445842080196215,0.0],[-42.63985688001835,-22.445833908216283,0.0],[-42.639648775495004,-22.4458249977042,0.0],[-42.639365407443776,-22.445788587648856,0.0],[-42.639185893112554,-22.445768362346929,0.0],[-42.638965294567569,-22.445751935338766,0.0],[-42.638827038486617,-22.445717647768017,0.0],[-42.638653982579484,-22.445688717028769,0.0],[-42.638490489891893,-22.445654059832599,0.0],[-42.638339516335691,-22.445625451967029,0.0],[-42.63822344209602,-22.445585622329947,0.0],[-42.638117030419913,-22.445534201569686,0.0],[-42.63799874566206,-22.445438610096591,0.0],[-42.637890272606263,-22.445322630333592,0.0],[-42.637801075021194,-22.445186400854119,0.0],[-42.637742727830059,-22.445091686716353,0.0],[-42.637714163104398,-22.444915281184102,0.0],[-42.637709518761334,-22.444630700340355,0.0],[-42.637709668164682,-22.444435649900807,0.0],[-42.637724273757911,-22.444318538842079,0.0],[-42.637726658530603,-22.44417778388457,0.0],[-42.637729242012917,-22.444025299344187,0.0],[-42.637730931200856,-22.443925597912269,0.0],[-42.637716648885196,-22.443837395144648,0.0],[-42.637662698848516,-22.443669417324266,0.0],[-42.637642554637239,-22.443554730630879,0.0],[-42.637631228206516,-22.44347830362403,0.0],[-42.637521415796769,-22.443255245147604,0.0],[-42.637429661412405,-22.443083780653115,0.0],[-42.637291235214491,-22.442873502156306,0.0],[-42.637204548134548,-22.442775439811125,0.0],[-42.63708996736387,-22.442647637751659,0.0],[-42.637009937461912,-22.44252914095069,0.0],[-42.636911626612594,-22.442372245824195,0.0],[-42.636627250793424,-22.44202343931385,0.0],[-42.63650079865581,-22.44185146622204,0.0],[-42.636435647521346,-22.441785983297528,0.0],[-42.636370397037624,-22.441726365137438,0.0],[-42.636276706392422,-22.441669263487533,0.0],[-42.636136294848441,-22.441576279940978,0.0],[-42.636070845750758,-22.44152839124752,0.0],[-42.635949361465563,-22.441435684823123,0.0],[-42.635881205437293,-22.441361358321434,0.0],[-42.635841116756197,-22.441306508280189,0.0],[-42.635788154831396,-22.441221485901281,0.0],[-42.635738254110166,-22.441123192308137,0.0],[-42.635717075753597,-22.441008218662191,0.0],[-42.635717175473346,-22.440820458878957,0.0],[-42.635746395289381,-22.440461130692089,0.0],[-42.635757854785474,-22.440330869007717,0.0],[-42.635771984166311,-22.440225012400322,0.0],[-42.635788284875296,-22.440156141420889,0.0],[-42.63580196533232,-22.44009358876686,0.0],[-42.635833026321158,-22.43998941349264,0.0],[-42.635912104089655,-22.439781311308838,0.0],[-42.63600551614428,-22.439546186491917,0.0],[-42.636083586265663,-22.439306536983342,0.0],[-42.636138497133132,-22.439159712195085,0.0],[-42.636224249666917,-22.438921608399131,0.0],[-42.6362756158724,-22.438801964178381,0.0],[-42.636313776169438,-22.438733725050906,0.0],[-42.636468309897481,-22.438531027485872,0.0],[-42.63664958374828,-22.438304653948713,0.0],[-42.637134671495716,-22.437732467537074,0.0],[-42.637413145023721,-22.437411067301305,0.0],[-42.637740065069842,-22.437045820297165,0.0]]]}},
{"type":"Feature","properties":{"fid":739,"NOM_LOGRAD":"RJ-116","DOC_CRIAç":null,"LOCALIDADE":"VALÉRIO","BAIRRO":"VALÉRIO","CEP":28684060,"NOME ANTIGO":null},"geometry":{"type":"MultiLineString","coordinates":[[[-42.638132440825402,-22.438543973346786,0.0],[-42.637955647893975,-22.438676603020554,0.0],[-42.63783188227454,-22.438783439358986,0.0],[-42.637712236792581,-22.4389470217119,0.0],[-42.637544628671876,-22.439242168732726,0.0],[-42.637465144558149,-22.439434681659346,0.0],[-42.637151681688607,-22.44022064198947,0.0],[-42.637098962375525,-22.440352826563593,0.0],[-42.637024557190756,-22.440545413528408,0.0],[-42.636997315076407,-22.440653662380559,0.0],[-42.636979993468437,-22.440776227937473,0.0],[-42.636988153456777,-22.440894442806382,0.0],[-42.637006474102044,-22.441012806458442,0.0],[-42.637039475583414,-22.441164451787191,0.0],[-42.637123320511513,-22.44131447968909,0.0],[-42.637242207885578,-22.441495725449727,0.0],[-42.638050425139831,-22.442381463448847,0.0],[-42.639384902676156,-22.443822609226295,0.0],[-42.639542557150769,-22.44399286290076,0.0],[-42.63989183301571,-22.444373515784093,0.0],[-42.640017325696526,-22.444465103902704,0.0],[-42.640147819079445,-22.44456148889298,0.0],[-42.640339518086179,-22.444644597425057,0.0],[-42.640607024868579,-22.444752433384448,0.0],[-42.641032106921777,-22.444857848946636,0.0],[-42.641664690854839,-22.445013534703548,0.0],[-42.641760341464703,-22.445066894800512,0.0],[-42.642006330274519,-22.445245271443131,0.0],[-42.64236237383529,-22.445526818182312,0.0],[-42.64264836957642,-22.445743569148188,0.0],[-42.642738142063195,-22.445844081107747,0.0],[-42.642856481498995,-22.44605838221884,0.0],[-42.64301307028439,-22.446414956850283,0.0],[-42.643075764001537,-22.446614273449203,0.0],[-42.643107894668454,-22.446817867391189,0.0],[-42.64309334216518,-22.447077465293379,0.0],[-42.643105929929845,-22.447835823390562,0.0],[-42.643111619708016,-22.448100440801689,0.0],[-42.643133429630893,-22.448313331613075,0.0],[-42.643221127994821,-22.448536632611717,0.0],[-42.643305662213379,-22.448646515514156,0.0],[-42.643451403661352,-22.448743120969251,0.0],[-42.643607865423121,-22.448806816096806,0.0],[-42.643744723250173,-22.448827710312241,0.0],[-42.643861338406005,-22.448843584951877,0.0],[-42.644065122623211,-22.448813494204668,0.0],[-42.644238742207968,-22.448764067410085,0.0],[-42.644422363343899,-22.44872423411131,0.0],[-42.644580581225803,-22.448684029709167,0.0],[-42.644824770833864,-22.448668699377333,0.0],[-42.644992192410555,-22.448685314887321,0.0],[-42.645240026675495,-22.448755066090314,0.0],[-42.645447016658821,-22.448836030402898,0.0],[-42.646012539636573,-22.449052131723931,0.0],[-42.646315146015993,-22.449188814215415,0.0],[-42.646516139746403,-22.449324013850344,0.0],[-42.646796750308077,-22.44955957515446,0.0],[-42.64708188447397,-22.449828268855757,0.0],[-42.647256759024707,-22.450005601242033,0.0],[-42.647377420261726,-22.45008294230616,0.0],[-42.64766407095734,-22.450261904340667,0.0],[-42.647881026987271,-22.450354820684549,0.0],[-42.648200072783737,-22.450520026994582,0.0],[-42.648560107473628,-22.450747423147337,0.0]]]}},
{"type":"Feature","properties":{"fid":740,"NOM_LOGRAD":"AVENIDA SENADOR DOUTEL DE ANDRADE","DOC_CRIAç":"Lei nº 577 de 12.08.1991","LOCALIDADE":"PAPUCAIA","BAIRRO":"CENTRO","CEP":28691298,"NOME ANTIGO":null},"geometry":{"type":"MultiLineString","coordinates":[[[-42.748625868998879,-22.603490285999811,0.0],[-42.74839962499879,-22.603359282999783,0.0],[-42.748323100998782,-22.603314972999936,0.0],[-42.748316203089409,-22.60331109553162,0.0],[-42.748193388998736,-22.603242058999772,0.0],[-42.748127268366254,-22.603204891226301,0.0],[-42.748020555998714,-22.60314490599982,0.0],[-42.747593122998857,-22.602914081999796,0.0],[-42.747560406998723,-22.602896413999851,0.0],[-42.747321693685016,-22.602775716805226,0.0],[-42.746997874998719,-22.602611988999897,0.0],[-42.746568187494503,-22.602349793285192,0.0],[-42.746495410998804,-22.602305384999884,0.0],[-42.746008616845288,-22.602013614697604,0.0],[-42.745830855998733,-22.601907069999797,0.0],[-42.745716089605068,-22.601838599130115,0.0],[-42.74534006199876,-22.601614256999806,0.0],[-42.745315186372167,-22.601598532052414,0.0],[-42.744915254513138,-22.601345718022035,0.0],[-42.744861790998563,-22.601311921448119,0.0],[-42.744845872998816,-22.60130185899979,0.0],[-42.744063315998723,-22.600840833999801,0.0],[-42.744031559644647,-22.60082125101448,0.0],[-42.743540721240528,-22.600518568873824,0.0],[-42.743310760038788,-22.600376760188379,0.0],[-42.743272738998861,-22.600353313999943,0.0],[-42.743242493425981,-22.600335461456584,0.0],[-42.742809452998735,-22.600079857999763,0.0],[-42.742787967301268,-22.600066571175354,0.0],[-42.742472874301576,-22.599871716650995,0.0],[-42.742338067998702,-22.599788351999827,0.0],[-42.741886765998657,-22.599514238999774,0.0],[-42.741858529280449,-22.599497088300538,0.0],[-42.741654071998681,-22.599372902999821,0.0],[-42.741030848998747,-22.599026069999731,0.0],[-42.740987181062877,-22.59900176781813,0.0],[-42.74084133099884,-22.598920598999857,0.0],[-42.740347201628104,-22.598647191475983,0.0]]]}},
{"type":"Feature","properties":{"fid":741,"NOM_LOGRAD":"RUA FRANCISCO XAVIER FEITOSA","DOC_CRIAç":"Lei nº 835 de 03.06.1993","LOCALIDADE":"PAPUCAIA","BAIRRO":"SEBASTIÃO MENDES-VENEZA","CEP":null,"NOME ANTIGO":null},"geometry":{"type":"MultiLineString","coordinates":[[[-42.749463186998859,-22.604151263999871,0.0],[-42.749338565843914,-22.604283646043122,0.0],[-42.74931094499879,-22.60431298699983,0.0],[-42.749017224998738,-22.604631311999949,0.0],[-42.74861363999883,-22.605081168999874,0.0],[-42.748423777544467,-22.605287936863622,0.0],[-42.748134818841088,-22.605602624702474,0.0],[-42.748130127567599,-22.605607733521804,0.0],[-42.748107284998859,-22.605632609999855,0.0],[-42.747986334998636,-22.605763111999899,0.0],[-42.747760256998781,-22.606009004999898,0.0],[-42.74765283708853,-22.606127778097836,0.0],[-42.747606050998677,-22.606179508999819,0.0],[-42.747420516998879,-22.606382386999801,0.0],[-42.747268134998698,-22.606535847999883,0.0],[-42.747117278998751,-22.606700301999897,0.0],[-42.746973052998882,-22.606870741999881,0.0],[-42.746865969383222,-22.606982483015805,0.0]]]}},
{"type":"Feature","properties":{"fid":742,"NOM_LOGRAD":"RUA PATRÍCIA DE AGUIAR CABRAL","DOC_CRIAç":"Lei n° 1026 de 25.11.1995","LOCALIDADE":"PAPUCAIA","BAIRRO":"EXPANSÃO-RIBEIRA","CEP":null,"NOME ANTIGO":null},"geometry":{"type":"MultiLineString","coordinates":[[[-42.74432289699881,-22.597900368999923,0.0],[-42.743458911998722,-22.597375329999895,0.0]]]}},
{"type":"Feature","properties":{"fid":743,"NOM_LOGRAD":"AVENIDA PAULO FRANCISCO TORRES","DOC_CRIAç":null,"LOCALIDADE":"PAPUCAIA","BAIRRO":"RIBEIRA","CEP":28692696,"NOME ANTIGO":null},"geometry":{"type":"MultiLineString","coordinates":[[[-42.74432289699881,-22.597900368999923,0.0],[-42.744456036998805,-22.597710521999744,0.0],[-42.74495958899881,-22.596998784999847,0.0],[-42.745479239998744,-22.596251887999852,0.0],[-42.745869518998788,-22.595692548999953,0.0],[-42.746257600631836,-22.595139164100818,0.0],[-42.746371607998853,-22.594977255999908,0.0],[-42.746452524998737,-22.594835563999915,0.0],[-42.746497500353534,-22.5947218297832,0.0],[-42.746508820998763,-22.594693201999949,0.0],[-42.746539798998747,-22.594591286499828,0.0],[-42.74656144248177,-22.594487947834725,0.0],[-42.746572727998732,-22.594303450999838,0.0],[-42.746577273288658,-22.59418519557947,0.0],[-42.74658148199881,-22.594075696999738,0.0],[-42.746581639387493,-22.593978950831094,0.0],[-42.746581640081097,-22.593978938139717,0.0]]]}},
{"type":"Feature","properties":{"fid":744,"NOM_LOGRAD":"AVENIDA PAULO FRANCISCO TORRES","DOC_CRIAç":null,"LOCALIDADE":"PAPUCAIA","BAIRRO":"EXPANSÃO","CEP":28692110,"NOME ANTIGO":null},"geometry":{"type":"MultiLineString","coordinates":[[[-42.74432289699881,-22.597900368999923,0.0],[-42.744265242317432,-22.597937468934592,0.0],[-42.744023818530685,-22.598273274594224,0.0],[-42.743800491614458,-22.598603518376855,0.0],[-42.743785271166622,-22.59862602547814,0.0],[-42.743605178480244,-22.598871519464666,0.0],[-42.7434234124485,-22.59912807462181,0.0],[-42.743357519094424,-22.599233840770616,0.0],[-42.743308827844295,-22.599291352111809,0.0],[-42.742808506658633,-22.600032757820124,0.0],[-42.742787967301325,-22.600066571175407,0.0]]]}},
{"type":"Feature","properties":{"fid":745,"NOM_LOGRAD":"RJ-116","DOC_CRIAç":null,"LOCALIDADE":"PAPUCAIA","BAIRRO":"CENTRO","CEP":28691200,"NOME ANTIGO":null},"geometry":{"type":"MultiLineString","coordinates":[[[-42.741369112998733,-22.60607166999975,0.0],[-42.741318036998756,-22.606248431999894,0.0],[-42.741261825634155,-22.606386270707652,0.0],[-42.74123890399872,-22.606442477999835,0.0],[-42.741144983998787,-22.606632225999853,0.0]]]}},
{"type":"Feature","properties":{"fid":746,"NOM_LOGRAD":"RJ-116","DOC_CRIAç":null,"LOCALIDADE":"JAPUÍBA","BAIRRO":"VILAGE","CEP":28687230,"NOME ANTIGO":null},"geometry":{"type":"MultiLineString","coordinates":[[[-42.703146398121589,-22.574069581986436,0.0],[-42.703140282998667,-22.57406894499988,0.0],[-42.702809414585481,-22.574034412733365,0.0],[-42.702078976998621,-22.573958177999845,0.0],[-42.701961665626179,-22.573944978143533,0.0],[-42.701456348998633,-22.573888119999729,0.0],[-42.700688547998588,-22.573806493999793,0.0],[-42.699812989100039,-22.573710832558302,0.0],[-42.699755376998652,-22.573704537999809,0.0],[-42.699514848998646,-22.573683372999849,0.0],[-42.699115603998663,-22.57363938999984,0.0],[-42.699004909998663,-22.573623791999886,0.0],[-42.698514084998614,-22.573535805999789,0.0],[-42.698385873093436,-22.573505829019059,0.0],[-42.698199467998599,-22.573462245999806,0.0],[-42.698000404998574,-22.573406434999836,0.0],[-42.697700500998543,-22.573322408999804,0.0],[-42.696941266998614,-22.573039546999858,0.0],[-42.696114741998514,-22.572719050999883,0.0],[-42.695490615998636,-22.572473213999803,0.0]]]}},
{"type":"Feature","properties":{"fid":747,"NOM_LOGRAD":"RUA MAESTRO EDUARDO GUIMARÃES","DOC_CRIAç":null,"LOCALIDADE":"JAPUÍBA","BAIRRO":"VILAGE","CEP":null,"NOME ANTIGO":null},"geometry":{"type":"MultiLineString","coordinates":[[[-42.702473532152169,-22.57181664935306,0.0],[-42.702188424386122,-22.57166669109116,0.0],[-42.702139262998621,-22.57162185499978,0.0]]]}},
{"type":"Feature","properties":{"fid":748,"NOM_LOGRAD":"RUA MAESTRO EDUARDO GUIMARÃES","DOC_CRIAç":null,"LOCALIDADE":"JAPUÍBA","BAIRRO":"MARRECA-VILAGE","CEP":null,"NOME ANTIGO":null},"geometry":{"type":"MultiLineString","coordinates":[[[-42.702139262998621,-22.57162185499978,0.0],[-42.701573601998625,-22.571337138999944,0.0],[-42.700499914998645,-22.570775876999864,0.0],[-42.700190888998627,-22.57062124799987,0.0],[-42.699844762998673,-22.570450909999884,0.0],[-42.699506444998562,-22.570284412999872,0.0],[-42.699164160998507,-22.570112422999859,0.0],[-42.698906308807167,-22.569977107720739,0.0],[-42.698826730998562,-22.569935346999856,0.0],[-42.698210194998502,-22.569611796999851,0.0],[-42.697900124998604,-22.569443168999747,0.0],[-42.697508024998491,-22.569229928999754,0.0]]]}},
{"type":"Feature","properties":{"fid":749,"NOM_LOGRAD":"RUA AGENOR CANDIDO DE ALMEIDA","DOC_CRIAç":"Lei n. 795 de 16.12.1992","LOCALIDADE":"JAPUÍBA","BAIRRO":"MARRECA-VILAGE","CEP":28687122,"NOME ANTIGO":null},"geometry":{"type":"MultiLineString","coordinates":[[[-42.697508024998491,-22.569229928999754,0.0],[-42.697459951998646,-22.569563803999781,0.0],[-42.697389949998673,-22.56994840799987,0.0],[-42.697320480998521,-22.570252220999826,0.0],[-42.697308707043284,-22.570296785236479,0.0],[-42.697234463998633,-22.570577793999828,0.0],[-42.697182196998575,-22.570709703999814,0.0],[-42.697143306998647,-22.570766756499854,0.0],[-42.697047828917427,-22.570857109286713,0.0],[-42.696662506998706,-22.571221746999878,0.0],[-42.696569297436071,-22.57131519454693,0.0],[-42.69648625899859,-22.571398444999847,0.0],[-42.696327696998566,-22.571557411999802,0.0],[-42.696114410069612,-22.571788542070138,0.0],[-42.696014480998628,-22.571896830999794,0.0],[-42.695699388509155,-22.572233361232033,0.0],[-42.695612489998695,-22.572326171999883,0.0],[-42.695490615998636,-22.572473213999803,0.0]]]}},
{"type":"Feature","properties":{"fid":750,"NOM_LOGRAD":"RUA MAESTRO EDUARDO GUIMARÃES","DOC_CRIAç":null,"LOCALIDADE":"JAPUÍBA","BAIRRO":"MARRECA","CEP":null,"NOME ANTIGO":null},"geometry":{"type":"MultiLineString","coordinates":[[[-42.697508024998491,-22.569229928999754,0.0],[-42.697461660108651,-22.569200883161237,0.0],[-42.697381351808453,-22.56916781699222,0.0],[-42.6972521070143,-22.569099318166451,0.0],[-42.697065826470954,-22.568996209158705,0.0],[-42.696890505517366,-22.568887442513496,0.0],[-42.696829166047031,-22.568822915332667,0.0],[-42.69676163900133,-22.568750607512211,0.0],[-42.696384752307978,-22.568379118440269,0.0],[-42.696180916250881,-22.568116181081695,0.0],[-42.696108867296545,-22.567978577831202,0.0],[-42.695951272368148,-22.567642608958028,0.0],[-42.695835285555091,-22.567352345430347,0.0],[-42.695809922982079,-22.5672688643435,0.0],[-42.695685919990552,-22.566946057174871,0.0],[-42.695615189508118,-22.56675798451467,0.0],[-42.695394634186613,-22.566198376556226,0.0],[-42.695282126146168,-22.565872936126162,0.0]]]}},
{"type":"Feature","properties":{"fid":751,"NOM_LOGRAD":"RJ-116","DOC_CRIAç":null,"LOCALIDADE":"JAPUÍBA","BAIRRO":"MARRECA","CEP":28686800,"NOME ANTIGO":null},"geometry":{"type":"MultiLineString","coordinates":[[[-42.695490615998636,-22.572473213999803,0.0],[-42.69519549799864,-22.572356968999856,0.0],[-42.694854754998595,-22.572222749999884,0.0],[-42.69390385599862,-22.571856607999866,0.0],[-42.693418131998577,-22.571662530999863,0.0]]]}},
{"type":"Feature","properties":{"fid":752,"NOM_LOGRAD":"RJ-116","DOC_CRIAç":null,"LOCALIDADE":"JAPUÍBA","BAIRRO":"MARRECA-VIRACOPOS","CEP":0,"NOME ANTIGO":null},"geometry":{"type":"MultiLineString","coordinates":[[[-42.693418131998577,-22.571662530999873,0.0],[-42.693119120998531,-22.571547015999794,0.0],[-42.692608902998657,-22.571346983999803,0.0],[-42.691861444998565,-22.57105208999981,0.0],[-42.691626694998675,-22.570948857999806,0.0],[-42.691478741998495,-22.570876774999785,0.0],[-42.691240941998622,-22.570739965999916,0.0],[-42.69105638599855,-22.570609924999722,0.0],[-42.690930987998463,-22.570497848999786,0.0],[-42.690732996998534,-22.570303916999897,0.0],[-42.690678875998522,-22.570241817999836,0.0],[-42.690561820998596,-22.570107509999808,0.0],[-42.690451624998673,-22.569962107999761,0.0],[-42.690332349998528,-22.569771795999849,0.0],[-42.690248147998545,-22.569599893999811,0.0],[-42.690146632998626,-22.56938091099973,0.0],[-42.689953492998434,-22.568929093999728,0.0],[-42.68968794899849,-22.568257829999784,0.0]]]}},
{"type":"Feature","properties":{"fid":753,"NOM_LOGRAD":"RJ-116","DOC_CRIAç":null,"LOCALIDADE":"JAPUÍBA","BAIRRO":"RAPOSO","CEP":28686680,"NOME ANTIGO":null},"geometry":{"type":"MultiLineString","coordinates":[[[-42.688479022999957,-22.558077173999973,0.0],[-42.688477989998553,-22.558030456999756,0.0],[-42.68846170699846,-22.557947039999782,0.0],[-42.688435295998488,-22.557811718999879,0.0],[-42.688388329998538,-22.557625995999807,0.0],[-42.68833091599857,-22.557420331999893,0.0],[-42.688278889998514,-22.557307236999772,0.0],[-42.68819188399857,-22.557134171999749,0.0],[-42.688058250998559,-22.556940573999803,0.0],[-42.687895691998669,-22.556746532999746,0.0],[-42.687746622998588,-22.556559593999808,0.0]]]}},
{"type":"Feature","properties":{"fid":754,"NOM_LOGRAD":"AVENIDA MARECHAL FLORIANO PEIXOTO","DOC_CRIAç":null,"LOCALIDADE":"JAPUÍBA","BAIRRO":"RAPOSO","CEP":0,"NOME ANTIGO":null},"geometry":{"type":"MultiLineString","coordinates":[[[-42.689105097,-22.559033010999901,0.0],[-42.689064271653208,-22.558974354260368,0.0],[-42.689025375999961,-22.558918469999949,0.0],[-42.68892341043906,-22.558771147355937,0.0],[-42.688711735999938,-22.558477055,0.0],[-42.688605131974484,-22.558293872906447,0.0],[-42.688479022999957,-22.558077173999955,0.0]]]}},
{"type":"Feature","properties":{"fid":755,"NOM_LOGRAD":"RJ-116","DOC_CRIAç":null,"LOCALIDADE":"JAPUÍBA","BAIRRO":"VIRACOPOS","CEP":28686800,"NOME ANTIGO":null},"geometry":{"type":"MultiLineString","coordinates":[[[-42.68968794899849,-22.568257829999784,0.0],[-42.689502363998606,-22.567807528999836,0.0],[-42.689394443474328,-22.567539104937751,0.0],[-42.68921944699855,-22.567103846999792,0.0],[-42.689161030559831,-22.566958551722475,0.0],[-42.689088408998607,-22.566777924999734,0.0],[-42.689059376998507,-22.566703453999779,0.0],[-42.688894273155654,-22.566279954217368,0.0],[-42.688829910998606,-22.566114861249805,0.0],[-42.688805666982041,-22.566052674278481,0.0],[-42.688743479998607,-22.565893159999824,0.0],[-42.688626954498595,-22.565617411499787,0.0],[-42.688510429998644,-22.565341662999817,0.0],[-42.688472252998508,-22.565251318999824,0.0],[-42.688439063998601,-22.565172779999809,0.0],[-42.68833914799859,-22.564936335999864,0.0],[-42.688172121998548,-22.564502419999847,0.0],[-42.688016731998566,-22.564133306999704,0.0],[-42.687911437998594,-22.56388318999986,0.0],[-42.687786314998498,-22.563601850999774,0.0],[-42.687737516998588,-22.563430942999755,0.0],[-42.687672114998463,-22.563201878999806,0.0],[-42.687664227998539,-22.563174255999812,0.0],[-42.687657572998539,-22.563135789999841,0.0],[-42.687602513998563,-22.562817543999881,0.0],[-42.687596694936637,-22.56270442239402,0.0],[-42.687594726998547,-22.562666165999893,0.0],[-42.687621570998544,-22.56242059899991,0.0],[-42.68763720399852,-22.562329199999816,0.0],[-42.68764996999851,-22.562254561999762,0.0],[-42.68770727799847,-22.561919498999725,0.0],[-42.687863765998593,-22.561191384999823,0.0],[-42.687976762998574,-22.5606869639998,0.0],[-42.688099178998584,-22.560140486999799,0.0],[-42.68827028999852,-22.55937343299976,0.0],[-42.688285763998515,-22.559304070999787,0.0],[-42.688438584998501,-22.558583604999868,0.0],[-42.688472045998488,-22.55835936899987,0.0],[-42.688479022999957,-22.558077173999973,0.0]]]}},
{"type":"Feature","properties":{"fid":756,"NOM_LOGRAD":"RUA JOSÉ DA COSTA RAMOS","DOC_CRIAç":"Del. N. 323/66 de 02.02.1966","LOCALIDADE":"JAPUÍBA","BAIRRO":"CENTRO-RAPOSO","CEP":null,"NOME ANTIGO":null},"geometry":{"type":"MultiLineString","coordinates":[[[-42.692128829998595,-22.556952724999761,0.0],[-42.692013445998683,-22.556976352999829,0.0],[-42.691295514998622,-22.557491607999761,0.0],[-42.690535241998539,-22.558031320999724,0.0],[-42.690485534998473,-22.558066608999876,0.0],[-42.690111867998567,-22.558310434999854,0.0],[-42.68970638099848,-22.558618414999806,0.0],[-42.68910509699964,-22.559033010999844,0.0]]]}},
{"type":"Feature","properties":{"fid":757,"NOM_LOGRAD":"RUA ANTONIO JOSÉ DE LIMA","DOC_CRIAç":null,"LOCALIDADE":"JAPUÍBA","BAIRRO":"CENTRO-RAPOSO","CEP":0,"NOME ANTIGO":null},"geometry":{"type":"MultiLineString","coordinates":[[[-42.692128829998595,-22.556952724999825,0.0],[-42.692197626998578,-22.557145180999864,0.0]]]}},
{"type":"Feature","properties":{"fid":758,"NOM_LOGRAD":"RJ-116","DOC_CRIAç":null,"LOCALIDADE":"VALÉRIO","BAIRRO":"TUIM-VALÉRIO","CEP":28680846,"NOME ANTIGO":null},"geometry":{"type":"MultiLineString","coordinates":[[[-42.649468598322962,-22.451757533683349,0.0],[-42.649437520158791,-22.451718201597721,0.0],[-42.649211208276341,-22.45143751784747,0.0],[-42.649075193050372,-22.451268823996148,0.0],[-42.649044579338039,-22.451230855121707,0.0],[-42.648955449976285,-22.451120311396156,0.0],[-42.648869932527617,-22.451014247387558,0.0],[-42.64873693861918,-22.450849299609736,0.0]]]}},
{"type":"Feature","properties":{"fid":759,"NOM_LOGRAD":"RJ-116","DOC_CRIAç":null,"LOCALIDADE":"VALÉRIO","BAIRRO":"TOCAS-VALÉRIO","CEP":0,"NOME ANTIGO":null},"geometry":{"type":"MultiLineString","coordinates":[[[-42.648560107473628,-22.450747423147337,0.0],[-42.64873693861918,-22.450849299609736,0.0]]]}},
{"type":"Feature","properties":{"fid":760,"NOM_LOGRAD":"RJ-116","DOC_CRIAç":null,"LOCALIDADE":"PAPUCAIA","BAIRRO":"RIBEIRA","CEP":28692464,"NOME ANTIGO":null},"geometry":{"type":"MultiLineString","coordinates":[[[-42.73514439847105,-22.599480490512665,0.0],[-42.735144390487626,-22.59948046639116,0.0],[-42.734564974998761,-22.599004645999884,0.0],[-42.734278553998763,-22.598766049999856,0.0],[-42.733741330998726,-22.598298746999863,0.0],[-42.733015234998788,-22.597676562999801,0.0],[-42.732922339053005,-22.597597970513768,0.0],[-42.732710867291409,-22.597419059676131,0.0],[-42.732046739998673,-22.596857189999849,0.0],[-42.731544362998754,-22.596441925999876,0.0],[-42.731235454998675,-22.596179122999878,0.0],[-42.730825173998753,-22.595830074999888,0.0],[-42.730120590998737,-22.595218549999888,0.0],[-42.729575355998733,-22.594765937999814,0.0],[-42.729066344998706,-22.594327946999758,0.0],[-42.728707588998681,-22.593998155999795,0.0],[-42.728442006998741,-22.593728697999815,0.0],[-42.728279549998696,-22.593550555999833,0.0],[-42.727899683998636,-22.593088581999876,0.0],[-42.727512932998685,-22.592609795999778,0.0],[-42.727083703998716,-22.592090520999797,0.0],[-42.726815916173535,-22.591766375719402,0.0],[-42.726696524998744,-22.591621857999861,0.0],[-42.726388824998736,-22.591242187999875,0.0],[-42.726088090998729,-22.590871109999881,0.0],[-42.725507005998708,-22.590175552999792,0.0],[-42.725078441998754,-22.589647887999849,0.0],[-42.724595567998698,-22.589052250999856,0.0],[-42.724210959998594,-22.588578458999816,0.0]]]}},
{"type":"Feature","properties":{"fid":761,"NOM_LOGRAD":"RJ-116","DOC_CRIAç":null,"LOCALIDADE":"PAPUCAIA-GRANADA","BAIRRO":"RIBEIRA-GRANADA","CEP":28691090,"NOME ANTIGO":null},"geometry":{"type":"MultiLineString","coordinates":[[[-42.737030914686173,-22.601136255106638,0.0],[-42.736923726633741,-22.601042018189368,0.0],[-42.736362144842367,-22.60054828055334,0.0],[-42.735709608842406,-22.599963979553227,0.0],[-42.73514439847105,-22.599480490512665,0.0]]]}},
{"type":"Feature","properties":{"fid":762,"NOM_LOGRAD":"RUA ATALIBA NOGUEIRA","DOC_CRIAç":null,"LOCALIDADE":"GUAPIAÇU","BAIRRO":"","CEP":0,"NOME ANTIGO":null},"geometry":{"type":"MultiLineString","coordinates":[[[-42.75847917676537,-22.442191012975339,0.0],[-42.758406243498101,-22.442036396482457,0.0],[-42.758295452361864,-22.441966029139166,0.0],[-42.757979547905833,-22.441816311387509,0.0],[-42.757477993437732,-22.44157227145228,0.0],[-42.756795280490117,-22.441230914978476,0.0]]]}},
{"type":"Feature","properties":{"fid":763,"NOM_LOGRAD":"AVENIDA FRANCISCO DORNELLES","DOC_CRIAç":"","LOCALIDADE":"SEDE","BAIRRO":"BETEL","CEP":28682320,"NOME ANTIGO":null},"geometry":{"type":"MultiLineString","coordinates":[[[-42.669439432586088,-22.491936882173345,0.0],[-42.668983797631917,-22.491764229134265,0.0],[-42.668297869308809,-22.491491532524691,0.0],[-42.668037651646827,-22.491322770996167,0.0],[-42.66777825453191,-22.491111150782277,0.0],[-42.667736274172725,-22.491070728251682,0.0],[-42.665803252581462,-22.489209403007703,0.0],[-42.664413041883464,-22.487871991145013,0.0],[-42.66255593081415,-22.486124581250191,0.0],[-42.662066442352653,-22.485663997028229,0.0],[-42.662026483402308,-22.485626397460262,0.0],[-42.661966184999777,-22.485567770102179,0.0],[-42.661693699437066,-22.485302835061741,0.0],[-42.661044921884653,-22.484705007440475,0.0],[-42.660366091890921,-22.484075504780076,0.0],[-42.659977890576172,-22.483710359227267,0.0],[-42.659636469449687,-22.48341610958288,0.0],[-42.659123018626637,-22.482973594726079,0.0],[-42.659023127680321,-22.482868218909008,0.0],[-42.658928477707732,-22.48275347148622,0.0],[-42.658859396405951,-22.482629647801815,0.0],[-42.658795556040396,-22.482496452545085,0.0],[-42.658761770283142,-22.482389675100496,0.0],[-42.658743905643639,-22.482242976268321,0.0],[-42.658728504025554,-22.481949873943094,0.0],[-42.658738355817093,-22.481364259946524,0.0],[-42.658744393850661,-22.481005335215976,0.0],[-42.658769249712002,-22.480736436979058,0.0],[-42.658801925541511,-22.480607005864194,0.0],[-42.658824556772402,-22.480470343038565,0.0],[-42.658857431065925,-22.480329105162028,0.0],[-42.658959626014223,-22.47999519647669,0.0],[-42.658987418190605,-22.479853884723063,0.0],[-42.658964041492936,-22.479690670663679,0.0],[-42.658963555327219,-22.47968878669279,0.0]],[[-42.657465413101711,-22.475921230405394,0.0],[-42.657415474317069,-22.475660602963121,0.0]]]}},
{"type":"Feature","properties":{"fid":764,"NOM_LOGRAD":"RUA SEM NOME 1","DOC_CRIAç":null,"LOCALIDADE":"JAPUÍBA","BAIRRO":"VIRACOPOS","CEP":null,"NOME ANTIGO":null},"geometry":{"type":"MultiLineString","coordinates":[[[-42.686199998751349,-22.564568443385465,0.0],[-42.686003921877173,-22.564618687586844,0.0],[-42.685879573229094,-22.564648379513649,0.0],[-42.685777769337463,-22.564668412945487,0.0],[-42.685764825592457,-22.564629206979756,0.0],[-42.68574995498777,-22.564595548901259,0.0],[-42.685734066023436,-22.564579235130953,0.0],[-42.685722217785326,-22.564576377024881,0.0],[-42.685707744872758,-22.564581802275264,0.0],[-42.685471904533898,-22.564842373155205,0.0],[-42.685436611164015,-22.564876503079546,0.0],[-42.685405035411861,-22.564919047520949,0.0],[-42.685390333848758,-22.56495227963477,0.0],[-42.68538063565731,-22.564993944795098,0.0]]]}},
{"type":"Feature","properties":{"fid":765,"NOM_LOGRAD":"CMU-205","DOC_CRIAç":null,"LOCALIDADE":"GUAPIAÇU","BAIRRO":"","CEP":1,"NOME ANTIGO":null},"geometry":{"type":"MultiLineString","coordinates":[[[-42.766069450228017,-22.454273778671872,0.0],[-42.765975799920746,-22.454142671818065,0.0],[-42.765830426057015,-22.45385708986457,0.0],[-42.765644466401312,-22.45352288319182,0.0],[-42.765574249252182,-22.453387335693098,0.0],[-42.765412366642799,-22.45316400597639,0.0],[-42.765147093294203,-22.452939243787863,0.0],[-42.76492722945946,-22.452784800933628,0.0],[-42.764743129121619,-22.452657287709989,0.0],[-42.76448773450187,-22.452461498908008,0.0],[-42.764303712089912,-22.452329180069672,0.0],[-42.764139905667236,-22.452225978695807,0.0],[-42.76398643855061,-22.452122920481695,0.0],[-42.763729041543499,-22.452052065157844,0.0],[-42.763259154737661,-22.452011907053041,0.0],[-42.762841156321976,-22.451960451579978,0.0],[-42.762574038411195,-22.451851009740231,0.0],[-42.762374047410106,-22.451747304828235,0.0],[-42.762160168315894,-22.451542476010523,0.0],[-42.761961721168888,-22.451342667273202,0.0],[-42.761697112992138,-22.451077056169865,0.0],[-42.761448438657844,-22.450785231480928,0.0],[-42.761193592586977,-22.450555801909619,0.0],[-42.761056564179924,-22.450395294434088,0.0],[-42.760903371662465,-22.450275415533781,0.0],[-42.760812019758767,-22.450168410425796,0.0],[-42.760741886085263,-22.450028056126197,0.0],[-42.760693819722732,-22.449801495842454,0.0],[-42.760728232655808,-22.449590499073846,0.0],[-42.760704855624965,-22.449436375025652,0.0],[-42.76082699397751,-22.449236208276687,0.0],[-42.760911556885247,-22.449122032201696,0.0],[-42.761027174646685,-22.449005883923288,0.0],[-42.761262189955993,-22.448860151815378,0.0],[-42.761460787563642,-22.448728332761839,0.0],[-42.761726123950766,-22.448626276761139,0.0],[-42.761928655900604,-22.448571411499266,0.0],[-42.762234112659584,-22.448546811006707,0.0],[-42.762498368503628,-22.448512026064297,0.0],[-42.762743334784943,-22.44839046083856,0.0],[-42.76301746309155,-22.448062631095695,0.0],[-42.763339193632561,-22.447668173273588,0.0],[-42.763566717828944,-22.447344502569003,0.0],[-42.763664082550441,-22.447076702403056,0.0],[-42.763791692099346,-22.446857383777662,0.0],[-42.763857662294726,-22.446826371232817,0.0],[-42.763913669488723,-22.446666824440012,0.0],[-42.763938046019689,-22.446436462459701,0.0],[-42.764065147365358,-22.445926358582241,0.0],[-42.764066457390669,-22.445844670544705,0.0],[-42.764020051410753,-22.445681263849199,0.0],[-42.763995958977738,-22.44559642842621,0.0],[-42.763799261048121,-22.445095999572914,0.0],[-42.763771289602609,-22.444905765199128,0.0],[-42.763721535044141,-22.444727477491721,0.0],[-42.763599305865576,-22.444345857107013,0.0],[-42.763232155190522,-22.44305990372402,0.0],[-42.762620854024185,-22.44087900648384,0.0],[-42.762253564505343,-22.439602662198062,0.0],[-42.762117108298028,-22.439124626482734,0.0],[-42.76204112902424,-22.439078567385877,0.0],[-42.761784829971432,-22.438875533840346,0.0],[-42.761555135523594,-22.438696161422627,0.0],[-42.761407927765404,-22.43858124065396,0.0],[-42.761250433509083,-22.438466774324269,0.0],[-42.760773158865121,-22.438101807264847,0.0],[-42.760351730075364,-22.437780018164993,0.0],[-42.760123266440694,-22.437604244470485,0.0],[-42.760042813994751,-22.437528533592857,0.0],[-42.759875457550976,-22.437352949355752,0.0],[-42.759692867947429,-22.437201104293049,0.0],[-42.759593980598716,-22.437117909386139,0.0],[-42.759513222060328,-22.437026007430546,0.0],[-42.759359173275577,-22.436857238168429,0.0],[-42.759285988516275,-22.436773802658724,0.0],[-42.759163998373893,-22.436609061749003,0.0],[-42.759084564194048,-22.436434758467648,0.0],[-42.759061106013249,-22.436375305727591,0.0],[-42.759015570256977,-22.436250446978665,0.0],[-42.758947093655586,-22.436113922089007,0.0],[-42.758866885579806,-22.435747892994495,0.0],[-42.75882878483268,-22.435545544303981,0.0]]]}},
{"type":"Feature","properties":{"fid":766,"NOM_LOGRAD":"RUA MARIO GOMES","DOC_CRIAç":"Lei 2.593 de 27/11/2023","LOCALIDADE":"BOA VISTA","BAIRRO":"BOA VISTA","CEP":null,"NOME ANTIGO":null},"geometry":{"type":"MultiLineString","coordinates":[[[-42.635368464019521,-22.480035280630048,0.0],[-42.635164879331043,-22.480280882781628,0.0],[-42.635006915411736,-22.48050072386209,0.0],[-42.634887742031992,-22.480706801221032,0.0],[-42.634822900195402,-22.48089217663539,0.0],[-42.634811903099028,-22.481085508751857,0.0],[-42.634753674572309,-22.481335479016678,0.0],[-42.63471930508431,-22.481542800896129,0.0],[-42.634692157936499,-22.481778894474104,0.0],[-42.634710902813801,-22.482037160951759,0.0],[-42.634751558765679,-22.482367413305884,0.0],[-42.634809217110977,-22.482604751687703,0.0],[-42.634843137876537,-22.482877573760753,0.0],[-42.634808037258836,-22.483127883428562,0.0],[-42.634804749307889,-22.483321328646138,0.0],[-42.634786407330523,-22.483493053607859,0.0],[-42.634644954124354,-22.483648638499162,0.0],[-42.634442553965258,-22.483760329935549,0.0],[-42.63419426085251,-22.483849847994307,0.0],[-42.633976806180939,-22.48393981848648,0.0],[-42.633814293708156,-22.483973264145039,0.0],[-42.633658516137885,-22.484064139906902,0.0],[-42.63348358046413,-22.484072320295169,0.0],[-42.633341626931788,-22.48410606741075,0.0],[-42.633277074884532,-22.484123035290118,0.0]]]}},
{"type":"Feature","properties":{"fid":767,"NOM_LOGRAD":"RUA BENEDITO DE SOUZA","DOC_CRIAç":"Lei 2003 de 25.03.2014","LOCALIDADE":"BOCA DO MATO","BAIRRO":"BOCA DO MATO","CEP":null,"NOME ANTIGO":null},"geometry":{"type":"MultiLineString","coordinates":[[[-42.630010007583003,-22.423003299468981,0.0],[-42.630150392177633,-22.423088490758012,0.0],[-42.63023839842473,-22.423171479937572,0.0],[-42.63033227933709,-22.423295881835347,0.0],[-42.630390583060894,-22.42340233677891,0.0],[-42.630404653446838,-22.423503576688613,0.0],[-42.630401668902699,-22.423633962331298,0.0],[-42.630391651322427,-22.423769977920148,0.0],[-42.630382412246831,-22.423860139633849,0.0],[-42.630408987281179,-22.42392932758403,0.0],[-42.63044500458782,-22.423987187776063,0.0],[-42.630510184418533,-22.424052642377241,0.0]]]}},
{"type":"Feature","properties":{"fid":768,"NOM_LOGRAD":"CMU-003 - Estrada São José da Boa Morte","DOC_CRIAç":null,"LOCALIDADE":"SÃO JOSÉ DA BOA MORTE","BAIRRO":"","CEP":1,"NOME ANTIGO":null},"geometry":{"type":"MultiLineString","coordinates":[[[-42.845320104999118,-22.565259769999926,0.0],[-42.845707552675378,-22.566054179697769,0.0],[-42.845855367045843,-22.566282650816216,0.0],[-42.846080790525932,-22.566387202445259,0.0],[-42.846252621548636,-22.566416648997322,0.0],[-42.846675172049729,-22.566559178460111,0.0],[-42.847157832289987,-22.566885855279939,0.0],[-42.848099874583291,-22.567413935709101,0.0],[-42.848291189190533,-22.567549265280061,0.0],[-42.848464716929449,-22.567746838712015,0.0],[-42.848823983339294,-22.568438928235988,0.0],[-42.849048806845047,-22.568582517964714,0.0],[-42.849484790422025,-22.568666453865347,0.0],[-42.8516131824531,-22.569155717128083,0.0],[-42.852006405535427,-22.569285934618954,0.0],[-42.85515901919316,-22.572061555202279,0.0],[-42.855535145439774,-22.57275385733838,0.0],[-42.855800089457091,-22.573022934182969,0.0],[-42.856217033565208,-22.573300087653294,0.0],[-42.85653355296207,-22.573509072213358,0.0],[-42.856806391163907,-22.573652041683342,0.0],[-42.857072811940377,-22.573671076849944,0.0],[-42.857365309338419,-22.573620794721229,0.0],[-42.857812410453356,-22.573463587822477,0.0],[-42.858164240884264,-22.573499642549894,0.0],[-42.859190576616989,-22.57402097455061,0.0],[-42.859807219230333,-22.574388452207998,0.0],[-42.860709344769866,-22.575329861882448,0.0],[-42.861446508033048,-22.576069003609,0.0],[-42.86166144916556,-22.576303172625611,0.0],[-42.862068627784794,-22.576620993796475,0.0],[-42.862567960361325,-22.576894862297646,0.0],[-42.86273634145028,-22.576950090887884,0.0],[-42.862885881819452,-22.577069231076674,0.0],[-42.863355611611333,-22.578239175388909,0.0],[-42.863730852581924,-22.578447227519316,0.0],[-42.864200512317147,-22.578531573778982,0.0],[-42.864497550727314,-22.57856040096388,0.0],[-42.865911593340627,-22.578827668975876,0.0],[-42.867278929683685,-22.579574931195783,0.0],[-42.868284655437094,-22.579827628258183,0.0],[-42.868602011384702,-22.57997242098563,0.0],[-42.868926094486625,-22.580226643136982,0.0],[-42.869149397737999,-22.580471717596929,0.0],[-42.869304785250165,-22.580815807140787,0.0],[-42.869514894743212,-22.581308428869409,0.0],[-42.869773915993342,-22.581887225819688,0.0],[-42.870053580383001,-22.582134885204763,0.0],[-42.870835836225275,-22.582523320028137,0.0],[-42.871065682913247,-22.582821822975514,0.0],[-42.871135507765644,-22.583255607014941,0.0],[-42.871220556340333,-22.583640267161805,0.0],[-42.871523116653542,-22.584110786866752,0.0],[-42.871787885266997,-22.584316449991984,0.0],[-42.872151968723493,-22.584505613587545,0.0],[-42.874336198656415,-22.585213244948974,0.0],[-42.874517977946233,-22.585371154379594,0.0],[-42.874663767326737,-22.585691865747652,0.0],[-42.874669902832593,-22.586314287231346,0.0],[-42.874658297838245,-22.586593712378797,0.0],[-42.874607253658624,-22.587191724323063,0.0],[-42.874653543703182,-22.58744891740935,0.0],[-42.87482432982344,-22.587777734747043,0.0],[-42.875097720303927,-22.587967956867956,0.0],[-42.875338819054548,-22.588079999628057,0.0],[-42.875915487947722,-22.588149830564586,0.0],[-42.876433081167875,-22.588249978841809,0.0],[-42.876706117333853,-22.58846351923124,0.0],[-42.876949723657255,-22.588979694361381,0.0],[-42.877173063245515,-22.589682620007725,0.0],[-42.877324731130052,-22.590166685784542,0.0],[-42.87762839810739,-22.590567233954783,0.0],[-42.877820108651676,-22.59062419428842,0.0],[-42.878020548352801,-22.590657944257028,0.0],[-42.879122606061557,-22.59064968603759,0.0],[-42.879804277668221,-22.59064263352494,0.0],[-42.880012494413599,-22.590715359631258,0.0],[-42.880519706407433,-22.590947536477021,0.0],[-42.881815439092108,-22.591633302508516,0.0],[-42.88224024989686,-22.591778860049818,0.0],[-42.882591857414141,-22.59178349769671,0.0],[-42.883338476000525,-22.591692265449606,0.0],[-42.883738887128153,-22.591790846290216,0.0],[-42.884037888839003,-22.591950291184574,0.0],[-42.884841859788722,-22.592489598625921,0.0],[-42.885447885153575,-22.592831915360378,0.0],[-42.885815764536027,-22.5928678612242,0.0],[-42.886293425858504,-22.592843050103085,0.0],[-42.887385898791329,-22.592585297915345,0.0],[-42.887767319073241,-22.592831348017082,0.0],[-42.888138234218644,-22.59321721280832,0.0],[-42.887856392254768,-22.593578939612414,0.0],[-42.887490119265692,-22.593986206010882,0.0],[-42.887056751092054,-22.594400363519966,0.0],[-42.887059070716333,-22.594796929306565,0.0],[-42.886988179893649,-22.595052577825602,0.0],[-42.886791236340429,-22.595337667757878,0.0],[-42.886657646684249,-22.595624932794017,0.0],[-42.886615727783493,-22.595864070745122,0.0],[-42.886685163526316,-22.596075093507238,0.0],[-42.886742793434813,-22.596316705105274,0.0],[-42.886720826825751,-22.596658524640336,0.0],[-42.88621964304982,-22.598222515199065,0.0],[-42.886220296993187,-22.598727911477017,0.0],[-42.886347244387068,-22.599188319733138,0.0],[-42.886363511867373,-22.599339973129734,0.0],[-42.886339453762524,-22.599501310524847,0.0],[-42.886292916101056,-22.60000399968003,0.0],[-42.8863639058074,-22.600462785855154,0.0],[-42.886422893349739,-22.600814331523921,0.0],[-42.886474132025683,-22.601021881782533,0.0],[-42.886542657907448,-22.601196893156128,0.0],[-42.886591325257029,-22.601301620668547,0.0],[-42.886614801882651,-22.60140777339597,0.0],[-42.886594091499965,-22.601562308829877,0.0],[-42.886543193342554,-22.601710062979091,0.0],[-42.886465112127972,-22.601887864175247,0.0],[-42.88635731297677,-22.602042900029907,0.0],[-42.886240530909014,-22.60217795344446,0.0],[-42.886157090433478,-22.602250789273931,0.0],[-42.886092215538952,-22.602345172860428,0.0],[-42.885977798624808,-22.602542337131123,0.0],[-42.885856429280729,-22.60281286999497,0.0],[-42.885768881865999,-22.603013845840778,0.0],[-42.885716176488287,-22.603223107356573,0.0],[-42.885661190597069,-22.603533390487669,0.0],[-42.885664565081569,-22.603657834766551,0.0],[-42.885744765083494,-22.603814873735367,0.0],[-42.885928687455682,-22.604112278537659,0.0],[-42.886092850633936,-22.604511847806211,0.0],[-42.886262215459645,-22.604754237523352,0.0],[-42.886335720164865,-22.604869683508245,0.0],[-42.886364258166871,-22.604945247362156,0.0],[-42.886372383059772,-22.605031820537413,0.0],[-42.886344514308895,-22.605265789276135,0.0],[-42.88631755501936,-22.605516935017761,0.0],[-42.886430968824264,-22.605767234906036,0.0],[-42.886572911083135,-22.606052710529859,0.0],[-42.886621598819296,-22.606122822150549,0.0],[-42.886738154557783,-22.606179495039122,0.0],[-42.887021098567345,-22.606299762446444,0.0],[-42.88727084378683,-22.606384504549165,0.0],[-42.887516960771876,-22.606489077593103,0.0],[-42.887640964415006,-22.606541006437055,0.0],[-42.887774372467007,-22.606632419627907,0.0],[-42.887816752065859,-22.606696202721494,0.0],[-42.88782336108455,-22.60679007407618,0.0],[-42.887862547915866,-22.606967482336799,0.0],[-42.887897412257658,-22.607055262796703,0.0],[-42.887975831729285,-22.607157655857286,0.0],[-42.888051821686652,-22.607211828396458,0.0],[-42.888405665434021,-22.607285407644181,0.0],[-42.888808061459905,-22.607352557962194,0.0],[-42.889043626433129,-22.607418866616939,0.0],[-42.88927277966534,-22.607598821679787,0.0],[-42.8893673759571,-22.607767985991131,0.0],[-42.889484380665749,-22.608149224669216,0.0],[-42.889564409199672,-22.608413167249338,0.0],[-42.889743863532537,-22.608726535439065,0.0],[-42.889813482741765,-22.608871599082399,0.0],[-42.889823557927322,-22.608991940313174,0.0],[-42.889828609842759,-22.609209712318815,0.0],[-42.8897913309088,-22.609527323456739,0.0],[-42.889847903941693,-22.609623305698207,0.0],[-42.889938356198414,-22.609700993144255,0.0],[-42.89014867324304,-22.609795201957024,0.0],[-42.890351891043395,-22.609852991206594,0.0],[-42.890665890418518,-22.609884688589588,0.0],[-42.89095843265855,-22.609907331368404,0.0],[-42.891037687050726,-22.60992908192997,0.0],[-42.89140527898256,-22.610707728905982,0.0],[-42.891467396859589,-22.610961641726085,0.0],[-42.891503352351577,-22.611202455389815,0.0],[-42.891513295766771,-22.611550509023115,0.0],[-42.891491035786011,-22.611851208173487,0.0],[-42.8914416200153,-22.612082388629059,0.0],[-42.89140697865804,-22.612229803219659,0.0],[-42.891329529421874,-22.61244056500195,0.0],[-42.891300935267893,-22.612545452461092,0.0],[-42.89125834963162,-22.612682737498002,0.0],[-42.891204356738562,-22.612859972871558,0.0],[-42.891136868962505,-22.613037030819751,0.0],[-42.891068299029904,-22.613196530619003,0.0],[-42.890943662439156,-22.613315192996673,0.0],[-42.890830547626358,-22.613386387647697,0.0],[-42.890693714606726,-22.613446567011824,0.0],[-42.890534335992577,-22.613515325141936,0.0],[-42.890300352207248,-22.613581653518406,0.0],[-42.889780871111149,-22.613713223876456,0.0],[-42.889487585434736,-22.613809993543754,0.0],[-42.889340237513871,-22.613929443754493,0.0],[-42.8891444230972,-22.614121725906234,0.0],[-42.888981271347902,-22.614367076375341,0.0],[-42.888853331316675,-22.614613513011815,0.0],[-42.888692276109886,-22.614907132713018,0.0],[-42.888582414079131,-22.615118719275738,0.0],[-42.888497242794884,-22.615329599505884,0.0],[-42.888442915019162,-22.615529718020248,0.0],[-42.888390914584718,-22.615726474108701,0.0],[-42.888293511055814,-22.616155113832917,0.0],[-42.888197327286626,-22.616470792494127,0.0],[-42.888039045157548,-22.617289510098171,0.0],[-42.888138649280314,-22.617351930780007,0.0],[-42.888331133665197,-22.617431200202766,0.0],[-42.888611440721704,-22.617548925214638,0.0],[-42.888718521755706,-22.617607978797995,0.0],[-42.888826550624209,-22.617693360571376,0.0],[-42.888976015110138,-22.617828372173193,0.0],[-42.889012157630219,-22.61794452260439,0.0],[-42.888993240462476,-22.618091344918341,0.0],[-42.888896368471684,-22.618278831928585,0.0],[-42.88874615983908,-22.618538166769191,0.0],[-42.888621853416133,-22.618779908562498,0.0],[-42.888454550179681,-22.61907192175379,0.0],[-42.888361567262656,-22.619238617300677,0.0],[-42.888287668946845,-22.619393032727935,0.0],[-42.88799804851093,-22.619931946913056,0.0],[-42.887922749770055,-22.620042362475651,0.0],[-42.887848601607168,-22.620213065048532,0.0],[-42.887790494588273,-22.620394003880683,0.0],[-42.887669044372039,-22.62083350662239,0.0],[-42.887622116095145,-22.620989529955374,0.0],[-42.887568609326202,-22.621292673535187,0.0],[-42.8875053735497,-22.6214742072051,0.0],[-42.887175584544991,-22.622028732153385,0.0],[-42.8869246290107,-22.622213494387907,0.0],[-42.886746847109194,-22.622389185295123,0.0],[-42.886678027449328,-22.622527608928625,0.0],[-42.88668399716888,-22.622682499223558,0.0],[-42.886743749347197,-22.622851552532435,0.0],[-42.886753935465251,-22.623016265813476,0.0],[-42.886692816957222,-22.623178760158581,0.0],[-42.886565814496045,-22.62328847792536,0.0],[-42.886465497071704,-22.623361505563516,0.0],[-42.886378245493077,-22.623397796731087,0.0],[-42.886353625316211,-22.623438978344552,0.0],[-42.886283250721206,-22.623807342585547,0.0],[-42.886187882130713,-22.624046043508223,0.0],[-42.886019380109602,-22.624159931060909,0.0],[-42.885835033828641,-22.624219425498016,0.0],[-42.885524931998397,-22.62432370509843,0.0],[-42.885307103330554,-22.624435204227815,0.0],[-42.884914839153048,-22.624664366147339,0.0],[-42.884688124097195,-22.624836813800254,0.0],[-42.884368831262826,-22.625060671147015,0.0],[-42.884187130755365,-22.625202383658724,0.0],[-42.884038759912983,-22.625283132432454,0.0],[-42.883916529832192,-22.625331644671142,0.0],[-42.883724603733761,-22.625368155712241,0.0],[-42.88346209737481,-22.625341549071301,0.0],[-42.883190740476358,-22.625303268554017,0.0],[-42.882356560927889,-22.62515292758912,0.0],[-42.882127799660509,-22.625166427107999,0.0],[-42.881989335740606,-22.625217229690954,0.0],[-42.881842409374194,-22.625291729788117,0.0],[-42.88168204462373,-22.625362292837231,0.0],[-42.881547740234588,-22.625409077937039,0.0],[-42.881321638866389,-22.625537981768137,0.0],[-42.881143322552887,-22.625682394968841,0.0],[-42.88084748558925,-22.625916596525109,0.0],[-42.880622749328182,-22.625974502158183,0.0],[-42.880500465976283,-22.626036258013066,0.0],[-42.880378182520829,-22.62609801376583,0.0],[-42.880253709587301,-22.626254441064109,0.0],[-42.880191636931897,-22.626429058176853,0.0],[-42.880199627749995,-22.626612120252567,0.0],[-42.880301975073905,-22.626803948436258,0.0],[-42.880396409605872,-22.626925538549244,0.0],[-42.880462821067418,-22.627054193649368,0.0],[-42.880467466837963,-22.627098250046721,0.0],[-42.880450371605278,-22.627161797953821,0.0],[-42.880425310093727,-22.627211591729125,0.0],[-42.880373487136758,-22.627245994225042,0.0]]]}},
{"type":"Feature","properties":{"fid":769,"NOM_LOGRAD":"RUA DA FARINHA","DOC_CRIAç":"Lei nº 1977 de 13.09.2013","LOCALIDADE":"SÃO JOSÉ DA BOA MORTE","BAIRRO":"","CEP":null,"NOME ANTIGO":null},"geometry":{"type":"MultiLineString","coordinates":[[[-42.89263433486223,-22.611799186372991,0.0],[-42.892475323020044,-22.611727910393078,0.0],[-42.892359214149607,-22.6116876820705,0.0],[-42.89221774467083,-22.611670342318945,0.0],[-42.892051740262851,-22.611621717648678,0.0],[-42.891827740695526,-22.611549108932007,0.0],[-42.891645065409897,-22.611500264799172,0.0],[-42.891511347092198,-22.611482298655698,0.0]]]}},
{"type":"Feature","properties":{"fid":770,"NOM_LOGRAD":"RUA DA POCAN","DOC_CRIAç":"Lei nº 1988 de  13.09.2013","LOCALIDADE":"SÃO JOSÉ DA BOA MORTE","BAIRRO":"","CEP":null,"NOME ANTIGO":null},"geometry":{"type":"MultiLineString","coordinates":[[[-42.892204354363386,-22.612824932318173,0.0],[-42.892059170421462,-22.612775166038716,0.0],[-42.891743830626034,-22.612678135107441,0.0],[-42.891503512265139,-22.612582089578805,0.0],[-42.891388516957697,-22.612555375566277,0.0],[-42.891303435724339,-22.612536280435819,0.0]]]}},
{"type":"Feature","properties":{"fid":771,"NOM_LOGRAD":"RUA DO CANAL PARIS (CANAL 2) FÁBIO PEIXOTO","DOC_CRIAç":null,"LOCALIDADE":"SÃO JOSÉ DA BOA MORTE","BAIRRO":"","CEP":null,"NOME ANTIGO":null},"geometry":{"type":"MultiLineString","coordinates":[[[-42.888141933651617,-22.616753298476052,0.0],[-42.888235904860629,-22.616775818302173,0.0],[-42.888509874062883,-22.616907864198101,0.0],[-42.889612857774523,-22.617536307792076,0.0],[-42.890326606598443,-22.617943125728871,0.0],[-42.890828289048223,-22.618220697620949,0.0],[-42.891339425386157,-22.618516457303436,0.0],[-42.891861987171367,-22.618815365330686,0.0],[-42.89209195629298,-22.618932810293749,0.0],[-42.892390749163688,-22.619117386376871,0.0],[-42.892612550190627,-22.619246755484184,0.0],[-42.892873123355187,-22.619385666154674,0.0],[-42.893500309054417,-22.619728106419675,0.0],[-42.895277585018874,-22.620770627420445,0.0],[-42.896055210086544,-22.621205643501245,0.0],[-42.896585077970535,-22.621512093240259,0.0],[-42.89713526799575,-22.621813795280588,0.0],[-42.897849723290953,-22.622231684246493,0.0],[-42.898795830725142,-22.622772906734312,0.0],[-42.899308433275799,-22.623061578023886,0.0],[-42.899454585182148,-22.623126149281354,0.0],[-42.899571869028691,-22.623206501950413,0.0],[-42.900100740073768,-22.623509299647946,0.0],[-42.900723936679036,-22.623893400219686,0.0],[-42.901355538815004,-22.624257558348557,0.0],[-42.901743420301614,-22.624493211527064,0.0],[-42.902176733002385,-22.624759533508822,0.0],[-42.902575452222145,-22.624992820333727,0.0],[-42.902885555409867,-22.625194872037216,0.0],[-42.902958205754778,-22.625210859785483,0.0],[-42.903074556679329,-22.625222952803821,0.0]]]}},
{"type":"Feature","properties":{"fid":772,"NOM_LOGRAD":"RUA DO CANAL BRANDÃO (CANAL 1) CANAL DE NENÉM","DOC_CRIAç":null,"LOCALIDADE":"SÃO JOSÉ DA BOA MORTE","BAIRRO":"","CEP":null,"NOME ANTIGO":null},"geometry":{"type":"MultiLineString","coordinates":[[[-42.887175584544991,-22.622028732153385,0.0],[-42.887237201483373,-22.622063405593178,0.0],[-42.887335498432421,-22.622167457250782,0.0],[-42.887452880850546,-22.622259228952071,0.0],[-42.887680084911601,-22.622407584866931,0.0],[-42.887899689874459,-22.6225232589961,0.0],[-42.888116864102329,-22.622621356997421,0.0],[-42.888422650551327,-22.622750696636977,0.0],[-42.888551213543117,-22.622817552184276,0.0],[-42.888767891175839,-22.622948224243082,0.0],[-42.888997950106038,-22.623086590966007,0.0],[-42.889151537097632,-22.623172943075204,0.0],[-42.889385996084364,-22.623309743434657,0.0],[-42.88969927068775,-22.623479279577058,0.0],[-42.889974834501736,-22.623643306448415,0.0],[-42.89021014119345,-22.62379176567438,0.0],[-42.890533870412966,-22.623983994235047,0.0],[-42.890932756484517,-22.624204779574498,0.0],[-42.891545971753743,-22.624533645319232,0.0],[-42.892636710846908,-22.625135387765873,0.0],[-42.89298597769735,-22.625349565254776,0.0],[-42.893360732024341,-22.625560002851739,0.0],[-42.893812460247638,-22.625788549199019,0.0],[-42.894292071917278,-22.626096045546639,0.0],[-42.894848773534697,-22.626414132388387,0.0],[-42.895397914435797,-22.626697030430801,0.0],[-42.895681665949532,-22.62685614317261,0.0],[-42.896027652960086,-22.627006046985048,0.0],[-42.896282515461657,-22.627112147991273,0.0],[-42.896418348014741,-22.627177628250479,0.0],[-42.896544652223241,-22.627269610059368,0.0],[-42.896670956603373,-22.627361591780478,0.0],[-42.896942856534096,-22.627539357429022,0.0],[-42.897475353638413,-22.627852105823926,0.0],[-42.897839363306993,-22.628059886569382,0.0],[-42.898192843899395,-22.628249984624606,0.0],[-42.898848331626873,-22.628642035413353,0.0],[-42.899527890816458,-22.62904182763781,0.0],[-42.900046485233851,-22.629330886177783,0.0],[-42.900600876257855,-22.629665574408513,0.0],[-42.900974582370424,-22.629884989203383,0.0],[-42.901215556524207,-22.630034921976208,0.0],[-42.90142691870328,-22.630150016555657,0.0]]]}},
{"type":"Feature","properties":{"fid":773,"NOM_LOGRAD":"ESTRADA DIQUE MARGEM GUAPIAÇU","DOC_CRIAç":null,"LOCALIDADE":"SÃO JOSÉ DA BOA MORTE","BAIRRO":"","CEP":0,"NOME ANTIGO":null},"geometry":{"type":"MultiLineString","coordinates":[[[-42.888166223838738,-22.593187325388897,0.0],[-42.888363756452833,-22.593066035503949,0.0],[-42.888542999193426,-22.592977541666677,0.0],[-42.888740153363209,-22.592881023949211,0.0],[-42.888873672046259,-22.592874520568667,0.0],[-42.889042132484164,-22.592909772621109,0.0],[-42.890270184744885,-22.593454505883329,0.0],[-42.891348073783156,-22.593931184156361,0.0],[-42.891648043672049,-22.594092049333934,0.0],[-42.891983837638087,-22.594236865956091,0.0],[-42.892487467130479,-22.594458218456815,0.0],[-42.893255625645615,-22.594831707440292,0.0],[-42.894332532032465,-22.595374427882366,0.0],[-42.895136712999097,-22.59571947362484,0.0],[-42.895561069185746,-22.595890222161753,0.0],[-42.895870192893071,-22.596034681499564,0.0],[-42.896258225552501,-22.59625450762476,0.0],[-42.896628096751812,-22.596498872638136,0.0],[-42.897148901824529,-22.596761732704753,0.0],[-42.897430973495453,-22.596930612590704,0.0],[-42.897695886729494,-22.597057971062039,0.0],[-42.89810271509932,-22.597211965238998,0.0],[-42.89832385332577,-22.597293323649762,0.0],[-42.898650769792404,-22.59743801094325,0.0],[-42.899242728417981,-22.597701796118333,0.0],[-42.899437251204404,-22.597778675116999,0.0],[-42.899622505008118,-22.597880210365879,0.0],[-42.899957941715662,-22.598049784409959,0.0],[-42.900134678945506,-22.598126429919049,0.0],[-42.900417634345068,-22.598237501693525,0.0],[-42.900594747923961,-22.598289373876902,0.0],[-42.90085052323311,-22.598433126455433,0.0],[-42.900956115268023,-22.598508840667421,0.0],[-42.901114941895301,-22.598593510197482,0.0],[-42.901503491717506,-22.5987802942565,0.0],[-42.901804111136187,-22.598899853927652,0.0],[-42.902935009639144,-22.599406059517278,0.0],[-42.904269526933852,-22.599976860968493,0.0],[-42.904419839251858,-22.600036638458366,0.0],[-42.904543221403152,-22.600112582766574,0.0],[-42.904772824474335,-22.600222950740935,0.0],[-42.90510852390765,-22.600375999596366,0.0],[-42.905399756951098,-22.600528467489916,0.0],[-42.905964500626531,-22.600829040939136,0.0],[-42.906229430111324,-22.600956386419593,0.0],[-42.90639665680478,-22.601074197757203,0.0],[-42.906502129148748,-22.601158166323927,0.0],[-42.906581046091041,-22.601233529179854,0.0],[-42.906623264758487,-22.601382746832371,0.0],[-42.906707077681006,-22.601722470353213,0.0],[-42.906876328555278,-22.602294567899477,0.0],[-42.906900385869747,-22.602468326468074,0.0],[-42.907078406895629,-22.603048797521232,0.0],[-42.90716059774109,-22.603495870321492,0.0],[-42.907260888601492,-22.603922530932319,0.0],[-42.907319771766481,-22.604146299258968,0.0],[-42.907326542014708,-22.604286795248736,0.0],[-42.907376281875294,-22.604526962883984,0.0],[-42.907419251543061,-22.604626634523015,0.0],[-42.907461346946448,-22.604784109690737,0.0],[-42.907561951587027,-22.605190126069903,0.0],[-42.907602923185841,-22.605421920048922,0.0],[-42.907617213555426,-22.605653366126436,0.0],[-42.907649916017554,-22.605843755891566,0.0],[-42.907767934672599,-22.606274777068592,0.0],[-42.907870164504054,-22.606573443906687,0.0],[-42.907911261722063,-22.606796980191294,0.0],[-42.907925302772036,-22.607044941550484,0.0],[-42.908209025427588,-22.608283402293885,0.0],[-42.908407995243621,-22.609244072136562,0.0],[-42.9086490651883,-22.610362216818,0.0],[-42.909148191435406,-22.612652412088625,0.0],[-42.909214476266769,-22.612975387706555,0.0],[-42.909270743436686,-22.613372566237018,0.0],[-42.909337403294636,-22.613670768878393,0.0],[-42.909778032105187,-22.615712422157142,0.0],[-42.90987727570635,-22.616209271821148,0.0],[-42.909959604656805,-22.616648086127356,0.0],[-42.910151509131182,-22.617488902893449,0.0],[-42.91029360514041,-22.618093681255218,0.0],[-42.910340731993053,-22.618507258983083,0.0],[-42.910347005484525,-22.618680785491634,0.0],[-42.910335614506863,-22.618845822591638,0.0],[-42.910288145590371,-22.619043426753187,0.0],[-42.910168520542911,-22.619306164960182,0.0],[-42.910003672520453,-22.619617869414881,0.0],[-42.909875900761811,-22.619830945532374,0.0],[-42.909829304724688,-22.61997074594548,0.0],[-42.909720570409291,-22.620101477268609,0.0],[-42.909172185017816,-22.620478385594861,0.0],[-42.908722576028573,-22.620794635306403,0.0],[-42.908029431924739,-22.621330707415339,0.0],[-42.907615521875918,-22.62163916002914,0.0],[-42.906904579698264,-22.622174994483821,0.0],[-42.906157427177916,-22.622751648934969,0.0],[-42.905483117048739,-22.623217750917068,0.0],[-42.904880149609184,-22.623672392925691,0.0],[-42.904223808589919,-22.62412633488983,0.0],[-42.903648019117263,-22.62454828990419,0.0],[-42.903359496732591,-22.624800554556916,0.0],[-42.903214295541851,-22.624988618691965,0.0],[-42.903105049839141,-22.625152375095695,0.0],[-42.902982957492604,-22.625434962472369,0.0],[-42.902898708227248,-22.625573492141857,0.0],[-42.90280419719948,-22.62575270818947,0.0],[-42.90273409294759,-22.6259247245419,0.0],[-42.902676787724239,-22.626187406693496,0.0],[-42.902488230965069,-22.626737302271344,0.0],[-42.902234932862818,-22.627594895080559,0.0],[-42.902069265022185,-22.628192980990459,0.0],[-42.901817425848165,-22.628954100115017,0.0],[-42.901759875144847,-22.629182988713819,0.0],[-42.901482983198072,-22.630087572601504,0.0],[-42.90142691870328,-22.630150016555657,0.0]]]}},
{"type":"Feature","properties":{"fid":774,"NOM_LOGRAD":"RUA DA JAQUEIRA","DOC_CRIAç":"Lei nº 1976 de 13.09.2013","LOCALIDADE":"SÃO JOSÉ DA BOA MORTE","BAIRRO":"","CEP":null,"NOME ANTIGO":null},"geometry":{"type":"MultiLineString","coordinates":[[[-42.890949496436498,-22.613309638647788,0.0],[-42.891028582894251,-22.6133882680044,0.0],[-42.891091500872641,-22.613483960023679,0.0],[-42.891219633220587,-22.613622862596678,0.0],[-42.891368816499366,-22.613753269841194,0.0],[-42.891535293379881,-22.613863787408889,0.0],[-42.891694972467491,-22.614006303807137,0.0],[-42.891779432527784,-22.614088240970908,0.0],[-42.891890159878706,-22.614173656118549,0.0],[-42.892055572175629,-22.614323910454882,0.0],[-42.892277490716864,-22.614499074943573,0.0],[-42.892509310765298,-22.614665303517796,0.0],[-42.893120361585474,-22.614936235818604,0.0],[-42.894040650599273,-22.615419737561382,0.0],[-42.894767068588187,-22.615810032925346,0.0],[-42.895474654850325,-22.616154749527411,0.0],[-42.897208914957574,-22.617052336254819,0.0],[-42.898884964739793,-22.617926478683351,0.0],[-42.899989762145196,-22.618480358494658,0.0],[-42.901415170641862,-22.619142682442526,0.0],[-42.902316680879544,-22.61958056550225,0.0],[-42.902810478950727,-22.61985899547501,0.0],[-42.903362377411241,-22.620169913695236,0.0],[-42.903778211166781,-22.620438255985608,0.0],[-42.904078811110935,-22.620578170830044,0.0],[-42.904407464908182,-22.620800043547451,0.0],[-42.904919562154767,-22.621160298478458,0.0],[-42.905847092254369,-22.621816081370195,0.0],[-42.906378449431919,-22.622194715086021,0.0],[-42.906571383928906,-22.622351351638919,0.0]]]}},
{"type":"Feature","properties":{"fid":775,"NOM_LOGRAD":"RUA CAMPISTA","DOC_CRIAç":"Lei nº 1978 de 13.09.2013","LOCALIDADE":"SÃO JOSÉ DA BOA MORTE","BAIRRO":"","CEP":null,"NOME ANTIGO":null},"geometry":{"type":"MultiLineString","coordinates":[[[-42.91014543157678,-22.617529758766548,0.0],[-42.909725388005569,-22.617559698883127,0.0],[-42.909036510367805,-22.617710079982949,0.0],[-42.908310029980385,-22.617824554477124,0.0],[-42.90733458522508,-22.618006604109379,0.0],[-42.907181768514413,-22.618022316935072,0.0],[-42.906463327875386,-22.617605690125163,0.0],[-42.905612753392091,-22.617098802258337,0.0],[-42.9049329959254,-22.616647261041418,0.0],[-42.904384574619911,-22.616339085600735,0.0],[-42.903323460087705,-22.615882555588374,0.0],[-42.901657007391293,-22.615099383966534,0.0],[-42.899479234938873,-22.614079316889789,0.0],[-42.898683761423101,-22.613714768693857,0.0],[-42.898381096612731,-22.613551445223635,0.0],[-42.897377229384119,-22.613095628179749,0.0],[-42.895180186851533,-22.612092960335609,0.0],[-42.894309275900405,-22.61167428255181,0.0],[-42.892472808061001,-22.610791404270977,0.0],[-42.891752158108126,-22.610476661254843,0.0],[-42.891603362068594,-22.610403387581052,0.0],[-42.891434440129025,-22.610334641161231,0.0],[-42.891308842581608,-22.610261245658915,0.0],[-42.891239935711091,-22.610255643582239,0.0],[-42.891191407949577,-22.610254700345752,0.0]]]}},
{"type":"Feature","properties":{"fid":776,"NOM_LOGRAD":"RUA DAS LARANJEIRAS","DOC_CRIAç":"Lei nº 1983 de 13.09.2013","LOCALIDADE":"SÃO JOSÉ DA BOA MORTE","BAIRRO":"","CEP":null,"NOME ANTIGO":null},"geometry":{"type":"MultiLineString","coordinates":[[[-42.908861839089511,-22.611378557357828,0.0],[-42.908124904225829,-22.611523985647235,0.0],[-42.906818765406747,-22.611765341869752,0.0],[-42.906104243941634,-22.611900717352992,0.0],[-42.905792285940024,-22.61191731692843,0.0],[-42.905492710142241,-22.611851392289836,0.0],[-42.904984009687887,-22.611627701643016,0.0],[-42.90461796730029,-22.611540236184535,0.0],[-42.904031202159295,-22.611325858751552,0.0],[-42.903422492109527,-22.611090521216063,0.0],[-42.902881191513757,-22.610814720022933,0.0],[-42.902129989819954,-22.610432816297028,0.0],[-42.900703783962307,-22.609783687989918,0.0],[-42.89799571040394,-22.608513125654284,0.0],[-42.896702003758378,-22.607938049058212,0.0],[-42.896182518394411,-22.60769351955048,0.0],[-42.893982995223489,-22.606681386948814,0.0],[-42.893484066390023,-22.606474335999582,0.0],[-42.893276701405647,-22.606353818794751,0.0],[-42.892822133223639,-22.606135259795323,0.0],[-42.892589815279422,-22.606037154267696,0.0],[-42.892490188115381,-22.606027456182066,0.0]]]}},
{"type":"Feature","properties":{"fid":777,"NOM_LOGRAD":"RUA DA SAIBREIRA 2 (COM GASODUTO)","DOC_CRIAç":null,"LOCALIDADE":"SÃO JOSÉ DA BOA MORTE","BAIRRO":"","CEP":null,"NOME ANTIGO":null},"geometry":{"type":"MultiLineString","coordinates":[[[-42.897515178375038,-22.599597836984714,0.0],[-42.897658726597029,-22.599546691160743,0.0],[-42.89850523367128,-22.599280208359989,0.0],[-42.899500978378384,-22.598987005645998,0.0],[-42.900297365339341,-22.598729848244258,0.0],[-42.900442439430478,-22.598664851592549,0.0],[-42.900506788367387,-22.598493679106475,0.0],[-42.900594747923961,-22.598289373876902,0.0]]]}},
{"type":"Feature","properties":{"fid":778,"NOM_LOGRAD":"RUA DO CANAL 6","DOC_CRIAç":null,"LOCALIDADE":"SÃO JOSÉ DA BOA MORTE","BAIRRO":"","CEP":null,"NOME ANTIGO":null},"geometry":{"type":"MultiLineString","coordinates":[[[-42.892484806865582,-22.606063970703243,0.0],[-42.892493838616772,-22.606002685656023,0.0],[-42.892542641388332,-22.605686270287261,0.0],[-42.892564478737867,-22.605421965639646,0.0],[-42.892523360836329,-22.605198176616423,0.0],[-42.892490894780714,-22.604991038175967,0.0],[-42.892636626911624,-22.604777971449181,0.0],[-42.892701470667454,-22.604613453292295,0.0],[-42.892756314259863,-22.604175943804165,0.0],[-42.892924852045383,-22.603979713144241,0.0],[-42.893027953086566,-22.603642058900302,0.0],[-42.893166289963411,-22.603329672587659,0.0],[-42.893430408001208,-22.602944520801326,0.0],[-42.893828328297054,-22.602544587512057,0.0],[-42.894071112826559,-22.602390672204145,0.0],[-42.894386005137996,-22.602179823113431,0.0],[-42.895100922579296,-22.602015562794296,0.0],[-42.895233090949041,-22.602108249631804,0.0],[-42.897360556302921,-22.603072948131487,0.0],[-42.900335640747222,-22.604465464771373,0.0],[-42.903125531393151,-22.605712102691129,0.0],[-42.903838060175772,-22.606057465889272,0.0],[-42.90489898478863,-22.605980367148032,0.0],[-42.907542244335339,-22.605507326000762,0.0]]]}},
{"type":"Feature","properties":{"fid":779,"NOM_LOGRAD":"RUA DA SAIBREIRA 1 - SÃO JOSÉ DA BOA MORTE","DOC_CRIAç":null,"LOCALIDADE":"SÃO JOSÉ DA BOA MORTE","BAIRRO":"","CEP":null,"NOME ANTIGO":null},"geometry":{"type":"MultiLineString","coordinates":[[[-42.895100922579296,-22.602015562794296,0.0],[-42.895170927781869,-22.601926784078564,0.0],[-42.895347626266023,-22.601728418709992,0.0],[-42.895506065673899,-22.601461724898964,0.0],[-42.895606677089397,-22.601190689026236,0.0],[-42.895714133801008,-22.600977080739785,0.0],[-42.895770283342706,-22.600894391937469,0.0],[-42.895826432814616,-22.600811703109599,0.0],[-42.895866488641474,-22.600767696606219,0.0],[-42.895930344228717,-22.600718311071365,0.0],[-42.896374236150628,-22.600449879989906,0.0],[-42.896562313579487,-22.600329537375387,0.0],[-42.896734084196964,-22.600216499659197,0.0],[-42.896998703866494,-22.600004838143256,0.0],[-42.897228657510183,-22.599857338854392,0.0],[-42.897322792117826,-22.599758230659052,0.0],[-42.897434945297363,-22.599656757245043,0.0],[-42.897515178375038,-22.599597836984714,0.0],[-42.897495765650405,-22.599473342430262,0.0],[-42.897474387789899,-22.599370304922491,0.0],[-42.897428797914358,-22.599261937680161,0.0],[-42.89736738121168,-22.59917172865665,0.0],[-42.89725105107793,-22.599057853618856,0.0],[-42.897127313953803,-22.598940943650412,0.0],[-42.896953238037973,-22.598786016250003,0.0],[-42.896812868535484,-22.59867366429145,0.0],[-42.896638295352432,-22.598527265643181,0.0],[-42.896450930999208,-22.598423305928907,0.0],[-42.896224302937853,-22.598327603362719,0.0],[-42.895978498819431,-22.598250446213761,0.0],[-42.895764240714932,-22.598228840385516,0.0],[-42.89556837797187,-22.598240057069358,0.0],[-42.89538431622362,-22.598273984747255,0.0],[-42.895200140064816,-22.598315429539635,0.0],[-42.895056729664198,-22.598338611653336,0.0],[-42.894933787924231,-22.598347024422281,0.0],[-42.894708239717929,-22.598357850710514,0.0],[-42.894479801666108,-22.598347206253329,0.0],[-42.894199252375266,-22.598369964243311,0.0],[-42.894037674372271,-22.598434267250642,0.0],[-42.893819077919495,-22.598520371757008,0.0],[-42.893632483816781,-22.598631958680983,0.0],[-42.893475250569296,-22.598765234051108,0.0],[-42.893317749985719,-22.598916049662332,0.0],[-42.893167720615054,-22.599019343942999,0.0],[-42.892929488002594,-22.599154061737924,0.0],[-42.892651856964399,-22.599305805781725,0.0],[-42.892371469412971,-22.599461272517054,0.0],[-42.892081578603531,-22.599620373319556,0.0],[-42.8918350952206,-22.599765006077437,0.0],[-42.891652755975727,-22.59986286186092,0.0],[-42.891559765746884,-22.599854121477676,0.0],[-42.891466985541811,-22.599831599300614,0.0],[-42.891419440120593,-22.59976330531201,0.0],[-42.891418135142949,-22.599671809215842,0.0],[-42.891443988818331,-22.599569391687208,0.0],[-42.891483431310192,-22.599460886986712,0.0],[-42.89152645193839,-22.599314718598617,0.0],[-42.891555340313225,-22.599258823538733,0.0],[-42.891577546660109,-22.599130042193195,0.0],[-42.89161043912295,-22.598919947339088,0.0],[-42.891649015325058,-22.598793836839626,0.0],[-42.891668249384871,-22.598668826270675,0.0],[-42.891703166184342,-22.598591590447054,0.0],[-42.891763153501998,-22.59846330530906,0.0],[-42.891821695935214,-22.598341266845775,0.0],[-42.891866080970459,-22.598225817232201,0.0],[-42.891880478356974,-22.597964760389214,0.0],[-42.891876499728816,-22.597844491341473,0.0],[-42.891832397706075,-22.597727370379872,0.0],[-42.891770738376863,-22.597644018484043,0.0],[-42.891720014732762,-22.597574264740363,0.0],[-42.891655858069043,-22.597533321670429,0.0],[-42.891512415994612,-22.597470033780223,0.0],[-42.891348352446897,-22.597431537598847,0.0],[-42.891176135808053,-22.597396693549076,0.0],[-42.891008772870798,-22.597384861250724,0.0],[-42.890470670740832,-22.597372385931141,0.0],[-42.890191353549369,-22.597355882230811,0.0],[-42.88995257044111,-22.597363069722917,0.0],[-42.889701524470574,-22.597350744138112,0.0],[-42.889392757832283,-22.597342982949602,0.0],[-42.889238570812097,-22.597367466625563,0.0],[-42.88898926426144,-22.597431857325059,0.0],[-42.88877226471115,-22.597501685101925,0.0],[-42.888492852171893,-22.597593247977482,0.0],[-42.888253957148997,-22.59768283714174,0.0],[-42.888115446962239,-22.597738658983086,0.0],[-42.887813909016373,-22.597865017268262,0.0],[-42.887599071464273,-22.597969959585431,0.0],[-42.887399775176696,-22.598117712710593,0.0],[-42.887243312566291,-22.598288585797093,0.0],[-42.887050925332794,-22.598514123682151,0.0],[-42.886834287794493,-22.598736835752131,0.0],[-42.886653574077748,-22.598904882608185,0.0],[-42.886471118059035,-22.599010249607247,0.0],[-42.886313187549874,-22.599064803878914,0.0]]]}},
{"type":"Feature","properties":{"fid":780,"NOM_LOGRAD":"CANAL MARUBAÍ - CANAL GLEBA \"G\"","DOC_CRIAç":null,"LOCALIDADE":"SÃO JOSÉ DA BOA MORTE","BAIRRO":"","CEP":1,"NOME ANTIGO":null},"geometry":{"type":"MultiLineString","coordinates":[[[-42.881762227018065,-22.625327011334374,0.0],[-42.88199063588673,-22.625345263178325,0.0],[-42.882047514668464,-22.625353318862864,0.0],[-42.88242877402773,-22.625433558660401,0.0],[-42.882565855914081,-22.62547296265431,0.0],[-42.882716318587953,-22.625520061978264,0.0],[-42.882899478572952,-22.625547542809219,0.0],[-42.883168590077183,-22.625603726908114,0.0],[-42.883435616694534,-22.625619782944646,0.0],[-42.883683641764122,-22.625659061847763,0.0],[-42.883934078634269,-22.625819735313581,0.0],[-42.884233181518631,-22.626073915722984,0.0],[-42.88454724290731,-22.626275682771379,0.0],[-42.885532408036276,-22.627099153136726,0.0],[-42.886153106005565,-22.627659934718558,0.0],[-42.886443417515139,-22.627953217691708,0.0],[-42.886936493087916,-22.628333377835389,0.0],[-42.887596396344954,-22.62892624815958,0.0],[-42.888078222846374,-22.629300994120801,0.0],[-42.898826891134966,-22.638308317552191,0.0]]]}},
{"type":"Feature","properties":{"fid":781,"NOM_LOGRAD":"RUA SEM NOME 10","DOC_CRIAç":null,"LOCALIDADE":"SÃO JOSÉ DA BOA MORTE","BAIRRO":"","CEP":null,"NOME ANTIGO":null},"geometry":{"type":"MultiLineString","coordinates":[[[-42.862129207804294,-22.576611170833733,0.0],[-42.862206118634852,-22.576488345922073,0.0],[-42.862350770644653,-22.57629675766443,0.0],[-42.862571496631936,-22.5760365167204,0.0],[-42.862911275449065,-22.575623048622997,0.0],[-42.863208550370857,-22.575263198040268,0.0],[-42.863802976150588,-22.574551233773249,0.0],[-42.864117270667982,-22.57416838586596,0.0],[-42.86469478201375,-22.573471673811326,0.0],[-42.865102286205435,-22.572989435405432,0.0],[-42.865416692648253,-22.572598845370177,0.0],[-42.865628954424047,-22.572346227453355,0.0],[-42.865722644979172,-22.572215882825702,0.0],[-42.865748955471794,-22.572131086316073,0.0],[-42.865717053559415,-22.572037775916556,0.0],[-42.865584916368022,-22.571958614950777,0.0],[-42.865203264178078,-22.571845176335788,0.0],[-42.864597812778399,-22.571651356881805,0.0],[-42.863320848091071,-22.571224130150448,0.0],[-42.862209835465968,-22.570845545228103,0.0],[-42.860419290742279,-22.570214078248224,0.0],[-42.859491022133753,-22.569876611588853,0.0],[-42.858719887623351,-22.569618639346114,0.0],[-42.857227445750333,-22.569114959571831,0.0],[-42.856357284130091,-22.568793731659422,0.0],[-42.855553070897656,-22.568519822563815,0.0],[-42.85527964499861,-22.568415546344195,0.0],[-42.854168501465359,-22.568048517470029,0.0],[-42.853422387318076,-22.567790855134316,0.0],[-42.852958390486606,-22.567614364545598,0.0],[-42.852726272650912,-22.567533857685437,0.0],[-42.852410707863818,-22.567459975710452,0.0],[-42.852202989201871,-22.567418496759139,0.0],[-42.852028841469483,-22.567361985318172,0.0],[-42.851945993995436,-22.567329915778782,0.0],[-42.851771006829559,-22.567327576370371,0.0],[-42.851487874277773,-22.567312180006645,0.0],[-42.851021242087121,-22.567305939836281,0.0],[-42.850679360737828,-22.567316848069698,0.0],[-42.850471282930492,-22.567298583612924,0.0],[-42.850288683476542,-22.567249697770237,0.0],[-42.850047995333028,-22.567184553503395,0.0],[-42.849840758299344,-22.567112116022756,0.0],[-42.849675184966848,-22.567040235857402,0.0],[-42.849576393394727,-22.566961508795671,0.0],[-42.849469869648964,-22.566843975719259,0.0],[-42.849388464181118,-22.566719038275764,0.0],[-42.84929896636352,-22.566578511496413,0.0],[-42.849061402536066,-22.566312154823208,0.0],[-42.848430961227656,-22.565583848744833,0.0],[-42.848316467290744,-22.565442986822443,0.0],[-42.848046478058563,-22.565118140993064,0.0],[-42.847858073265932,-22.564906624560848,0.0],[-42.847719063466357,-22.56473447197649,0.0],[-42.847588386536387,-22.56456243090426,0.0],[-42.847489477731123,-22.564491441646165,0.0],[-42.847406032276474,-22.564498064368291,0.0],[-42.847245671040298,-22.56462750448992,0.0],[-42.846696843107758,-22.565084580379725,0.0],[-42.846468978361038,-22.565267298454689,0.0],[-42.846325280529527,-22.56539696084856,0.0],[-42.846070853635872,-22.565679948570882,0.0],[-42.845866661878702,-22.565948128294202,0.0],[-42.845735002678509,-22.566096608198535,0.0]]]}},
{"type":"Feature","properties":{"fid":782,"NOM_LOGRAD":"RUA VISTA ALEGRE","DOC_CRIAç":"Lei nº 1979 de 13.09.2013","LOCALIDADE":"SÃO JOSÉ DA BOA MORTE","BAIRRO":"","CEP":null,"NOME ANTIGO":null},"geometry":{"type":"MultiLineString","coordinates":[[[-42.893754358319619,-22.609260542762236,0.0],[-42.893691136910618,-22.609473233744822,0.0],[-42.893638766783738,-22.609627358582514,0.0],[-42.893483305835353,-22.609981385965114,0.0],[-42.893238594234873,-22.610721271962788,0.0],[-42.893099675686173,-22.61109277315763,0.0]]]}},
{"type":"Feature","properties":{"fid":783,"NOM_LOGRAD":"RUA DO MERCADO","DOC_CRIAç":"Lei nº 1985 de 13.09.2013","LOCALIDADE":"SÃO JOSÉ DA BOA MORTE","BAIRRO":"","CEP":null,"NOME ANTIGO":null},"geometry":{"type":"MultiLineString","coordinates":[[[-42.89132766934614,-22.610272247475656,0.0],[-42.891385854557093,-22.610157310607629,0.0],[-42.891457044799161,-22.610002857478236,0.0],[-42.891530150636342,-22.609899808014298,0.0],[-42.891672825699359,-22.609527985822751,0.0]]]}},
{"type":"Feature","properties":{"fid":784,"NOM_LOGRAD":"RUA DAS FLORES","DOC_CRIAç":"Lei n° 1987 de 13.09.2013","LOCALIDADE":"SÃO JOSÉ DA BOA MORTE","BAIRRO":"","CEP":null,"NOME ANTIGO":null},"geometry":{"type":"MultiLineString","coordinates":[[[-42.894725288343096,-22.609802188681819,0.0],[-42.894463223750236,-22.609678459222973,0.0],[-42.894270852326983,-22.609582417073074,0.0],[-42.894139331960439,-22.60953307172019,0.0],[-42.894002642865907,-22.609468620782952,0.0],[-42.893921376320428,-22.609398631561298,0.0],[-42.893842675182533,-22.609337447933658,0.0],[-42.893754358319619,-22.609260542762236,0.0],[-42.893640460760388,-22.609144316650777,0.0],[-42.893561854580952,-22.609055350098618,0.0],[-42.893539481006492,-22.609030027638351,0.0],[-42.89347781401203,-22.609011855170749,0.0],[-42.893329471545229,-22.609003641837965,0.0],[-42.893155547098765,-22.608991333046493,0.0],[-42.893095871583746,-22.608988025106449,0.0],[-42.8928672834233,-22.608953712936891,0.0],[-42.892697541049479,-22.608932686625824,0.0],[-42.892427631394753,-22.608916305355812,0.0],[-42.892177979551533,-22.60886328461747,0.0],[-42.891940553387386,-22.608831263832975,0.0],[-42.891819564349817,-22.60879939275652,0.0]]]}},
{"type":"Feature","properties":{"fid":785,"NOM_LOGRAD":"RUA COQUEIRAL","DOC_CRIAç":"Lei nº 1975 de 13.09.2013","LOCALIDADE":"SÃO JOSÉ DA BOA MORTE","BAIRRO":"","CEP":null,"NOME ANTIGO":null},"geometry":{"type":"MultiLineString","coordinates":[[[-42.893484066390023,-22.606474335999582,0.0],[-42.893421847268712,-22.607014874166772,0.0],[-42.893355068968809,-22.607425622077425,0.0],[-42.893357457541448,-22.607609268613778,0.0],[-42.893337536838992,-22.607722840605717,0.0],[-42.893305419035521,-22.60792437573987,0.0],[-42.89328402724756,-22.60808825572585,0.0],[-42.89327540998363,-22.60821094993554,0.0],[-42.893259950135395,-22.608339819980152,0.0],[-42.893252586827138,-22.608468796328459,0.0],[-42.893228414110965,-22.608726624985355,0.0],[-42.893204156949672,-22.608812772870127,0.0],[-42.893171914086459,-22.608962739823109,0.0],[-42.893162624574714,-22.608972245370005,0.0],[-42.893148366254358,-22.608981102811434,0.0]],[[-42.893148366254358,-22.608981102811441,0.0],[-42.893095871583746,-22.608988025106449,0.0],[-42.89309631901677,-22.609069502883319,0.0],[-42.892759091322056,-22.610668289458051,0.0],[-42.892684823617678,-22.610893331927411,0.0]]]}},
{"type":"Feature","properties":{"fid":786,"NOM_LOGRAD":"RUA DOS JARDINS","DOC_CRIAç":"Lei nº 1980 de 13.09.2013","LOCALIDADE":"SÃO JOSÉ DA BOA MORTE","BAIRRO":"","CEP":null,"NOME ANTIGO":null},"geometry":{"type":"MultiLineString","coordinates":[[[-42.892427631394753,-22.608916305355812,0.0],[-42.892405308034711,-22.609038757214329,0.0],[-42.89237402140143,-22.609171545566856,0.0],[-42.892352838213604,-22.609321643573757,0.0],[-42.892305367041715,-22.609554032639032,0.0],[-42.892238448663129,-22.609742447551508,0.0],[-42.892193567142797,-22.60985338698686,0.0],[-42.892173752129864,-22.610002249779079,0.0],[-42.892124987658725,-22.610190832560871,0.0],[-42.892087814280764,-22.610415908525631,0.0],[-42.892061901046432,-22.610522084564124,0.0],[-42.892033633350174,-22.610599595773859,0.0]]]}},
{"type":"Feature","properties":{"fid":787,"NOM_LOGRAD":"RUA DO JAMBO","DOC_CRIAç":"Lei nº 1981 de 13.09.2013","LOCALIDADE":"SÃO JOSÉ DA BOA MORTE","BAIRRO":"","CEP":null,"NOME ANTIGO":null},"geometry":{"type":"MultiLineString","coordinates":[[[-42.8932976927589,-22.607983565902458,0.0],[-42.89313646660203,-22.607969418256442,0.0],[-42.892869918265781,-22.607942027333539,0.0],[-42.892211160210721,-22.607901859501705,0.0]]]}},
{"type":"Feature","properties":{"fid":788,"NOM_LOGRAD":"RUA DAS ROSAS","DOC_CRIAç":"Lei nº 1982 de 13.09.2013","LOCALIDADE":"SÃO JOSÉ DA BOA MORTE","BAIRRO":"","CEP":null,"NOME ANTIGO":null},"geometry":{"type":"MultiLineString","coordinates":[[[-42.892744966112296,-22.60706538746129,0.0],[-42.892702646735565,-22.607309711936686,0.0],[-42.892670020059029,-22.607551177338625,0.0],[-42.892628879115904,-22.607762701194854,0.0],[-42.892628910232453,-22.607926976806098,0.0]]]}},
{"type":"Feature","properties":{"fid":789,"NOM_LOGRAD":"RUA DA MANGUEIRA","DOC_CRIAç":"Lei nº 1986 de 13.09.2013","LOCALIDADE":"SÃO JOSÉ DA BOA MORTE","BAIRRO":"","CEP":null,"NOME ANTIGO":null},"geometry":{"type":"MultiLineString","coordinates":[[[-42.892484806865582,-22.606063970703243,0.0],[-42.892468130915987,-22.606184052745409,0.0],[-42.892412233894156,-22.606486577497744,0.0],[-42.892377003701483,-22.606672832020468,0.0],[-42.892336361750594,-22.607063189822757,0.0],[-42.892278581944829,-22.607374548445325,0.0],[-42.892236063463521,-22.607684767593149,0.0],[-42.892223167956914,-22.607822443123165,0.0],[-42.892211160210721,-22.607901859501705,0.0],[-42.892156352388135,-22.60809435915861,0.0],[-42.892071705494295,-22.608284740133293,0.0],[-42.892012206700926,-22.60842493620622,0.0],[-42.891968550836403,-22.608544037092717,0.0],[-42.891880455962259,-22.608700774722283,0.0],[-42.891743453405581,-22.608922659264529,0.0],[-42.891520477662191,-22.609250556937234,0.0],[-42.891443113785584,-22.609367334952264,0.0],[-42.891387226175191,-22.6094919139775,0.0],[-42.891312331691417,-22.609623761983347,0.0],[-42.891112413170077,-22.609853241384801,0.0],[-42.891037687050726,-22.60992908192997,0.0]]]}},
{"type":"Feature","properties":{"fid":790,"NOM_LOGRAD":"RUA DAS MARRECAS","DOC_CRIAç":"Lei nº 1984 de 13.09.2013","LOCALIDADE":"SÃO JOSÉ DA BOA MORTE","BAIRRO":"","CEP":null,"NOME ANTIGO":null},"geometry":{"type":"MultiLineString","coordinates":[[[-42.891694972467491,-22.614006303807137,0.0],[-42.891734383799815,-22.613922501147272,0.0],[-42.891826034899807,-22.613710405114858,0.0],[-42.891964715593652,-22.61336390012892,0.0],[-42.892197801226814,-22.612840601325022,0.0],[-42.892336244049616,-22.612509573965781,0.0],[-42.892578841569041,-22.611908993226685,0.0],[-42.89286252516392,-22.61134765462457,0.0],[-42.892991251782156,-22.61104064823277,0.0]]]}},
{"type":"Feature","properties":{"fid":791,"NOM_LOGRAD":"RUA 5","DOC_CRIAç":null,"LOCALIDADE":"AGROBRASIL","BAIRRO":"CENTRO","CEP":0,"NOME ANTIGO":null},"geometry":{"type":"MultiLineString","coordinates":[[[-42.768603466374039,-22.659396466283034,0.0],[-42.768504075588602,-22.660421232480875,0.0],[-42.76842902295089,-22.66124197619494,0.0],[-42.76840410813994,-22.661509188367248,0.0],[-42.768347848273471,-22.661804630802937,0.0],[-42.768333690551671,-22.662043325762646,0.0],[-42.768378986834726,-22.662520684594266,0.0]]]}},
{"type":"Feature","properties":{"fid":792,"NOM_LOGRAD":"RUA 4","DOC_CRIAç":null,"LOCALIDADE":"AGROBRASIL","BAIRRO":"CENTRO","CEP":0,"NOME ANTIGO":null},"geometry":{"type":"MultiLineString","coordinates":[[[-42.772676689182312,-22.658675051199918,0.0],[-42.772304005684575,-22.658537460877852,0.0],[-42.771726763378311,-22.658329280801709,0.0],[-42.771110017581975,-22.658102073611641,0.0],[-42.770966672796519,-22.658038369958547,0.0],[-42.770831307392747,-22.658124727344184,0.0],[-42.770360853989722,-22.658354826115396,0.0],[-42.769798692925278,-22.658643810934421,0.0],[-42.769380473249655,-22.658850568101851,0.0],[-42.769149500254954,-22.658969685577485,0.0],[-42.768927330349172,-22.659078897911169,0.0],[-42.768826852405496,-22.659145684599139,0.0],[-42.768699801757535,-22.659252210644883,0.0],[-42.768624728801555,-22.65935143880294,0.0]]]}},
{"type":"Feature","properties":{"fid":793,"NOM_LOGRAD":"RUA NADIR MENDES","DOC_CRIAç":"Lei nº 2.389 de 14.09.2018","LOCALIDADE":"VECCHI","BAIRRO":"","CEP":null,"NOME ANTIGO":null},"geometry":{"type":"MultiLineString","coordinates":[[[-42.846738007999122,-22.56469522499993,0.0],[-42.846649856999115,-22.564557290999876,0.0],[-42.846264707999133,-22.564004654999888,0.0],[-42.846162542999117,-22.563843435999878,0.0],[-42.84615060099911,-22.563790887999879,0.0],[-42.846174873999175,-22.563727400999873,0.0],[-42.846215688999159,-22.563610373999875,0.0],[-42.846219541999112,-22.563492447999881,0.0],[-42.846200672999082,-22.563390829999907,0.0],[-42.846170499999133,-22.563295682999939,0.0],[-42.846081869999097,-22.563178851999854,0.0],[-42.845942345999099,-22.563001852999861,0.0],[-42.845792370999121,-22.562839702999877,0.0],[-42.845680392999107,-22.562738414999934,0.0],[-42.845530822999081,-22.562606708999862,0.0],[-42.845344450999107,-22.562409754999919,0.0],[-42.845300288999084,-22.562327359999937,0.0],[-42.845209077999179,-22.562158204999889,0.0],[-42.845037482999096,-22.561985359999877,0.0],[-42.844779952999104,-22.561755890999908,0.0],[-42.844435131999084,-22.561383069999863,0.0],[-42.843894950999157,-22.560799765999839,0.0],[-42.843476594999096,-22.560327286999915,0.0],[-42.843119183999114,-22.559900009999911,0.0],[-42.842818938999123,-22.559534873999901,0.0],[-42.842374767999132,-22.559106479999908,0.0],[-42.841748565999097,-22.558399913999871,0.0],[-42.841400059999138,-22.557996508999885,0.0],[-42.840503799999141,-22.55707930599986,0.0],[-42.84008019899909,-22.556593599999886,0.0],[-42.839513200999065,-22.556000770999862,0.0],[-42.838937405999111,-22.55542853899987,0.0],[-42.838595276999129,-22.555107773999897,0.0],[-42.83817770299914,-22.554772530999951,0.0],[-42.83688502899912,-22.5537939939999,0.0],[-42.836183239999137,-22.553262126999936,0.0],[-42.835564257999089,-22.552775376999907,0.0],[-42.835369522999059,-22.552691537999898,0.0],[-42.834978430999115,-22.552404815999882,0.0],[-42.834543957999117,-22.551975303999885,0.0]]]}},
{"type":"Feature","properties":{"fid":794,"NOM_LOGRAD":"RJ-122","DOC_CRIAç":null,"LOCALIDADE":"QUIZANGA","BAIRRO":"","CEP":0,"NOME ANTIGO":null},"geometry":{"type":"MultiLineString","coordinates":[[[-42.868857741123996,-22.562629990340199,0.0],[-42.868667164999252,-22.562550143999896,0.0],[-42.867809187999221,-22.562167553999871,0.0],[-42.866730648999244,-22.561697017999929,0.0],[-42.865874095999153,-22.561313959999943,0.0],[-42.865246823999122,-22.561032646999855,0.0],[-42.865038492999112,-22.56093921599993,0.0],[-42.865015730999183,-22.560928989999883,0.0],[-42.86443661999914,-22.560668811999939,0.0],[-42.863888442999169,-22.56035577099988,0.0],[-42.863833231999131,-22.560318359999894,0.0],[-42.863569250999134,-22.560139488999848,0.0],[-42.863250320999128,-22.55988165899991,0.0],[-42.862866200999235,-22.559502631999901,0.0],[-42.862509982999157,-22.559141029999921,0.0],[-42.862494274999186,-22.559123941999836,0.0],[-42.861845158999209,-22.558417773999942,0.0],[-42.861146051999192,-22.557675536999902,0.0],[-42.860866395999139,-22.557431587999883,0.0],[-42.860714113999151,-22.557321392999903,0.0],[-42.860615762999181,-22.557267010999936,0.0],[-42.860521138999168,-22.557214689999871,0.0],[-42.860241292999198,-22.557107998999921,0.0],[-42.859919099999175,-22.556999309999906,0.0],[-42.859654864999165,-22.55695046799995,0.0],[-42.859361816999169,-22.5569392139999,0.0],[-42.859060221999172,-22.556931828999915,0.0],[-42.85859594399912,-22.556954808999865,0.0],[-42.858155875999131,-22.556977487999966,0.0],[-42.857606720999158,-22.557039195999906,0.0],[-42.857093278999137,-22.557147283999878,0.0],[-42.856482216999105,-22.557351508999915,0.0],[-42.85616286399916,-22.557505467999864,0.0],[-42.855786978999141,-22.557740042999914,0.0],[-42.855429578999143,-22.557998621999904,0.0],[-42.854855607999163,-22.558437123999944,0.0],[-42.854361725999162,-22.558812071999878,0.0],[-42.853715159999126,-22.55931515199994,0.0],[-42.853157334999153,-22.559748567999915,0.0],[-42.852837823999096,-22.560005911999887,0.0],[-42.852831697999122,-22.56001084599994,0.0],[-42.852495994999138,-22.560258662999924,0.0],[-42.852203266999084,-22.560474753999873,0.0],[-42.852030187999148,-22.560614555999887,0.0],[-42.851713741999177,-22.560870159999901,0.0],[-42.85111967099914,-22.56133082299991,0.0],[-42.850398867999168,-22.561886456999872,0.0],[-42.850364384999153,-22.561913002999948,0.0],[-42.850247496999074,-22.562002987999922,0.0],[-42.849453255999094,-22.562614411999888,0.0],[-42.848826960999141,-22.563112141999948,0.0],[-42.847784727999134,-22.563893966999885,0.0],[-42.847546069999105,-22.564082736999964,0.0],[-42.847526313631455,-22.564098363492956,0.0]]]}},
{"type":"Feature","properties":{"fid":795,"NOM_LOGRAD":"RJ-122","DOC_CRIAç":null,"LOCALIDADE":"SÃO JOSÉ DA BOA MORTE","BAIRRO":"","CEP":0,"NOME ANTIGO":null},"geometry":{"type":"MultiLineString","coordinates":[[[-42.847526313631455,-22.564098363492956,0.0],[-42.847322246999155,-22.564259771999865,0.0],[-42.846814783999093,-22.56464201799988,0.0],[-42.846738007999136,-22.56469522499993,0.0],[-42.84662187999912,-22.564775704999832,0.0],[-42.846332230999138,-22.56492399399994,0.0],[-42.846148188999088,-22.565007355999899,0.0],[-42.845526399999152,-22.565193184999917,0.0],[-42.845320104999139,-22.565259769999926,0.0],[-42.844690981999129,-22.56546282399993,0.0],[-42.844221352999178,-22.565622080999873,0.0],[-42.843586073999099,-22.565867482999931,0.0],[-42.842905104999062,-22.566125632999881,0.0],[-42.842231179999082,-22.566389760999886,0.0],[-42.841552817999087,-22.566647398999891,0.0],[-42.841187406999133,-22.566764488999894,0.0],[-42.840804594999078,-22.566852887999936,0.0],[-42.840527653999168,-22.566892853999867,0.0],[-42.84047237199912,-22.566896365999888,0.0],[-42.840213647999121,-22.566912803999909,0.0],[-42.839952289999168,-22.566925988999937,0.0],[-42.839668868999162,-22.566919471999839,0.0],[-42.839102141999085,-22.56689623999987,0.0],[-42.83779676899907,-22.566818574999925,0.0],[-42.837053534999136,-22.5667752559999,0.0],[-42.836990079999111,-22.566771557999946,0.0],[-42.83643285299911,-22.566748493999899,0.0],[-42.836028178999101,-22.566745969999875,0.0],[-42.83566800899915,-22.566751287999963,0.0],[-42.834899857999091,-22.56681877899986,0.0],[-42.834225976999114,-22.566872643999872,0.0],[-42.833691610999132,-22.566907379999904,0.0],[-42.833157910999105,-22.566955360999884,0.0],[-42.833109395999095,-22.566957867999918,0.0],[-42.832804698999105,-22.566973620999882,0.0],[-42.832755610999129,-22.566976158999914,0.0],[-42.832506792999055,-22.566969731999922,0.0],[-42.832188387999089,-22.566960015999907,0.0],[-42.831888147999116,-22.566926620999897,0.0],[-42.831342411999074,-22.566849605999927,0.0],[-42.831058415999124,-22.56680711299996,0.0],[-42.830981599999063,-22.566795619999894,0.0],[-42.830517758999143,-22.566737399999866,0.0],[-42.830138258999092,-22.566695975999902,0.0],[-42.829741327999109,-22.566665729999897,0.0],[-42.829307980999047,-22.566649045999934,0.0],[-42.828693648999028,-22.566644039999883,0.0],[-42.828052634999089,-22.566668434999855,0.0],[-42.827611917999043,-22.566694962999915,0.0],[-42.827468631999089,-22.566705098999861,0.0],[-42.827189296999073,-22.566724860999905,0.0],[-42.826745552999121,-22.566779465999893,0.0],[-42.826371369999073,-22.566834003999869,0.0],[-42.826071655999058,-22.566902980999906,0.0],[-42.825727885999122,-22.56699230199991,0.0],[-42.825407355999069,-22.567099475999896,0.0],[-42.825013439999069,-22.567254068999912,0.0],[-42.824559417999076,-22.567465292999881,0.0],[-42.82415530499911,-22.567662060999911,0.0],[-42.823753241999071,-22.567861410999885,0.0],[-42.823246766999077,-22.568100694999877,0.0],[-42.82322134299902,-22.568112706999887,0.0],[-42.822536034999075,-22.568424846999878,0.0],[-42.821935940999069,-22.568711051999919,0.0],[-42.821754287999049,-22.568795080999863,0.0],[-42.821336637999039,-22.56898827399985,0.0],[-42.820640098999043,-22.569330156999911,0.0],[-42.820302174999064,-22.56948588599991,0.0],[-42.820161347999047,-22.569550784999855,0.0],[-42.819802779999044,-22.569716064999941,0.0],[-42.819462573999047,-22.569876566999906,0.0],[-42.819185223999099,-22.569979181999866,0.0],[-42.818948570999055,-22.570040923999915,0.0],[-42.818650766999021,-22.570091972999876,0.0],[-42.818412053999076,-22.570122496999915,0.0],[-42.81813264599905,-22.570129304999941,0.0],[-42.817844184999075,-22.570116351999939,0.0],[-42.817567988999045,-22.570080074999872,0.0],[-42.817503441999037,-22.570071596999878,0.0],[-42.816956061999036,-22.569967290999866,0.0],[-42.816163718999029,-22.569821241999854,0.0],[-42.815502460999028,-22.56969127899994,0.0],[-42.815079157998987,-22.569607069999897,0.0],[-42.814943762999079,-22.569580134999899,0.0],[-42.814472453999059,-22.569496720999911,0.0],[-42.814276413513213,-22.569451558691537,0.0]]]}},
{"type":"Feature","properties":{"fid":796,"NOM_LOGRAD":"RJ-122","DOC_CRIAç":null,"LOCALIDADE":"MARAPORÃ","BAIRRO":"","CEP":0,"NOME ANTIGO":null},"geometry":{"type":"MultiLineString","coordinates":[[[-42.814276413513213,-22.569451558691537,0.0],[-42.814012239998995,-22.569390699999854,0.0],[-42.813718503999034,-22.569301307999915,0.0],[-42.813407588999063,-22.569199755999854,0.0],[-42.813097836999006,-22.56908040899993,0.0],[-42.812842535999025,-22.568968499999905,0.0],[-42.812652831999038,-22.568877674999854,0.0],[-42.812389327999007,-22.568729115999915,0.0],[-42.812334744999013,-22.568688536999925,0.0],[-42.812119771998987,-22.568528718999936,0.0],[-42.811926725999015,-22.568397107999889,0.0],[-42.811446844999097,-22.568026896999896,0.0],[-42.811077812999031,-22.567732551999878,0.0],[-42.810727182999052,-22.567452883999909,0.0],[-42.810074603999063,-22.566928791999896,0.0],[-42.809864150999054,-22.566772561999933,0.0],[-42.809524232998989,-22.566551846999889,0.0],[-42.809095713999064,-22.566323290999879,0.0],[-42.808781105999053,-22.566180732999904,0.0],[-42.80835503499906,-22.566034855999835,0.0],[-42.807962175998966,-22.565909336999834,0.0],[-42.807661720998979,-22.565838146999894,0.0],[-42.80732014999905,-22.565787385999865,0.0],[-42.807210176999014,-22.565774518999877,0.0],[-42.806800100999013,-22.565726540999908,0.0],[-42.806173810998963,-22.565680673999925,0.0],[-42.805725727999018,-22.565647855999874,0.0],[-42.804505234999013,-22.565563585999911,0.0],[-42.804209777998992,-22.565535985999851,0.0],[-42.803062989998963,-22.5654507809999,0.0],[-42.802554698999003,-22.56541301199989,0.0],[-42.801037521998971,-22.565298061999876,0.0],[-42.800641706998995,-22.56526964799993,0.0],[-42.799765243999033,-22.565206726999875,0.0],[-42.798437669998961,-22.565104821999881,0.0],[-42.798129933998993,-22.56508119899987,0.0],[-42.797855071998981,-22.565064812999861,0.0],[-42.797073829999,-22.564996263999873,0.0],[-42.797030022998932,-22.564992995999866,0.0],[-42.796658318998993,-22.564965268999877,0.0],[-42.796273447999042,-22.5649365579999,0.0],[-42.794931464998925,-22.564844141999899,0.0],[-42.794788080998963,-22.564832380999903,0.0],[-42.794358297999018,-22.56479712699991,0.0],[-42.793952732998939,-22.564747536999892,0.0],[-42.79347959399896,-22.564658135999863,0.0],[-42.793256152998943,-22.564591790999884,0.0],[-42.793031396998913,-22.564509978999951,0.0],[-42.792758613998991,-22.564376007999883,0.0],[-42.792557785998987,-22.564269713999884,0.0],[-42.792384443998941,-22.56416175399983,0.0],[-42.79224169499895,-22.564052817999883,0.0],[-42.792056438998976,-22.563896469999904,0.0],[-42.791909113998962,-22.563762091999894,0.0],[-42.79174072199897,-22.563564362999866,0.0],[-42.791587314998978,-22.563376384999863,0.0],[-42.791446703998979,-22.563167060999863,0.0],[-42.79131028199896,-22.562931024999866,0.0],[-42.79121326299903,-22.562709692999853,0.0],[-42.791151353998963,-22.562557489999872,0.0],[-42.791112642998954,-22.562436428999892,0.0],[-42.791090106998958,-22.562365949999919,0.0],[-42.791042598999027,-22.562180457999851,0.0],[-42.791014975998962,-22.561952765999838,0.0],[-42.790994138999011,-22.561663013999937,0.0],[-42.790992538998964,-22.561633408999885,0.0],[-42.790962894998998,-22.561084830999889,0.0],[-42.790924186998993,-22.560533596999925,0.0],[-42.790891475998947,-22.559892265999892,0.0],[-42.790866690998946,-22.55939192999988,0.0],[-42.790816545998972,-22.55890490599991,0.0],[-42.790752775999024,-22.558595438999877,0.0],[-42.790673139999001,-22.558281315999913,0.0],[-42.790538497998966,-22.557869694999873,0.0],[-42.790500033998988,-22.557752104999913,0.0],[-42.790357272582469,-22.557252576490622,0.0]]]}},
{"type":"Feature","properties":{"fid":797,"NOM_LOGRAD":"RJ-122","DOC_CRIAç":null,"LOCALIDADE":"VECCHI","BAIRRO":"","CEP":0,"NOME ANTIGO":null},"geometry":{"type":"MultiLineString","coordinates":[[[-42.790357272582469,-22.557252576490622,0.0],[-42.790347684998999,-22.557219028999864,0.0],[-42.790094777998938,-22.556420214999854,0.0],[-42.789746941998928,-22.555331438999822,0.0],[-42.789468037998944,-22.554422257999818,0.0],[-42.78908612299896,-22.553192943999893,0.0],[-42.789032287998943,-22.553016811999882,0.0],[-42.788981040998976,-22.552849145999872,0.0],[-42.788785481998957,-22.552195344999859,0.0],[-42.788620546998899,-22.551677709999936,0.0],[-42.788542913998967,-22.551445318999889,0.0],[-42.788486558999011,-22.551288942999921,0.0],[-42.788419082998928,-22.551142702999901,0.0],[-42.788339690999024,-22.551000955999893,0.0],[-42.788161948998976,-22.550762935999927,0.0],[-42.788017347998995,-22.550599704999918,0.0],[-42.78786276999891,-22.550469882999927,0.0],[-42.787783513998924,-22.550408744999924,0.0],[-42.787753972998971,-22.550385956999897,0.0],[-42.787624930998945,-22.550311206999844,0.0],[-42.787278611998985,-22.550164507999874,0.0],[-42.78705054199893,-22.550068981999875,0.0],[-42.786820835998931,-22.54999588399987,0.0],[-42.786608783998979,-22.549946543999873,0.0],[-42.786216899998969,-22.549853025999852,0.0],[-42.785668676998903,-22.549711858999903,0.0],[-42.785262199998932,-22.549573163999892,0.0],[-42.785090441998939,-22.549470361999909,0.0],[-42.784913341998937,-22.549339834999859,0.0],[-42.784703017998943,-22.549163239999899,0.0],[-42.784496508998899,-22.548920721999906,0.0],[-42.784362245998892,-22.548711694999835,0.0],[-42.784260601998916,-22.548514572999864,0.0],[-42.784174887998937,-22.548249164999849,0.0],[-42.784131246998967,-22.548022645999843,0.0],[-42.784094375998933,-22.547592672999897,0.0],[-42.784092372998948,-22.547560495999889,0.0],[-42.784066352998927,-22.54714234699993,0.0],[-42.784006784998972,-22.546342897999857,0.0],[-42.783920664998952,-22.545334485999916,0.0],[-42.783868858998929,-22.544687428999943,0.0],[-42.783838616998906,-22.544109307999889,0.0],[-42.783821457999004,-22.543936464999884,0.0],[-42.783805885998959,-22.543779604999873,0.0],[-42.783720031998953,-22.543305538999913,0.0],[-42.783605935998935,-22.543021732999879,0.0],[-42.783438614998943,-22.54275432899987,0.0],[-42.783321388998921,-22.542622356999868,0.0],[-42.783112399998956,-22.542419993999903,0.0],[-42.782890272998962,-22.542246504999948,0.0],[-42.782826767998948,-22.542213266999855,0.0],[-42.782660835998897,-22.542126419999875,0.0],[-42.782487962998886,-22.542046814999853,0.0],[-42.782152515998931,-22.541955720999862,0.0],[-42.781939543998895,-22.541920869999913,0.0],[-42.78167709099894,-22.541906106999846,0.0],[-42.781626499998929,-22.541907284999947,0.0],[-42.781417029998913,-22.541912162999907,0.0],[-42.781150528998893,-22.541918448999891,0.0],[-42.781041902998965,-22.54192101099984,0.0],[-42.780335070998916,-22.541959606999921,0.0],[-42.779619226998932,-22.542000036999902,0.0],[-42.778877303998911,-22.542033036999864,0.0],[-42.777939543998947,-22.542080052999847,0.0],[-42.776854054998928,-22.542142367999855,0.0],[-42.7765683429989,-22.542150546999906,0.0],[-42.776213175998919,-22.542132497999837,0.0],[-42.775961447998959,-22.542087532999936,0.0],[-42.775767055998955,-22.542045226999896,0.0],[-42.775538405998951,-22.541963390999868,0.0],[-42.775325860998869,-22.541865302999842,0.0],[-42.775135781998941,-22.541749359999933,0.0],[-42.774943490998936,-22.541612759999911,0.0],[-42.774703751998892,-22.541376266999887,0.0],[-42.77451642099885,-22.541152326999907,0.0],[-42.774380392998872,-22.540938006999852,0.0],[-42.774308900998911,-22.540808105999851,0.0],[-42.774228761998941,-22.540662490999892,0.0],[-42.774004100998916,-22.54016946699986,0.0],[-42.773779860998921,-22.539653052999856,0.0],[-42.773631370998899,-22.539329299999899,0.0],[-42.773475346998865,-22.539047454999835,0.0],[-42.773273181998931,-22.53876761499987,0.0],[-42.773139437998871,-22.538596587999926,0.0],[-42.773125651998981,-22.538578959999889,0.0],[-42.77294366599893,-22.538405583999932,0.0],[-42.772735347998925,-22.538237637999899,0.0],[-42.772553188998948,-22.538099590999831,0.0],[-42.772281166998916,-22.537933077999917,0.0],[-42.771997351998962,-22.537802766999881,0.0],[-42.771637902998883,-22.537667387999882,0.0],[-42.771408117998881,-22.537599437999937,0.0],[-42.770886800998909,-22.537522717999899,0.0],[-42.77037234499889,-22.537434204999851,0.0],[-42.770060691998943,-22.537387331999881,0.0],[-42.769800089998881,-22.53735538199982,0.0],[-42.769288770998848,-22.537289531999871,0.0],[-42.768759259998909,-22.537229496999878,0.0],[-42.768728009707225,-22.53722517650375,0.0]]]}},
{"type":"Feature","properties":{"fid":798,"NOM_LOGRAD":"RJ-122","DOC_CRIAç":null,"LOCALIDADE":"FUNCHAL","BAIRRO":"CENTRO","CEP":0,"NOME ANTIGO":null},"geometry":{"type":"MultiLineString","coordinates":[[[-42.768728009707225,-22.53722517650375,0.0],[-42.768015079998882,-22.537126608999888,0.0],[-42.767075050998898,-22.536984468999858,0.0],[-42.766513886998915,-22.536897365999849,0.0],[-42.766147889998919,-22.536840555999849,0.0],[-42.765809805998835,-22.536779366999848,0.0],[-42.765505684998899,-22.536695564999842,0.0],[-42.765323566998845,-22.536633203999827,0.0],[-42.765153821998922,-22.53656894899985,0.0],[-42.764732434998947,-22.536344738999858,0.0],[-42.764168470998833,-22.536066586999844,0.0],[-42.763528895998938,-22.535763785999926,0.0],[-42.763050596998887,-22.535505200999935,0.0],[-42.762434774998908,-22.535193847999846,0.0],[-42.762057317998853,-22.535002944999853,0.0],[-42.761535558998936,-22.534739055999879,0.0],[-42.761153483998854,-22.534554575999891,0.0],[-42.760723347998869,-22.534366846999898,0.0],[-42.760360721998886,-22.534238618999858,0.0],[-42.759793144998824,-22.534070195999863,0.0],[-42.759504553998838,-22.533981630999918,0.0],[-42.759204235998858,-22.533889465999827,0.0],[-42.758449452998839,-22.533666090999823,0.0],[-42.757546407998817,-22.533400950999919,0.0],[-42.75694712599887,-22.533223950999929,0.0],[-42.756717579998806,-22.533156152999819,0.0],[-42.755440403998826,-22.532772697999889,0.0],[-42.753983461998878,-22.532349078999928,0.0],[-42.753782966998813,-22.532288478999881,0.0],[-42.752880729998843,-22.532015770999873,0.0],[-42.752656729998883,-22.531948328999892,0.0],[-42.75149227699881,-22.531597729999849,0.0],[-42.751178883998811,-22.531479970999865,0.0],[-42.750624795998796,-22.531248930999837,0.0],[-42.750075752998846,-22.530967239999892,0.0],[-42.750000991998874,-22.530928167999861,0.0],[-42.749854057998881,-22.530851377999909,0.0],[-42.749825375998817,-22.530836388999905,0.0],[-42.74962177499885,-22.530708795999825,0.0],[-42.748275482998828,-22.529812482999834,0.0],[-42.747792635998834,-22.529461964999875,0.0],[-42.747521009998827,-22.529264778999906,0.0],[-42.746672398998875,-22.528638118999826,0.0],[-42.746309629998883,-22.528379322999903,0.0],[-42.746056056998853,-22.528222066999874,0.0],[-42.745867866998822,-22.528116172999894,0.0],[-42.74556850399884,-22.527969680999863,0.0],[-42.745239817998822,-22.527841764999831,0.0],[-42.744808269998813,-22.527708607999838,0.0],[-42.744448927998839,-22.527633947999881,0.0],[-42.743937317998778,-22.527577881999846,0.0],[-42.743119341998778,-22.527538462999875,0.0],[-42.742148204998806,-22.527500396999923,0.0],[-42.741997257998833,-22.527494479999877,0.0],[-42.741188409998784,-22.527462641999829,0.0],[-42.740813409998758,-22.527447879999848,0.0],[-42.740537395998828,-22.52742755799985,0.0],[-42.740365322998805,-22.527414887999868,0.0],[-42.740151784998808,-22.527423090999829,0.0],[-42.740125933998804,-22.527421628999893,0.0],[-42.739848817998784,-22.527405953999843,0.0],[-42.73945203499882,-22.527349686999887,0.0],[-42.739190860998796,-22.527279880999888,0.0],[-42.738864314998764,-22.527175564999879,0.0],[-42.738599466998799,-22.527090956999892,0.0],[-42.738023118998804,-22.526924324999865,0.0],[-42.737240143998761,-22.526691240999856,0.0],[-42.737053239998836,-22.526638324999929,0.0],[-42.736343820998769,-22.526437469999905,0.0],[-42.734577950998748,-22.525895281999894,0.0],[-42.734432718998811,-22.525852707999849,0.0],[-42.733875097998769,-22.52568923999991,0.0],[-42.733226885998782,-22.525497321999925,0.0],[-42.732509337998742,-22.525277504999845,0.0],[-42.732138337998776,-22.525171101999849,0.0],[-42.731965300998752,-22.525130986999894,0.0],[-42.731766537998745,-22.525084907999808,0.0],[-42.731477894998754,-22.525028780999875,0.0],[-42.730955452998778,-22.524946438999905,0.0],[-42.730539777332091,-22.52490486299984,0.0],[-42.730330280998729,-22.524883908999879,0.0],[-42.72873188299873,-22.524710722999853,0.0],[-42.727410469998723,-22.524567816999834,0.0],[-42.727355768998812,-22.524561479999857,0.0],[-42.726452584998775,-22.524456852999894,0.0],[-42.725952428998781,-22.524390625999839,0.0],[-42.72552891399873,-22.524334544999814,0.0],[-42.725447398998739,-22.524323110999845,0.0],[-42.724984625998729,-22.524258190999891,0.0],[-42.724373345998679,-22.524151577999859,0.0],[-42.723964194998757,-22.524036279999919,0.0],[-42.723932120998768,-22.52402503199988,0.0],[-42.723221303998749,-22.523775769999855,0.0],[-42.722347646998756,-22.523445137999854,0.0],[-42.721684612998786,-22.523219055999888,0.0],[-42.721554474998769,-22.523174680999855,0.0],[-42.721134323998726,-22.523022262999856,0.0],[-42.720559523998688,-22.522813738999837,0.0],[-42.720371382998742,-22.522748787999884,0.0],[-42.720265282998767,-22.522712159999877,0.0],[-42.719437083998713,-22.522426239999835,0.0],[-42.719137637998713,-22.522318962999925,0.0],[-42.718302454998707,-22.522019752999871,0.0],[-42.718132302998754,-22.52195971199987,0.0],[-42.717864958998746,-22.52186537499988,0.0],[-42.717471195998755,-22.521726427999841,0.0],[-42.716684122998743,-22.521433548999862,0.0],[-42.716183746998723,-22.52124868899984,0.0],[-42.71592843499873,-22.521180041999841,0.0],[-42.715773786998724,-22.521141354999841,0.0]]]}},
{"type":"Feature","properties":{"fid":799,"NOM_LOGRAD":"RUA ALCIDES LEITE DE MATTOS","DOC_CRIAç":"Lei Nº 2.640/2024","LOCALIDADE":"BOCA DO MATO","BAIRRO":"BOCA DO MATO","CEP":0,"NOME ANTIGO":null},"geometry":{"type":"MultiLineString","coordinates":[[[-42.61946360490311,-22.413127136751111,0.0],[-42.619454590934396,-22.413104875647505,0.0],[-42.619384006563756,-22.412982784107385,0.0],[-42.619325270321681,-22.412901654526021,0.0],[-42.619264577701124,-22.412844861918899,0.0],[-42.619200265388933,-22.412819548185297,0.0],[-42.619147866839974,-22.412818775857552,0.0],[-42.619090747165103,-22.412823667058571,0.0],[-42.619054983471266,-22.412841772586241,0.0],[-42.619020467712019,-22.412877095904957,0.0],[-42.61900138771415,-22.412911213464447,0.0],[-42.61899487676969,-22.412928048152626,0.0],[-42.618991091588107,-22.412946625044416,0.0],[-42.618991954243839,-22.412963837164703,0.0],[-42.619005898691938,-22.413004891299956,0.0]]]}},
{"type":"Feature","properties":{"fid":800,"NOM_LOGRAD":"RUA SEM NOME","DOC_CRIAç":"","LOCALIDADE":"BOCA DO MATO","BAIRRO":"BOCA DO MATO","CEP":null,"NOME ANTIGO":null},"geometry":{"type":"MultiLineString","coordinates":[[[-42.619291171941896,-22.413085704680398,0.0],[-42.619115371443357,-22.413044414817513,0.0],[-42.619005898691938,-22.413004891299956,0.0],[-42.618921614982291,-22.412971327839966,0.0],[-42.618868225022183,-22.412938291922011,0.0],[-42.618839713148112,-22.41289272318074,0.0],[-42.618822123617718,-22.412839432390005,0.0],[-42.618806270709158,-22.412774700930342,0.0],[-42.618797708083868,-22.41273444276224,0.0],[-42.618801535604796,-22.412690784037647,0.0],[-42.618815600386149,-22.41263437667434,0.0],[-42.61882405128825,-22.412590786104072,0.0],[-42.618828380582066,-22.412562900893978,0.0],[-42.618823744084921,-22.412518400752912,0.0]]]}},
{"type":"Feature","properties":{"fid":801,"NOM_LOGRAD":"RUA MONSENHOR EMÍDIO CARDOSO","DOC_CRIAç":null,"LOCALIDADE":"JAPUÍBA","BAIRRO":"CENTRO","CEP":null,"NOME ANTIGO":null},"geometry":{"type":"MultiLineString","coordinates":[[[-42.689384471991453,-22.565098597009229,0.0],[-42.689443089152284,-22.565364198685185,0.0],[-42.689473656586934,-22.565486764051133,0.0],[-42.689470120182918,-22.565572689761158,0.0],[-42.689457590626866,-22.565630152960999,0.0],[-42.689408179305588,-22.565754499219945,0.0],[-42.689396987739322,-22.565857900950224,0.0],[-42.68942074329852,-22.566019629580595,0.0]]]}},
{"type":"Feature","properties":{"fid":802,"NOM_LOGRAD":"RUA MAESTRO EDUARDO GUIMARÃES","DOC_CRIAç":null,"LOCALIDADE":"JAPUÍBA","BAIRRO":"CENTRO","CEP":null,"NOME ANTIGO":null},"geometry":{"type":"MultiLineString","coordinates":[[[-42.695282126146139,-22.565872936126151,0.0],[-42.695277996164499,-22.56586437802936,0.0],[-42.695242618751955,-22.565740735658164,0.0],[-42.694839109596437,-22.564772131916545,0.0]]]}},
{"type":"Feature","properties":{"fid":803,"NOM_LOGRAD":"RUA DR. PORCIÚNCULA","DOC_CRIAç":null,"LOCALIDADE":"JAPUÍBA","BAIRRO":"MARRECA","CEP":null,"NOME ANTIGO":null},"geometry":{"type":"MultiLineString","coordinates":[[[-42.697508024998491,-22.569229928999754,0.0],[-42.69759027037211,-22.569147940481191,0.0],[-42.697747315570133,-22.569052865173227,0.0],[-42.697932483144008,-22.56899106254453,0.0],[-42.698192696521723,-22.568905111529496,0.0],[-42.698744020212516,-22.568740942811782,0.0],[-42.698868152560678,-22.568686036480152,0.0],[-42.698915475994156,-22.568618388767298,0.0],[-42.698901712425297,-22.568555743769551,0.0],[-42.69882352595009,-22.568460798920139,0.0],[-42.698752058320665,-22.568395604292416,0.0],[-42.698667979545618,-22.568327020444904,0.0],[-42.698559829764278,-22.568251674651396,0.0],[-42.698462112977026,-22.568172200186343,0.0],[-42.698336908313124,-22.568074379065621,0.0],[-42.698127604830496,-22.567927836354237,0.0],[-42.697914398142345,-22.567760605233129,0.0],[-42.697709286497776,-22.567598848722426,0.0],[-42.697625015759321,-22.567541212566848,0.0],[-42.697551492839899,-22.567461828543934,0.0],[-42.697420374993591,-22.567313425866608,0.0],[-42.697252223752095,-22.567106738496378,0.0],[-42.697159629897648,-22.566992644983223,0.0],[-42.69709480786404,-22.566877745032709,0.0],[-42.697000461629479,-22.566734147187184,0.0],[-42.696916500790657,-22.566635713291902,0.0],[-42.696849296866823,-22.566544815194696,0.0],[-42.696789339415353,-22.566456124737577,0.0],[-42.696648772649873,-22.566276700882181,0.0],[-42.696487851423377,-22.56605086523038,0.0],[-42.696407073054928,-22.56592243483222,0.0],[-42.696391776200159,-22.565902350237561,0.0],[-42.696365612607487,-22.565853391444552,0.0],[-42.696293515574183,-22.565687652444602,0.0],[-42.696253127518418,-22.565565362221847,0.0]]]}},
{"type":"Feature","properties":{"fid":804,"NOM_LOGRAD":"RUA ALMEIDA CARVALHO","DOC_CRIAç":null,"LOCALIDADE":"JAPUÍBA","BAIRRO":"MARRECA","CEP":28687108,"NOME ANTIGO":null},"geometry":{"type":"MultiLineString","coordinates":[[[-42.697625015759385,-22.567541212566908,0.0],[-42.697431072222727,-22.567611912040626,0.0],[-42.697199260496063,-22.567671195187554,0.0],[-42.696936488193373,-22.567732084413176,0.0],[-42.696695099016118,-22.567797262859468,0.0],[-42.696471933292017,-22.567862813805,0.0],[-42.696344621420089,-22.567902725406615,0.0],[-42.696168970219844,-22.56796281224446,0.0],[-42.696108867296523,-22.567978577831269,0.0]]]}},
{"type":"Feature","properties":{"fid":805,"NOM_LOGRAD":"RUA JOSÉ RODRIGUES DA SILVA","DOC_CRIAç":null,"LOCALIDADE":"JAPUÍBA","BAIRRO":"MARRECA","CEP":null,"NOME ANTIGO":null},"geometry":{"type":"MultiLineString","coordinates":[[[-42.697159629897669,-22.566992644983245,0.0],[-42.697005831545006,-22.56705094913519,0.0],[-42.696818894363268,-22.567112727430803,0.0],[-42.696645099142316,-22.567153395828992,0.0],[-42.696314396171552,-22.567232602756594,0.0],[-42.696006754583287,-22.567306922558469,0.0],[-42.695835285555177,-22.567352345430354,0.0]]]}},
{"type":"Feature","properties":{"fid":806,"NOM_LOGRAD":"RUA LAURO FERREIRA DA SILVA","DOC_CRIAç":null,"LOCALIDADE":"JAPUÍBA","BAIRRO":"MARRECA","CEP":null,"NOME ANTIGO":null},"geometry":{"type":"MultiLineString","coordinates":[[[-42.696391776200166,-22.565902350237533,0.0],[-42.69625839552544,-22.565951152646143,0.0],[-42.696125932162936,-22.565988930567617,0.0],[-42.695957620611487,-22.56603487371293,0.0],[-42.695592094523249,-22.566138744051962,0.0],[-42.695394634186655,-22.566198376556237,0.0]]]}},
{"type":"Feature","properties":{"fid":807,"NOM_LOGRAD":"RUA PROJETADA 17","DOC_CRIAç":null,"LOCALIDADE":"JAPUÍBA","BAIRRO":"VILAGE","CEP":null,"NOME ANTIGO":null},"geometry":{"type":"MultiLineString","coordinates":[[[-42.698263714483609,-22.569639883323042,0.0],[-42.69821434188632,-22.569734207375081,0.0],[-42.698149273729349,-22.56985937300308,0.0],[-42.698104509859299,-22.569941930236229,0.0],[-42.69804982042232,-22.570032145101056,0.0],[-42.697996703069329,-22.570111982640991,0.0],[-42.697967937271223,-22.570158369667663,0.0],[-42.697940570877883,-22.570204776740596,0.0],[-42.697926079997991,-22.570234468592638,0.0],[-42.697976070646156,-22.570258584550984,0.0],[-42.698030237998445,-22.570284060322106,0.0],[-42.698057902642276,-22.570303956407333,0.0],[-42.698060356030545,-22.570324791216837,0.0],[-42.698030596976118,-22.570430963026318,0.0],[-42.698003507171826,-22.570544972945147,0.0],[-42.697922378224099,-22.570867460822246,0.0]]]}},
{"type":"Feature","properties":{"fid":808,"NOM_LOGRAD":"RUA MAESTRO EDUARDO GUIMARÃES","DOC_CRIAç":null,"LOCALIDADE":"JAPUÍBA","BAIRRO":"MARRECA","CEP":null,"NOME ANTIGO":null},"geometry":{"type":"MultiLineString","coordinates":[[[-42.697508024998491,-22.569229928999754,0.0],[-42.697461660108651,-22.569200883161237,0.0],[-42.697381351808453,-22.56916781699222,0.0],[-42.6972521070143,-22.569099318166451,0.0],[-42.697065826470954,-22.568996209158705,0.0],[-42.696890505517366,-22.568887442513496,0.0],[-42.696829166047031,-22.568822915332667,0.0],[-42.69676163900133,-22.568750607512211,0.0],[-42.696384752307978,-22.568379118440269,0.0],[-42.696180916250881,-22.568116181081695,0.0],[-42.696108867296545,-22.567978577831202,0.0],[-42.695951272368148,-22.567642608958028,0.0],[-42.695835285555091,-22.567352345430347,0.0],[-42.695809922982079,-22.5672688643435,0.0],[-42.695685919990552,-22.566946057174871,0.0],[-42.695615189508118,-22.56675798451467,0.0],[-42.695394634186613,-22.566198376556226,0.0],[-42.695282126146168,-22.565872936126162,0.0]]]}},
{"type":"Feature","properties":{"fid":809,"NOM_LOGRAD":"RUA RICARDO JORGE NETO DA COSTA","DOC_CRIAç":"Lei nº 2.622 de 27.06.2024","LOCALIDADE":"SEDE","BAIRRO":"GANGURI","CEP":null,"NOME ANTIGO":null},"geometry":{"type":"MultiLineString","coordinates":[[[-42.659764654810907,-22.466025527817198,0.0],[-42.659811596335985,-22.466080809862468,0.0],[-42.659878665388753,-22.466115718017157,0.0],[-42.65994220838526,-22.466133593867845,0.0],[-42.659996664785169,-22.466149454084572,0.0],[-42.660046134602574,-22.466160532582894,0.0],[-42.660132853306102,-22.466186279641278,0.0],[-42.660179078076276,-22.466209555263603,0.0],[-42.660249737748757,-22.466256562573193,0.0],[-42.660338190056585,-22.466329597538863,0.0],[-42.660387122151789,-22.466372691581363,0.0]]]}},
{"type":"Feature","properties":{"fid":810,"NOM_LOGRAD":"RUA ALTAIR PIRES GAMA","DOC_CRIAç":"Lei nº 2.623 de 27.06.2024","LOCALIDADE":"SEDE","BAIRRO":"SANTO ANTÔNIO","CEP":0,"NOME ANTIGO":null},"geometry":{"type":"MultiLineString","coordinates":[[[-42.650771922087827,-22.466927468490965,0.0],[-42.650771586269613,-22.466886268595832,0.0],[-42.650760365291497,-22.466783804496632,0.0],[-42.650765022557778,-22.46669962480361,0.0]]]}},
{"type":"Feature","properties":{"fid":811,"NOM_LOGRAD":"RUA DOS COLIBRIS","DOC_CRIAç":"Lei 1027 de 29.11.1998","LOCALIDADE":"BOCA DO MATO","BAIRRO":"BOCA DO MATO","CEP":null,"NOME ANTIGO":null},"geometry":{"type":"MultiLineString","coordinates":[[[-42.618187151151744,-22.413844432226437,0.0],[-42.618182617247946,-22.413853591309653,0.0],[-42.61815931531288,-22.41389135432226,0.0],[-42.618098215535909,-22.414006260636135,0.0],[-42.61804379995263,-22.414123704005064,0.0],[-42.617981888574342,-22.41426622003403,0.0],[-42.617936849835729,-22.414338671887883,0.0],[-42.617905935624499,-22.414381214444006,0.0],[-42.617875072323294,-22.414420771737987,0.0],[-42.617808218269886,-22.414461589811449,0.0],[-42.617720183542964,-22.414501498252953,0.0],[-42.617666263642818,-22.414499508557437,0.0],[-42.61761581933979,-22.414482042882799,0.0]]]}},
{"type":"Feature","properties":{"fid":812,"NOM_LOGRAD":"RUA PAULO MAURÍCIO SOARES COELHO","DOC_CRIAç":"Lei nº 2.540 de 18.10.2022","LOCALIDADE":"Papucaia","BAIRRO":"Ribeira","CEP":null,"NOME ANTIGO":null},"geometry":{"type":"MultiLineString","coordinates":[[[-42.734045244714999,-22.591227731361442,0.0],[-42.734656618957175,-22.591526855592491,0.0]]]}},
{"type":"Feature","properties":{"fid":813,"NOM_LOGRAD":"RUA BENVINDA TELES","DOC_CRIAç":null,"LOCALIDADE":"JAPUÍBA","BAIRRO":"CENTRO","CEP":null,"NOME ANTIGO":null},"geometry":{"type":"MultiLineString","coordinates":[[[-42.690186886874017,-22.566867257777325,0.0],[-42.689902279159703,-22.56693204848948,0.0],[-42.689496177641523,-22.567076181158541,0.0],[-42.689286257255915,-22.567109783316976,0.0],[-42.689225731195876,-22.567119477340643,0.0]]]}},
{"type":"Feature","properties":{"fid":814,"NOM_LOGRAD":"RUA MONSENHOR EMÍDIO CARDOSO","DOC_CRIAç":null,"LOCALIDADE":"JAPUÍBA","BAIRRO":"CENTRO","CEP":null,"NOME ANTIGO":null},"geometry":{"type":"MultiLineString","coordinates":[[[-42.689457139377751,-22.567082430073402,0.0],[-42.689610973987783,-22.567511181790767,0.0],[-42.689816432832302,-22.568026831792423,0.0],[-42.689843480905274,-22.568150163026576,0.0],[-42.689835448807955,-22.568181437056577,0.0]]]}},
{"type":"Feature","properties":{"fid":815,"NOM_LOGRAD":"RUA LÍRIO DA PAZ","DOC_CRIAç":"Lei Nº 2.649/2025","LOCALIDADE":"AGROBRASIL","BAIRRO":"CENTRO","CEP":null,"NOME ANTIGO":null},"geometry":{"type":"MultiLineString","coordinates":[[[-42.751425451322021,-22.654511466752734,0.0],[-42.751249123917468,-22.655206747695829,0.0]]]}},
{"type":"Feature","properties":{"fid":816,"NOM_LOGRAD":"RUA MARIANA SARDINHA","DOC_CRIAç":null,"LOCALIDADE":"PEDREIRA","BAIRRO":"PEDREIRA","CEP":null,"NOME ANTIGO":null},"geometry":{"type":"MultiLineString","coordinates":[[[-42.669913107998489,-22.509196281999841,0.0],[-42.669990910998536,-22.509191284999794,0.0],[-42.670088758998553,-22.509163174999866,0.0],[-42.670507554998551,-22.508990091999841,0.0],[-42.671139443998534,-22.508637344999869,0.0],[-42.671440056998534,-22.508505174999843,0.0],[-42.671666367998533,-22.508443866999837,0.0],[-42.671739420998534,-22.50842350399985,0.0],[-42.672140224998564,-22.508311779999858,0.0],[-42.672265181758448,-22.508296358248135,0.0],[-42.672292496356924,-22.508354085522516,0.0],[-42.672338403862597,-22.508376248896393,0.0],[-42.672397763419887,-22.508362774027024,0.0],[-42.672493628728461,-22.508318771884319,0.0],[-42.672552988251212,-22.50830529695423,0.0],[-42.672611747869873,-22.50832764605163,0.0],[-42.672992745529328,-22.50906652996505,0.0]]]}},
{"type":"Feature","properties":{"fid":817,"NOM_LOGRAD":"ESTRADA LUIZ PACHECO DRUMOND","DOC_CRIAç":null,"LOCALIDADE":"Bom Jardim","BAIRRO":null,"CEP":0,"NOME ANTIGO":null},"geometry":{"type":"MultiLineString","coordinates":[[[-42.610159589975332,-22.505078277573528,0.0],[-42.610124036372319,-22.505129016013111,0.0],[-42.610071279458218,-22.505185074577788,0.0],[-42.610013427847775,-22.505235765506963,0.0],[-42.609957461402779,-22.505281806654562,0.0],[-42.609929535993579,-22.50534730574725,0.0],[-42.609869876070661,-22.505424784094846,0.0],[-42.609799964501725,-22.505456703067097,0.0],[-42.609717754282912,-22.505516269617569,0.0],[-42.609715921248082,-22.505577029405842,0.0],[-42.609737252743635,-22.505642893517191,0.0],[-42.609760724261044,-22.505698902354244,0.0],[-42.60979439960834,-22.505780329555865,0.0],[-42.609839917797316,-22.505883537581475,0.0],[-42.609875637358307,-22.50602944398894,0.0],[-42.609887593185334,-22.506159251588521,0.0],[-42.609897844506676,-22.506319427384668,0.0],[-42.609895782297073,-22.506416436261603,0.0],[-42.609874805063669,-22.506536234103987,0.0],[-42.609807762781699,-22.506630447375684,0.0],[-42.609710075811137,-22.506719079036127,0.0],[-42.609648106678861,-22.506747453938456,0.0],[-42.609573813551371,-22.506804940771467,0.0],[-42.609520696149367,-22.506868600964236,0.0],[-42.609491370405237,-22.506923825914008,0.0],[-42.609464957452289,-22.506993009198691,0.0],[-42.609451988523141,-22.507082532362698,0.0],[-42.609416245192506,-22.50714425336162,0.0],[-42.609385589801398,-22.507230950590081,0.0],[-42.609302723416036,-22.507328590492932,0.0],[-42.609282702612433,-22.507392742039048,0.0],[-42.609632630693902,-22.50777405690982,0.0],[-42.609639960466723,-22.507920243321276,0.0],[-42.609546172268999,-22.508056384567503,0.0],[-42.609453825517527,-22.508204132511295,0.0],[-42.609504399725033,-22.508438599643664,0.0],[-42.609651402416766,-22.508615354911697,0.0],[-42.609888480371076,-22.508771886362215,0.0],[-42.610054469010251,-22.508858019508569,0.0],[-42.610358844096403,-22.509022379163373,0.0],[-42.610590472719885,-22.509153155874674,0.0],[-42.610844205005613,-22.50928061098984,0.0],[-42.611033703036199,-22.509399278806757,0.0],[-42.611046587744923,-22.509472327681518,0.0],[-42.611166276836201,-22.509613847179743,0.0],[-42.611326239879915,-22.509669365165706,0.0],[-42.611450554043699,-22.509810409521222,0.0],[-42.611633697321054,-22.50994207297391,0.0],[-42.611725716414163,-22.509973297866882,0.0],[-42.611873913635883,-22.510026855097752,0.0],[-42.612161763638824,-22.510107565883317,0.0],[-42.612267147594991,-22.510109129003837,0.0],[-42.612405260358265,-22.510248249566487,0.0],[-42.612304829285513,-22.510396452320233,0.0],[-42.612339161142636,-22.510706197092727,0.0],[-42.612655716847883,-22.511191237168852,0.0],[-42.61272844364121,-22.511392772192021,0.0],[-42.612803488127426,-22.511888362083489,0.0],[-42.612887768342489,-22.512445002745949,0.0],[-42.612974582758326,-22.512741901391983,0.0],[-42.613033656452941,-22.513007334532897,0.0],[-42.613081228596009,-22.513231390691374,0.0],[-42.613076005014442,-22.513460635887004,0.0],[-42.61308220538703,-22.513473866109198,0.0],[-42.613126975277247,-22.513561720379379,0.0],[-42.613174968485318,-22.513649025242849,0.0],[-42.613287573702735,-22.51390390541577,0.0],[-42.613310519324109,-22.513952618400317,0.0],[-42.61353061085368,-22.514236563140315,0.0],[-42.6136657083063,-22.514379504026152,0.0],[-42.61379329983334,-22.514510389649139,0.0],[-42.613941065398251,-22.514664267646836,0.0],[-42.614176550205443,-22.514861673070829,0.0],[-42.614285995793232,-22.514953402917261,0.0],[-42.614492164799287,-22.515061807313497,0.0],[-42.614671785685886,-22.515084508115972,0.0],[-42.614923828004891,-22.515153006092923,0.0],[-42.61508492638221,-22.515258592553813,0.0],[-42.615323904772296,-22.51531935821005,0.0],[-42.615617455609978,-22.515384898584745,0.0],[-42.616167968454327,-22.515393519937668,0.0],[-42.616749755034746,-22.515669173638518,0.0],[-42.616985068545773,-22.515799790606469,0.0],[-42.617059092420781,-22.515997904446813,0.0],[-42.617226762445867,-22.516375844586562,0.0],[-42.617339336792774,-22.516751428565364,0.0],[-42.617429952945763,-22.516992459573206,0.0],[-42.617492754820482,-22.517271528343212,0.0],[-42.617547945325811,-22.517383577762594,0.0],[-42.617590148693445,-22.517471393053441,0.0],[-42.617890938341006,-22.517814127081394,0.0],[-42.618250065859762,-22.518180128408797,0.0],[-42.618516212211347,-22.518404040555225,0.0],[-42.618811349677024,-22.518523914221241,0.0],[-42.618861330866956,-22.518535330868627,0.0],[-42.619102807690481,-22.51860328374001,0.0],[-42.619467685400885,-22.518711483319365,0.0],[-42.619836423898903,-22.518874597043023,0.0],[-42.620098607236358,-22.518948083759589,0.0],[-42.620263113578787,-22.518994106897445,0.0],[-42.62062091275962,-22.5190832723212,0.0],[-42.620921889747009,-22.519159939762559,0.0],[-42.621268348185815,-22.519283054668886,0.0],[-42.62153063630678,-22.519349115363418,0.0],[-42.621781429298217,-22.519480243448957,0.0],[-42.622081823293527,-22.519881736901105,0.0],[-42.62233549873023,-22.520241609874187,0.0],[-42.622764084703775,-22.520639211463813,0.0],[-42.623090563447704,-22.520878852865366,0.0],[-42.62363684227887,-22.520980245011813,0.0],[-42.623982327078814,-22.520985420370895,0.0],[-42.624246313752707,-22.521042535511356,0.0],[-42.624835763568122,-22.521073984824138,0.0],[-42.625173787965075,-22.521162517681933,0.0],[-42.6256274159703,-22.521366458568171,0.0],[-42.625761464022126,-22.52142907115735,0.0],[-42.626237018720126,-22.521540953109007,0.0],[-42.626616053968696,-22.521540021912838,0.0],[-42.626948604853595,-22.521448748070561,0.0],[-42.627204176677715,-22.521408567356108,0.0],[-42.627314031298312,-22.521402638284403,0.0],[-42.62754415911202,-22.521386262233779,0.0],[-42.62780685967617,-22.52136600306476,0.0],[-42.628085161432033,-22.521325809250367,0.0],[-42.62842979342264,-22.521329887192085,0.0],[-42.628909931199445,-22.521376937121062,0.0],[-42.629229779305383,-22.521435340606743,0.0],[-42.629367370701431,-22.52145901331544,0.0],[-42.629572785045482,-22.5214836139568,0.0],[-42.629768955204966,-22.521512088536614,0.0],[-42.630034479335578,-22.521537653109366,0.0],[-42.630338041117739,-22.521523725513251,0.0],[-42.630622850864349,-22.521490451046304,0.0],[-42.630786403956108,-22.521423371829908,0.0],[-42.631027650807503,-22.521300200169986,0.0],[-42.631520344782963,-22.521177492530938,0.0],[-42.631812406468399,-22.521079969613581,0.0],[-42.632189656385009,-22.521045792143084,0.0],[-42.632680157198799,-22.52092873185892,0.0],[-42.632877280443346,-22.520866668297412,0.0],[-42.633073715909227,-22.520784987527161,0.0],[-42.633259561182328,-22.520672562384302,0.0],[-42.63355014157397,-22.520554497944794,0.0],[-42.63377775349575,-22.520482057252238,0.0],[-42.634311207070915,-22.520308337615525,0.0],[-42.634975642324065,-22.520092246538098,0.0],[-42.635189349149201,-22.520026163962296,0.0],[-42.635311894572183,-22.520004636053429,0.0],[-42.635499524971046,-22.519958046818111,0.0],[-42.635649907819761,-22.519888836216008,0.0],[-42.635740812518137,-22.519835229260178,0.0],[-42.635892059482259,-22.519710844581184,0.0],[-42.63598601420766,-22.519603212943665,0.0],[-42.636155069618745,-22.519364748195258,0.0],[-42.636259583529011,-22.519311679128453,0.0],[-42.636441462331263,-22.519180436626733,0.0],[-42.63657649767115,-22.519077114744842,0.0],[-42.636702669238481,-22.518981823859633,0.0],[-42.636856475600553,-22.518880422197856,0.0],[-42.636999046801655,-22.518799051739233,0.0],[-42.637258004985462,-22.518615332517321,0.0],[-42.637396295037682,-22.518496728007246,0.0],[-42.637506984949646,-22.518413550301396,0.0],[-42.637589134803392,-22.518345480814432,0.0],[-42.637667733360914,-22.518259443101446,0.0],[-42.63783892599475,-22.518095933778781,0.0],[-42.637966262893691,-22.518016583253949,0.0],[-42.638092990587552,-22.51797305578593,0.0],[-42.638311479663912,-22.517901014679307,0.0],[-42.638500021745152,-22.517851227520701,0.0],[-42.638656107305231,-22.517820074392638,0.0],[-42.638905767014272,-22.517729379306708,0.0],[-42.639005848643379,-22.517665155292136,0.0],[-42.639069394852129,-22.517632644173975,0.0],[-42.639252301433558,-22.517536191644144,0.0],[-42.639454791075309,-22.517422110043917,0.0],[-42.639681314916267,-22.517331074327284,0.0],[-42.640170288252378,-22.517153111843275,0.0],[-42.640413053187075,-22.517089784477395,0.0],[-42.640676584895942,-22.517014817099437,0.0],[-42.640883179645364,-22.516961708410861,0.0],[-42.641022373013747,-22.516941054917233,0.0],[-42.641419210371311,-22.51692716315733,0.0],[-42.642130619960021,-22.516822923919111,0.0],[-42.642382693101318,-22.516817061340895,0.0],[-42.642588983178101,-22.516781862024295,0.0],[-42.642883076063157,-22.516724060221112,0.0],[-42.643342816333664,-22.516601796625558,0.0],[-42.643808101979907,-22.51645572468934,0.0],[-42.644036575425083,-22.516325295599295,0.0],[-42.64426529142942,-22.516180536810573,0.0],[-42.644649776134415,-22.515947282243587,0.0],[-42.644852057146593,-22.515845134366394,0.0],[-42.64498556161152,-22.51585664308929,0.0],[-42.645241721921934,-22.51591294492134,0.0],[-42.645563501600762,-22.51604187077292,0.0],[-42.645777482165151,-22.516159664012697,0.0],[-42.645925196187264,-22.516243044341493,0.0],[-42.646062061822455,-22.516359709329627,0.0],[-42.646334741826927,-22.516655132886758,0.0],[-42.646602120088943,-22.516960033802402,0.0],[-42.646912246156099,-22.517170006616034,0.0],[-42.647075627894914,-22.517239282160347,0.0],[-42.647321752390198,-22.517281101275863,0.0],[-42.647582895908052,-22.517347027738392,0.0],[-42.64780853736189,-22.517383769104047,0.0],[-42.647967183129978,-22.517429086378208,0.0],[-42.648102919639896,-22.517612620264313,0.0],[-42.648293914869782,-22.517873403748375,0.0],[-42.648569156575469,-22.518321745923771,0.0],[-42.648745781173716,-22.518520209691001,0.0],[-42.64911384081379,-22.518649805184502,0.0],[-42.649478295662675,-22.518688572034833,0.0],[-42.650084465193537,-22.518726090004453,0.0],[-42.650542026804125,-22.518732770433729,0.0],[-42.650773055141627,-22.518755253548711,0.0],[-42.651115573512293,-22.518874916501325,0.0],[-42.651456315952473,-22.519099661072936,0.0],[-42.651624763006282,-22.519173783861458,0.0],[-42.65184518710636,-22.519215221348045,0.0],[-42.652004724713187,-22.519207993751635,0.0],[-42.652180573840823,-22.519148449828485,0.0],[-42.652361967610609,-22.51906509834026,0.0],[-42.652492514611254,-22.518947561411402,0.0],[-42.652702196451315,-22.51871173733592,0.0],[-42.65284719781571,-22.518651742691379,0.0],[-42.653053408641746,-22.518621306437183,0.0],[-42.653521333865122,-22.518623351842042,0.0],[-42.65400387604442,-22.518673385487176,0.0],[-42.65433242597657,-22.518706840372698,0.0],[-42.654810311640361,-22.518728137836213,0.0],[-42.655083518709475,-22.518689119901765,0.0],[-42.655356403196777,-22.518669207417048,0.0],[-42.655568238638963,-22.518610183898097,0.0],[-42.655652270518317,-22.518506299539698,0.0],[-42.655710918940564,-22.518382934756552,0.0],[-42.655719526074613,-22.518177620863948,0.0],[-42.655822786316932,-22.517543696445433,0.0],[-42.655935746594295,-22.5172491268778,0.0],[-42.656048464575285,-22.516968886635674,0.0],[-42.656172108887311,-22.51665058411611,0.0],[-42.656278073173226,-22.516465798469959,0.0],[-42.656607439744683,-22.51614571339401,0.0],[-42.656854145075734,-22.515848312478116,0.0],[-42.656965087731031,-22.51567315405358,0.0],[-42.657026230584194,-22.515401717379259,0.0],[-42.65709588323385,-22.515235513095568,0.0],[-42.657462601099269,-22.514834749289406,0.0],[-42.657781437355645,-22.514528841025886,0.0],[-42.657979533288973,-22.514369282892186,0.0],[-42.658311824916026,-22.514214529487379,0.0],[-42.658656708045079,-22.514159361817075,0.0],[-42.659130002340518,-22.514147134918726,0.0],[-42.659883083051319,-22.514009977379576,0.0],[-42.660141098425996,-22.513956396195855,0.0],[-42.660566199107649,-22.513752357579907,0.0],[-42.66079537815795,-22.513578914389793,0.0],[-42.661076770498312,-22.513358452790836,0.0],[-42.661427165107327,-22.513009995925806,0.0],[-42.661745988814701,-22.512704078640589,0.0],[-42.661897327044237,-22.512572501989958,0.0],[-42.661991793050767,-22.512459209860811,0.0],[-42.662216229064974,-22.512261807075156,0.0],[-42.662398010270081,-22.512154560375265,0.0],[-42.662652407096274,-22.512010146420884,0.0],[-42.662952509515492,-22.51189983932969,0.0],[-42.663293578330702,-22.511799681666602,0.0],[-42.663490218795026,-22.511726093073243,0.0],[-42.663697140929351,-22.511652653444525,0.0],[-42.663841970246722,-22.511602200837626,0.0],[-42.66400166019865,-22.511585407505411,0.0],[-42.664206976191153,-22.511607497502936,0.0],[-42.664524188632441,-22.511702875913755,0.0],[-42.66479039351033,-22.511773625381309,0.0],[-42.665010249967601,-22.511848479824415,0.0],[-42.665290655370271,-22.511934755807982,0.0],[-42.665693524188129,-22.51203406630178,0.0],[-42.666307864224521,-22.512201734734486,0.0],[-42.66653784386704,-22.512286289320013,0.0],[-42.666931292234281,-22.512435322846219,0.0],[-42.667186576650749,-22.512544131748733,0.0],[-42.667538978893475,-22.512687791345503,0.0],[-42.667880939620368,-22.512840854322686,0.0],[-42.6682332633006,-22.512989289046956,0.0],[-42.669223165655488,-22.513447950838167,0.0],[-42.669512919033622,-22.513648031557427,0.0],[-42.669735038791224,-22.51389490963944,0.0],[-42.669956838931178,-22.514160893612154,0.0],[-42.670278017189673,-22.514633756592637,0.0],[-42.670719380462522,-22.515299466147116,0.0],[-42.670888070337703,-22.515579794710394,0.0],[-42.671024499848343,-22.515810317111562,0.0],[-42.671219078532729,-22.51616668200467,0.0],[-42.671365529204351,-22.516326464868481,0.0],[-42.67150225831783,-22.516452663101866,0.0],[-42.671698101770787,-22.516426830090094,0.0],[-42.671940855704705,-22.516363453790714,0.0],[-42.672131477834668,-22.516342322410654,0.0],[-42.672269888314332,-22.516368212693266,0.0],[-42.672505340297313,-22.516433727782474,0.0],[-42.672698623219716,-22.516560742886323,0.0],[-42.672885405218409,-22.516768884680413,0.0],[-42.673111637020341,-22.517077928338011,0.0],[-42.673588929615903,-22.51774892848718,0.0],[-42.673850270219035,-22.518106309302773,0.0],[-42.674031277804538,-22.518357312347625,0.0],[-42.674256367361565,-22.518601089025985,0.0],[-42.674727253697405,-22.519174801141329,0.0],[-42.674909300592141,-22.519358984052356,0.0],[-42.675138578635618,-22.519486516653245,0.0],[-42.675374597065634,-22.519518592232117,0.0],[-42.675508269913905,-22.519520523022766,0.0],[-42.675909608207313,-22.519507208524008,0.0],[-42.676511615686366,-22.519487234885332,0.0],[-42.676846516975694,-22.519449070295931,0.0],[-42.677212425482978,-22.51940179711012,0.0],[-42.677582916085434,-22.519388033163469,0.0],[-42.677849064241492,-22.519463539318181,0.0],[-42.677997123119432,-22.519527785850652,0.0],[-42.678148566966854,-22.519697190731129,0.0],[-42.67852052773619,-22.519903220618694,0.0],[-42.678657825915003,-22.51999597763923,0.0],[-42.678815450016685,-22.520103360862187,0.0],[-42.678927201724591,-22.52018619378148,0.0],[-42.679074783080111,-22.520279098793655,0.0],[-42.679389155063653,-22.520546406578113,0.0],[-42.679639324154813,-22.520655123556484,0.0],[-42.679772679353505,-22.520676157154377,0.0],[-42.680036003695662,-22.520613065484365,0.0],[-42.680204753860878,-22.520362279202025,0.0],[-42.680480035071099,-22.520199027063565,0.0],[-42.680956025449618,-22.520090191057921,0.0],[-42.681290728768118,-22.520000490068803,0.0],[-42.68159462370955,-22.519971424268746,0.0],[-42.681861572911082,-22.519999158342284,0.0],[-42.682111982482745,-22.520093541844062,0.0],[-42.682315562722117,-22.520220694606145,0.0],[-42.682553379399138,-22.520453450017612,0.0],[-42.682845281403864,-22.520835093262718,0.0],[-42.683011599183338,-22.521038152265557,0.0],[-42.683133079366058,-22.521154566600401,0.0],[-42.683348979193219,-22.521468226756433,0.0],[-42.683492661692092,-22.521795180281309,0.0],[-42.683613187862115,-22.522562182809597,0.0],[-42.683633407158425,-22.522699246163508,0.0],[-42.683787848969125,-22.523213635298443,0.0],[-42.683867005251443,-22.523401105849423,0.0],[-42.683976134201608,-22.523641562726741,0.0],[-42.683994072175295,-22.523895327746793,0.0],[-42.683947921437685,-22.524099818033783,0.0],[-42.683960239209725,-22.524286326509703,0.0],[-42.684104562702124,-22.524575067139267,0.0],[-42.684239798510838,-22.524792011037853,0.0],[-42.684401697955238,-22.524952005891006,0.0],[-42.684570172785016,-22.525026096200513,0.0],[-42.684749727148855,-22.525052568529119,0.0],[-42.685361486439106,-22.525066147705139,0.0],[-42.685540245028328,-22.525140384975217,0.0],[-42.685686883659749,-22.52523209692934,0.0],[-42.685811359490714,-22.525536058063075,0.0],[-42.685812521066211,-22.525774961083762,0.0],[-42.685750359373131,-22.526419060013328,0.0],[-42.685737894126234,-22.526858431475937,0.0],[-42.685797218860223,-22.527618943126321,0.0],[-42.685767769249402,-22.527843072608672,0.0],[-42.685492330304314,-22.528632212661005,0.0]]]}},
{"type":"Feature","properties":{"fid":818,"NOM_LOGRAD":"RUA COPO DE LEITE (RUA 40)","DOC_CRIAç":"Lei n 2.172 de 21.12.2015","LOCALIDADE":"GLEBA COLÉGIO","BAIRRO":"","CEP":null,"NOME ANTIGO":null},"geometry":{"type":"MultiLineString","coordinates":[[[-42.770439882944508,-22.634083284101596,0.0],[-42.770779431529931,-22.63381239433258,0.0],[-42.771149263275788,-22.633526000236664,0.0],[-42.771340944363587,-22.63340197129747,0.0],[-42.771426637085213,-22.633361380008299,0.0],[-42.771523605164916,-22.633336574220476,0.0],[-42.771627338459496,-22.633327553933995,0.0],[-42.771699500751367,-22.633327553933995,0.0],[-42.771782938401401,-22.63334108436376,0.0],[-42.771891181839173,-22.633361380008385,0.0],[-42.772497796105277,-22.633526000236678,0.0],[-42.77286988292272,-22.633641008889324,0.0],[-42.773210398737561,-22.63373572189742,0.0],[-42.773471987045639,-22.633801118974421,0.0],[-42.774202630250869,-22.634037901494679,0.0],[-42.774540890994018,-22.634128104359501,0.0],[-42.774610798214297,-22.634146144932537,0.0],[-42.774712276437185,-22.634200266651384,0.0],[-42.774779928585872,-22.634222817367604,0.0],[-42.774946803885847,-22.634258898513501,0.0],[-42.77509338354119,-22.634299489802761,0.0],[-42.775183586406015,-22.634331060805462,0.0],[-42.775278299414119,-22.634378417309517,0.0],[-42.775400073281652,-22.634452834672988,0.0],[-42.775503806576218,-22.634529507108059,0.0],[-42.775615239046132,-22.634639701439401,0.0],[-42.775706763022178,-22.634730208482328,0.0],[-42.776114930985607,-22.635102295299866,0.0],[-42.77625249035448,-22.635235344525455,0.0],[-42.776477997516579,-22.635463106759236,0.0],[-42.776684171607272,-22.635652357077326,0.0],[-42.777101650821059,-22.636035362468899,0.0]]]}},
{"type":"Feature","properties":{"fid":819,"NOM_LOGRAD":"RUA ONZE HORAS (RUA 42)","DOC_CRIAç":"Lei n 2.172 de 21.12.2015","LOCALIDADE":"AGROBRASIL","BAIRRO":"CENTRO","CEP":null,"NOME ANTIGO":null},"geometry":{"type":"MultiLineString","coordinates":[[[-42.778620588495535,-22.635022556435189,0.0],[-42.779680714217669,-22.636036285101806,0.0],[-42.780659212422798,-22.636972939633697,0.0],[-42.780975722258916,-22.637287303640434,0.0],[-42.781382124649141,-22.637675787249091,0.0],[-42.781434836130543,-22.637724777919999,0.0],[-42.781580855082495,-22.637860489651889,0.0],[-42.781655247805858,-22.63792963112417,0.0],[-42.781706659223559,-22.637997108609902,0.0],[-42.781751644214047,-22.638061372882035,0.0],[-42.78178377635011,-22.638112784299736,0.0],[-42.781812695272656,-22.638196327853585,0.0],[-42.781825548127081,-22.638283084620952,0.0],[-42.781831974554294,-22.63851122278718,0.0],[-42.781662407173535,-22.638775806970624,0.0],[-42.781635346314118,-22.638805122901736,0.0],[-42.781540633306008,-22.638870519978731,0.0],[-42.781247473995322,-22.639026119920644,0.0],[-42.780952059612943,-22.639161424217914,0.0],[-42.780821265458862,-22.639222311151638,0.0],[-42.780735572737314,-22.639233586509789,0.0],[-42.780620564084579,-22.639242606796266,0.0],[-42.780537126434638,-22.6392335865098,0.0],[-42.780446923569812,-22.639206525650284,0.0],[-42.780352210561709,-22.639156914074636,0.0],[-42.780264262768483,-22.639082496711165,0.0],[-42.779844819446893,-22.63868560410581,0.0],[-42.779008187875498,-22.637887308751893,0.0],[-42.778194107020241,-22.637107053971025,0.0],[-42.777434147883909,-22.636374155694202,0.0],[-42.777101650821059,-22.636035362468899,0.0]]]}},
{"type":"Feature","properties":{"fid":820,"NOM_LOGRAD":"RJ-116","DOC_CRIAç":null,"LOCALIDADE":"MORRO DO CÉU","BAIRRO":"","CEP":28682680,"NOME ANTIGO":null},"geometry":{"type":"MultiLineString","coordinates":[[[-42.669439432586088,-22.491936882173345,0.0],[-42.670119079,-22.492202322999944,0.0],[-42.670952188999927,-22.492495107999915,0.0],[-42.671600688999931,-22.492738894999928,0.0],[-42.671928900999909,-22.492862277,0.0],[-42.672467287999957,-22.493060939999925,0.0],[-42.672875309999966,-22.493216281999906,0.0],[-42.673195910999937,-22.493345446000017,0.0],[-42.673367682999938,-22.49342712199994,0.0],[-42.673491313999953,-22.493495930999941,0.0],[-42.673673315,-22.493608335999919,0.0],[-42.67392156799994,-22.493775441999979,0.0],[-42.674090099999937,-22.493917138999976,0.0],[-42.674213285999912,-22.494038208999957,0.0],[-42.674345118,-22.49418952199996,0.0],[-42.674485278999953,-22.494371554999912,0.0],[-42.674648604999959,-22.494618086999893,0.0],[-42.674679405999939,-22.494667510999893,0.0],[-42.674918428,-22.495051034999918,0.0],[-42.675162538999942,-22.495471477999985,0.0],[-42.675335743999973,-22.495781739999892,0.0],[-42.675418621,-22.495930195999918,0.0],[-42.676054366999921,-22.496994239999939,0.0],[-42.676477537999943,-22.497698225999919,0.0],[-42.676655963999963,-22.498006824999965,0.0],[-42.676762272999966,-22.498181859999971,0.0],[-42.676886435999933,-22.498361346,0.0],[-42.676998119999936,-22.49850674299995,0.0],[-42.677112636999908,-22.498634555999946,0.0],[-42.677222377999932,-22.498736111,0.0],[-42.677385231,-22.498862319999965,0.0],[-42.677625274999961,-22.499014243999923,0.0],[-42.67833130799994,-22.499387558999985,0.0],[-42.678804848999945,-22.499615705999947,0.0],[-42.679458247999918,-22.499954192999983,0.0],[-42.679552728999923,-22.500011941999961,0.0],[-42.679833384999966,-22.500183488999948,0.0],[-42.680151738999925,-22.500361134999896,0.0],[-42.680340585999915,-22.500454988999937,0.0],[-42.680751240999967,-22.50059027699994,0.0],[-42.681240987999985,-22.500726084999904,0.0],[-42.681664632999954,-22.500841153999914,0.0],[-42.681872737999946,-22.500919955999951,0.0],[-42.682274333999956,-22.501095061999958,0.0],[-42.682408884999987,-22.501158255999943,0.0],[-42.682860022999918,-22.501370141999896,0.0],[-42.682896766999946,-22.501387398999984,0.0],[-42.683373659999965,-22.501618838999956,0.0],[-42.683650105999924,-22.501749354000012,0.0],[-42.683822647999904,-22.501846760999978,0.0],[-42.684032359999932,-22.501969366,0.0],[-42.684296876999966,-22.502159928999959,0.0],[-42.684369914999976,-22.502212544999963,0.0],[-42.684490300999983,-22.50231948099993,0.0],[-42.684515927999975,-22.502347405999927,0.0],[-42.68463031999994,-22.502472046999941,0.0],[-42.684718951999983,-22.502610942999972,0.0],[-42.684799455999986,-22.502743645999939,0.0],[-42.684811352999901,-22.502763256999962,0.0],[-42.684885685000012,-22.502968974999934,0.0],[-42.684931246999966,-22.503142521,0.0],[-42.684954939999969,-22.503307798999984,0.0],[-42.684964390999951,-22.503461904999956,0.0],[-42.684960072999957,-22.503659448999944,0.0],[-42.684923997999903,-22.504154862999901,0.0],[-42.684905804,-22.504398625999922,0.0],[-42.684877391999947,-22.504779310999979,0.0],[-42.684869889999952,-22.50490027599994,0.0],[-42.68485503499997,-22.505139797999959,0.0],[-42.684848955999911,-22.505429512999942,0.0],[-42.684855971999951,-22.505505470999932,0.0],[-42.684864811999972,-22.505601173999946,0.0],[-42.684907658999968,-22.505757483,0.0],[-42.68495061499997,-22.505879623999888,0.0],[-42.685083627999958,-22.506086039,0.0],[-42.685407181,-22.50651597799996,0.0],[-42.685901352999942,-22.507280502999979,0.0],[-42.686310358999947,-22.507844302999988,0.0],[-42.686956042999988,-22.508764997999979,0.0],[-42.687238152999967,-22.50915592,0.0],[-42.687441010999969,-22.509459077999935,0.0],[-42.687567601174109,-22.509709808840068,0.0]]]}},
{"type":"Feature","properties":{"fid":821,"NOM_LOGRAD":"RJ-116","DOC_CRIAç":null,"LOCALIDADE":"BENGALA","BAIRRO":"","CEP":0,"NOME ANTIGO":null},"geometry":{"type":"MultiLineString","coordinates":[[[-42.686586292999955,-22.546225968999938,0.0],[-42.686437547999986,-22.546518843999923,0.0],[-42.686182691999946,-22.547000982999936,0.0],[-42.685844706999958,-22.547640381999905,0.0],[-42.68561941699997,-22.548097996999935,0.0],[-42.685465437999937,-22.548410761999971,0.0],[-42.685248637999933,-22.548879059999901,0.0],[-42.68505306,-22.549404395999936,0.0],[-42.684930399999985,-22.54972420799993,0.0],[-42.684889333999962,-22.549831280999989,0.0],[-42.684657779999988,-22.550526902999909,0.0],[-42.684567963999925,-22.550853237,0.0],[-42.684519547,-22.551105831999937,0.0],[-42.68449571,-22.55138033,0.0],[-42.684491518999906,-22.551615013999971,0.0],[-42.68450127700001,-22.551822272999974,0.0],[-42.684522190999957,-22.551991233,0.0],[-42.684554340999952,-22.55217860299997,0.0],[-42.684655613999986,-22.5524976529999,0.0],[-42.684733139999921,-22.552694594999945,0.0],[-42.684816659999989,-22.552871049999975,0.0],[-42.684921692999978,-22.553064558,0.0],[-42.685204838999951,-22.553479641999978,0.0],[-42.685483278999989,-22.553830244000018,0.0],[-42.686060404999957,-22.554514248999958,0.0],[-42.686208160999925,-22.554689377999964,0.0],[-42.686480051999958,-22.555011634999985,0.0],[-42.68667012799996,-22.555250177999916,0.0],[-42.68719626599998,-22.55591047499993,0.0],[-42.687388998999928,-22.556134543999988,0.0],[-42.687645134999983,-22.556432322999935,0.0],[-42.687746622998588,-22.556559593999808,0.0]]]}},
{"type":"Feature","properties":{"fid":822,"NOM_LOGRAD":"RJ-116","DOC_CRIAç":null,"LOCALIDADE":"GLEBA COLÉGIO","BAIRRO":"","CEP":0,"NOME ANTIGO":null},"geometry":{"type":"MultiLineString","coordinates":[[[-42.736066636923397,-22.615354447640623,0.0],[-42.735954733999975,-22.615727541999924,0.0],[-42.735946140999978,-22.615752780999976,0.0],[-42.735848060999942,-22.615956924999988,0.0],[-42.735847643999911,-22.615957791999968,0.0],[-42.735781232999926,-22.616087696999976,0.0],[-42.735628661,-22.616265642999949,0.0],[-42.73533905599993,-22.61655779599997,0.0],[-42.735039339,-22.616831400999956,0.0],[-42.734852797999935,-22.617028447999921,0.0],[-42.734769921999913,-22.617118565999917,0.0],[-42.734739980999919,-22.617151121999939,0.0],[-42.734604058999956,-22.617316793999965,0.0],[-42.734537810999981,-22.617405789999967,0.0],[-42.734385817999929,-22.617663702999987,0.0],[-42.734233936999971,-22.617936987999947,0.0],[-42.733953788999976,-22.618430707999941,0.0],[-42.733856048999968,-22.618600085999923,0.0],[-42.733758889999926,-22.618768458,0.0],[-42.733552053999958,-22.619138813999911,0.0],[-42.733448519,-22.619324201999977,0.0],[-42.733369175999925,-22.619458467999973,0.0],[-42.733094766999955,-22.61995400099995,0.0],[-42.73281299,-22.620467709,0.0],[-42.732763975999944,-22.620562224,0.0],[-42.732634601999983,-22.620811694999954,0.0],[-42.732373382999953,-22.621201221999943,0.0],[-42.73198976399992,-22.621765559,0.0],[-42.731764446999932,-22.622041547,0.0],[-42.731581393999974,-22.622279180999957,0.0],[-42.731525738999984,-22.622351428999899,0.0],[-42.731313344999911,-22.622569107999965,0.0],[-42.73110071,-22.622759181999967,0.0],[-42.730957262999937,-22.622842002999985,0.0],[-42.730892348471158,-22.622877301583944,0.0],[-42.730807225999953,-22.622912463999949,0.0],[-42.730647051999938,-22.622973718999951,0.0],[-42.730416594999966,-22.623041072999936,0.0],[-42.730252934999925,-22.623077740999946,0.0],[-42.729975158999942,-22.623108260999985,0.0],[-42.729753986999938,-22.623105054999893,0.0],[-42.72947884,-22.623071162999945,0.0],[-42.729224808999945,-22.623022789999929,0.0],[-42.728715671,-22.62293521799997,0.0],[-42.728232387999981,-22.622852091999935,0.0],[-42.72782644699997,-22.622786853999955,0.0],[-42.727347612999964,-22.622709900999979,0.0],[-42.726795519999939,-22.622620240999932,0.0],[-42.726408617,-22.622567709999938,0.0],[-42.726108950999972,-22.622536669999946,0.0],[-42.725769026,-22.622527124999955,0.0]]]}},
{"type":"Feature","properties":{"fid":823,"NOM_LOGRAD":"RJ-116","DOC_CRIAç":null,"LOCALIDADE":"IPIRANGA","BAIRRO":"","CEP":0,"NOME ANTIGO":null},"geometry":{"type":"MultiLineString","coordinates":[[[-42.725769026,-22.622527124999955,0.0],[-42.725547113999937,-22.622548463999948,0.0],[-42.725274969999887,-22.622600540999905,0.0],[-42.725013551999936,-22.622671207999883,0.0],[-42.724927675999936,-22.622703215999962,0.0],[-42.72478261,-22.622757286,0.0],[-42.72462574,-22.622840337999929,0.0],[-42.72442216799994,-22.622963346,0.0],[-42.724255140999979,-22.623092466999928,0.0],[-42.724139557999926,-22.62320599,0.0],[-42.723966319999974,-22.623411244999922,0.0],[-42.72385637099994,-22.623584698999974,0.0],[-42.72373968999996,-22.623764057999978,0.0],[-42.723639777999949,-22.623959001999943,0.0],[-42.723579250999926,-22.624127602999952,0.0],[-42.723418816999967,-22.624582243999907,0.0],[-42.723274124999897,-22.625008197999897,0.0],[-42.723111703939921,-22.625485764997482,0.0],[-42.722880352442488,-22.626240777233768,0.0],[-42.722463942891387,-22.627471901123801,0.0],[-42.722402216674801,-22.627676878748986,0.0],[-42.72234216003816,-22.627876312108317,0.0],[-42.722272032402643,-22.628109188784585,0.0],[-42.722218299316566,-22.628277396706391,0.0],[-42.722170645729364,-22.628503872619973,0.0],[-42.722159782871543,-22.6286631945351,0.0],[-42.722152540966249,-22.628913040265786,0.0],[-42.722163403824155,-22.629090466944017,0.0],[-42.72219599239768,-22.629246167906633,0.0],[-42.722246685734319,-22.629438078395374,0.0],[-42.72230462097626,-22.629615505073701,0.0],[-42.722374400920835,-22.629772509949028,0.0],[-42.722420491460042,-22.629876213662193,0.0],[-42.722963634352659,-22.630948015637099,0.0],[-42.723011810954475,-22.631043280103821,0.0],[-42.723269348337809,-22.631552534816617,0.0],[-42.723604542966044,-22.63221534905335,0.0],[-42.724252693484715,-22.633508029137928,0.0],[-42.724289972051977,-22.633575447823496,0.0],[-42.72435920777216,-22.633700661359839,0.0],[-42.724593063030781,-22.634123591083,0.0],[-42.724672723988341,-22.634250324424592,0.0],[-42.724868255429783,-22.634500170155281,0.0],[-42.725324495459624,-22.635068659716307,0.0],[-42.726086542492034,-22.635969061109037,0.0],[-42.726580966018062,-22.636553250289619,0.0],[-42.726976969737898,-22.637011235472247,0.0]]]}},
{"type":"Feature","properties":{"fid":824,"NOM_LOGRAD":"ESTRADA JOSÉ VIDAL DE OLIVEIRA","DOC_CRIAç":"Lei 752/1992","LOCALIDADE":"SEBASTIANA","BAIRRO":"","CEP":0,"NOME ANTIGO":null},"geometry":{"type":"MultiLineString","coordinates":[[[-42.761071198857522,-22.473412920679298,0.0],[-42.761216828999935,-22.47368391,0.0],[-42.761264731,-22.473849055,0.0],[-42.761253329999931,-22.473973650999909,0.0],[-42.761208933,-22.474097430999933,0.0],[-42.76104625199995,-22.474319847999954,0.0],[-42.760794262999966,-22.474610171999906,0.0],[-42.760445429999969,-22.475000754999979,0.0],[-42.760222818999935,-22.475231917000013,0.0],[-42.760042724999956,-22.475359483,0.0],[-42.759877858,-22.475418472999905,0.0],[-42.759710504999916,-22.475411815999969,0.0],[-42.75946589099992,-22.475277390999945,0.0],[-42.759209208999913,-22.475117956,0.0],[-42.758677225999946,-22.47478751800001,0.0],[-42.758284741999987,-22.474554736999931,0.0],[-42.757969513999925,-22.474428023999934,0.0],[-42.757762585999942,-22.474377850999961,0.0],[-42.757418964999943,-22.47438556699997,0.0],[-42.756909116999935,-22.474418167999918,0.0],[-42.755941580999909,-22.474459354999951,0.0],[-42.755805624999937,-22.47447031699997,0.0]]]}},
{"type":"Feature","properties":{"fid":825,"NOM_LOGRAD":"ESTRADA JOSÉ VIDAL DE OLIVEIRA","DOC_CRIAç":"Lei 752/1992","LOCALIDADE":"FUNCHAL","BAIRRO":"","CEP":0,"NOME ANTIGO":null},"geometry":{"type":"MultiLineString","coordinates":[[[-42.736556937485688,-22.48204193143545,0.0],[-42.736633949999955,-22.482187836,0.0],[-42.736785556999983,-22.482646377000027,0.0],[-42.736844580999971,-22.483022713999983,0.0],[-42.736828499999973,-22.483323910999946,0.0],[-42.736738816999932,-22.483705107999963,0.0],[-42.736722697999923,-22.483757059,0.0],[-42.736645886999973,-22.484004627999962,0.0],[-42.736353615999946,-22.484619829999968,0.0],[-42.736036377999895,-22.485383654999932,0.0],[-42.735982032999928,-22.485502113999956,0.0],[-42.735781854999971,-22.485938452,0.0],[-42.735634068999914,-22.486334973999945,0.0],[-42.735493009999971,-22.486683824999947,0.0],[-42.735359804999966,-22.486921037999942,0.0],[-42.735157590000014,-22.48712091199997,0.0],[-42.734790519999933,-22.487383641999948,0.0],[-42.734553648999963,-22.487598794999979,0.0],[-42.734469129999979,-22.487787032999929,0.0],[-42.734468798999956,-22.487977908999909,0.0],[-42.734535593999979,-22.488187879999959,0.0],[-42.734742644999969,-22.488486580999986,0.0],[-42.735004518999958,-22.488715337,0.0],[-42.735189466,-22.488977870999957,0.0],[-42.735193023999926,-22.489167643999931,0.0],[-42.735151569999957,-22.489315935999947,0.0],[-42.735026317999896,-22.489479358999969,0.0],[-42.735002471999969,-22.489498386999955,0.0],[-42.734730887999973,-22.489715115999939,0.0],[-42.733715081999947,-22.490309610999919,0.0],[-42.733359510999918,-22.490532332999965,0.0],[-42.731618145,-22.491623068999967,0.0],[-42.731070241999959,-22.491950149999944,0.0],[-42.730889624000021,-22.492057971999898,0.0],[-42.730255517999964,-22.492438295999921,0.0],[-42.730052807999968,-22.492649498999988,0.0],[-42.729943741999918,-22.492828494999962,0.0],[-42.729861281999931,-22.493088703999916,0.0],[-42.729722646999917,-22.49323235,0.0],[-42.729494851,-22.493385875999902,0.0],[-42.72876717,-22.493707888999985,0.0],[-42.727998968999941,-22.494042576999977,0.0],[-42.727616487,-22.494299498,0.0],[-42.727180032999954,-22.494739785999926,0.0],[-42.726728370999979,-22.495196974999917,0.0],[-42.72635057399998,-22.49560396499993,0.0],[-42.726094288999917,-22.495918146999895,0.0],[-42.725922996999955,-22.496195776999954,0.0],[-42.725848700999933,-22.496447190999973,0.0],[-42.725824239999952,-22.496529964999976,0.0],[-42.725771429999938,-22.496862827,0.0],[-42.725769430999947,-22.497160371999922,0.0],[-42.725814383999932,-22.497459675,0.0],[-42.726036302999923,-22.497793997999942,0.0],[-42.726278594999975,-22.497991149,0.0],[-42.726669871999931,-22.498104749999985,0.0],[-42.727207267999987,-22.498114944999937,0.0],[-42.728180870999985,-22.498077725999973,0.0],[-42.728689606999978,-22.498094763999958,0.0],[-42.72889095099994,-22.498128840999936,0.0],[-42.729168844999933,-22.498232997999938,0.0],[-42.729362559999977,-22.498382039000017,0.0],[-42.72950632099996,-22.498586764,0.0],[-42.729556159,-22.498770512,0.0],[-42.729647601999929,-22.499606929999935,0.0],[-42.729664816999929,-22.499741734999901,0.0],[-42.729698644999978,-22.500006604999964,0.0],[-42.729748254,-22.500395053999956,0.0],[-42.729763304,-22.500689217999955,0.0],[-42.729758148000016,-22.500856500999944,0.0],[-42.729734474999923,-22.501022705999922,0.0],[-42.7297137589999,-22.501187110999933,0.0],[-42.729662104999974,-22.50142851799993,0.0],[-42.72961521,-22.501656192999935,0.0],[-42.729606316999977,-22.501774343999944,0.0],[-42.729603218999983,-22.501864902999969,0.0],[-42.729623949000022,-22.501984743999945,0.0],[-42.729668495999974,-22.502129117999988,0.0],[-42.729689717999946,-22.502197894999902,0.0],[-42.729703765999957,-22.502254710999981,0.0],[-42.729789483999951,-22.502601373999891,0.0],[-42.729889906,-22.503019762999962,0.0],[-42.729899850999935,-22.503061196999923,0.0],[-42.729969588999921,-22.503478013999956,0.0],[-42.730048998999926,-22.503795117999989,0.0],[-42.730124745999973,-22.503973823999939,0.0],[-42.730269376999949,-22.504283067999946,0.0],[-42.730441385999967,-22.504605695999906,0.0],[-42.73065046199995,-22.504938491999916,0.0],[-42.730752720999973,-22.505118982999917,0.0],[-42.730836700999909,-22.505267210999932,0.0],[-42.730850540999903,-22.50529163899991,0.0],[-42.730898907999986,-22.505419585999924,0.0],[-42.730912490999955,-22.505455519999963,0.0],[-42.730928942999988,-22.505581889999942,0.0],[-42.730938896999923,-22.505692354999937,0.0],[-42.730956176999932,-22.505854559999946,0.0],[-42.730937837999925,-22.506243628999982,0.0],[-42.730918895999956,-22.506465463999955,0.0],[-42.730904696999936,-22.506631730999946,0.0],[-42.730900883999979,-22.507053586999938,0.0],[-42.730900167999927,-22.507132820000013,0.0],[-42.730895640999989,-22.507633755999979,0.0],[-42.730917076999987,-22.507983006999932,0.0],[-42.730951022999946,-22.508221668999958,0.0],[-42.73097798099996,-22.508302019999949,0.0],[-42.730984375999952,-22.50832108299992,0.0],[-42.731063214,-22.508457989999968,0.0],[-42.731111164999966,-22.508505895999946,0.0],[-42.731211534999929,-22.508606172999976,0.0],[-42.731397521999945,-22.508798455999987,0.0],[-42.731497565999959,-22.508950615999964,0.0],[-42.731557919999986,-22.509086483999919,0.0],[-42.731577531999925,-22.509219915999953,0.0],[-42.731586557999954,-22.509345748999966,0.0],[-42.731572606999954,-22.509432235999938,0.0],[-42.73156542999989,-22.509476730999978,0.0],[-42.731534828999941,-22.509781109999938,0.0],[-42.731475045999971,-22.510197750999946,0.0],[-42.731463563,-22.510277779,0.0],[-42.731415569000021,-22.510713086999949,0.0],[-42.731400899999954,-22.511003335999892,0.0],[-42.731386093999973,-22.511149380999907,0.0],[-42.731414167999986,-22.511317921999897,0.0],[-42.731437470999971,-22.511451404999935,0.0],[-42.731495672999984,-22.511614786999953,0.0],[-42.731585083999924,-22.511856492999964,0.0],[-42.731677720999947,-22.512028275999963,0.0],[-42.731728416999971,-22.512122282999936,0.0],[-42.731843723999916,-22.512414151000012,0.0],[-42.731862638999971,-22.51248627599994,0.0],[-42.731880593999946,-22.512554736,0.0],[-42.731895566999938,-22.512611827999933,0.0],[-42.731913037999966,-22.512772669999926,0.0],[-42.731905132999934,-22.512925014,0.0],[-42.731882954999968,-22.513069530999967,0.0],[-42.731838460999924,-22.513262826999977,0.0],[-42.731801231999953,-22.513360667999986,0.0],[-42.731768711999926,-22.51344613299996,0.0],[-42.731626576999886,-22.513701394999938,0.0],[-42.731341817999954,-22.514024266,0.0],[-42.73098005199995,-22.514383949999932,0.0],[-42.730737501999954,-22.514627617999928,0.0],[-42.730569888999952,-22.514796003,0.0],[-42.73023114999998,-22.515149805999958,0.0],[-42.730123565999961,-22.515295769999963,0.0],[-42.730070337,-22.515410378999942,0.0],[-42.730038811999968,-22.515496617999975,0.0],[-42.730028196999982,-22.515525658999973,0.0],[-42.729968217,-22.51577847399993,0.0],[-42.729883475999905,-22.516064369999967,0.0],[-42.729730712999967,-22.516366790999943,0.0],[-42.729381725999957,-22.516820637999917,0.0],[-42.729345681,-22.51686595399994,0.0],[-42.72924269,-22.516995434,0.0],[-42.729213759999915,-22.517031804999888,0.0],[-42.728882669999962,-22.517440443999952,0.0],[-42.728680664999949,-22.517721282999918,0.0],[-42.728630152999948,-22.517791507999952,0.0],[-42.728532740999967,-22.517933127999957,0.0],[-42.72838964999994,-22.518142156999929,0.0],[-42.728347252999981,-22.518202791999975,0.0],[-42.728030843999917,-22.518667116999929,0.0],[-42.727766895999927,-22.519089737999909,0.0],[-42.727449374999949,-22.519622480999928,0.0],[-42.727123624999905,-22.520168227999967,0.0],[-42.726956764999954,-22.520388753999917,0.0],[-42.726786224999969,-22.520543609999944,0.0],[-42.72662512999996,-22.520671436999951,0.0],[-42.726476635000019,-22.520779342,0.0],[-42.726330727999944,-22.520852909999952,0.0],[-42.725934712999944,-22.520982684999939,0.0],[-42.725699187,-22.521071215999889,0.0],[-42.725664889,-22.521081568999957,0.0],[-42.725548115000024,-22.521116816999935,0.0],[-42.725449008999902,-22.521158800999945,0.0],[-42.725363075999987,-22.521222284999958,0.0],[-42.725244190999916,-22.521331911999972,0.0],[-42.725019738,-22.521620846,0.0],[-42.724572662999961,-22.522153017999965,0.0],[-42.724351465999952,-22.522446862999942,0.0],[-42.724241408,-22.522593065999956,0.0],[-42.724161141999929,-22.522724651,0.0],[-42.724132325999939,-22.522771890999923,0.0],[-42.72406778600002,-22.522946640999987,0.0],[-42.724024119999953,-22.523166321999955,0.0],[-42.723992854999949,-22.52343933,0.0],[-42.723941115999928,-22.5239673909999,0.0],[-42.723932120999983,-22.524025031999958,0.0]]]}},
{"type":"Feature","properties":{"fid":826,"NOM_LOGRAD":"ESTRADA JOSÉ VIDAL DE OLIVEIRA","DOC_CRIAç":"Lei 752/1992","LOCALIDADE":"GUAPIAÇU","BAIRRO":"","CEP":0,"NOME ANTIGO":null},"geometry":{"type":"MultiLineString","coordinates":[[[-42.763620539468384,-22.460011004532202,0.0],[-42.76362065045889,-22.460010847985586,0.0]],[[-42.761071170794402,-22.473412955681571,0.0],[-42.761035451616074,-22.473343337261255,0.0],[-42.761009073934154,-22.473225314367035,0.0],[-42.761042735995119,-22.47305019298447,0.0],[-42.761102452438685,-22.472853335522778,0.0],[-42.761169667229041,-22.472669721471203,0.0],[-42.761264776492524,-22.472509787176687,0.0],[-42.7614528385634,-22.472084176688039,0.0],[-42.761556569965059,-22.471787593590779,0.0],[-42.7616658809741,-22.471543645112902,0.0],[-42.761767136360504,-22.471321085382495,0.0],[-42.761838942107282,-22.471171577423519,0.0],[-42.761924603778979,-22.47103958178592,0.0],[-42.762099406268064,-22.470878961445653,0.0],[-42.762420290373029,-22.470585391843827,0.0],[-42.762652204722116,-22.470389728970709,0.0],[-42.762823927268343,-22.470260718800596,0.0],[-42.762953371234403,-22.470123357629852,0.0],[-42.76303842723452,-22.469948948681274,0.0],[-42.763078979943351,-22.469824687769385,0.0],[-42.763087303704516,-22.469706549334234,0.0],[-42.763060915057515,-22.469589123750215,0.0],[-42.763025503145734,-22.469473364690735,0.0],[-42.76294817773347,-22.469326564713818,0.0],[-42.762793076093779,-22.469141059223425,0.0],[-42.762503067697168,-22.46887305374835,0.0],[-42.762236859922957,-22.468643601644136,0.0],[-42.761934234720741,-22.468361086353266,0.0],[-42.761675404299638,-22.468127265597513,0.0],[-42.761625257705759,-22.468027808172327,0.0],[-42.761600246532048,-22.467974215747542,0.0],[-42.761579662007435,-22.467875168727812,0.0],[-42.761591114195745,-22.467795030540408,0.0],[-42.761598147406325,-22.467702378497044,0.0],[-42.761645497783654,-22.467573358054775,0.0],[-42.761688738866532,-22.467470044347678,0.0],[-42.761721480614256,-22.467330086146667,0.0],[-42.76172825219782,-22.467196208365685,0.0],[-42.761720180764378,-22.467065989101162,0.0],[-42.761678135512376,-22.466922416302502,0.0],[-42.761635889551854,-22.466848832380286,0.0],[-42.761579373325787,-22.466743274979891,0.0],[-42.761449382246532,-22.466494996570983,0.0],[-42.761342665211579,-22.466293416065998,0.0],[-42.76128969970069,-22.466196925216913,0.0],[-42.761267722531123,-22.466127057811448,0.0],[-42.761270116070435,-22.466035629546052,0.0],[-42.761308731746787,-22.465875141926237,0.0],[-42.761354496200973,-22.465729782425903,0.0],[-42.761420011400268,-22.4656203370401,0.0],[-42.761567339306509,-22.465364744285498,0.0],[-42.761671578244993,-22.465203020524491,0.0],[-42.761738968100033,-22.4650918834046,0.0],[-42.761834850549519,-22.464990159072169,0.0],[-42.761900309284755,-22.464941687007816,0.0],[-42.762174242324271,-22.464799923381701,0.0],[-42.762586646916965,-22.464666092234399,0.0],[-42.762991694899675,-22.464587550147037,0.0],[-42.763093904760943,-22.464552039915365,0.0],[-42.763207730871891,-22.464483627168626,0.0],[-42.763374440362242,-22.464401777754066,0.0],[-42.763442090548054,-22.464331865539165,0.0],[-42.763490913360471,-22.464283591421033,0.0],[-42.763569035263757,-22.464194501506213,0.0],[-42.763642613940242,-22.464100625167021,0.0],[-42.763650713897029,-22.463998970344093,0.0],[-42.763659703161096,-22.463899474838733,0.0],[-42.763681556225833,-22.463746912464043,0.0],[-42.763692936913472,-22.463498449244888,0.0],[-42.763702511594488,-22.463304923829654,0.0],[-42.763694520301563,-22.463054474355953,0.0],[-42.763686074147415,-22.462832358794859,0.0],[-42.763678717162691,-22.462599952797536,0.0],[-42.763675772302413,-22.462380489903008,0.0],[-42.76367379254242,-22.462158464003299,0.0],[-42.763672143541065,-22.461915831610686,0.0],[-42.763669143809899,-22.461757342372206,0.0],[-42.763657043504125,-22.461475060476641,0.0],[-42.763651162184587,-22.461323401631176,0.0],[-42.763656392937563,-22.461055100777404,0.0],[-42.763641507866133,-22.460831178300957,0.0],[-42.763628360442986,-22.460671689533772,0.0],[-42.763636832089148,-22.460546852354117,0.0],[-42.763629592840346,-22.460422226706466,0.0],[-42.763626303983656,-22.460339307391102,0.0],[-42.763633375967821,-22.460186539961846,0.0],[-42.763620476616964,-22.46001159631901,0.0]]]}},
{"type":"Feature","properties":{"fid":827,"NOM_LOGRAD":"ESTRADA JOSÉ VIDAL DE OLIVEIRA","DOC_CRIAç":"Lei 752/1992","LOCALIDADE":"DUAS BARRAS","BAIRRO":"CENTRO","CEP":0,"NOME ANTIGO":null},"geometry":{"type":"MultiLineString","coordinates":[[[-42.755805624999937,-22.47447031699997,0.0],[-42.755509871,-22.474494163999989,0.0],[-42.754698897999944,-22.474518037999918,0.0],[-42.754045379999958,-22.474557853999926,0.0],[-42.753879695999927,-22.474543907999927,0.0],[-42.75363092999995,-22.474522967999974,0.0],[-42.753508037999907,-22.474494800999953,0.0],[-42.753121340999975,-22.47440617,0.0],[-42.752628976,-22.474293316999887,0.0],[-42.752180601999939,-22.474243922999968,0.0],[-42.752123355,-22.474250814999923,0.0],[-42.752114098999947,-22.474251930000012,0.0],[-42.751960417999932,-22.474299397999946,0.0],[-42.75179993899998,-22.474436613999931,0.0],[-42.751515308999963,-22.47483358499991,0.0],[-42.751261074999974,-22.475227443999913,0.0],[-42.751121243999954,-22.475353880999887,0.0],[-42.750963552999963,-22.475417637999922,0.0],[-42.750603014999975,-22.475513557999957,0.0],[-42.750000836999973,-22.475607103999963,0.0],[-42.749798359999922,-22.475638557,0.0],[-42.749592783999965,-22.475674674999969,0.0],[-42.74923804299992,-22.475687558999965,0.0],[-42.748825723,-22.475606445,0.0],[-42.748360287999951,-22.475495630999987,0.0],[-42.747980215999945,-22.47541754500001,0.0],[-42.747653801999938,-22.475402594999917,0.0],[-42.746288814999971,-22.475458918999973,0.0],[-42.7459532,-22.475528414999943,0.0],[-42.745496397999958,-22.475691151,0.0],[-42.745025926000025,-22.475918089999944,0.0],[-42.744657290999982,-22.476143027999989,0.0],[-42.744278514,-22.476522701999961,0.0],[-42.743790778999966,-22.477027392999972,0.0],[-42.743533118999963,-22.477246649999909,0.0],[-42.74333990199996,-22.477310617999954,0.0],[-42.742950355999973,-22.47730642399997,0.0],[-42.742383716999896,-22.477291877000013,0.0],[-42.742173903999941,-22.477335169999954,0.0],[-42.741914748999903,-22.47743586599994,0.0],[-42.74167517399998,-22.477624077999963,0.0],[-42.741427998999953,-22.477885620999938,0.0],[-42.741159990999989,-22.478284376999969,0.0],[-42.741091610999923,-22.47835271599995,0.0]],[[-42.741047965999954,-22.478396334,0.0],[-42.74094224,-22.478501996999956,0.0],[-42.740842422,-22.478579124999936,0.0],[-42.74044431899992,-22.478827017999933,0.0],[-42.740059457999962,-22.479011082999968,0.0],[-42.739705715999918,-22.479097994999972,0.0],[-42.739481434999924,-22.479181935999982,0.0],[-42.739047504,-22.479484078999945,0.0],[-42.738755973999943,-22.479607363999929,0.0],[-42.738308671999967,-22.479769276999917,0.0],[-42.738092791999961,-22.479754629999949,0.0],[-42.737903130999896,-22.479679408999939,0.0],[-42.737709198999923,-22.479609631999946,0.0],[-42.737620810999985,-22.479602521999968,0.0],[-42.737543847000012,-22.479613150999967,0.0],[-42.737477651999953,-22.479630389999969,0.0],[-42.73733477199994,-22.479718864999921,0.0],[-42.737288384999928,-22.479779744999981,0.0],[-42.736348087999929,-22.481245812999948,0.0],[-42.736311716999936,-22.481332926999976,0.0],[-42.736308263999916,-22.481435326999911,0.0],[-42.736306537999951,-22.481514442999977,0.0],[-42.736320407999948,-22.481593810999978,0.0],[-42.736556937485688,-22.48204193143545,0.0]]]}},
{"type":"Feature","properties":{"fid":828,"NOM_LOGRAD":"CMU-010","DOC_CRIAç":null,"LOCALIDADE":"ESTREITO","BAIRRO":"","CEP":1,"NOME ANTIGO":null},"geometry":{"type":"MultiLineString","coordinates":[[[-42.796119802,-22.426060652999954,0.0],[-42.796149423999964,-22.426087656999965,0.0],[-42.796267099999923,-22.426155952999924,0.0],[-42.796345447999926,-22.426297096999981,0.0],[-42.796441454999965,-22.426553785999896,0.0],[-42.796498782999912,-22.426708252999976,0.0],[-42.796526260999968,-22.426847502999951,0.0],[-42.796551443999917,-22.426926859999952,0.0],[-42.796688855999918,-22.427109368999954,0.0],[-42.796787158999969,-22.427275592999933,0.0],[-42.796814764999944,-22.427367889000021,0.0],[-42.796842131,-22.427481898999954,0.0],[-42.796842404999921,-22.427576540999961,0.0],[-42.796857712999945,-22.427623539999946,0.0],[-42.797013264999933,-22.427757045999982,0.0],[-42.797084163999941,-22.427869221999934,0.0],[-42.79721516499994,-22.428237478999947,0.0],[-42.797220740999968,-22.428364263999949,0.0],[-42.79721453099998,-22.42846818799994,0.0],[-42.797218136000012,-22.428523226999964,0.0],[-42.797246303999941,-22.428580730999922,0.0],[-42.797301544999982,-22.428637136999967,0.0],[-42.79737683,-22.428699371999965,0.0],[-42.797498835999967,-22.428804440999961,0.0],[-42.797668491999971,-22.428944823999942,0.0],[-42.797928546,-22.429108165999949,0.0],[-42.797961921,-22.429160064999976,0.0],[-42.798189181999888,-22.429428122999958,0.0],[-42.798419998999975,-22.429660958999943,0.0],[-42.798476072,-22.429731273,0.0],[-42.798489077999918,-22.429747581999923,0.0],[-42.798574085000027,-22.429890725999947,0.0],[-42.798729763999944,-22.430139107,0.0],[-42.79884258999995,-22.430241594999938,0.0],[-42.798999522999964,-22.430391407999892,0.0],[-42.799042667999984,-22.430447024999971,0.0],[-42.799153427,-22.430589798999979,0.0],[-42.79922640199991,-22.430717157999936,0.0],[-42.799252674999948,-22.430811938999973,0.0],[-42.799264349999945,-22.430924479999948,0.0],[-42.799261057999935,-22.431007439999973,0.0],[-42.799256554999914,-22.431120868999951,0.0],[-42.799178976999983,-22.431258582999885,0.0],[-42.799176024999916,-22.431264664999947,0.0],[-42.799138176999982,-22.431342628,0.0],[-42.799079316,-22.431455722999942,0.0],[-42.799045543999952,-22.431532910999938,0.0],[-42.799022791999938,-22.431620989999939,0.0],[-42.799007519,-22.431765360999979,0.0],[-42.798999709999983,-22.431793000999956,0.0],[-42.798973334999928,-22.431886364999961,0.0],[-42.798965213999971,-22.431954951999945,0.0],[-42.798971079999923,-22.43203067,0.0],[-42.798974830999967,-22.432069602999938,0.0],[-42.798987767999975,-22.432113450999921,0.0],[-42.799007646999925,-22.43218083599989,0.0],[-42.799041376999966,-22.432282530999959,0.0],[-42.799053463,-22.432357001,0.0],[-42.799032574999949,-22.432460969,0.0],[-42.798984181999948,-22.432587293999962,0.0],[-42.798953242999964,-22.432616554999974,0.0],[-42.79892322299996,-22.432644944999932,0.0],[-42.798568797999948,-22.432905281999975,0.0],[-42.798296671999907,-22.433074310999928,0.0],[-42.798231060999981,-22.433115065000017,0.0],[-42.798181453999966,-22.433152629999931,0.0],[-42.798002062999949,-22.433324591999945,0.0],[-42.797763778999951,-22.433585882999981,0.0],[-42.797665028999951,-22.433693259999899,0.0],[-42.797662668999934,-22.43369582599993,0.0],[-42.797535603,-22.433865680999947,0.0],[-42.797432155999957,-22.434012547999934,0.0],[-42.797237181999989,-22.434204603999923,0.0],[-42.79712366999992,-22.434359510999947,0.0],[-42.796954745999983,-22.434631923999937,0.0],[-42.796838851,-22.434774882999957,0.0],[-42.796790000999934,-22.434821405999983,0.0],[-42.796670508,-22.43493520599997,0.0],[-42.796561648999962,-22.435055350999978,0.0],[-42.796273168,-22.435373736999939,0.0],[-42.796017836,-22.435669505999989,0.0],[-42.795797515999979,-22.435993719999896,0.0],[-42.795702918999964,-22.436094624999981,0.0],[-42.795522172999931,-22.436258243999941,0.0],[-42.795373299999959,-22.436401870999923,0.0],[-42.795204311999925,-22.436509890999972,0.0],[-42.795010349999949,-22.436646217999975,0.0],[-42.794996716999975,-22.436655799999969,0.0],[-42.794903401999889,-22.43678303199993,0.0],[-42.794897706999954,-22.436794182999954,0.0],[-42.794812404,-22.436961196000016,0.0],[-42.794806570999967,-22.436967345999982,0.0],[-42.794761677999887,-22.437014682,0.0],[-42.79466530699991,-22.437079273999924,0.0],[-42.794525410999967,-22.43716835,0.0],[-42.794503747999954,-22.437181814999967,0.0],[-42.794477682000021,-22.437196795999967,0.0],[-42.79445706099991,-22.437210362999934,0.0],[-42.794437481999978,-22.437224033999914,0.0],[-42.794425664999977,-22.437234569999891,0.0],[-42.794414659999958,-22.437247134999957,0.0],[-42.79440655,-22.437261935999935,0.0],[-42.79439774599998,-22.437282517999954,0.0],[-42.79439149,-22.437299453000026,0.0],[-42.794377392999891,-22.437366749,0.0],[-42.794347864999935,-22.437569308999965,0.0],[-42.794335307999958,-22.437942123,0.0],[-42.794330803999941,-22.438047943999951,0.0],[-42.794328357000012,-22.438105403999916,0.0],[-42.794278036000023,-22.438283977999934,0.0],[-42.794275139999954,-22.438294251999899,0.0],[-42.794101531999985,-22.438636016999947,0.0],[-42.794054542,-22.438723473999985,0.0],[-42.793854464999974,-22.439095847999976,0.0],[-42.793746842999944,-22.439292016999943,0.0],[-42.793678083999936,-22.439441692999903,0.0],[-42.793676701,-22.439445648999961,0.0],[-42.793624058,-22.439596308,0.0],[-42.793566187999915,-22.439743200999981,0.0],[-42.793486624,-22.439837537999967,0.0],[-42.793333569999945,-22.439910642999976,0.0],[-42.79310128799991,-22.439975899999954,0.0],[-42.792965931999987,-22.439990381,0.0],[-42.792811120999971,-22.440029919999986,0.0],[-42.792535921999942,-22.44020457399996,0.0],[-42.792366530999956,-22.440298847999951,0.0],[-42.792199713999928,-22.440431665999924,0.0],[-42.791923019999942,-22.440565394999972,0.0],[-42.791715796999938,-22.440672043999914,0.0],[-42.791357755999982,-22.440782057999968,0.0],[-42.791106639999981,-22.440851164,0.0],[-42.791027502999924,-22.440887257999968,0.0],[-42.790964781999975,-22.440932162999943,0.0],[-42.790937830999965,-22.440980278999927,0.0],[-42.79092755080319,-22.441037566176668,0.0]]]}},
{"type":"Feature","properties":{"fid":829,"NOM_LOGRAD":"CMU-010","DOC_CRIAç":null,"LOCALIDADE":"MATUMBO","BAIRRO":"","CEP":1,"NOME ANTIGO":null},"geometry":{"type":"MultiLineString","coordinates":[[[-42.79092755080319,-22.441037566176668,0.0],[-42.790924747999952,-22.441053184999923,0.0],[-42.790938616999938,-22.441179772999909,0.0],[-42.790972708999917,-22.441312040999936,0.0],[-42.791055193,-22.441632065999944,0.0],[-42.791086214999979,-22.441943006,0.0],[-42.791076179999948,-22.442105506999948,0.0],[-42.791004957000013,-22.442426398999938,0.0],[-42.790822795999944,-22.442849379999942,0.0],[-42.79060921399995,-22.443333658999965,0.0],[-42.79044475200002,-22.443737783,0.0],[-42.790440318000016,-22.443745874999966,0.0],[-42.790115058999916,-22.44433962799997,0.0],[-42.790101477999954,-22.444372004999895,0.0],[-42.78998470599997,-22.444650356999926,0.0],[-42.789902248,-22.44491884799994,0.0]],[[-42.789900195,-22.44492338799995,0.0],[-42.789726361999911,-22.445307805999963,0.0],[-42.789640071999969,-22.445437375999937,0.0],[-42.789625088999969,-22.445440008999984,0.0],[-42.78953332299993,-22.445478579999886,0.0],[-42.789389314999909,-22.445512382999933,0.0],[-42.789211049,-22.445506855,0.0],[-42.789095394999933,-22.445535718,0.0],[-42.789071662999916,-22.445550809999908,0.0],[-42.788987195999951,-22.445604525000011,0.0],[-42.788747208999986,-22.445826553999989,0.0],[-42.788631748999933,-22.445998728999943,0.0],[-42.788570229,-22.446090469999984,0.0],[-42.788433342999951,-22.446302600999939,0.0],[-42.788388037999937,-22.446428742,0.0],[-42.788393690999953,-22.446647726999988,0.0],[-42.788445261999961,-22.447034020999975,0.0],[-42.788548969999923,-22.44751625,0.0],[-42.788539310000019,-22.447630246999918,0.0],[-42.78849781599996,-22.447822676999948,0.0],[-42.788456249999982,-22.448015434,0.0],[-42.788329191999949,-22.448371520999967,0.0],[-42.788273731999979,-22.448529226999973,0.0],[-42.788270298999961,-22.448679667999983,0.0],[-42.788299955999932,-22.449119105999923,0.0],[-42.788323946999959,-22.449431624999935,0.0],[-42.788302645999977,-22.44958840399994,0.0],[-42.788252437,-22.449790634999975,0.0],[-42.788194517,-22.450019419999894,0.0],[-42.788139170999955,-22.45015710199992,0.0],[-42.788075358,-22.450293983999959,0.0],[-42.788020184999965,-22.450360178999933,0.0],[-42.787894396999953,-22.450516219999969,0.0],[-42.787800050999955,-22.450604903999931,0.0],[-42.787737162999989,-22.450664015999937,0.0],[-42.78738728,-22.450967510999913,0.0],[-42.786990094,-22.451255272000012,0.0],[-42.786719416999986,-22.451436735999931,0.0],[-42.786231838999967,-22.451760550999978,0.0],[-42.786024398999942,-22.451844022999964,0.0],[-42.785727658,-22.451903735999924,0.0],[-42.785435035999939,-22.45194714299997,0.0],[-42.785306010999918,-22.452002389999912,0.0],[-42.78520632799993,-22.452080398999982,0.0],[-42.78517833199993,-22.452133470000017,0.0],[-42.785145196999935,-22.452297617999925,0.0],[-42.785098332999965,-22.452416624999913,0.0],[-42.784953213999955,-22.452641029999921,0.0],[-42.784864892999927,-22.452777604999934,0.0],[-42.784579121,-22.453336257999975,0.0],[-42.784381840000016,-22.453836909999918,0.0],[-42.784330172999915,-22.454011548999979,0.0],[-42.784309817999919,-22.454141327999974,0.0],[-42.784311824,-22.454281261999917,0.0],[-42.784345809999962,-22.454388354999892,0.0],[-42.784430012,-22.454557258999927,0.0],[-42.784530797999906,-22.454714755999902,0.0],[-42.784567092999978,-22.454838092999974,0.0],[-42.784565265999916,-22.455286543999957,0.0],[-42.784562209999933,-22.455576268999948,0.0],[-42.784560252999945,-22.455761766999938,0.0],[-42.78459093,-22.456052631000013,0.0],[-42.784700202999979,-22.456472359999925,0.0],[-42.784862024999953,-22.457094917999925,0.0],[-42.78493545,-22.457458246999966,0.0],[-42.784959199999918,-22.457858314999939,0.0],[-42.784946512000019,-22.457961241999921,0.0],[-42.784663694999978,-22.458440364999966,0.0],[-42.78426474599992,-22.459109225999974,0.0],[-42.783945310999954,-22.459637813,0.0],[-42.783777876999963,-22.459894720999952,0.0],[-42.783595328999951,-22.46002980099993,0.0],[-42.783210417,-22.460233506999916,0.0],[-42.783205931999888,-22.460235879999932,0.0],[-42.782982202999939,-22.460355028000016,0.0],[-42.782785783999941,-22.460496895999952,0.0],[-42.78271628399996,-22.460563646999955,0.0],[-42.782610119999973,-22.460665612999957,0.0],[-42.782337211999952,-22.461041262999959,0.0],[-42.782030812999913,-22.461598789999989,0.0],[-42.781481707999959,-22.462577870999901,0.0],[-42.781218,-22.463029574999979,0.0]]]}},
{"type":"Feature","properties":{"fid":830,"NOM_LOGRAD":"RUA SEM NOME","DOC_CRIAç":null,"LOCALIDADE":"MORRO FRIO","BAIRRO":"","CEP":null,"NOME ANTIGO":null},"geometry":{"type":"MultiLineString","coordinates":[[[-42.786262912992946,-22.47096411472608,0.0],[-42.786284557999977,-22.470930429999907,0.0],[-42.786353504,-22.470819880999912,0.0],[-42.78658331,-22.470525124999952,0.0],[-42.786858539999947,-22.470352096999928,0.0],[-42.787281300999936,-22.470126717999936,0.0],[-42.787529959,-22.469967972999946,0.0],[-42.787714376999972,-22.469756517999944,0.0],[-42.787901269999978,-22.469474705999982,0.0],[-42.787963281999964,-22.469381198999976,0.0],[-42.788066785,-22.469108976999934,0.0],[-42.788157684999973,-22.468730799999982,0.0],[-42.788256708,-22.468228351999986,0.0],[-42.788305554999951,-22.468150540999932,0.0],[-42.788336983320697,-22.468023376086279,0.0]]]}},
{"type":"Feature","properties":{"fid":831,"NOM_LOGRAD":"CMU-009","DOC_CRIAç":null,"LOCALIDADE":"MATUMBO","BAIRRO":"","CEP":1,"NOME ANTIGO":null},"geometry":{"type":"MultiLineString","coordinates":[[[-42.786920602999935,-22.466943474999894,0.0],[-42.786792346999974,-22.466838663999926,0.0],[-42.78659800799997,-22.466565362999969,0.0],[-42.786502025999937,-22.466423083999906,0.0],[-42.786166899,-22.465758650999916,0.0],[-42.786121116999951,-22.46566677899995,0.0],[-42.78596474299998,-22.465352975999924,0.0],[-42.78587916,-22.465199627999933,0.0],[-42.785760183999926,-22.465083096999894,0.0],[-42.785455701999965,-22.464916138999929,0.0],[-42.785318939999925,-22.464848233999906,0.0],[-42.785085387999963,-22.4647322719999,0.0],[-42.784648344999951,-22.464497506999933,0.0],[-42.784376396000013,-22.464384319999979,0.0],[-42.784170418999935,-22.464284279999962,0.0],[-42.784062191999951,-22.464209582999906,0.0],[-42.783974547999975,-22.464120356,0.0],[-42.783840463999987,-22.463848667999983,0.0],[-42.783826588,-22.463826158999986,0.0],[-42.783824641999921,-22.463823,0.0],[-42.783741047999932,-22.463687392999958,0.0],[-42.783622235999957,-22.463592284,0.0],[-42.783423731999967,-22.463511346999962,0.0],[-42.783394146,-22.463502945999977,0.0],[-42.783134530999931,-22.463429232999918,0.0],[-42.782682830999946,-22.463284777999956,0.0],[-42.782394527999898,-22.46318631799998,0.0],[-42.781907895999957,-22.462974201999934,0.0],[-42.781765478999986,-22.462933757999956,0.0],[-42.781563599999984,-22.462962203999908,0.0],[-42.781284561999897,-22.463016598999964,0.0],[-42.781218,-22.463029574999979,0.0],[-42.781074862999958,-22.463104514999962,0.0],[-42.78057986099995,-22.463375703999933,0.0],[-42.780154965999955,-22.463514537999956,0.0],[-42.779934024999982,-22.463551818999932,0.0],[-42.779788454999917,-22.463541979999921,0.0],[-42.779603118999951,-22.463474046999973,0.0],[-42.7793803,-22.463340034999906,0.0],[-42.779083386999936,-22.463074115999941,0.0],[-42.779051317999944,-22.463034681999954,0.0],[-42.77883844499992,-22.462772916999977,0.0],[-42.778520546,-22.462241223999946,0.0],[-42.778249947,-22.461792369999927,0.0],[-42.778073873999986,-22.461562267999987,0.0],[-42.777386060000012,-22.460935021999958,0.0],[-42.776606794999921,-22.460178446999969,0.0],[-42.775971509999941,-22.459499345000012,0.0],[-42.775875232999965,-22.459350735999962,0.0],[-42.775756105999974,-22.459166854999943,0.0],[-42.77550652199993,-22.458734116999931,0.0],[-42.775329384000017,-22.458360774999946,0.0],[-42.775131150999961,-22.457899482999977,0.0],[-42.774987040999932,-22.457692958999935,0.0],[-42.77474808099997,-22.457326243999969,0.0],[-42.774523561999956,-22.457133498999916,0.0],[-42.774262012999984,-22.456942472999916,0.0],[-42.773887382999895,-22.456624287999976,0.0],[-42.77342601,-22.456168225999903,0.0],[-42.773210015999979,-22.455834743999926,0.0],[-42.773090271999934,-22.455658879999941,0.0],[-42.772991287999915,-22.455573205999965,0.0],[-42.772627322999909,-22.455417957999909,0.0],[-42.772370835999915,-22.455249007999967,0.0],[-42.772234877999956,-22.455115705999944,0.0],[-42.772132250999981,-22.45494154799993,0.0],[-42.772107647999988,-22.454891631999974,0.0],[-42.772042789999951,-22.454760042,0.0]]]}},
{"type":"Feature","properties":{"fid":832,"NOM_LOGRAD":"CMU-009","DOC_CRIAç":null,"LOCALIDADE":"GUAPIAÇU","BAIRRO":"","CEP":1,"NOME ANTIGO":null},"geometry":{"type":"MultiLineString","coordinates":[[[-42.772052198686573,-22.454755754660304,0.0],[-42.772009116282895,-22.454674069850419,0.0],[-42.771949589666704,-22.454619495543067,0.0],[-42.771804029056099,-22.454560746586115,0.0],[-42.77169143425369,-22.454529926195416,0.0],[-42.771463579733734,-22.454474220824856,0.0],[-42.77116625069187,-22.454423527659817,0.0],[-42.770982839360272,-22.454401284204934,0.0],[-42.770656815315938,-22.454377069632958,0.0],[-42.7705488157169,-22.454380354952796,0.0],[-42.770038778968903,-22.45437151312003,0.0],[-42.769686715355398,-22.4543684374359,0.0],[-42.768823630034909,-22.45433755036429,0.0],[-42.76807722671154,-22.454323480541063,0.0],[-42.767650664585702,-22.454318175113979,0.0],[-42.767317892727576,-22.454314166752255,0.0],[-42.766917227686541,-22.454296675702121,0.0],[-42.76637003876364,-22.454280738271787,0.0],[-42.766068404524063,-22.454272980580264,0.0]],[[-42.766068404524063,-22.454272980580264,0.0],[-42.766068169356515,-22.454272974531797,0.0]],[[-42.766068404524063,-22.454272980580264,0.0],[-42.766068184575609,-22.454272566656183,0.0]],[[-42.76362065045889,-22.460010847985586,0.0],[-42.763727046284473,-22.459860781726842,0.0],[-42.763815392558136,-22.459721057401058,0.0],[-42.763989792760576,-22.459424256734078,0.0],[-42.764107391874433,-22.459223421740099,0.0],[-42.764170884653133,-22.459110825780716,0.0],[-42.764254944292937,-22.458997917653058,0.0],[-42.764317900306885,-22.458918759790425,0.0],[-42.76443767641949,-22.458822472209981,0.0],[-42.764609315151255,-22.458697638441652,0.0],[-42.764793830651584,-22.458571191196285,0.0],[-42.764968057589265,-22.458445198382428,0.0],[-42.765138228605046,-22.458331691266366,0.0],[-42.765291179427706,-22.458250196499176,0.0],[-42.765453719271342,-22.458211835955893,0.0],[-42.765715076089656,-22.458182011104299,0.0],[-42.766179043597923,-22.458179479114623,0.0],[-42.766267773514436,-22.458175930058736,0.0],[-42.766405815164006,-22.458142604432972,0.0],[-42.766455021591483,-22.458119396118764,0.0],[-42.766530343426282,-22.4579902400389,0.0],[-42.766742165386951,-22.457603172929009,0.0],[-42.766880794585184,-22.45737276448725,0.0],[-42.767000746851387,-22.457185098884469,0.0],[-42.767097170142421,-22.457022191686178,0.0],[-42.76710048609587,-22.456975652558061,0.0],[-42.767098452267156,-22.456942178736877,0.0],[-42.767071755399158,-22.456843861129617,0.0],[-42.76701934305634,-22.456746381999615,0.0],[-42.766934204899236,-22.456606045457942,0.0],[-42.766793276294791,-22.45625829003194,0.0],[-42.766671917132797,-22.455892290913056,0.0],[-42.766574022460141,-22.455585743783157,0.0],[-42.766544112894422,-22.45544736628775,0.0],[-42.766419314425399,-22.455135668616055,0.0],[-42.766352605195088,-22.454968113815095,0.0],[-42.766327308757823,-22.454862648590268,0.0],[-42.766268308535132,-22.454695200516152,0.0],[-42.766207899220362,-22.454535497084617,0.0],[-42.766068404524063,-22.454272980580264,0.0]]]}},
{"type":"Feature","properties":{"fid":833,"NOM_LOGRAD":"CMU-008","DOC_CRIAç":null,"LOCALIDADE":"BOA SORTE","BAIRRO":"","CEP":1,"NOME ANTIGO":null},"geometry":{"type":"MultiLineString","coordinates":[[[-42.771198387263944,-22.494715785035567,0.0],[-42.771152276551383,-22.494677220936452,0.0],[-42.770822460605416,-22.494419143761334,0.0],[-42.770681481632678,-22.494312675251354,0.0],[-42.770465223580544,-22.494171121888581,0.0],[-42.770297381100733,-22.494056517105271,0.0],[-42.770060886714028,-22.493894376892687,0.0],[-42.769726546016749,-22.493661601563542,0.0],[-42.769395880011032,-22.493440224098126,0.0],[-42.769179739620533,-22.493291503893452,0.0],[-42.769060246844901,-22.493208026865826,0.0],[-42.768937138181343,-22.493109568621772,0.0],[-42.768821673577996,-22.493015396864291,0.0],[-42.768643801732523,-22.492885123316352,0.0],[-42.76844744802284,-22.492705022469604,0.0],[-42.768207984124139,-22.492487892398263,0.0],[-42.768032883716415,-22.492265084125791,0.0],[-42.767877570083485,-22.492090926465576,0.0],[-42.767694510688258,-22.491883535897944,0.0],[-42.767581444658887,-22.491720116530431,0.0],[-42.767445370943477,-22.491548614105845,0.0],[-42.767211904987917,-22.491358441769908,0.0],[-42.767003193515421,-22.491227739198582,0.0],[-42.766914048690857,-22.491175737986989,0.0],[-42.766717844048948,-22.49106670914566,0.0],[-42.766487640955766,-22.490913610087585,0.0],[-42.766342669757471,-22.490816041472915,0.0],[-42.766202254077008,-22.490674937265762,0.0],[-42.765946877035667,-22.490488640168405,0.0],[-42.765753714330238,-22.490350387606632,0.0],[-42.765527675814887,-22.490178233341741,0.0],[-42.765339798341401,-22.490031095017457,0.0],[-42.765118901364346,-22.489859011557872,0.0],[-42.764877696458839,-22.489653347343317,0.0],[-42.764663519623866,-22.489480612551432,0.0],[-42.76448334513978,-22.489334177457451,0.0],[-42.764264272820448,-22.489128672769311,0.0],[-42.764223437713135,-22.489030158544917,0.0],[-42.764150725055607,-22.488835643347247,0.0],[-42.764078118135188,-22.488634559941108,0.0],[-42.763979215066449,-22.488390110203664,0.0],[-42.763811224605234,-22.488045559527933,0.0],[-42.763653764302497,-22.48776565691777,0.0],[-42.7635163478922,-22.487518283432191,0.0],[-42.763370262608326,-22.487250483322708,0.0],[-42.763203022379052,-22.4869393880758,0.0],[-42.76315387443487,-22.486798354137186,0.0],[-42.763088106790384,-22.486651714287614,0.0],[-42.763025647367975,-22.486539163083727,0.0],[-42.762943701807792,-22.486428593080419,0.0],[-42.762730419813522,-22.486114009207569,0.0],[-42.762628660930652,-22.485967466711489,0.0],[-42.762559469498164,-22.485873933595059,0.0],[-42.762508048475581,-22.485794383759838,0.0],[-42.762433764886644,-22.485697793683723,0.0],[-42.762339363085886,-22.485576403531095,0.0],[-42.762270401202471,-22.485465587305299,0.0],[-42.762138828870491,-22.485254725750696,0.0],[-42.762105024854947,-22.485198712872844,0.0],[-42.762001722885238,-22.485068274125641,0.0],[-42.76190267967668,-22.48491281036404,0.0],[-42.761839972206936,-22.48481578361071,0.0]],[[-42.761839933791727,-22.484818172040129,0.0],[-42.761766936225477,-22.484721599575284,0.0],[-42.761694534225832,-22.484588006431451,0.0],[-42.761628663352596,-22.484447934339222,0.0],[-42.761570819964106,-22.484288264796582,0.0],[-42.761559869058644,-22.484249889268476,0.0],[-42.761499811062606,-22.484068091038285,0.0],[-42.761455738657311,-22.483931307915391,0.0],[-42.761443368268267,-22.483901274032306,0.0],[-42.761396908330795,-22.483753110157831,0.0],[-42.761331989019638,-22.483553924370785,0.0],[-42.761283055221625,-22.483399753699196,0.0],[-42.76128253860341,-22.483351967267797,0.0],[-42.761253829634796,-22.483218980990792,0.0],[-42.761224496343573,-22.483124806680863,0.0],[-42.76120370700945,-22.483058821380656,0.0],[-42.761179869409986,-22.482942625512145,0.0],[-42.761178432777193,-22.482872131153023,0.0],[-42.761176913901366,-22.482646950312859,0.0],[-42.761223792597356,-22.48252934793145,0.0],[-42.761253322006986,-22.482451519635781,0.0],[-42.761284357345332,-22.482359975715454,0.0],[-42.761305630910627,-22.482236045174318,0.0],[-42.761300031688158,-22.482184604684853,0.0],[-42.761295746330227,-22.482131390725147,0.0],[-42.761258712494914,-22.482036512207607,0.0],[-42.76120725504709,-22.481959350527333,0.0],[-42.761091009591965,-22.481834703960441,0.0],[-42.760966258948613,-22.481679479877084,0.0],[-42.760769498217691,-22.481526241353137,0.0],[-42.76059344030967,-22.481444361934706,0.0],[-42.760453447757982,-22.481437638606685,0.0],[-42.76028756224995,-22.481442500111275,0.0],[-42.760131928239502,-22.481449295650357,0.0],[-42.759995560220396,-22.48145695607208,0.0],[-42.759867133094062,-22.481450392990983,0.0],[-42.759802066991433,-22.481420223744543,0.0],[-42.759657148768667,-22.481320261764289,0.0],[-42.759535073076698,-22.481238534445755,0.0],[-42.759411712495513,-22.481156789179405,0.0],[-42.759307406507844,-22.481089045286648,0.0],[-42.758937322742511,-22.480923838909678,0.0],[-42.7587455387444,-22.480860850582303,0.0],[-42.758575129317833,-22.480827424084758,0.0],[-42.75848276079747,-22.480816583530405,0.0],[-42.758300353452938,-22.480809865670786,0.0],[-42.758140970935173,-22.480810037543915,0.0],[-42.757992913263813,-22.480825297806518,0.0],[-42.757880903818133,-22.480836878780298,0.0],[-42.757683774380205,-22.480866387025507,0.0],[-42.757529214510917,-22.480886334300919,0.0],[-42.757327291203438,-22.480894274764697,0.0],[-42.757234653396736,-22.48090015246013,0.0],[-42.757161358430153,-22.48090211862165,0.0],[-42.757007308494828,-22.480890418786128,0.0],[-42.756894649074169,-22.480862572206487,0.0],[-42.756824318761815,-22.480840092658486,0.0],[-42.75675895991607,-22.480748402496914,0.0],[-42.756722550542641,-22.480694741374418,0.0],[-42.756601194114261,-22.48048879617426,0.0],[-42.756538328626547,-22.480401918565029,0.0],[-42.756457925206,-22.480286726532874,0.0],[-42.756347326195467,-22.480131099051075,0.0],[-42.756217153681121,-22.479993713418178,0.0],[-42.756087621492661,-22.479896351649739,0.0],[-42.756062229085984,-22.479876886441971,0.0],[-42.756034266642693,-22.479857385446493,0.0],[-42.755904465162018,-22.479776742498462,0.0],[-42.755756875731144,-22.479683309729342,0.0],[-42.755526121701301,-22.479486590746006,0.0],[-42.755488524381541,-22.47942694045517,0.0],[-42.755457573634303,-22.479353646221483,0.0],[-42.755434506328569,-22.47926971147043,0.0],[-42.755436162449634,-22.479167009386135,0.0],[-42.755452078886094,-22.479056741791787,0.0],[-42.755483713921919,-22.478928178682466,0.0],[-42.755509727436845,-22.4788293992384,0.0],[-42.755515262235974,-22.478804989507093,0.0],[-42.755547450426874,-22.478721824264476,0.0],[-42.755569319981944,-22.478640904273473,0.0],[-42.755580639855957,-22.478576560065907,0.0],[-42.755587089253666,-22.478495425330411,0.0],[-42.755590810037852,-22.478344375593338,0.0],[-42.755563488471317,-22.478205435595591,0.0],[-42.755532971139345,-22.478105271648207,0.0],[-42.755501751018684,-22.478048696381233,0.0],[-42.75546337931479,-22.477957381634248,0.0],[-42.755426177123368,-22.477873250039615,0.0],[-42.755374508135645,-22.477729790272811,0.0],[-42.755337575639601,-22.477628939718706,0.0],[-42.755305455825621,-22.477548462321355,0.0],[-42.755302881398755,-22.477468993639359,0.0],[-42.755308604286547,-22.477353208914593,0.0],[-42.755313826489498,-22.477268473659599,0.0],[-42.755338203627609,-22.477111739207672,0.0],[-42.755359938169441,-22.477039178693261,0.0],[-42.755362994691559,-22.476929329217718,0.0],[-42.755364429235073,-22.476840360530304,0.0],[-42.755356691022591,-22.476682581571783,0.0],[-42.755352364148493,-22.476601988601235,0.0],[-42.755350011098059,-22.47650878648858,0.0],[-42.755350767171542,-22.4763821822675,0.0],[-42.755362539356867,-22.47628977410151,0.0],[-42.755435221228232,-22.476086530370573,0.0],[-42.755500005042911,-22.475974554245973,0.0],[-42.755550124456938,-22.475895222062249,0.0],[-42.755714622012512,-22.475577392160943,0.0],[-42.755781854982779,-22.475393183997298,0.0],[-42.755827744028451,-22.475301483082152,0.0],[-42.755848568007778,-22.47524121948992,0.0],[-42.755878444891664,-22.475141896431616,0.0],[-42.755896266072739,-22.47507286474475,0.0],[-42.755903634173947,-22.475014437839793,0.0],[-42.755892800666921,-22.474809433817445,0.0],[-42.755868621855569,-22.474714733333851,0.0],[-42.755848759974789,-22.474591425446011,0.0],[-42.75581022511534,-22.474469946099049,0.0]]]}},
{"type":"Feature","properties":{"fid":834,"NOM_LOGRAD":"CMU-107 - Av. Gleba Colégio","DOC_CRIAç":null,"LOCALIDADE":"GLEBA COLÉGIO","BAIRRO":"GLEBA COLÉGIO","CEP":1,"NOME ANTIGO":null},"geometry":{"type":"MultiLineString","coordinates":[[[-42.758780013959402,-22.610877116510437,0.0],[-42.758765232053207,-22.610860606556656,0.0]]]}},
{"type":"Feature","properties":{"fid":835,"NOM_LOGRAD":"CMU-107 - Av. Gleba Colégio","DOC_CRIAç":null,"LOCALIDADE":"GLEBA COLÉGIO","BAIRRO":"GLEBA COLÉGIO","CEP":1,"NOME ANTIGO":null},"geometry":{"type":"MultiLineString","coordinates":[[[-42.779425638269316,-22.634464490779749,0.0],[-42.778785848054099,-22.633852063055908,0.0],[-42.777545547601534,-22.632672813661873,0.0],[-42.77579755939891,-22.630995516158585,0.0],[-42.775725771707556,-22.630925857763167,0.0],[-42.775039240987468,-22.630259690242383,0.0],[-42.773712183767444,-22.629003323721776,0.0],[-42.772963504996817,-22.628315696009761,0.0],[-42.772465456887659,-22.627827287541347,0.0],[-42.77225981121677,-22.627589509734385,0.0],[-42.772079871254732,-22.627348518713735,0.0],[-42.771941703069572,-22.627133233402034,0.0],[-42.771829240593348,-22.626901882022285,0.0],[-42.771671793126551,-22.626493803894107,0.0],[-42.771517558873356,-22.626027887921015,0.0],[-42.771361614982496,-22.625485653973758,0.0],[-42.771237613177931,-22.625006876564402,0.0],[-42.771169381999982,-22.624778229999965,0.0],[-42.77097899299995,-22.624151327999961,0.0],[-42.770843205999917,-22.623720218999903,0.0],[-42.77071401699996,-22.623328799999928,0.0],[-42.77057817,-22.622955669999971,0.0],[-42.770465481,-22.622695659999955,0.0],[-42.77031960599993,-22.622420298999899,0.0],[-42.770183641999957,-22.622203020999955,0.0],[-42.770020178999928,-22.621938801999953,0.0],[-42.769710699,-22.621553780999889,0.0],[-42.769447017999937,-22.621250707999952,0.0],[-42.769257786,-22.621017857999959,0.0],[-42.769249671999951,-22.62100643,0.0],[-42.76913161899995,-22.6208401539999,0.0],[-42.769015381999928,-22.6207144749999,0.0],[-42.768716416999972,-22.620404785999941,0.0],[-42.768484917,-22.620185369999906,0.0],[-42.768467198999957,-22.620168575999941,0.0],[-42.768121505999957,-22.619837169999965,0.0],[-42.767788986999975,-22.619520984,0.0],[-42.767450873999977,-22.619204170999989,0.0],[-42.767086987999974,-22.618842209999968,0.0],[-42.766915347999898,-22.618687952999913,0.0],[-42.766837327999923,-22.618617835999974,0.0],[-42.766441073999914,-22.618239715999959,0.0],[-42.766071299999965,-22.617901372999928,0.0],[-42.765803687999934,-22.617643386999902,0.0],[-42.765694719999978,-22.617538339999911,0.0],[-42.765209844999916,-22.617080055999924,0.0],[-42.764972849999936,-22.616856354999982,0.0],[-42.764783460999986,-22.616685143999927,0.0],[-42.764271884000024,-22.616187630999971,0.0],[-42.763573040000026,-22.61554087399994,0.0],[-42.763545903,-22.615512990999942,0.0],[-42.763085675999932,-22.615040114999982,0.0],[-42.762715699999958,-22.614693385999981,0.0],[-42.76264979099993,-22.61463161799994,0.0],[-42.76204381499997,-22.614061363999912,0.0],[-42.761894546999969,-22.613916179999894,0.0],[-42.76161915263674,-22.61364831923326,0.0],[-42.761481542999988,-22.61351447399997,0.0],[-42.760925626999907,-22.612988805999979,0.0],[-42.760258762999982,-22.612357588999988,0.0],[-42.759906493999964,-22.61202158699998,0.0],[-42.759386619999937,-22.611523014999939,0.0],[-42.759268729999953,-22.611406162999948,0.0],[-42.759135086,-22.61127369599992,0.0],[-42.758780013959402,-22.610877116510437,0.0]],[[-42.758765232053207,-22.610860606556667,0.0],[-42.757794788199213,-22.609934819017429,0.0],[-42.757237555606451,-22.609418132049974,0.0],[-42.756875924670304,-22.60906523908805,0.0],[-42.756410963904244,-22.608612098484844,0.0],[-42.756053248374158,-22.608287681161109,0.0],[-42.755774857692998,-22.608015803890726,0.0],[-42.755580983909475,-22.607835789770121,0.0],[-42.755259407965141,-22.607620152573507,0.0],[-42.754917473345657,-22.607401523020183,0.0],[-42.75443858072579,-22.607088941389566,0.0],[-42.753913317381219,-22.606759467933308,0.0],[-42.753208746893691,-22.606340861377866,0.0],[-42.752460811096356,-22.605899989367664,0.0],[-42.751767820806954,-22.605486953025128,0.0],[-42.751059764590259,-22.605083334776324,0.0],[-42.750807258323512,-22.604990280634052,0.0],[-42.75055027377352,-22.604840696691703,0.0],[-42.750399959998852,-22.604753202999831,0.0],[-42.750007035998749,-22.604512759999842,0.0],[-42.75000072999876,-22.604508842999767,0.0],[-42.749990284811133,-22.604502354830377,0.0],[-42.749901615998738,-22.604447276999828,0.0],[-42.749511981998751,-22.604190561999911,0.0],[-42.749463186998859,-22.604151263999871,0.0],[-42.74937878899874,-22.604083293999825,0.0],[-42.749236354998857,-22.60396858149986,0.0],[-42.748937920998685,-22.603717596999768,0.0],[-42.748918944367745,-22.603701637138705,0.0],[-42.748860888998699,-22.603652810999822,0.0],[-42.748764513998822,-22.603580766999734,0.0],[-42.748625868998879,-22.603490285999811,0.0]]]}},
{"type":"Feature","properties":{"fid":837,"NOM_LOGRAD":"AVENIDA FRANCISCO DORNELLES","DOC_CRIAç":"2581 de 06.09.2023","LOCALIDADE":"SEDE","BAIRRO":"PARQUE VENEZA","CEP":28682180,"NOME ANTIGO":null},"geometry":{"type":"MultiLineString","coordinates":[[[-42.6577462648563,-22.475510978577095,0.0],[-42.65762832538843,-22.475933393226757,0.0],[-42.657607812350896,-22.476067604461797,0.0],[-42.657616242177284,-22.476264037924921,0.0],[-42.65769632456616,-22.476774156091924,0.0],[-42.657723472625349,-22.477020545217083,0.0],[-42.657773676776578,-22.477369060271716,0.0],[-42.657841073637613,-22.477625728683382,0.0],[-42.657974056501821,-22.478033612889725,0.0],[-42.658116451866427,-22.478327724975891,0.0],[-42.65833869332333,-22.478700552115043,0.0],[-42.65874570206374,-22.479251773855104,0.0],[-42.658876022088023,-22.479430589350461,0.0],[-42.658956885829085,-22.47966200536769,0.0]]]}}
]
}
