{
"type": "FeatureCollection",
"name": "bairros",
"crs": { "type": "name", "properties": { "name": "urn:ogc:def:crs:OGC:1.3:CRS84" } },
"features": [
{"type":"Feature","properties":{"fid":1,"BAIRRO":"RIBEIRA","Area_km2":1.646177},"geometry":{"type":"MultiPolygon","coordinates":[[[[-42.728596484000015,-22.585497216999912,0.0],[-42.728532835999971,-22.585539819999937,0.0],[-42.728447013999975,-22.585588653999942,0.0],[-42.728409071999955,-22.585628534999962,0.0],[-42.728370672999972,-22.585682033999937,0.0],[-42.728346786999943,-22.585739326999978,0.0],[-42.728327013999916,-22.585783099999958,0.0],[-42.728297067999918,-22.5858027539999,0.0],[-42.728249175999949,-22.58581171299992,0.0],[-42.728201168999895,-22.58582407699987,0.0],[-42.72813737599995,-22.585872450999986,0.0],[-42.728011976999959,-22.586008856,0.0],[-42.727902455999953,-22.586108207999935,0.0],[-42.727857180999941,-22.586147913999945,0.0],[-42.727786753999986,-22.586173327,0.0],[-42.727749510999914,-22.586195112999924,0.0],[-42.727639069999924,-22.586313168999943,0.0],[-42.72755139999996,-22.586427326999949,0.0],[-42.72737746599995,-22.586589775999972,0.0],[-42.727271442999964,-22.586692669999895,0.0],[-42.727139192999971,-22.586817596999932,0.0],[-42.727070904,-22.586887398999934,0.0],[-42.727029611999953,-22.586917001999989,0.0],[-42.726966361999963,-22.586946033,0.0],[-42.726895441999943,-22.586985092999907,0.0],[-42.726679068999879,-22.587207895999889,0.0],[-42.726388965999966,-22.587495044999926,0.0],[-42.726236205999939,-22.587646247999881,0.0],[-42.7256582219999,-22.588153128999934,0.0],[-42.725265747999934,-22.58848078599997,0.0],[-42.725235507,-22.58850730699994,0.0],[-42.725183989999906,-22.588512805999944,0.0],[-42.7246622219999,-22.588437949999957,0.0],[-42.724501002999986,-22.588433799,0.0],[-42.724430908999956,-22.588445647,0.0],[-42.724345209999981,-22.588484396999895,0.0],[-42.724210959999901,-22.588578458999923,0.0],[-42.724595567999927,-22.589052250999952,0.0],[-42.725078442000033,-22.589647887999934,0.0],[-42.725507005999944,-22.590175552999913,0.0],[-42.726088090999973,-22.590871109999977,0.0],[-42.726388825,-22.591242187999963,0.0],[-42.726696524999966,-22.591621857999932,0.0],[-42.727083703999924,-22.592090520999911,0.0],[-42.727512932999929,-22.592609795999945,0.0],[-42.727899683999951,-22.593088581999979,0.0],[-42.728279549999925,-22.593550556,0.0],[-42.72844200699997,-22.593728697999921,0.0],[-42.728707588999889,-22.59399815599993,0.0],[-42.729066344999929,-22.594327946999933,0.0],[-42.729575355999941,-22.594765937999927,0.0],[-42.730120590999924,-22.59521855,0.0],[-42.730825173999982,-22.595830074999977,0.0],[-42.731235454999904,-22.596179122999985,0.0],[-42.731544362999976,-22.596441925999951,0.0],[-42.732046739999873,-22.59685718999997,0.0],[-42.732710867292596,-22.597419059676259,0.0],[-42.733015234999982,-22.597676562999911,0.0],[-42.733741330999941,-22.598298746999937,0.0],[-42.734278553999978,-22.598766049999981,0.0],[-42.734564974999977,-22.599004646,0.0],[-42.735144393999938,-22.599480476999943,0.0],[-42.735709608999976,-22.599963969999955,0.0],[-42.736362144999909,-22.600548271,0.0],[-42.737030914999892,-22.601136235999974,0.0],[-42.737099501999936,-22.601072163999948,0.0],[-42.737203857999958,-22.600969956999943,0.0],[-42.73736021699991,-22.600847839999943,0.0],[-42.737747979999952,-22.600528484999916,0.0],[-42.737905148999985,-22.600411991999938,0.0],[-42.738066863999947,-22.60030277599996,0.0],[-42.73879140399994,-22.599812179999958,0.0],[-42.739296327999966,-22.599483596999974,0.0],[-42.739672115999987,-22.59924410099995,0.0],[-42.739959549999966,-22.599051457999945,0.0],[-42.740078231,-22.598980647999923,0.0],[-42.740133390999951,-22.598947736999936,0.0],[-42.740190111999951,-22.598892388999978,0.0],[-42.740266619999957,-22.598771888999966,0.0],[-42.740436293999984,-22.598509293999903,0.0],[-42.740574276999929,-22.598311989999914,0.0],[-42.740631,-22.598256640999967,0.0],[-42.740744714999927,-22.598202023999942,0.0],[-42.741219964999985,-22.598061733999902,0.0],[-42.741925720999923,-22.597831061999933,0.0],[-42.742440667,-22.597682082999913,0.0],[-42.742972181999917,-22.597496404999948,0.0],[-42.742972234549853,-22.597496391928146,0.0],[-42.743458911999952,-22.597375329999984,0.0],[-42.744322896999954,-22.597900368999987,0.0],[-42.744456036999942,-22.597710521999911,0.0],[-42.744959588999947,-22.596998785,0.0],[-42.745479239999945,-22.596251887999976,0.0],[-42.74586951899991,-22.595692549000013,0.0],[-42.746257600633051,-22.595139164100939,0.0],[-42.746371607999983,-22.594977255999972,0.0],[-42.746452524999938,-22.594835563999968,0.0],[-42.746508820999964,-22.594693202,0.0],[-42.746539798999954,-22.594591286499881,0.0],[-42.746561442482957,-22.594487947834892,0.0],[-42.746572727999897,-22.594303451,0.0],[-42.746577273289844,-22.594185195579605,0.0],[-42.746581481999939,-22.594075696999901,0.0],[-42.746581639388644,-22.593978950831183,0.0],[-42.74657394625617,-22.59397838717814,0.0],[-42.746563946189809,-22.593977646204682,0.0],[-42.746524835141088,-22.593974748192924,0.0],[-42.746476017613361,-22.593971130946642,0.0],[-42.746447867688872,-22.593969045106874,0.0],[-42.746398312022755,-22.593967294820818,0.0],[-42.746369605681629,-22.593966280917449,0.0],[-42.746359128348729,-22.593965910858458,0.0],[-42.746356898649694,-22.593965825733122,0.0],[-42.744833744368968,-22.593910193398195,0.0],[-42.743928884816292,-22.593871025865031,0.0],[-42.74354546499994,-22.59385397299992,0.0],[-42.743152734288323,-22.593843644226745,0.0],[-42.743056342999949,-22.593841109000024,0.0],[-42.742861387,-22.593853587999973,0.0],[-42.742406852999935,-22.593944221999916,0.0],[-42.742055603000033,-22.593986842999989,0.0],[-42.741840742,-22.593962892999958,0.0],[-42.741406078999916,-22.593840727999968,0.0],[-42.740974813999934,-22.593685603000026,0.0],[-42.740889742999926,-22.59366107699994,0.0],[-42.740432118,-22.593525767999946,0.0],[-42.740155738999931,-22.59337729,0.0],[-42.739777729999929,-22.593116015,0.0],[-42.739534117999924,-22.592904222999916,0.0],[-42.739454431999931,-22.592827994999947,0.0],[-42.739353166999976,-22.592752372999893,0.0],[-42.739040676999963,-22.592555822999987,0.0],[-42.738783057999967,-22.59238858199992,0.0],[-42.738615215999936,-22.59224733799994,0.0],[-42.738354246999926,-22.592002643999969,0.0],[-42.738085545999972,-22.591761049999938,0.0],[-42.737913605999957,-22.591619747999975,0.0],[-42.737589102999948,-22.591405903999963,0.0],[-42.737091163999949,-22.591064624999973,0.0],[-42.736734182999982,-22.590831296999919,0.0],[-42.736448312999968,-22.590637019999935,0.0],[-42.736217563999972,-22.590456837999938,0.0],[-42.735652278,-22.589975624,0.0],[-42.735329057999905,-22.589683792999928,0.0],[-42.735167339999933,-22.589544533999973,0.0],[-42.734984105322098,-22.589414579689173,0.0],[-42.734882322677208,-22.589345201505974,0.0],[-42.734636258999963,-22.589177476999961,0.0],[-42.734148659999946,-22.588833969999957,0.0],[-42.733903195999957,-22.588638761999981,0.0],[-42.733707830999961,-22.588510437999918,0.0],[-42.733477845999957,-22.588374837999904,0.0],[-42.733063612999949,-22.588074535999908,0.0],[-42.732615503,-22.587717120000015,0.0],[-42.732270540999977,-22.587433798999935,0.0],[-42.731988012999963,-22.587236675999964,0.0],[-42.731624239999967,-22.586986985999914,0.0],[-42.731402538999937,-22.586824048000015,0.0],[-42.73133581499998,-22.58676824899991,0.0],[-42.731116857999908,-22.586585144999969,0.0],[-42.730892867999927,-22.586402803999871,0.0],[-42.730570394999987,-22.586180329999952,0.0],[-42.730060141999964,-22.585880090999989,0.0],[-42.729678478999986,-22.585685513999969,0.0],[-42.729414740999943,-22.585559195,0.0],[-42.729322918999983,-22.585494906999898,0.0],[-42.729228606999982,-22.585526862999888,0.0],[-42.729144235999932,-22.585532762999925,0.0],[-42.729050207999883,-22.585498998999981,0.0],[-42.728953087999933,-22.585448742,0.0],[-42.728863390999976,-22.585395273999922,0.0],[-42.728823399999953,-22.58538740299997,0.0],[-42.728768556999945,-22.585385950999957,0.0],[-42.728720568999982,-22.585398304999913,0.0],[-42.728660697999885,-22.585437597999977,0.0],[-42.728596484000015,-22.585497216999912,0.0]]]]}},
{"type":"Feature","properties":{"fid":2,"BAIRRO":"CENTRO - PAPUCAIA","Area_km2":0.529973},"geometry":{"type":"MultiPolygon","coordinates":[[[[-42.740039894558755,-22.605668988995781,0.0],[-42.740390602390278,-22.605673625988462,0.0],[-42.740814356365654,-22.605721398749914,0.0],[-42.741121087573894,-22.605845162430604,0.0],[-42.741369112999962,-22.606071669999899,0.0],[-42.741318037,-22.606248431999951,0.0],[-42.741261825635299,-22.606386270707791,0.0],[-42.741238903999943,-22.606442477999927,0.0],[-42.74114498399998,-22.606632225999935,0.0],[-42.741240804999912,-22.606744542999895,0.0],[-42.74141252999992,-22.606851350999928,0.0],[-42.741599529999938,-22.606980840999896,0.0],[-42.741827263999944,-22.607138536,0.0],[-42.741962873999974,-22.607218929999888,0.0],[-42.742076483999959,-22.607266254,0.0],[-42.742275257857649,-22.607567780171024,0.0],[-42.742327415999945,-22.607467562999926,0.0],[-42.742439904000015,-22.607248911999942,0.0],[-42.742542519999986,-22.607061100999939,0.0],[-42.742671916999946,-22.606895166999891,0.0],[-42.742808189999941,-22.606778787999971,0.0],[-42.743017574999939,-22.60660118199992,0.0],[-42.74309059199993,-22.606515201,0.0],[-42.743429207999988,-22.606140764000013,0.0],[-42.743638403999967,-22.605926069999931,0.0],[-42.744013453,-22.605502505999961,0.0],[-42.744139641999958,-22.605379900999939,0.0],[-42.74426592799994,-22.605285152999901,0.0],[-42.744398915999923,-22.605202848999951,0.0],[-42.744530583999975,-22.605146322999833,0.0],[-42.744687008999954,-22.605098283,0.0],[-42.744995122999967,-22.605003188999955,0.0],[-42.74524802199992,-22.604934416999953,0.0],[-42.745693862999957,-22.604833466999946,0.0],[-42.745880060999973,-22.604767185999965,0.0],[-42.745999708999946,-22.604712647999982,0.0],[-42.74611144199995,-22.60464972899991,0.0],[-42.746184577999969,-22.604622588999987,0.0],[-42.746403996,-22.604553553999946,0.0],[-42.746905916999957,-22.604416133999958,0.0],[-42.747041051999936,-22.604381275,0.0],[-42.747207266999929,-22.604358153999947,0.0],[-42.74748636799994,-22.604286653999985,0.0],[-42.747599278999957,-22.604241368999975,0.0],[-42.747725413999916,-22.604171475999962,0.0],[-42.747824950999949,-22.604101323999938,0.0],[-42.747891247999959,-22.604030844999969,0.0],[-42.747940964999891,-22.60397566599994,0.0],[-42.747980786,-22.603951319999965,0.0],[-42.748013989,-22.603939279999938,0.0],[-42.748057160000016,-22.603927338999931,0.0],[-42.748140196999941,-22.603912704999971,0.0],[-42.748180047999959,-22.603903825999922,0.0],[-42.748239811999923,-22.603885867999953,0.0],[-42.748359225999955,-22.603803561999904,0.0],[-42.748458658999922,-22.603702504,0.0],[-42.748581198999943,-22.603536730999927,0.0],[-42.748625869,-22.603490285999921,0.0],[-42.748399624999912,-22.603359282999911,0.0],[-42.748323100999983,-22.603314973,0.0],[-42.748193388999908,-22.603242058999989,0.0],[-42.748020556,-22.603144905999926,0.0],[-42.74759312299998,-22.602914081999916,0.0],[-42.747560406999938,-22.602896413999908,0.0],[-42.746997874999927,-22.60261198899995,0.0],[-42.746495410999927,-22.602305384999934,0.0],[-42.745830855999913,-22.60190706999995,0.0],[-42.745340062,-22.601614256999952,0.0],[-42.744845872999974,-22.601301858999953,0.0],[-42.744063315999959,-22.600840833999914,0.0],[-42.743272739,-22.600353313999989,0.0],[-42.742809452999943,-22.600079857999926,0.0],[-42.742338067999917,-22.599788351999962,0.0],[-42.741886765999901,-22.599514238999927,0.0],[-42.741654071999903,-22.599372902999974,0.0],[-42.741030848999941,-22.599026069999947,0.0],[-42.740841331,-22.598920598999928,0.0],[-42.740347201544509,-22.598647191629372,0.0],[-42.740266619687908,-22.598771908106801,0.0],[-42.740190111687888,-22.598892408106835,0.0],[-42.740133390687873,-22.598947756106792,0.0],[-42.740078230687942,-22.598980667106769,0.0],[-42.739959549687882,-22.599051477106798,0.0],[-42.739672115687867,-22.599244120106789,0.0],[-42.739296327687789,-22.599483616106809,0.0],[-42.738791403687685,-22.599812199106807,0.0],[-42.738066863687585,-22.600302795106774,0.0],[-42.737905148687595,-22.600412011106766,0.0],[-42.737747979687526,-22.60052850410672,0.0],[-42.737360216687442,-22.600847859106754,0.0],[-42.737203857687469,-22.60096997610675,0.0],[-42.737099501687425,-22.601072183106755,0.0],[-42.737030914687374,-22.601136255106773,0.0],[-42.737421601999984,-22.601475707999903,0.0],[-42.738066551999957,-22.602030453999891,0.0],[-42.738134972999937,-22.602086471999918,0.0],[-42.738577271999944,-22.602448597999945,0.0],[-42.73916831,-22.60295715999991,0.0],[-42.739689369999958,-22.603403095999958,0.0],[-42.739782496000011,-22.603477567999985,0.0],[-42.739569843,-22.603727272999961,0.0],[-42.739352956535754,-22.603935802733346,0.0],[-42.739280983999905,-22.603991255999937,0.0],[-42.738810194792258,-22.604399879463863,0.0],[-42.739194717889596,-22.604781866041399,0.0],[-42.739726059,-22.605208141999977,0.0],[-42.740039894558755,-22.605668988995781,0.0]]]]}},
{"type":"Feature","properties":{"fid":3,"BAIRRO":"VENEZA","Area_km2":0.239821},"geometry":{"type":"MultiPolygon","coordinates":[[[[-42.742808189999941,-22.606778787999971,0.0],[-42.742671916999946,-22.606895166999891,0.0],[-42.742542519999986,-22.607061100999939,0.0],[-42.742439904000015,-22.607248911999942,0.0],[-42.742327415999945,-22.607467562999926,0.0],[-42.742275257857649,-22.607567780171024,0.0],[-42.742664096999917,-22.607915359999947,0.0],[-42.742803249723551,-22.608095544565074,0.0],[-42.743521021436869,-22.609612263510563,0.0],[-42.743625694646788,-22.609679350725532,0.0],[-42.743807940729468,-22.609771193410626,0.0],[-42.744339744676317,-22.609928797210273,0.0],[-42.745252704620192,-22.609706456845924,0.0],[-42.745435930146556,-22.609657652002539,0.0],[-42.745707447545357,-22.609506133892804,0.0],[-42.74725389882326,-22.607862163799133,0.0],[-42.74649062299995,-22.607276295999913,0.0],[-42.746664943,-22.607069271999936,0.0],[-42.746774924999954,-22.606951361999958,0.0],[-42.746841376999932,-22.607008144999956,0.0],[-42.746973053,-22.606870741999941,0.0],[-42.747117278999951,-22.606700301999979,0.0],[-42.747268134999892,-22.60653584799995,0.0],[-42.747420517,-22.606382386999954,0.0],[-42.747606050999892,-22.606179508999926,0.0],[-42.747760256999946,-22.606009004999962,0.0],[-42.747986334999915,-22.60576311199997,0.0],[-42.748107284999982,-22.605632609999898,0.0],[-42.748613639999952,-22.605081168999931,0.0],[-42.749017224999939,-22.604631312000013,0.0],[-42.749310944999905,-22.604312986999961,0.0],[-42.749463186999982,-22.60415126399991,0.0],[-42.749378788999941,-22.604083293999924,0.0],[-42.749236354999965,-22.603968581499938,0.0],[-42.748937920999957,-22.603717596999907,0.0],[-42.748860888999985,-22.603652810999961,0.0],[-42.74876451399998,-22.603580766999944,0.0],[-42.748625869,-22.603490285999921,0.0],[-42.748581198999943,-22.603536730999927,0.0],[-42.748458658999922,-22.603702503999983,0.0],[-42.748359225999955,-22.603803561999904,0.0],[-42.748239811999923,-22.603885867999953,0.0],[-42.748180047999959,-22.603903825999922,0.0],[-42.748140196999941,-22.603912704999956,0.0],[-42.748057160000016,-22.603927338999931,0.0],[-42.748013989,-22.603939279999938,0.0],[-42.747980786,-22.603951319999965,0.0],[-42.747940964999891,-22.60397566599994,0.0],[-42.747891247999959,-22.604030844999969,0.0],[-42.747824950999949,-22.604101323999938,0.0],[-42.747725413999916,-22.604171475999962,0.0],[-42.747599278999957,-22.604241368999975,0.0],[-42.74748636799994,-22.604286653999985,0.0],[-42.747207266999929,-22.604358153999947,0.0],[-42.747041051999936,-22.604381275,0.0],[-42.746905916999957,-22.604416133999958,0.0],[-42.746403996,-22.604553553999967,0.0],[-42.746184577999969,-22.60462258899998,0.0],[-42.74611144199995,-22.60464972899991,0.0],[-42.745999708999946,-22.604712647999982,0.0],[-42.745880060999973,-22.604767185999965,0.0],[-42.745693862999957,-22.604833466999946,0.0],[-42.74524802199992,-22.604934416999949,0.0],[-42.745237436467974,-22.604937295404991,0.0],[-42.745167938018618,-22.604956194660861,0.0],[-42.744995122999967,-22.605003188999955,0.0],[-42.744687008999954,-22.605098283,0.0],[-42.744530583999975,-22.605146322999843,0.0],[-42.744398915999923,-22.605202848999951,0.0],[-42.74426592799994,-22.605285152999901,0.0],[-42.744139641999958,-22.605379900999939,0.0],[-42.744013453,-22.605502505999961,0.0],[-42.743638403999967,-22.605926069999917,0.0],[-42.743429207999988,-22.606140764000013,0.0],[-42.74309059199993,-22.606515201,0.0],[-42.743017574999939,-22.60660118199992,0.0],[-42.742808189999941,-22.606778787999971,0.0]]]]}},
{"type":"Feature","properties":{"fid":4,"BAIRRO":"SEBASTIÃO MENDES","Area_km2":0.098537},"geometry":{"type":"MultiPolygon","coordinates":[[[[-42.746774924999954,-22.606951361999958,0.0],[-42.746664943,-22.607069271999936,0.0],[-42.74649062299995,-22.607276295999913,0.0],[-42.748519638650301,-22.60883368993974,0.0],[-42.748741360859533,-22.608718949884601,0.0],[-42.748882437625824,-22.608599934713549,0.0],[-42.749053767556902,-22.608352541531971,0.0],[-42.749524240068538,-22.607445139971528,0.0],[-42.749093552687398,-22.607140455089773,0.0],[-42.750807258324663,-22.604990280634155,0.0],[-42.750399959999953,-22.604753202999966,0.0],[-42.75000703599995,-22.604512759999977,0.0],[-42.750000729999961,-22.60450884299992,0.0],[-42.749901615999931,-22.604447276999981,0.0],[-42.749511981999945,-22.604190561999957,0.0],[-42.749463186999982,-22.60415126399991,0.0],[-42.749310944999905,-22.604312986999961,0.0],[-42.749017224999939,-22.604631312000013,0.0],[-42.748613639999952,-22.605081168999931,0.0],[-42.748107284999982,-22.605632609999898,0.0],[-42.747986334999915,-22.60576311199997,0.0],[-42.747760256999946,-22.606009004999962,0.0],[-42.747606050999892,-22.606179508999929,0.0],[-42.747420517,-22.606382386999954,0.0],[-42.747268134999892,-22.60653584799995,0.0],[-42.747117278999951,-22.606700301999979,0.0],[-42.746973053,-22.606870741999941,0.0],[-42.746841376999932,-22.607008144999956,0.0],[-42.746774924999954,-22.606951361999958,0.0]]]]}},
{"type":"Feature","properties":{"fid":5,"BAIRRO":"EXPANSÃO","Area_km2":0.907648},"geometry":{"type":"MultiPolygon","coordinates":[[[[-42.744456036999942,-22.597710521999904,0.0],[-42.744322896999954,-22.597900368999987,0.0],[-42.743458911999952,-22.597375329999974,0.0],[-42.742972234549853,-22.597496391928146,0.0],[-42.742972181844095,-22.597496414553383,0.0],[-42.742440666688282,-22.597682102106806,0.0],[-42.74192572068813,-22.597831081106811,0.0],[-42.741219964688092,-22.598061753106773,0.0],[-42.740744714687978,-22.598202043106802,0.0],[-42.740630999687937,-22.59825666010682,0.0],[-42.740574276687937,-22.598312009106774,0.0],[-42.740436293687978,-22.598509313106767,0.0],[-42.740347201544509,-22.598647191629372,0.0],[-42.740841331,-22.598920598999928,0.0],[-42.741030848999941,-22.599026069999947,0.0],[-42.741654071999903,-22.599372902999974,0.0],[-42.741886765999901,-22.599514238999927,0.0],[-42.742338067999917,-22.599788351999962,0.0],[-42.742809452999943,-22.600079857999919,0.0],[-42.743272739,-22.600353313999989,0.0],[-42.744063315999959,-22.600840833999914,0.0],[-42.744845872999974,-22.601301858999953,0.0],[-42.745340062,-22.601614256999952,0.0],[-42.745830855999913,-22.60190706999995,0.0],[-42.746495410999927,-22.602305384999934,0.0],[-42.746997874999927,-22.602611988999975,0.0],[-42.747560406999938,-22.602896413999908,0.0],[-42.74759312299998,-22.602914081999916,0.0],[-42.748020556,-22.60314490599994,0.0],[-42.748193388999908,-22.603242058999989,0.0],[-42.748323100999983,-22.603314973,0.0],[-42.748399624999912,-22.603359282999911,0.0],[-42.748625869,-22.603490285999921,0.0],[-42.748660736999952,-22.603454031999938,0.0],[-42.748737045999945,-22.603414603999902,0.0],[-42.748906307999931,-22.603360668999915,0.0],[-42.749141922999939,-22.603291960999933,0.0],[-42.749394038999952,-22.603195603999968,0.0],[-42.749500140999935,-22.603134854999904,0.0],[-42.749616164999928,-22.603058752,0.0],[-42.749917260999894,-22.602836574,0.0],[-42.750000778999976,-22.602768748999988,0.0],[-42.750048729999946,-22.602729807999971,0.0],[-42.750245506999875,-22.602577348999951,0.0],[-42.75040153,-22.602486322999898,0.0],[-42.750538874,-22.602415202999961,0.0],[-42.751026996999983,-22.602284739,0.0],[-42.751250633,-22.602231663999948,0.0],[-42.751386147999931,-22.602186854999974,0.0],[-42.751637753999951,-22.60209547299997,0.0],[-42.751857899,-22.601980566999966,0.0],[-42.752005455999928,-22.601908056999935,0.0],[-42.752147666999953,-22.601854083999971,0.0],[-42.752306774,-22.601812682999917,0.0],[-42.752533529999923,-22.601781359999912,0.0],[-42.752621513999912,-22.601757675999981,0.0],[-42.75277039499997,-22.601709991999964,0.0],[-42.752902346,-22.601646663999951,0.0],[-42.75306133999991,-22.601568218999958,0.0],[-42.75314126199995,-22.601510353999952,0.0],[-42.753208921999935,-22.60145863199994,0.0],[-42.753256276999949,-22.60143448,0.0],[-42.753398303999987,-22.60141764499993,0.0],[-42.753492973999982,-22.601415691999954,0.0],[-42.753594397999947,-22.601407641999987,0.0],[-42.753655254999927,-22.601380568999964,0.0],[-42.753699215000012,-22.601334758999915,0.0],[-42.753756686999957,-22.601304561,0.0],[-42.753827668999975,-22.601286882999947,0.0],[-42.753922294999882,-22.601288025999956,0.0],[-42.753996640999929,-22.601276567999978,0.0],[-42.754114915999956,-22.601234756999883,0.0],[-42.754290613999906,-22.601168941999962,0.0],[-42.754378442999986,-22.601154567000012,0.0],[-42.75444261199997,-22.601167698999923,0.0],[-42.754516903999978,-22.601190215999946,0.0],[-42.754567558999916,-22.601193917999957,0.0],[-42.754618211999933,-22.601194531999941,0.0],[-42.754733029999912,-22.601158873999935,0.0],[-42.75476747299993,-22.601155976999966,0.0],[-42.754797181999898,-22.601153477999912,0.0],[-42.75492765696216,-22.601156450238527,0.0],[-42.756479067804278,-22.599392592078782,0.0],[-42.75625912469016,-22.599218760107043,0.0],[-42.756087037690108,-22.599105383106995,0.0],[-42.755890620690074,-22.598984099107049,0.0],[-42.755769951690098,-22.598884051106968,0.0],[-42.755636270690033,-22.598748512107022,0.0],[-42.754890848689925,-22.598207073106995,0.0],[-42.754223652689873,-22.597727586107002,0.0],[-42.753750709689754,-22.597398143107,0.0],[-42.753381002689764,-22.597152156106961,0.0],[-42.753228021689765,-22.597033999106984,0.0],[-42.75301608568973,-22.596864576106999,0.0],[-42.752866517689689,-22.596703592106991,0.0],[-42.752601487689653,-22.596421102106987,0.0],[-42.752227016689623,-22.596052681106919,0.0],[-42.751960553689564,-22.595818194106986,0.0],[-42.751292689689457,-22.595276683106967,0.0],[-42.750855974689429,-22.594966637106968,0.0],[-42.750481811689426,-22.59474701910689,0.0],[-42.750188294689352,-22.594581493106883,0.0],[-42.750061800689338,-22.594521974106936,0.0],[-42.750000982689279,-22.594497460106965,0.0],[-42.749776373689329,-22.594404164106958,0.0],[-42.749521321689244,-22.594330197106956,0.0],[-42.749214874689223,-22.594265021106892,0.0],[-42.748471376689068,-22.594161165106893,0.0],[-42.747823886832691,-22.594090519114946,0.0],[-42.74754841928673,-22.594063062234156,0.0],[-42.747427605991611,-22.594051430032859,0.0],[-42.747365594662277,-22.594045459393694,0.0],[-42.747281596335199,-22.594037371740963,0.0],[-42.747197542538508,-22.594029278702795,0.0],[-42.747162941744342,-22.594025947185973,0.0],[-42.747119566955327,-22.594021770859637,0.0],[-42.747079978686216,-22.594017959131374,0.0],[-42.747041254281449,-22.594014230727897,0.0],[-42.74698637668893,-22.594008947106886,0.0],[-42.746947144811749,-22.594006040179824,0.0],[-42.74689228814497,-22.594001975501392,0.0],[-42.74680443331561,-22.593995465740427,0.0],[-42.746732732914516,-22.5939901529349,0.0],[-42.746679097878548,-22.593986178702931,0.0],[-42.746613726360067,-22.593981334800379,0.0],[-42.746594343356904,-22.593979898552334,0.0],[-42.746589053116814,-22.593979518959795,0.0],[-42.746585384349608,-22.593979234704133,0.0],[-42.746584197819452,-22.593979146786083,0.0],[-42.746581639388644,-22.593978950831183,0.0],[-42.746581481999939,-22.594075696999891,0.0],[-42.746577273289844,-22.594185195579605,0.0],[-42.746572727999897,-22.594303451,0.0],[-42.746561442482957,-22.594487947834885,0.0],[-42.746539798999954,-22.594591286499881,0.0],[-42.746508820999964,-22.594693202,0.0],[-42.746452524999938,-22.594835563999968,0.0],[-42.746371607999983,-22.594977255999972,0.0],[-42.746257600633051,-22.595139164100939,0.0],[-42.74586951899991,-22.595692549000013,0.0],[-42.745479239999945,-22.596251887999976,0.0],[-42.744959588999947,-22.596998784999986,0.0],[-42.744456036999942,-22.597710521999904,0.0]]]]}},
{"type":"Feature","properties":{"fid":6,"BAIRRO":"COLETIVO","Area_km2":0.681388},"geometry":{"type":"MultiPolygon","coordinates":[[[[-42.73690987380828,-22.590946131269771,0.0],[-42.737415483344513,-22.589785642586804,0.0],[-42.737904428090651,-22.588832192653946,0.0],[-42.738094195594492,-22.588176483844837,0.0],[-42.738269443530015,-22.587779527557117,0.0],[-42.738462325362953,-22.587574001946145,0.0],[-42.73909280299992,-22.587711686,0.0],[-42.739271324999962,-22.587751291999901,0.0],[-42.739548794,-22.587842239,0.0],[-42.739794004999951,-22.587977487999972,0.0],[-42.740563290999894,-22.58838052199993,0.0],[-42.741091940999944,-22.58862749399993,0.0],[-42.741742952999985,-22.588978386999926,0.0],[-42.742216332865837,-22.589199299961027,0.0],[-42.742524146999962,-22.589342946999988,0.0],[-42.743852732999933,-22.589999392999939,0.0],[-42.743915935999929,-22.590007966999931,0.0],[-42.74400900699991,-22.587304673999892,0.0],[-42.743901338999954,-22.587218686,0.0],[-42.742846617999916,-22.586344117999896,0.0],[-42.742021518999948,-22.585669652999954,0.0],[-42.740621360999917,-22.584546902999907,0.0],[-42.739618882999928,-22.583728228999913,0.0],[-42.739510741999943,-22.583638492999981,0.0],[-42.739490197999928,-22.583627065,0.0],[-42.739445017999927,-22.583601931999951,0.0],[-42.739298075999926,-22.583538728999969,0.0],[-42.738966508999944,-22.583414640999905,0.0],[-42.738379223949607,-22.583174023555518,0.0],[-42.738362625790252,-22.583218197858272,0.0],[-42.73726169986184,-22.586148123341644,0.0],[-42.736148398735644,-22.586896879685746,0.0],[-42.732859826042962,-22.584353623113575,0.0],[-42.73248656251446,-22.584054517818149,0.0],[-42.7316840348822,-22.583577347753742,0.0],[-42.729733743999958,-22.58142678399992,0.0],[-42.729611755,-22.581357640999986,0.0],[-42.729508311999972,-22.581282871999932,0.0],[-42.729468397999916,-22.581243177499957,0.0],[-42.72931944799992,-22.581385977999989,0.0],[-42.729220272999967,-22.58148437499996,0.0],[-42.728982636999937,-22.581616792,0.0],[-42.728852916999962,-22.581699715999928,0.0],[-42.728787186999924,-22.581722037,0.0],[-42.728729972999908,-22.581727236999875,0.0],[-42.728550533999972,-22.581746075999931,0.0],[-42.728343998999947,-22.581789182999945,0.0],[-42.728202369999934,-22.581809196999917,0.0],[-42.728062824999945,-22.581805674999895,0.0],[-42.727961540999921,-22.581781696999951,0.0],[-42.727826858999961,-22.581742774999942,0.0],[-42.727754762999936,-22.581740564999929,0.0],[-42.727707525999939,-22.581755772999941,0.0],[-42.727440334999933,-22.581954895,0.0],[-42.727312358999946,-22.582069336999965,0.0],[-42.727241408999923,-22.582101206999877,0.0],[-42.727165288999934,-22.58210237299993,0.0],[-42.727138136999912,-22.58211199099993,0.0],[-42.727112582999922,-22.582174668999958,0.0],[-42.726898649999953,-22.582282982999985,0.0],[-42.727268035999955,-22.582780138999969,0.0],[-42.727434009999918,-22.583036744999927,0.0],[-42.727633487999988,-22.583401691999857,0.0],[-42.727741738999974,-22.583592295999949,0.0],[-42.727823235999971,-22.5837192659999,0.0],[-42.727931213999931,-22.583847555999952,0.0],[-42.728119506999967,-22.584050769999983,0.0],[-42.728240805999967,-22.584188207999933,0.0],[-42.728358522999933,-22.584368459999965,0.0],[-42.72858624899996,-22.584701612999915,0.0],[-42.728733461999958,-22.58487320099988,0.0],[-42.729121709999937,-22.585298874999935,0.0],[-42.729288986999933,-22.585471149999897,0.0],[-42.729322918999983,-22.585494906999898,0.0],[-42.729414740999943,-22.585559195,0.0],[-42.729678478999986,-22.585685513999948,0.0],[-42.730060141999964,-22.585880090999989,0.0],[-42.730570394999987,-22.586180329999952,0.0],[-42.730892867999927,-22.586402803999871,0.0],[-42.731116857999908,-22.586585144999969,0.0],[-42.73133581499998,-22.58676824899991,0.0],[-42.731402538999937,-22.586824048000015,0.0],[-42.731624239999967,-22.586986985999914,0.0],[-42.731988012999963,-22.587236675999964,0.0],[-42.732270540999977,-22.587433798999935,0.0],[-42.732615503,-22.587717120000015,0.0],[-42.733063612999949,-22.588074535999908,0.0],[-42.733477845999957,-22.588374837999904,0.0],[-42.733707830999961,-22.588510437999918,0.0],[-42.733903195999957,-22.588638761999981,0.0],[-42.734148659999946,-22.588833969999957,0.0],[-42.734636258999963,-22.589177476999961,0.0],[-42.734882322677208,-22.589345201505974,0.0],[-42.734984105322098,-22.589414579689173,0.0],[-42.735167339999933,-22.589544533999973,0.0],[-42.735329057999905,-22.589683792999928,0.0],[-42.735652278,-22.589975624000012,0.0],[-42.736217563999972,-22.590456837999938,0.0],[-42.736448312999968,-22.590637019999935,0.0],[-42.736734182999982,-22.590831296999919,0.0],[-42.73690987380828,-22.590946131269771,0.0]]]]}},
{"type":"Feature","properties":{"fid":7,"BAIRRO":"GRANADA","Area_km2":1.509956},"geometry":{"type":"MultiPolygon","coordinates":[[[[-42.720983942842274,-22.614531711124688,0.0],[-42.720862415188982,-22.615236068052166,0.0],[-42.721165448999948,-22.615974280999964,0.0],[-42.721548677873841,-22.616288843210299,0.0],[-42.722276998730287,-22.615949289126402,0.0],[-42.722960498370057,-22.616788777736968,0.0],[-42.723686302645497,-22.616777580131821,0.0],[-42.724285508386352,-22.61648508377786,0.0],[-42.726878957059917,-22.615561527083646,0.0],[-42.726559922644093,-22.614017221431975,0.0],[-42.727162129985047,-22.613736207041974,0.0],[-42.727647296842299,-22.613519514334318,0.0],[-42.728601237644227,-22.613080031009975,0.0],[-42.729025356923366,-22.612899034375591,0.0],[-42.729418052560597,-22.612747083528607,0.0],[-42.729995907389991,-22.612582895889744,0.0],[-42.730273525761611,-22.612479991876729,0.0],[-42.730401093021307,-22.612420863906983,0.0],[-42.730611324257886,-22.612299439747837,0.0],[-42.731179337924715,-22.611784432127291,0.0],[-42.733915702323614,-22.613872083320764,0.0],[-42.733945479999903,-22.613789955000019,0.0],[-42.734182460999882,-22.613129180999952,0.0],[-42.734356332999866,-22.612898238999879,0.0],[-42.734976072904566,-22.611971164784034,0.0],[-42.735358026999975,-22.610925128999959,0.0],[-42.736019648614523,-22.610151222399566,0.0],[-42.736681422394916,-22.609334000879507,0.0],[-42.736840157000039,-22.608553546999918,0.0],[-42.737292612972674,-22.608148172049457,0.0],[-42.73828883400612,-22.607961550926078,0.0],[-42.739000941000029,-22.607431968000029,0.0],[-42.739611544448422,-22.606374848457182,0.0],[-42.740039894558755,-22.605668988995781,0.0],[-42.739726059,-22.60520814199997,0.0],[-42.739194717889596,-22.604781866041385,0.0],[-42.738810194792258,-22.604399879463863,0.0],[-42.739280983999905,-22.603991255999937,0.0],[-42.739352956535754,-22.603935802733346,0.0],[-42.739569843,-22.603727272999961,0.0],[-42.739782496000011,-22.603477567999985,0.0],[-42.739689369999958,-22.603403095999958,0.0],[-42.73916831,-22.60295715999991,0.0],[-42.738577271999944,-22.602448597999945,0.0],[-42.738134972999937,-22.602086471999918,0.0],[-42.738066551999957,-22.602030453999873,0.0],[-42.737421601999984,-22.601475707999903,0.0],[-42.737030914687374,-22.601136255106773,0.0],[-42.736362144687305,-22.60054829010679,0.0],[-42.735709608687294,-22.599963989106758,0.0],[-42.735144393687186,-22.599480496106722,0.0],[-42.735030238999968,-22.599615552999943,0.0],[-42.734802796999887,-22.59985035399993,0.0],[-42.734674124999977,-22.599959108999954,0.0],[-42.734563544999972,-22.600028828999928,0.0],[-42.734430279999962,-22.600088421999914,0.0],[-42.734071619999966,-22.600210229999941,0.0],[-42.733283113999988,-22.600423591999927,0.0],[-42.732944235999945,-22.600515286999958,0.0],[-42.731739787999928,-22.600826986999909,0.0],[-42.731240315999983,-22.600964865999945,0.0],[-42.731076535999954,-22.601294988999904,0.0],[-42.730999460999961,-22.601445822999953,0.0],[-42.730833494999899,-22.601704890999898,0.0],[-42.730542632,-22.602031339999861,0.0],[-42.730414029999942,-22.602175909999957,0.0],[-42.729959423999979,-22.602500601,0.0],[-42.729499496999935,-22.602781924999935,0.0],[-42.729435453999962,-22.602828885999909,0.0],[-42.729355860999959,-22.602955454999986,0.0],[-42.729285051999945,-22.603130205999971,0.0],[-42.729154292999958,-22.603569005999915,0.0],[-42.729094784000026,-22.603711463000018,0.0],[-42.731000280219995,-22.605837993926002,0.0],[-42.73048025794629,-22.606953418883219,0.0],[-42.730273810156589,-22.60777466632285,0.0],[-42.729131578848929,-22.608391559580692,0.0],[-42.728105401945101,-22.609774531888888,0.0],[-42.723095856269445,-22.612426839335885,0.0],[-42.720485790999938,-22.612694313999931,0.0],[-42.719844095999953,-22.613064866999974,0.0],[-42.719457010592777,-22.613397589343659,0.0],[-42.7196554014619,-22.613849518774835,0.0],[-42.72062821103416,-22.614150010591814,0.0],[-42.720983942842274,-22.614531711124688,0.0]]]]}},
{"type":"Feature","properties":{"fid":8,"BAIRRO":"GLEBA COLÉGIO","Area_km2":1.131808},"geometry":{"type":"MultiPolygon","coordinates":[[[[-42.753662039944814,-22.608968921279576,0.0],[-42.754580787999949,-22.609558196999959,0.0],[-42.755191830702906,-22.609956423204373,0.0],[-42.754510778385125,-22.610699402017527,0.0],[-42.754982030981978,-22.610992667735076,0.0],[-42.753130187424681,-22.613189248963184,0.0],[-42.751812619999974,-22.614837998999931,0.0],[-42.752867496932851,-22.616027566753722,0.0],[-42.754086624678727,-22.615843538826528,0.0],[-42.75532148451429,-22.614598838062054,0.0],[-42.758536685999971,-22.61115388999994,0.0],[-42.758654366999927,-22.6110161309999,0.0],[-42.758756521999928,-22.6109033729999,0.0],[-42.758812369999944,-22.610841724999943,0.0],[-42.758916585999948,-22.610685437999987,0.0],[-42.758950228999893,-22.610562529999935,0.0],[-42.758963693999938,-22.610491817999943,0.0],[-42.758987222999927,-22.610458121999912,0.0],[-42.75949458799991,-22.609855444999958,0.0],[-42.759823715999943,-22.609485568,0.0],[-42.759904305999967,-22.609381566999925,0.0],[-42.759944596999908,-22.609335722999958,0.0],[-42.759996751999957,-22.609328375,0.0],[-42.760298536999976,-22.608982267999941,0.0],[-42.760558814999932,-22.608674139999927,0.0],[-42.760307959999977,-22.608249830999952,0.0],[-42.760217448999938,-22.608070631999983,0.0],[-42.760190723999948,-22.607768894999897,0.0],[-42.760190794999957,-22.607581219999915,0.0],[-42.760214356999946,-22.607378368999914,0.0],[-42.76022110599996,-22.607273823999975,0.0],[-42.760201000999984,-22.607209035999947,0.0],[-42.760143988,-22.607146991999944,0.0],[-42.759831975999916,-22.606956485999905,0.0],[-42.759261366999965,-22.606597323999953,0.0],[-42.759130402999979,-22.606543779999978,0.0],[-42.75892551299998,-22.606489539999913,0.0],[-42.758135759999909,-22.606294304999928,0.0],[-42.757954202999926,-22.606215586999973,0.0],[-42.760626094737688,-22.603232191905434,0.0],[-42.760754709999958,-22.603295611999954,0.0],[-42.760895601999906,-22.603374112999987,0.0],[-42.761197457999934,-22.603500520999962,0.0],[-42.761499222999944,-22.603608425999916,0.0],[-42.761774078999949,-22.603709853999966,0.0],[-42.761997041999933,-22.603791045999934,0.0],[-42.762242960657538,-22.603839116505036,0.0],[-42.762034105010592,-22.603693028797569,0.0],[-42.761825065690878,-22.603546823107095,0.0],[-42.761137330690715,-22.60296544610701,0.0],[-42.760810134690693,-22.602696063107039,0.0],[-42.760519876690694,-22.602495290107036,0.0],[-42.760048105690608,-22.602167354107074,0.0],[-42.75972845269056,-22.601935905107087,0.0],[-42.759465484690551,-22.601709717107038,0.0],[-42.759160235690487,-22.601428027107069,0.0],[-42.758721581690423,-22.601087072107021,0.0],[-42.758402055690354,-22.600848056107044,0.0],[-42.758119023690355,-22.600642228106967,0.0],[-42.757729347690301,-22.600371967107048,0.0],[-42.757511926690235,-22.600204994107024,0.0],[-42.757169530690184,-22.59994656110705,0.0],[-42.756718881690226,-22.59958212810702,0.0],[-42.756479067804278,-22.599392592078782,0.0],[-42.75492765696216,-22.601156450238527,0.0],[-42.754797181999898,-22.601153477999912,0.0],[-42.75476747299993,-22.601155976999966,0.0],[-42.754733029999912,-22.601158873999935,0.0],[-42.754618211999933,-22.601194531999941,0.0],[-42.754567558999916,-22.601193917999957,0.0],[-42.754516903999978,-22.601190215999946,0.0],[-42.75444261199997,-22.601167698999923,0.0],[-42.754378442999986,-22.601154567000012,0.0],[-42.754290613999906,-22.601168941999962,0.0],[-42.754114915999956,-22.601234756999883,0.0],[-42.753996640999929,-22.601276567999978,0.0],[-42.753922294999882,-22.601288025999956,0.0],[-42.753827668999975,-22.601286882999947,0.0],[-42.753756686999957,-22.601304561,0.0],[-42.753699215000012,-22.601334758999915,0.0],[-42.753655254999927,-22.601380568999964,0.0],[-42.753594397999947,-22.601407641999987,0.0],[-42.753492973999982,-22.601415691999954,0.0],[-42.753398303999987,-22.60141764499993,0.0],[-42.753256276999949,-22.60143448,0.0],[-42.753208921999935,-22.60145863199994,0.0],[-42.75314126199995,-22.601510353999952,0.0],[-42.75306133999991,-22.601568218999958,0.0],[-42.752902346,-22.601646663999951,0.0],[-42.75277039499997,-22.601709991999964,0.0],[-42.752621513999912,-22.601757675999981,0.0],[-42.752533529999923,-22.601781359999912,0.0],[-42.752306774,-22.601812682999917,0.0],[-42.752147666999953,-22.601854083999971,0.0],[-42.752005455999928,-22.601908056999935,0.0],[-42.751857899,-22.601980566999966,0.0],[-42.751637753999951,-22.60209547299997,0.0],[-42.751386147999931,-22.602186854999974,0.0],[-42.751250633,-22.602231663999948,0.0],[-42.751026996999983,-22.602284739,0.0],[-42.750538874,-22.602415202999961,0.0],[-42.75040153,-22.602486322999898,0.0],[-42.750245506999875,-22.602577348999951,0.0],[-42.750048729999946,-22.602729807999971,0.0],[-42.750000778999976,-22.602768748999988,0.0],[-42.749917260999894,-22.602836574,0.0],[-42.749616164999928,-22.603058752,0.0],[-42.749500140999935,-22.603134854999904,0.0],[-42.749394038999952,-22.603195603999968,0.0],[-42.749141922999939,-22.603291960999933,0.0],[-42.748906307999931,-22.603360668999915,0.0],[-42.748737045999945,-22.603414603999902,0.0],[-42.748660736999952,-22.603454031999938,0.0],[-42.748625869,-22.603490285999921,0.0],[-42.74876451399998,-22.603580766999944,0.0],[-42.748860888999985,-22.603652810999961,0.0],[-42.748937920999957,-22.603717596999907,0.0],[-42.749236354999965,-22.603968581499938,0.0],[-42.749378788999941,-22.604083293999924,0.0],[-42.749463186999982,-22.60415126399991,0.0],[-42.749511981999945,-22.604190561999957,0.0],[-42.749901615999931,-22.604447276999981,0.0],[-42.750000729999961,-22.60450884299992,0.0],[-42.75000703599995,-22.604512759999977,0.0],[-42.750399959999953,-22.604753202999966,0.0],[-42.750807258324663,-22.604990280634155,0.0],[-42.749093552687398,-22.607140455089773,0.0],[-42.749524240068538,-22.607445139971528,0.0],[-42.749873286378744,-22.607492731518516,0.0],[-42.750629302585544,-22.607300545405202,0.0],[-42.750979857378717,-22.607436744914303,0.0],[-42.751720016861995,-22.607744515335327,0.0],[-42.752356352779429,-22.607898088477327,0.0],[-42.753046246218332,-22.608194421823896,0.0],[-42.753662039944814,-22.608968921279576,0.0]]]]}},
{"type":"Feature","properties":{"fid":9,"BAIRRO":"GUARARAPES","Area_km2":0.716347},"geometry":{"type":"MultiPolygon","coordinates":[[[[-42.735358026999975,-22.610925128999959,0.0],[-42.734976072904566,-22.611971164784034,0.0],[-42.734356332999866,-22.612898238999879,0.0],[-42.734182460999882,-22.613129180999952,0.0],[-42.733945479999903,-22.613789955000019,0.0],[-42.733915702323614,-22.613872083320764,0.0],[-42.734155372000039,-22.613961848999949,0.0],[-42.734984378999982,-22.614580415999956,0.0],[-42.735254927999968,-22.614820365000032,0.0],[-42.735324977796736,-22.61540590764967,0.0],[-42.735369254494543,-22.615403834682056,0.0],[-42.735445463797021,-22.615400266649562,0.0],[-42.735528734100726,-22.615409015542884,0.0],[-42.735623162656921,-22.615418936738063,0.0],[-42.735704421300085,-22.615422622580944,0.0],[-42.735771235797849,-22.615422370649693,0.0],[-42.735871602798042,-22.615416641649819,0.0],[-42.735934603695441,-22.615403838459322,0.0],[-42.736005283798292,-22.615389474649753,0.0],[-42.736076739798492,-22.615369508649799,0.0],[-42.736323574999943,-22.615300220999892,0.0],[-42.736406901999906,-22.615251254999915,0.0],[-42.736576731999932,-22.615128674999863,0.0],[-42.736719731999955,-22.614996731999931,0.0],[-42.736776071999884,-22.614913732999963,0.0],[-42.736865570999932,-22.61478463199996,0.0],[-42.736928467,-22.614680075999939,0.0],[-42.736964759999985,-22.614600063999966,0.0],[-42.73698437,-22.614526138999956,0.0],[-42.737010364999932,-22.61440289299998,0.0],[-42.737105233999976,-22.614057875999947,0.0],[-42.737180122999931,-22.613725046999964,0.0],[-42.737219018999937,-22.613521589999912,0.0],[-42.737258480999941,-22.613410700999967,0.0],[-42.737291516999903,-22.61334298199996,0.0],[-42.737337932999942,-22.613275334999951,0.0],[-42.737377825999957,-22.613235428999939,0.0],[-42.737407797999957,-22.613213987999956,0.0],[-42.737444531999962,-22.613204928999892,0.0],[-42.737484701,-22.613211319999913,0.0],[-42.737521579999942,-22.613226951999959,0.0],[-42.737595406999915,-22.613270556999915,0.0],[-42.737655815999958,-22.613307913999979,0.0],[-42.737707165999936,-22.61331321899997,0.0],[-42.737763954999927,-22.613304267999951,0.0],[-42.73783734999995,-22.613276890999892,0.0],[-42.737947281999908,-22.613209597999912,0.0],[-42.738047320999918,-22.613166941999957,0.0],[-42.73814077499992,-22.6131427669999,0.0],[-42.73830110199998,-22.613125131999961,0.0],[-42.738424611999953,-22.613101126999922,0.0],[-42.738491304999982,-22.613076810999974,0.0],[-42.738587874999972,-22.61301872299995,0.0],[-42.738674588999956,-22.612991435999913,0.0],[-42.738844694,-22.6129430189999,0.0],[-42.738991514,-22.612916073,0.0],[-42.739145028999964,-22.612895337999944,0.0],[-42.73937540099994,-22.61289045800001,0.0],[-42.73952555599994,-22.612875876999937,0.0],[-42.73971226099993,-22.612833747999922,0.0],[-42.739983505999902,-22.612738468999918,0.0],[-42.740118802,-22.612683548999922,0.0],[-42.740256495999922,-22.612613576999919,0.0],[-42.740319595999907,-22.612555342999887,0.0],[-42.74043571999993,-22.612426482999979,0.0],[-42.740511807999908,-22.612297390999952,0.0],[-42.740538053999941,-22.612208098999947,0.0],[-42.740546079999902,-22.612051441999956,0.0],[-42.740544261547072,-22.611969220456562,0.0],[-42.741465767440403,-22.612331131635884,0.0],[-42.74321961921305,-22.61378433379863,0.0],[-42.744342822109985,-22.614675959319197,0.0],[-42.745416161891889,-22.615288583144292,0.0],[-42.745711094860184,-22.615386436961121,0.0],[-42.746311653677715,-22.615391254743002,0.0],[-42.746779589185145,-22.615231053737933,0.0],[-42.747054774519434,-22.615077979746022,0.0],[-42.747555751791438,-22.614751129976504,0.0],[-42.747832342648046,-22.614470782954136,0.0],[-42.747999823952256,-22.614068117576537,0.0],[-42.748003920865528,-22.61372298076115,0.0],[-42.747896824713209,-22.613446176190475,0.0],[-42.747557153579116,-22.613092231554305,0.0],[-42.746341072950045,-22.612213877757434,0.0],[-42.745003025390396,-22.611172763871217,0.0],[-42.743892106357009,-22.610352849181279,0.0],[-42.743521021436869,-22.609612263510563,0.0],[-42.742803249723551,-22.608095544565074,0.0],[-42.742664096999917,-22.607915359999947,0.0],[-42.742275257857649,-22.607567780171024,0.0],[-42.742076483999959,-22.607266254,0.0],[-42.741962873999974,-22.607218929999888,0.0],[-42.741827263999944,-22.607138536,0.0],[-42.741599529999938,-22.606980840999896,0.0],[-42.74141252999992,-22.606851350999928,0.0],[-42.741240804999912,-22.606744542999895,0.0],[-42.74114498399998,-22.606632225999931,0.0],[-42.741238903999943,-22.606442477999916,0.0],[-42.741261825635299,-22.606386270707791,0.0],[-42.741318037,-22.606248431999951,0.0],[-42.741369112999962,-22.606071669999899,0.0],[-42.741121087573894,-22.605845162430601,0.0],[-42.740814356365654,-22.605721398749914,0.0],[-42.740390602390278,-22.605673625988462,0.0],[-42.740039894558755,-22.605668988995781,0.0],[-42.739611544448422,-22.606374848457182,0.0],[-42.739000941000029,-22.607431968000029,0.0],[-42.73828883400612,-22.607961550926078,0.0],[-42.737292612972674,-22.608148172049457,0.0],[-42.736840157000039,-22.608553546999918,0.0],[-42.736681422394916,-22.609334000879507,0.0],[-42.736019648614523,-22.610151222399566,0.0],[-42.735358026999975,-22.610925128999959,0.0]]]]}},
{"type":"Feature","properties":{"fid":10,"BAIRRO":"GLEBA RIBEIRA","Area_km2":1.191147},"geometry":{"type":"MultiPolygon","coordinates":[[[[-42.746011640340896,-22.585608486849257,0.0],[-42.745877898982108,-22.585717181302147,0.0],[-42.745700891600151,-22.587740496405594,0.0],[-42.74564753189663,-22.588630469989273,0.0],[-42.745647306076286,-22.588630284291437,0.0],[-42.745634112070469,-22.588619434523906,0.0],[-42.744920984999979,-22.588033007999943,0.0],[-42.74400900699991,-22.587304673999892,0.0],[-42.743915935999929,-22.590007966999931,0.0],[-42.743852732999933,-22.589999392999939,0.0],[-42.742524146999962,-22.589342946999988,0.0],[-42.742216332865837,-22.589199299961027,0.0],[-42.741742952999985,-22.588978386999926,0.0],[-42.741091940999944,-22.58862749399993,0.0],[-42.740563290999894,-22.58838052199993,0.0],[-42.739794004999951,-22.587977487999972,0.0],[-42.739548794,-22.587842239,0.0],[-42.739271324999962,-22.587751291999901,0.0],[-42.739092802999906,-22.587711686,0.0],[-42.738462325362953,-22.587574001946145,0.0],[-42.738269443530015,-22.587779527557117,0.0],[-42.738094195594492,-22.588176483844837,0.0],[-42.737904428090651,-22.588832192653946,0.0],[-42.737415483344513,-22.589785642586804,0.0],[-42.73690987380828,-22.590946131269771,0.0],[-42.736959441118159,-22.59097852917516,0.0],[-42.737091163999949,-22.591064624999973,0.0],[-42.737589102999948,-22.591405903999963,0.0],[-42.737913605999957,-22.591619747999975,0.0],[-42.738085545999972,-22.591761049999938,0.0],[-42.738354246999926,-22.592002643999951,0.0],[-42.738615215999936,-22.59224733799994,0.0],[-42.738783057999967,-22.59238858199992,0.0],[-42.739040676999963,-22.592555822999977,0.0],[-42.739353166999976,-22.592752372999893,0.0],[-42.739454431999931,-22.592827994999947,0.0],[-42.739534117999924,-22.592904222999916,0.0],[-42.739777729999929,-22.593116014999985,0.0],[-42.740155738999931,-22.59337729,0.0],[-42.740432118,-22.593525767999946,0.0],[-42.740889742999926,-22.59366107699994,0.0],[-42.740974813999934,-22.593685603000026,0.0],[-42.741406078999916,-22.593840727999968,0.0],[-42.741840742,-22.593962892999958,0.0],[-42.742055603000033,-22.593986842999989,0.0],[-42.742406852999935,-22.593944221999916,0.0],[-42.742861387,-22.593853587999973,0.0],[-42.743056342999949,-22.593841109000024,0.0],[-42.743152734288323,-22.593843644226737,0.0],[-42.74354546499994,-22.59385397299992,0.0],[-42.743928884816292,-22.59387102586502,0.0],[-42.744833744368968,-22.593910193398195,0.0],[-42.74635689900002,-22.593965812999926,0.0],[-42.746359128659869,-22.593965891751527,0.0],[-42.746369605992747,-22.593966261810511,0.0],[-42.746398312333874,-22.593967275713879,0.0],[-42.746447867999983,-22.593969025999925,0.0],[-42.746476017924472,-22.593971111839696,0.0],[-42.746524835452192,-22.593974729085964,0.0],[-42.746563946500892,-22.593977627097733,0.0],[-42.74657394656726,-22.593978368071184,0.0],[-42.746581639502715,-22.593978938093105,0.0],[-42.746584198130542,-22.593979127679138,0.0],[-42.746585384660698,-22.593979215597173,0.0],[-42.746586811293213,-22.593979325298957,0.0],[-42.746587096586602,-22.593979347236381,0.0],[-42.746587423719504,-22.59397937239077,0.0],[-42.746589053698152,-22.593979496876933,0.0],[-42.746594343667986,-22.593979879445381,0.0],[-42.746613726671143,-22.593981315693441,0.0],[-42.746679098189638,-22.593986159595989,0.0],[-42.746732733225585,-22.593990133827969,0.0],[-42.746804433626679,-22.593995446633464,0.0],[-42.746892288456017,-22.594001956394433,0.0],[-42.746947145122789,-22.594006021072865,0.0],[-42.746986376999963,-22.594008927999948,0.0],[-42.747041254592482,-22.594014211620955,0.0],[-42.747079978994506,-22.594017940048889,0.0],[-42.74711549996951,-22.594021360133823,0.0],[-42.747119567266353,-22.594021751752685,0.0],[-42.747162942055347,-22.594025928079013,0.0],[-42.747197542849541,-22.594029259595853,0.0],[-42.747281596646211,-22.594037352634011,0.0],[-42.74736559497326,-22.59404544028677,0.0],[-42.747427606302587,-22.5940514109259,0.0],[-42.747548419597692,-22.594063043127193,0.0],[-42.747823887143618,-22.59409050000799,0.0],[-42.748471376999923,-22.594161145999916,0.0],[-42.74921487499995,-22.594265001999915,0.0],[-42.749290613014686,-22.594281110230558,0.0],[-42.74928901173169,-22.594066685413335,0.0],[-42.749379776999923,-22.591661054999918,0.0],[-42.749539303999889,-22.591771589999915,0.0],[-42.749703002999944,-22.591855392999918,0.0],[-42.749889761999924,-22.591931003999964,0.0],[-42.750001034999983,-22.59197391999988,0.0],[-42.750350366999932,-22.592108648999947,0.0],[-42.751211855999912,-22.592458826999955,0.0],[-42.752017581999951,-22.59279702899995,0.0],[-42.753086789999969,-22.593200145999901,0.0],[-42.754145797999904,-22.59364769,0.0],[-42.754903224999978,-22.593940183999944,0.0],[-42.755324951999974,-22.59411618399994,0.0],[-42.755738799523499,-22.594278932440666,0.0],[-42.755750014462137,-22.594219491896649,0.0],[-42.756051283999916,-22.588752953999936,0.0],[-42.755697667999975,-22.588519031999947,0.0],[-42.75559737899993,-22.588452689999972,0.0],[-42.755464532999959,-22.588372402999905,0.0],[-42.755281323,-22.588261675999966,0.0],[-42.754810736999943,-22.587951023999914,0.0],[-42.754586218,-22.587820590999925,0.0],[-42.754459048999955,-22.587810103999942,0.0],[-42.753913596999944,-22.587730265999912,0.0],[-42.752815810999969,-22.587559202999959,0.0],[-42.752139624999963,-22.587459373999977,0.0],[-42.751106884999963,-22.587297524999904,0.0],[-42.750428901999911,-22.587179053999964,0.0],[-42.749309067999903,-22.586903494,0.0],[-42.748755792999951,-22.586752213999894,0.0],[-42.748436463,-22.586670865000013,0.0],[-42.748196437999944,-22.586592762999935,0.0],[-42.74803751399994,-22.58649171199993,0.0],[-42.747400010999947,-22.585956246999949,0.0],[-42.747334294,-22.585930237999936,0.0],[-42.747293632999934,-22.58592563699991,0.0],[-42.747218660999927,-22.585940768999922,0.0],[-42.747077204999968,-22.585998309999979,0.0],[-42.747093236999916,-22.585684486999948,0.0],[-42.747098521999916,-22.585481136999938,0.0],[-42.747098468999972,-22.5853983679999,0.0],[-42.747075701999968,-22.585325299999905,0.0],[-42.746498449448659,-22.585523671580432,0.0],[-42.746304618022229,-22.585578285117617,0.0],[-42.746011640340896,-22.585608486849257,0.0]]]]}},
{"type":"Feature","properties":{"fid":11,"BAIRRO":"AREIA BRANCA","Area_km2":0.662318},"geometry":{"type":"MultiPolygon","coordinates":[[[[-42.70027268340997,-22.562946541299684,0.0],[-42.701266296051948,-22.561268444698619,0.0],[-42.70123662186954,-22.559968704170139,0.0],[-42.70556216062203,-22.557364534156378,0.0],[-42.705702206999916,-22.557037616999924,0.0],[-42.704637427012393,-22.556076111892523,0.0],[-42.7044920146677,-22.555961750501996,0.0],[-42.703434872999921,-22.554999263999914,0.0],[-42.702611030529226,-22.554599986614448,0.0],[-42.701487918270651,-22.554151785103663,0.0],[-42.700387390733297,-22.554534129575288,0.0],[-42.700329059907908,-22.554557678887246,0.0],[-42.700272512179218,-22.554584721233695,0.0],[-42.700217989689826,-22.554615140816868,0.0],[-42.700165725910516,-22.554648807377429,0.0],[-42.70002467076317,-22.554767781531812,0.0],[-42.699911315109937,-22.554910029303176,0.0],[-42.699810616767145,-22.555126345245846,0.0],[-42.699662483000459,-22.557504942303048,0.0],[-42.696333490322942,-22.559536900322083,0.0],[-42.694405957999919,-22.559506363,0.0],[-42.694351581999939,-22.559853920999942,0.0],[-42.694300312999971,-22.560339354999989,0.0],[-42.694311762999931,-22.560644630999928,0.0],[-42.694338221918102,-22.560819713144863,0.0],[-42.694371512,-22.561039997999949,0.0],[-42.694398710999948,-22.561158540999923,0.0],[-42.694480600999974,-22.561336944999926,0.0],[-42.694501437,-22.561439395999962,0.0],[-42.694488150999959,-22.561600434999956,0.0],[-42.694494766999981,-22.561789815999909,0.0],[-42.694533311999983,-22.561885581999938,0.0],[-42.694601442999918,-22.561990050999952,0.0],[-42.694651992999944,-22.562079089999944,0.0],[-42.694693096999963,-22.562199730999989,0.0],[-42.694729007999989,-22.562364452999908,0.0],[-42.694844248999935,-22.562652211999943,0.0],[-42.694870583,-22.562717968999959,0.0],[-42.695051247000023,-22.563028277999955,0.0],[-42.695378321,-22.563469878000014,0.0],[-42.695519834999963,-22.563725156,0.0],[-42.695657928999942,-22.563961304999985,0.0],[-42.69592448399996,-22.564358654999985,0.0],[-42.696033303000014,-22.564492459999954,0.0],[-42.696171543999981,-22.56462085199993,0.0],[-42.696494335999958,-22.564864686999961,0.0],[-42.696831029999927,-22.56509733799993,0.0],[-42.696987378999978,-22.565198901999985,0.0],[-42.697144310999903,-22.56526532899996,0.0],[-42.69738166199992,-22.56534666099995,0.0],[-42.69763653199994,-22.565463387999934,0.0],[-42.697905529999915,-22.565621574999948,0.0],[-42.698041469596895,-22.565467958640717,0.0],[-42.698051700044282,-22.565475782286956,0.0],[-42.698402667999929,-22.56574832599998,0.0],[-42.698587886017442,-22.565881807840714,0.0],[-42.700533220947854,-22.563446128677587,0.0],[-42.700351255999962,-22.563062770999974,0.0],[-42.70027268340997,-22.562946541299684,0.0]]]]}},
{"type":"Feature","properties":{"fid":12,"BAIRRO":"CENTRO - JAPUÍBA","Area_km2":0.766524},"geometry":{"type":"MultiPolygon","coordinates":[[[[-42.689687948999968,-22.568257829999965,0.0],[-42.689925659999943,-22.568257311,0.0],[-42.690729002999966,-22.568222032999905,0.0],[-42.69092970999997,-22.568201026999944,0.0],[-42.69113408199992,-22.56817672099988,0.0],[-42.691360313999979,-22.568149337999948,0.0],[-42.691440567999948,-22.568140269999983,0.0],[-42.691553985000027,-22.568108172999906,0.0],[-42.691682476,-22.568046135999907,0.0],[-42.691840871999958,-22.567937620999906,0.0],[-42.692209727999916,-22.567586712999926,0.0],[-42.692448624999969,-22.567381495999911,0.0],[-42.692701148,-22.567226651999889,0.0],[-42.69293868999992,-22.567095048999924,0.0],[-42.693592085999974,-22.566698975999927,0.0],[-42.694079298999974,-22.566438042999916,0.0],[-42.694591546,-22.566126612999913,0.0],[-42.694806256999982,-22.566034997999981,0.0],[-42.695025121,-22.565957769999979,0.0],[-42.695410043999964,-22.565830711999947,0.0],[-42.695889104999956,-22.565711560999933,0.0],[-42.696070886,-22.565632894,0.0],[-42.696202203999938,-22.565577928999975,0.0],[-42.69644593299995,-22.565517781999979,0.0],[-42.696702842999983,-22.565503460999938,0.0],[-42.696919381999948,-22.565525279999981,0.0],[-42.697042187,-22.565553561999909,0.0],[-42.697286014999989,-22.565620343999925,0.0],[-42.697419569999951,-22.565621075999918,0.0],[-42.6977235463333,-22.56562428499991,0.0],[-42.697905529999915,-22.565621574999948,0.0],[-42.69763653199994,-22.565463387999952,0.0],[-42.69738166199992,-22.56534666099995,0.0],[-42.697144310999903,-22.565265328999942,0.0],[-42.696987378999978,-22.565198901999985,0.0],[-42.696831029999927,-22.56509733799993,0.0],[-42.696494335999958,-22.564864686999961,0.0],[-42.696171543999981,-22.56462085199993,0.0],[-42.696033303000014,-22.564492459999951,0.0],[-42.69592448399996,-22.564358654999985,0.0],[-42.695657928999942,-22.563961304999985,0.0],[-42.695519834999963,-22.563725156,0.0],[-42.695378321,-22.563469878000014,0.0],[-42.695051247000023,-22.563028277999955,0.0],[-42.694870583,-22.562717968999959,0.0],[-42.694844248999935,-22.562652211999954,0.0],[-42.694729007999989,-22.562364452999908,0.0],[-42.694693096999963,-22.562199730999989,0.0],[-42.694651992999944,-22.562079089999944,0.0],[-42.694601442999918,-22.561990050999952,0.0],[-42.694533311999983,-22.561885581999938,0.0],[-42.694494766999981,-22.561789815999909,0.0],[-42.694488150999959,-22.561600434999956,0.0],[-42.694501437,-22.561439395999962,0.0],[-42.694480600999974,-22.561336944999926,0.0],[-42.694398710999948,-22.561158540999923,0.0],[-42.694371512,-22.561039997999949,0.0],[-42.694338221918102,-22.560819713144863,0.0],[-42.694311762999931,-22.560644630999928,0.0],[-42.694300312999971,-22.560339354999989,0.0],[-42.694351581999939,-22.559853920999942,0.0],[-42.694405957999919,-22.559506363,0.0],[-42.694410993999981,-22.559474649999931,0.0],[-42.694521529999982,-22.558778534999878,0.0],[-42.694545195999979,-22.558445502999955,0.0],[-42.694541444999928,-22.558037491999936,0.0],[-42.694545414999887,-22.557681617,0.0],[-42.694564973999931,-22.557565063999924,0.0],[-42.694599632999953,-22.557461459999974,0.0],[-42.694714148999921,-22.557180965999951,0.0],[-42.694857260999953,-22.556784717999943,0.0],[-42.694902155999941,-22.55657716,0.0],[-42.694912777999932,-22.55637816299993,0.0],[-42.694907865458255,-22.55628151681271,0.0],[-42.694493796999971,-22.556381487999897,0.0],[-42.693875861999913,-22.556584955999966,0.0],[-42.69324840799996,-22.556779003999935,0.0],[-42.692197626999977,-22.557145180999935,0.0],[-42.692179510019258,-22.557094499696436,0.0],[-42.692128829999966,-22.556952724999981,0.0],[-42.692013446000026,-22.556976353,0.0],[-42.69129551499995,-22.557491607999918,0.0],[-42.690535241999918,-22.558031320999877,0.0],[-42.690485534999894,-22.558066608999972,0.0],[-42.690111867999974,-22.558310434999978,0.0],[-42.689706380999901,-22.558618414999941,0.0],[-42.689105097,-22.559033010999904,0.0],[-42.689025375999961,-22.558918469999949,0.0],[-42.688913164,-22.558756342999921,0.0],[-42.68882295,-22.558631257999888,0.0],[-42.688711735999938,-22.558477055,0.0],[-42.68847902299995,-22.558077173999962,0.0],[-42.688472045999916,-22.558359368999955,0.0],[-42.688438585,-22.558583604999942,0.0],[-42.688285763999957,-22.559304070999936,0.0],[-42.688270289999927,-22.559373432999926,0.0],[-42.68809917899997,-22.560140486999956,0.0],[-42.687976762999966,-22.560686963999981,0.0],[-42.687863765999943,-22.561191384999969,0.0],[-42.687707277999976,-22.561919498999906,0.0],[-42.687649969999917,-22.562254561999897,0.0],[-42.687637203999948,-22.562329199999958,0.0],[-42.68762157099998,-22.562420599,0.0],[-42.687594727,-22.562666165999957,0.0],[-42.687602513999927,-22.562817543999959,0.0],[-42.687657572999939,-22.563135789999908,0.0],[-42.687664227999953,-22.563174255999972,0.0],[-42.687672114999899,-22.563201878999969,0.0],[-42.687737516999974,-22.563430942999908,0.0],[-42.687786314999919,-22.563601850999937,0.0],[-42.687911437999979,-22.563883189999931,0.0],[-42.688016731999909,-22.564133306999924,0.0],[-42.688172121999962,-22.564502419999929,0.0],[-42.688339147999933,-22.564936335999953,0.0],[-42.688439063999944,-22.565172779999955,0.0],[-42.688472252999944,-22.565251319,0.0],[-42.688510429999987,-22.565341663,0.0],[-42.688626954499988,-22.565617411499925,0.0],[-42.68874348,-22.565893159999959,0.0],[-42.68880566698347,-22.566052674278637,0.0],[-42.688829910999956,-22.566114861249908,0.0],[-42.688894273157054,-22.566279954217496,0.0],[-42.689059376999936,-22.566703453999931,0.0],[-42.689088408999957,-22.566777924999879,0.0],[-42.689219446999942,-22.567103846999956,0.0],[-42.689502363999985,-22.567807528999921,0.0],[-42.689687948999968,-22.568257829999965,0.0]]]]}},
{"type":"Feature","properties":{"fid":13,"BAIRRO":"FORNO VELHO","Area_km2":0.508462},"geometry":{"type":"MultiPolygon","coordinates":[[[[-42.718050225999903,-22.581055483999922,0.0],[-42.719912894999972,-22.579685515999909,0.0],[-42.71987260199991,-22.579480384,0.0],[-42.719826575999932,-22.579434900999967,0.0],[-42.719754667999936,-22.579395495,0.0],[-42.719682269999979,-22.579369674,0.0],[-42.719598636999905,-22.579350339,0.0],[-42.719448578,-22.579342749999963,0.0],[-42.719371896999974,-22.579333807999951,0.0],[-42.719314265,-22.579304996999966,0.0],[-42.719275561999908,-22.57925971399996,0.0],[-42.719212686999946,-22.579172954999965,0.0],[-42.719192300999957,-22.579128184999888,0.0],[-42.7191801009999,-22.579059844999943,0.0],[-42.719187075999947,-22.578968246999985,0.0],[-42.719211155,-22.578809143999898,0.0],[-42.719211415999929,-22.578700373999929,0.0],[-42.719172120999964,-22.578570103999915,0.0],[-42.719089752999885,-22.578312874999952,0.0],[-42.718922212999978,-22.577876559999911,0.0],[-42.718817619999932,-22.577727490000012,0.0],[-42.718764646999908,-22.577671624999891,0.0],[-42.718702872999955,-22.577656284999886,0.0],[-42.718651715999989,-22.577651437999936,0.0],[-42.718538040999888,-22.577651615999933,0.0],[-42.718472227999975,-22.577646352999942,0.0],[-42.718421805999959,-22.577621139,0.0],[-42.71827835700001,-22.577532123,0.0],[-42.71808534499992,-22.577394127999966,0.0],[-42.717906984,-22.577256545999937,0.0],[-42.717579998999952,-22.576870102999933,0.0],[-42.717057663999967,-22.576209725999938,0.0],[-42.716972211000012,-22.576139340999955,0.0],[-42.716935940999946,-22.576128110999925,0.0],[-42.716884887999989,-22.576119851999948,0.0],[-42.71676687,-22.576136846999933,0.0],[-42.716656048999958,-22.57615744699994,0.0],[-42.71652614499996,-22.576197882999924,0.0],[-42.71642530299998,-22.576245950999979,0.0],[-42.716289581999931,-22.576343985999944,0.0],[-42.715858454999967,-22.57678702,0.0],[-42.715592298999958,-22.577034364999939,0.0],[-42.715520593,-22.577086715999926,0.0],[-42.715450270999938,-22.577101712999912,0.0],[-42.715413842999929,-22.577093877,0.0],[-42.715215778000015,-22.57692826599995,0.0],[-42.714736899999892,-22.576574686999912,0.0],[-42.714612436,-22.576465759999969,0.0],[-42.714560326999944,-22.576386094999968,0.0],[-42.714530103999934,-22.576310455999895,0.0],[-42.714509885999945,-22.576163736999913,0.0],[-42.714456160999937,-22.575931108999946,0.0],[-42.714359440999921,-22.575670082999949,0.0],[-42.71417367299992,-22.57543368899994,0.0],[-42.714084764999939,-22.57535637800002,0.0],[-42.714009000999965,-22.57532021599997,0.0],[-42.713950686999944,-22.57530833899995,0.0],[-42.713877312999905,-22.575306219999948,0.0],[-42.713753500999964,-22.575319602,0.0],[-42.713512853999951,-22.575370409999945,0.0],[-42.713220155999977,-22.57543671500002,0.0],[-42.713124357999952,-22.575444144999906,0.0],[-42.713055142999913,-22.575428554999942,0.0],[-42.71299378,-22.575399598999951,0.0],[-42.71290839599996,-22.575325773999978,0.0],[-42.712800920999932,-22.575156167999967,0.0],[-42.712715599999981,-22.574983811000024,0.0],[-42.712666533999922,-22.574921232999898,0.0],[-42.712605041999979,-22.574895667999929,0.0],[-42.712521140999975,-22.574879645999911,0.0],[-42.712326214999898,-22.574884188999928,0.0],[-42.712056554,-22.574920547999927,0.0],[-42.711355067906439,-22.57452446190949,0.0],[-42.711687177270719,-22.573376334641583,0.0],[-42.711536993999971,-22.573359892999942,0.0],[-42.711383278999961,-22.573360296999944,0.0],[-42.711273840999986,-22.573387270999895,0.0],[-42.711043081999968,-22.573483848999981,0.0],[-42.710734971999976,-22.573610449999876,0.0],[-42.710621493,-22.573628286999941,0.0],[-42.710281572999939,-22.573629413999942,0.0],[-42.710067825999936,-22.573605754999917,0.0],[-42.709887770999948,-22.573559019999976,0.0],[-42.709646865,-22.573451055999943,0.0],[-42.709188939999954,-22.573229575999971,0.0],[-42.708368321999906,-22.572723501999963,0.0],[-42.707524422,-22.57219493199992,0.0],[-42.707065716999942,-22.571843695999984,0.0],[-42.706846153999912,-22.571692533999897,0.0],[-42.706540423999925,-22.571502666999933,0.0],[-42.706218611999951,-22.57130882199996,0.0],[-42.705924869999876,-22.571126618999983,0.0],[-42.70565814699993,-22.570947384,0.0],[-42.705271317,-22.570657045999933,0.0],[-42.705223958999973,-22.570627585999908,0.0],[-42.705159152999954,-22.570701221999933,0.0],[-42.704999878999907,-22.570886564999906,0.0],[-42.704690480999901,-22.571291167999938,0.0],[-42.704363647999941,-22.571850427999919,0.0],[-42.704305042999984,-22.571930239999954,0.0],[-42.704239309999963,-22.571976842999987,0.0],[-42.704141445999937,-22.571995905999891,0.0],[-42.703967579999961,-22.571997769999957,0.0],[-42.703666989999952,-22.572008330999935,0.0],[-42.703525506999959,-22.572043690999934,0.0],[-42.703445563999921,-22.572076360999962,0.0],[-42.703390853000016,-22.572119363999978,0.0],[-42.703339659999948,-22.57217246799992,0.0],[-42.703262499999951,-22.57228902399989,0.0],[-42.703236122,-22.572343808999957,0.0],[-42.703188583999982,-22.572442539999972,0.0],[-42.70302242,-22.572759868999906,0.0],[-42.702989158999983,-22.57282664599996,0.0],[-42.702941770999985,-22.572856360999921,0.0],[-42.702825282999918,-22.572912214999938,0.0],[-42.702552457999921,-22.573016821999985,0.0],[-42.70249679700003,-22.573042686999916,0.0],[-42.70252637599998,-22.573133661999982,0.0],[-42.702570117999947,-22.573236971,0.0],[-42.702730728999924,-22.573459347,0.0],[-42.702907093999954,-22.573635156,0.0],[-42.702952417999946,-22.573680336999917,0.0],[-42.703119508999947,-22.573902953999919,0.0],[-42.70314267,-22.573968239999889,0.0],[-42.703146398122129,-22.574069581986446,0.0],[-42.704508125999951,-22.574211191999915,0.0],[-42.704977683999985,-22.574256372000018,0.0],[-42.705398928999919,-22.574306013999944,0.0],[-42.705709561999981,-22.574366042999934,0.0],[-42.706005176999916,-22.574432425999927,0.0],[-42.706238379999931,-22.574493588999925,0.0],[-42.706452640999892,-22.574567792000028,0.0],[-42.706566009999953,-22.574612231999975,0.0],[-42.706789744999988,-22.57469993399987,0.0],[-42.707104625999911,-22.574834817999903,0.0],[-42.707549663999906,-22.575027836999894,0.0],[-42.707965649999934,-22.575209797999943,0.0],[-42.708475397999941,-22.57543862399995,0.0],[-42.709216613999985,-22.575765839999939,0.0],[-42.709343652,-22.575822718999941,0.0],[-42.710312404999975,-22.576249114999946,0.0],[-42.710998623999977,-22.576557435999973,0.0],[-42.711800270999987,-22.576920064999968,0.0],[-42.713186441999888,-22.577543272999929,0.0],[-42.713608331999986,-22.577742037999915,0.0],[-42.713820264999939,-22.577863517999962,0.0],[-42.714089304,-22.578027365999898,0.0],[-42.714386378999983,-22.578225964999906,0.0],[-42.714813624999984,-22.57851616099995,0.0],[-42.715444087000016,-22.578938795999935,0.0],[-42.716117652999969,-22.579389732000028,0.0],[-42.717037116999926,-22.580017288999951,0.0],[-42.717229189999912,-22.580178960999937,0.0],[-42.717363594999938,-22.580283364999975,0.0],[-42.717428834,-22.580334041999855,0.0],[-42.717713585999952,-22.580634828999912,0.0],[-42.718050225999903,-22.581055483999922,0.0]]]]}},
{"type":"Feature","properties":{"fid":14,"BAIRRO":"MARRECA","Area_km2":0.601239},"geometry":{"type":"MultiPolygon","coordinates":[[[[-42.689687948999968,-22.568257829999965,0.0],[-42.689953492999919,-22.568929093999905,0.0],[-42.690146633,-22.569380910999882,0.0],[-42.690248147999959,-22.569599893999985,0.0],[-42.690332349999913,-22.569771795999923,0.0],[-42.690451625000016,-22.569962107999928,0.0],[-42.690561820999989,-22.570107509999961,0.0],[-42.6906788759999,-22.570241817999968,0.0],[-42.690732996999934,-22.570303916999972,0.0],[-42.690930987999877,-22.570497848999935,0.0],[-42.691056385999957,-22.570609924999896,0.0],[-42.691240941999958,-22.570739966,0.0],[-42.691478741999916,-22.570876774999942,0.0],[-42.691626695,-22.570948857999952,0.0],[-42.691861444999965,-22.571052089999963,0.0],[-42.692608903,-22.571346983999906,0.0],[-42.693119120999924,-22.571547015999954,0.0],[-42.693418131999941,-22.571662530999983,0.0],[-42.693903855999963,-22.571856607999955,0.0],[-42.694854754999973,-22.572222749999966,0.0],[-42.695195498,-22.572356968999973,0.0],[-42.695490616,-22.572473213999906,0.0],[-42.69561249,-22.572326171999961,0.0],[-42.696014480999949,-22.571896830999975,0.0],[-42.69632769699993,-22.57155741199994,0.0],[-42.696486258999975,-22.571398444999936,0.0],[-42.696662507000013,-22.571221746999967,0.0],[-42.697143307,-22.570766756499939,0.0],[-42.697182196999925,-22.570709703999967,0.0],[-42.697234464,-22.570577793999981,0.0],[-42.697320480999906,-22.570252220999951,0.0],[-42.697389949999973,-22.569948407999952,0.0],[-42.697459951999988,-22.569563803999934,0.0],[-42.697508024999891,-22.569229928999924,0.0],[-42.697900124999904,-22.569443168999967,0.0],[-42.698210194999902,-22.569611796999922,0.0],[-42.698826730999926,-22.569935346999948,0.0],[-42.699164160999963,-22.570112422999934,0.0],[-42.699506444999919,-22.570284412999946,0.0],[-42.699844762999973,-22.570450909999966,0.0],[-42.700190888999913,-22.570621247999927,0.0],[-42.70049991499998,-22.570775876999956,0.0],[-42.701573601999918,-22.571337139000015,0.0],[-42.702139262999935,-22.571621854999933,0.0],[-42.702216634999942,-22.571498633999912,0.0],[-42.702418719999962,-22.571221725999951,0.0],[-42.702605671999962,-22.571002605999951,0.0],[-42.702924168999942,-22.570657277999967,0.0],[-42.703351857,-22.570248637999907,0.0],[-42.703519943999936,-22.570089315999965,0.0],[-42.703786914000034,-22.569781881000015,0.0],[-42.703492088999965,-22.569528542999926,0.0],[-42.703251225999921,-22.569334317999925,0.0],[-42.702671504000016,-22.568934208999949,0.0],[-42.70222894499998,-22.56866317,0.0],[-42.702005630999977,-22.568495425999966,0.0],[-42.701581787999899,-22.568130052999937,0.0],[-42.701324385999911,-22.567898778,0.0],[-42.701079423999893,-22.567746380999886,0.0],[-42.700725447999922,-22.56753499400001,0.0],[-42.700489966999967,-22.567357181999949,0.0],[-42.700330117999989,-22.567212757999982,0.0],[-42.700171782999917,-22.567086968999963,0.0],[-42.699985884999926,-22.566974320999972,0.0],[-42.699424595999943,-22.566649830999953,0.0],[-42.698876421999962,-22.566322617999976,0.0],[-42.698358477999918,-22.5659601569999,0.0],[-42.697905529999915,-22.565621574999948,0.0],[-42.6977235463333,-22.56562428499991,0.0],[-42.697419569999951,-22.565621075999918,0.0],[-42.697286014999989,-22.565620343999925,0.0],[-42.697042187,-22.565553561999909,0.0],[-42.696919381999948,-22.565525279999981,0.0],[-42.696702842999983,-22.565503460999938,0.0],[-42.69644593299995,-22.565517781999979,0.0],[-42.696202203999938,-22.565577928999975,0.0],[-42.696070886,-22.565632894,0.0],[-42.695889104999956,-22.565711560999933,0.0],[-42.695410043999964,-22.565830711999947,0.0],[-42.695025121,-22.565957769999979,0.0],[-42.694806256999982,-22.566034997999981,0.0],[-42.694591546,-22.566126612999913,0.0],[-42.694079298999974,-22.566438042999916,0.0],[-42.693592085999974,-22.566698975999927,0.0],[-42.69293868999992,-22.567095048999924,0.0],[-42.692701148,-22.567226651999889,0.0],[-42.692448624999969,-22.567381495999911,0.0],[-42.692209727999916,-22.567586712999926,0.0],[-42.691840871999958,-22.567937620999906,0.0],[-42.691682476,-22.568046135999907,0.0],[-42.691553985000027,-22.568108172999906,0.0],[-42.691440567999948,-22.568140269999983,0.0],[-42.691360313999979,-22.568149337999948,0.0],[-42.69113408199992,-22.56817672099988,0.0],[-42.69092970999997,-22.568201026999944,0.0],[-42.690729002999966,-22.568222032999905,0.0],[-42.689925659999943,-22.568257311,0.0],[-42.689687948999968,-22.568257829999965,0.0]]]]}},
{"type":"Feature","properties":{"fid":15,"BAIRRO":"RAIZ DA SERRA","Area_km2":0.421566},"geometry":{"type":"MultiPolygon","coordinates":[[[[-42.675181123674001,-22.559789557088916,0.0],[-42.674715136000046,-22.560045162999891,0.0],[-42.673293849806818,-22.560334682531586,0.0],[-42.670062132828114,-22.561632159610344,0.0],[-42.669110033856846,-22.562940879721477,0.0],[-42.668966538704005,-22.562994714180757,0.0],[-42.668396392999931,-22.563181005999976,0.0],[-42.667783213041474,-22.56335670442791,0.0],[-42.668689752799814,-22.565671229291826,0.0],[-42.671455593999923,-22.564680132999975,0.0],[-42.671613634999936,-22.564670021999905,0.0],[-42.67166763299997,-22.564615245999931,0.0],[-42.671815278251145,-22.564510387592016,0.0],[-42.671243793476926,-22.563620626702658,0.0],[-42.67636950777834,-22.562111030198892,0.0],[-42.677448924273619,-22.561459327983197,0.0],[-42.677574790536312,-22.561436775493146,0.0],[-42.679447771063984,-22.561303621616528,0.0],[-42.67968731499996,-22.561256468999915,0.0],[-42.679988803999933,-22.561167463999936,0.0],[-42.680164089999963,-22.561104747999892,0.0],[-42.680566447999965,-22.561070694999909,0.0],[-42.680972314999963,-22.561043470999977,0.0],[-42.681453765999919,-22.56102694599992,0.0],[-42.681507824999954,-22.561023925999955,0.0],[-42.68153615200707,-22.560999384533591,0.0],[-42.681536221429013,-22.560999323290805,0.0],[-42.681536157,-22.560999085999939,0.0],[-42.681538270671048,-22.560997515486612,0.0],[-42.681589883,-22.560951983999967,0.0],[-42.681718737,-22.560863423999905,0.0],[-42.681880061999912,-22.560785282999927,0.0],[-42.682037774999927,-22.560710518999961,0.0],[-42.682155805000015,-22.560665932999918,0.0],[-42.682199069999939,-22.560595185999922,0.0],[-42.682295465,-22.560553853999966,0.0],[-42.682497122453377,-22.560519088086252,0.0],[-42.682650453999905,-22.560485924999924,0.0],[-42.682779253876653,-22.560440175354856,0.0],[-42.682930649,-22.560388410999938,0.0],[-42.683024403999937,-22.560365405,0.0],[-42.68313978699998,-22.56029177299995,0.0],[-42.683168689999967,-22.560227710999989,0.0],[-42.683156896999968,-22.56012140799988,0.0],[-42.683123441999953,-22.560018327999977,0.0],[-42.683116622939764,-22.559830082056536,0.0],[-42.683092739,-22.559612881999904,0.0],[-42.683027479670706,-22.559358972430047,0.0],[-42.683008942,-22.559282775999968,0.0],[-42.682982746999947,-22.559146000999924,0.0],[-42.681594430481034,-22.558850150692439,0.0],[-42.678461196289128,-22.559151838057858,0.0],[-42.676107995261724,-22.559573156267266,0.0],[-42.675181123674001,-22.559789557088916,0.0]]]]}},
{"type":"Feature","properties":{"fid":16,"BAIRRO":"RAPOSO","Area_km2":0.371409},"geometry":{"type":"MultiPolygon","coordinates":[[[[-42.689512144026246,-22.552569140535677,0.0],[-42.689726464124654,-22.553562228298045,0.0],[-42.68614263741464,-22.554611715704695,0.0],[-42.686208160999911,-22.554689377999949,0.0],[-42.686099929999926,-22.554755678999946,0.0],[-42.685982526,-22.55484633799998,0.0],[-42.685926251999959,-22.554920684,0.0],[-42.685848329,-22.555018447999931,0.0],[-42.685748905999922,-22.555099229999939,0.0],[-42.685532982000026,-22.555242490999895,0.0],[-42.685444269301627,-22.555293111182099,0.0],[-42.685451257198473,-22.555301102067322,0.0],[-42.685899607341376,-22.555850579904906,0.0],[-42.68591894108193,-22.55587349707308,0.0],[-42.686056128659835,-22.556030818601094,0.0],[-42.686202272184488,-22.55621384200052,0.0],[-42.686220497067062,-22.556235945313126,0.0],[-42.686533470554252,-22.556603634271607,0.0],[-42.686552975014116,-22.55662581602131,0.0],[-42.68674106059261,-22.556832924452515,0.0],[-42.686985566085355,-22.557138585551229,0.0],[-42.686987709091277,-22.557136755940132,0.0],[-42.68705582,-22.557080134999964,0.0],[-42.687170360999964,-22.556995590999971,0.0],[-42.687247035999988,-22.556951139999939,0.0],[-42.68733030299996,-22.556920800999922,0.0],[-42.687419253999956,-22.556856279999987,0.0],[-42.687527472999911,-22.556778927,0.0],[-42.687579081999942,-22.556719447999956,0.0],[-42.687615514999941,-22.556666110999981,0.0],[-42.687670816999983,-22.55660681599997,0.0],[-42.687746622999946,-22.556559593999967,0.0],[-42.687895692000019,-22.556746532999988,0.0],[-42.68805825099998,-22.556940573999981,0.0],[-42.688191883999927,-22.557134171999909,0.0],[-42.688278889999914,-22.557307236999943,0.0],[-42.688330915999956,-22.557420331999964,0.0],[-42.68838832999991,-22.557625995999917,0.0],[-42.688435295999987,-22.557811718999947,0.0],[-42.688461706999952,-22.557947039999931,0.0],[-42.688477989999967,-22.558030457,0.0],[-42.68847902299995,-22.558077173999962,0.0],[-42.688711735999938,-22.558477055,0.0],[-42.68882295,-22.558631257999888,0.0],[-42.688913164,-22.558756342999921,0.0],[-42.689025375999961,-22.558918469999949,0.0],[-42.689105097,-22.559033010999904,0.0],[-42.689706380999901,-22.55861841499997,0.0],[-42.690111867999974,-22.558310434999978,0.0],[-42.690485534999894,-22.558066608999972,0.0],[-42.690535241999918,-22.558031320999877,0.0],[-42.69129551499995,-22.557491607999918,0.0],[-42.692013446000026,-22.556976353,0.0],[-42.692128829999966,-22.556952725,0.0],[-42.692179510019258,-22.557094499696436,0.0],[-42.692197626999977,-22.557145180999935,0.0],[-42.69324840799996,-22.556779003999935,0.0],[-42.693875861999913,-22.556584955999966,0.0],[-42.694493796999971,-22.556381487999897,0.0],[-42.694907865458255,-22.55628151681271,0.0],[-42.694892308999918,-22.555975468999957,0.0],[-42.694849581999939,-22.555520786999974,0.0],[-42.694851458037,-22.555472362536626,0.0],[-42.694794142036962,-22.555429177536599,0.0],[-42.694731393036754,-22.555368147536608,0.0],[-42.694649886036615,-22.555278662536544,0.0],[-42.694567199933935,-22.555165862947291,0.0],[-42.694448385757944,-22.555001551130339,0.0],[-42.694419225036221,-22.554960902536617,0.0],[-42.694387298100047,-22.554929055164653,0.0],[-42.694364340475573,-22.554906154740046,0.0],[-42.69431855039727,-22.554860478718918,0.0],[-42.694270144843493,-22.554812193692914,0.0],[-42.694247892431825,-22.554792545541755,0.0],[-42.694210059770356,-22.554760054781553,0.0],[-42.694151167545911,-22.554709477983856,0.0],[-42.69412130803569,-22.554683834536526,0.0],[-42.694096302811779,-22.554664741334101,0.0],[-42.69406129780959,-22.554638012600886,0.0],[-42.694015506169706,-22.554603047500017,0.0],[-42.693960230377975,-22.554561401802278,0.0],[-42.693892609326944,-22.554513648281972,0.0],[-42.693809224400596,-22.554454762340971,0.0],[-42.693770394035006,-22.554427340536428,0.0],[-42.693748344803851,-22.554410475130986,0.0],[-42.693705486466577,-22.554377692869394,0.0],[-42.693678787198117,-22.554357270636299,0.0],[-42.693647434869696,-22.554333289271348,0.0],[-42.693635380034699,-22.554324068536335,0.0],[-42.693629778123267,-22.554317262418007,0.0],[-42.693615402957867,-22.554299797111934,0.0],[-42.693607505932803,-22.554290202509808,0.0],[-42.693590821267918,-22.554269931235392,0.0],[-42.693565310972907,-22.554238937120292,0.0],[-42.693526521974469,-22.554191809813492,0.0],[-42.693509270790464,-22.554169868449982,0.0],[-42.693482378613602,-22.5541345043993,0.0],[-42.693429138475665,-22.554064491896707,0.0],[-42.693391946207448,-22.554015582812813,0.0],[-42.693377328000238,-22.553996173550104,0.0],[-42.693357204425602,-22.553967837913333,0.0],[-42.693252422034,-22.553820295536376,0.0],[-42.693171471033935,-22.553616297536358,0.0],[-42.693100956033753,-22.553488678536308,0.0],[-42.693068441746931,-22.553451245726826,0.0],[-42.693007073033556,-22.553380593536389,0.0],[-42.692922504925505,-22.553323197538884,0.0],[-42.692853642033207,-22.553276460536352,0.0],[-42.692812504033192,-22.553250816536302,0.0],[-42.692788675874496,-22.553235962530874,0.0],[-42.69274834018146,-22.553210818038604,0.0],[-42.692718519973539,-22.553192228684846,0.0],[-42.692685426032895,-22.553171598536231,0.0],[-42.692674903479208,-22.553160709001954,0.0],[-42.692669952974384,-22.553155585844411,0.0],[-42.692658301549649,-22.553143528065185,0.0],[-42.692642322915226,-22.553126992156173,0.0],[-42.692626014981613,-22.553110115457958,0.0],[-42.692613647728251,-22.553097316873732,0.0],[-42.692573460032705,-22.553055727536336,0.0],[-42.692512588812676,-22.552956379335601,0.0],[-42.692481961032556,-22.552906391536187,0.0],[-42.692452688147256,-22.552872093392597,0.0],[-42.692382497632849,-22.552786433330159,0.0],[-42.692343592032259,-22.552734054536241,0.0],[-42.692315075032269,-22.552649898536156,0.0],[-42.69229388032138,-22.552597364682917,0.0],[-42.692269658032146,-22.552537326536161,0.0],[-42.692234466491072,-22.55247716633826,0.0],[-42.692215660032126,-22.552445016536172,0.0],[-42.692183578032058,-22.552422744536234,0.0],[-42.692148078844482,-22.552410354527463,0.0],[-42.692114528031887,-22.552398644536161,0.0],[-42.692036896031702,-22.5523948055361,0.0],[-42.691971490051557,-22.552406999866726,0.0],[-42.691945083578794,-22.552411923097186,0.0],[-42.69190695088065,-22.552419032560106,0.0],[-42.691878968033187,-22.552424691738238,0.0],[-42.691818060420388,-22.552438334130368,0.0],[-42.691714221031056,-22.552461592536062,0.0],[-42.691626100030817,-22.552475170536052,0.0],[-42.691547265030607,-22.552491961536013,0.0],[-42.691506989030536,-22.552483072536088,0.0],[-42.691437135030412,-22.552472721536063,0.0],[-42.691373770030246,-22.552469588535995,0.0],[-42.691363187030255,-22.552469064536005,0.0],[-42.691302442030107,-22.552493647536025,0.0],[-42.691264696882442,-22.552525828941363,0.0],[-42.69123060502988,-22.552554895536037,0.0],[-42.691165778029792,-22.552586166535917,0.0],[-42.691143337487908,-22.55258694995317,0.0],[-42.691084055029641,-22.552589019535937,0.0],[-42.691027431856803,-22.552586218948072,0.0],[-42.690969458029286,-22.552583351536015,0.0],[-42.690909121029243,-22.552601053535952,0.0],[-42.690851687029138,-22.552632689535969,0.0],[-42.690809834028975,-22.552651305535893,0.0],[-42.690787836289651,-22.552653126098754,0.0],[-42.690757684028931,-22.552655621535873,0.0],[-42.69070302702881,-22.552639127535841,0.0],[-42.690624604028592,-22.552649039535854,0.0],[-42.690499913028361,-22.552685250535752,0.0],[-42.690421414028137,-22.552701046535848,0.0],[-42.69034708402797,-22.55270426553577,0.0],[-42.690224302027772,-22.552711982535833,0.0],[-42.690163048027635,-22.552681371535765,0.0],[-42.690094004027451,-22.5526572695358,0.0],[-42.690045860209032,-22.552630785725157,0.0],[-42.689943117027163,-22.552573958535707,0.0],[-42.689890968027058,-22.552578273535687,0.0],[-42.689823636026915,-22.552588733535661,0.0],[-42.689776773026843,-22.552565729535722,0.0],[-42.689759098026784,-22.552547434535612,0.0],[-42.689697954026613,-22.552582516535672,0.0],[-42.689642109026614,-22.552586649535634,0.0],[-42.689512144026246,-22.552569140535677,0.0]]]]}},
{"type":"Feature","properties":{"fid":17,"BAIRRO":"VILAGE","Area_km2":0.271893},"geometry":{"type":"MultiPolygon","coordinates":[[[[-42.703146398122129,-22.574069581986446,0.0],[-42.70314267,-22.573968239999907,0.0],[-42.703119508999947,-22.573902953999927,0.0],[-42.702952417999946,-22.573680336999917,0.0],[-42.702907093999954,-22.573635156,0.0],[-42.702730728999924,-22.573459347,0.0],[-42.702570117999947,-22.573236971,0.0],[-42.70252637599998,-22.573133661999982,0.0],[-42.70249679700003,-22.573042686999916,0.0],[-42.702552457999921,-22.573016821999985,0.0],[-42.702825282999918,-22.572912214999938,0.0],[-42.702941770999985,-22.572856360999921,0.0],[-42.702989158999983,-22.57282664599996,0.0],[-42.70302242,-22.572759868999931,0.0],[-42.703188583999982,-22.572442539999972,0.0],[-42.703236122,-22.572343808999957,0.0],[-42.703262499999951,-22.57228902399989,0.0],[-42.703339659999948,-22.57217246799992,0.0],[-42.703390853000016,-22.572119363999978,0.0],[-42.703445563999921,-22.572076360999962,0.0],[-42.703525506999959,-22.572043690999934,0.0],[-42.703666989999952,-22.572008330999935,0.0],[-42.703967579999961,-22.571997769999957,0.0],[-42.704141445999937,-22.571995905999891,0.0],[-42.704239309999963,-22.571976842999987,0.0],[-42.704305042999984,-22.571930239999954,0.0],[-42.704363647999941,-22.571850427999919,0.0],[-42.704690480999901,-22.571291167999938,0.0],[-42.704999878999907,-22.570886564999906,0.0],[-42.705159152999947,-22.570701221999965,0.0],[-42.705223958999973,-22.570627585999908,0.0],[-42.70505551399998,-22.570522799999953,0.0],[-42.704785249999908,-22.570385901999888,0.0],[-42.704416581999979,-22.570219007999945,0.0],[-42.704242722999979,-22.570126340999899,0.0],[-42.70407914999992,-22.570022107999897,0.0],[-42.703834677999964,-22.569822922999951,0.0],[-42.703786914000034,-22.569781881000015,0.0],[-42.703519943999936,-22.570089315999965,0.0],[-42.703351857,-22.570248637999907,0.0],[-42.702924168999942,-22.570657277999967,0.0],[-42.702605671999962,-22.571002605999951,0.0],[-42.702418719999962,-22.571221725999948,0.0],[-42.702216634999942,-22.571498633999912,0.0],[-42.702139262999935,-22.571621854999933,0.0],[-42.701573601999918,-22.571337139000015,0.0],[-42.70049991499998,-22.570775876999956,0.0],[-42.700190888999913,-22.570621247999927,0.0],[-42.699844762999973,-22.570450909999966,0.0],[-42.699506444999919,-22.570284412999946,0.0],[-42.699164160999963,-22.570112422999934,0.0],[-42.698826730999926,-22.569935346999948,0.0],[-42.698210194999902,-22.569611796999922,0.0],[-42.697900124999904,-22.569443168999967,0.0],[-42.697508024999891,-22.569229928999924,0.0],[-42.697459951999988,-22.569563803999934,0.0],[-42.697389949999973,-22.569948407999952,0.0],[-42.697320480999906,-22.570252220999951,0.0],[-42.697234464,-22.570577793999981,0.0],[-42.697182196999925,-22.570709703999967,0.0],[-42.697143307,-22.570766756499953,0.0],[-42.696662507000013,-22.571221746999967,0.0],[-42.696486258999975,-22.571398444999936,0.0],[-42.69632769699993,-22.57155741199994,0.0],[-42.696014480999949,-22.571896830999972,0.0],[-42.69561249,-22.572326171999961,0.0],[-42.695490616,-22.572473213999906,0.0],[-42.696114741999935,-22.572719051,0.0],[-42.696941266999936,-22.573039546999944,0.0],[-42.697700500999957,-22.573322408999886,0.0],[-42.698000404999924,-22.573406434999928,0.0],[-42.698199467999963,-22.573462245999938,0.0],[-42.698514084999957,-22.573535805999892,0.0],[-42.699004909999964,-22.573623791999982,0.0],[-42.699115603999971,-22.573639389999947,0.0],[-42.699514848999989,-22.57368337299993,0.0],[-42.699755377,-22.573704537999919,0.0],[-42.70068854799991,-22.573806493999903,0.0],[-42.701456348999933,-22.573888119999918,0.0],[-42.702078976999957,-22.573958177999931,0.0],[-42.703140283,-22.574068944999965,0.0],[-42.703146398122129,-22.574069581986446,0.0]]]]}},
{"type":"Feature","properties":{"fid":18,"BAIRRO":"VIRACOOPOS","Area_km2":0.708144},"geometry":{"type":"MultiPolygon","coordinates":[[[[-42.682139014713997,-22.562978422589207,0.0],[-42.683141572259395,-22.563442801963863,0.0],[-42.684160288491924,-22.565325295509993,0.0],[-42.684583567214311,-22.566220450042259,0.0],[-42.684681668048853,-22.566372166976283,0.0],[-42.686219502522803,-22.568913790696033,0.0],[-42.687583764178576,-22.569711438690458,0.0],[-42.690528614215822,-22.571379686513207,0.0],[-42.691064808217924,-22.571694199555989,0.0],[-42.692477289000024,-22.572322034,0.0],[-42.692799594999961,-22.572478062999974,0.0],[-42.692913100999945,-22.572230392999924,0.0],[-42.692991581999955,-22.57211355399993,0.0],[-42.693065729999958,-22.572037029999894,0.0],[-42.69316917,-22.571950749999964,0.0],[-42.693297153999907,-22.571864373999915,0.0],[-42.693371263999907,-22.571787882999985,0.0],[-42.693418131999941,-22.571662530999983,0.0],[-42.693119120999924,-22.571547015999954,0.0],[-42.692608903,-22.571346983999906,0.0],[-42.691861444999965,-22.571052089999963,0.0],[-42.691626695,-22.570948857999952,0.0],[-42.691478741999916,-22.570876774999938,0.0],[-42.691240941999958,-22.570739966,0.0],[-42.691056385999957,-22.570609924999889,0.0],[-42.690930987999877,-22.570497848999935,0.0],[-42.690732996999934,-22.570303916999972,0.0],[-42.6906788759999,-22.570241817999968,0.0],[-42.690561820999989,-22.570107509999961,0.0],[-42.690451625000016,-22.569962107999928,0.0],[-42.690332349999913,-22.569771795999923,0.0],[-42.690248147999959,-22.569599893999985,0.0],[-42.690146633,-22.569380910999897,0.0],[-42.689953492999919,-22.568929093999905,0.0],[-42.689687948999968,-22.568257829999965,0.0],[-42.689502363999985,-22.567807528999921,0.0],[-42.689219446999942,-22.567103846999956,0.0],[-42.689088408999957,-22.566777924999879,0.0],[-42.689059376999936,-22.566703453999946,0.0],[-42.688894273157054,-22.566279954217496,0.0],[-42.688829910999956,-22.566114861249908,0.0],[-42.68880566698347,-22.566052674278637,0.0],[-42.68874348,-22.565893159999959,0.0],[-42.688626954499988,-22.565617411499939,0.0],[-42.688510429999987,-22.565341663,0.0],[-42.688472252999944,-22.565251319,0.0],[-42.688439063999944,-22.565172779999955,0.0],[-42.688339147999933,-22.564936335999953,0.0],[-42.688172121999962,-22.564502419999929,0.0],[-42.688016731999909,-22.564133306999924,0.0],[-42.687911437999979,-22.563883189999931,0.0],[-42.687786314999919,-22.563601850999937,0.0],[-42.687737516999974,-22.563430942999908,0.0],[-42.687672114999899,-22.563201878999969,0.0],[-42.687664227999953,-22.563174255999972,0.0],[-42.687657572999939,-22.563135789999908,0.0],[-42.687602513999927,-22.562817543999959,0.0],[-42.687594727,-22.562666165999957,0.0],[-42.68762157099998,-22.562420599,0.0],[-42.687637203999948,-22.562329199999965,0.0],[-42.687649969999917,-22.562254561999897,0.0],[-42.687707277999976,-22.561919498999906,0.0],[-42.687863765999943,-22.561191384999969,0.0],[-42.687976762999966,-22.560686963999981,0.0],[-42.68809917899997,-22.560140486999956,0.0],[-42.688270289999927,-22.559373432999926,0.0],[-42.688285763999957,-22.559304070999936,0.0],[-42.688438585,-22.558583604999942,0.0],[-42.688472045999916,-22.558359368999955,0.0],[-42.68847902299995,-22.558077173999962,0.0],[-42.688477989999967,-22.558030456999973,0.0],[-42.688461706999952,-22.557947039999902,0.0],[-42.688435295999987,-22.557811718999947,0.0],[-42.68838832999991,-22.557625995999878,0.0],[-42.688330915999956,-22.557420331999964,0.0],[-42.688278889999914,-22.557307236999943,0.0],[-42.688191883999927,-22.557134171999909,0.0],[-42.68805825099998,-22.556940573999981,0.0],[-42.687895692000019,-22.556746532999988,0.0],[-42.687746622999946,-22.556559593999967,0.0],[-42.687670816999983,-22.556606815999945,0.0],[-42.687615514999941,-22.556666110999981,0.0],[-42.687579081999942,-22.556719447999956,0.0],[-42.687527472999911,-22.556778927,0.0],[-42.687419253999956,-22.556856279999987,0.0],[-42.68733030299996,-22.556920800999922,0.0],[-42.687247035999988,-22.556951139999939,0.0],[-42.687170360999964,-22.556995590999971,0.0],[-42.68705582,-22.557080134999964,0.0],[-42.686987709091277,-22.557136755940132,0.0],[-42.686985566085355,-22.557138585551229,0.0],[-42.686974312,-22.557147892999957,0.0],[-42.686784706999944,-22.557238460999884,0.0],[-42.686674777999919,-22.557290044999888,0.0],[-42.686424947,-22.557407276999935,0.0],[-42.686011053999955,-22.557555560999948,0.0],[-42.685842938999897,-22.557639690999984,0.0],[-42.685546346999942,-22.557791450999915,0.0],[-42.685243766,-22.55794424999997,0.0],[-42.685039604999965,-22.557987677999986,0.0],[-42.684498953999899,-22.558162545,0.0],[-42.684299388999918,-22.558274774999941,0.0],[-42.684265765329286,-22.558308214106635,0.0],[-42.684199541013371,-22.558373496534237,0.0],[-42.684142971013245,-22.558414730534277,0.0],[-42.68406838501307,-22.558469402534264,0.0],[-42.684015531012975,-22.558492254534283,0.0],[-42.68395051501281,-22.558520365534275,0.0],[-42.683778548012505,-22.558591252534129,0.0],[-42.683628258012128,-22.558618361534236,0.0],[-42.683528365011902,-22.558655961534104,0.0],[-42.683466164199288,-22.558701747002061,0.0],[-42.683417615999979,-22.558737187999906,0.0],[-42.683328503011431,-22.558822594534092,0.0],[-42.683107977010856,-22.559037710534074,0.0],[-42.682982742010594,-22.559146299533975,0.0],[-42.683008942,-22.559282775999968,0.0],[-42.683027474681388,-22.559359270964109,0.0],[-42.683092734010749,-22.55961318053399,0.0],[-42.683116617950553,-22.559830380590604,0.0],[-42.683123437010678,-22.560018626534024,0.0],[-42.68315689201075,-22.560121706533952,0.0],[-42.683168685010735,-22.560228009534068,0.0],[-42.683139782010699,-22.560292071534001,0.0],[-42.683024399010385,-22.56036570353406,0.0],[-42.68293064401022,-22.56038870953391,0.0],[-42.682779248886561,-22.560440473888793,0.0],[-42.682650449009508,-22.560486223533861,0.0],[-42.682497117462631,-22.560519386620157,0.0],[-42.682295460008817,-22.560554152533843,0.0],[-42.682199065008561,-22.560595484533774,0.0],[-42.682155800008488,-22.560666231533741,0.0],[-42.682037770008172,-22.560710817533742,0.0],[-42.681880057007788,-22.560785581533697,0.0],[-42.681718732007511,-22.560863722533643,0.0],[-42.681589883,-22.560951983999967,0.0],[-42.68153615200707,-22.560999384533591,0.0],[-42.681724791007277,-22.56169413553371,0.0],[-42.682052994007897,-22.562319482533631,0.0],[-42.682139014713997,-22.562978422589207,0.0]]]]}},
{"type":"Feature","properties":{"fid":19,"BAIRRO":"BETEL","Area_km2":1.055745},"geometry":{"type":"MultiPolygon","coordinates":[[[[-42.659182208999852,-22.479667957999901,0.0],[-42.658722172999909,-22.479711010999956,0.0],[-42.658684612999899,-22.479912396999911,0.0],[-42.65857222899993,-22.480081347999953,0.0],[-42.65852150099991,-22.480164097999982,0.0],[-42.658356166,-22.480354718999912,0.0],[-42.658160269999954,-22.480539012999898,0.0],[-42.657896732,-22.480753079999939,0.0],[-42.657749829999936,-22.480891943999932,0.0],[-42.657600039999963,-22.48107144799997,0.0],[-42.657483106999969,-22.481240519999933,0.0],[-42.657412727999898,-22.481387638999944,0.0],[-42.657361991,-22.481560294999934,0.0],[-42.657364610324905,-22.481812662295376,0.0],[-42.65742034399991,-22.48213445999993,0.0],[-42.657506260999931,-22.482347092999902,0.0],[-42.657558413999894,-22.482521249999937,0.0],[-42.657585346999895,-22.482657366999931,0.0],[-42.657596033999901,-22.482841644,0.0],[-42.657584484000019,-22.483098302,0.0],[-42.657572387590804,-22.483436133591237,0.0],[-42.657543275999984,-22.48397835599997,0.0],[-42.657555416,-22.484281221999908,0.0],[-42.657616907999923,-22.48453800299993,0.0],[-42.657714659999939,-22.48482944199997,0.0],[-42.657857015145964,-22.485075065823743,0.0],[-42.658012239999969,-22.485274474999933,0.0],[-42.658118704999886,-22.485349529999933,0.0],[-42.658274526999897,-22.48539437199998,0.0],[-42.658522758999929,-22.485407118999895,0.0],[-42.658722586999936,-22.485405102999906,0.0],[-42.658928191,-22.485350189999977,0.0],[-42.659125875999891,-22.485253972999917,0.0],[-42.659229032000013,-22.485189734999942,0.0],[-42.659344551999887,-22.485101601999929,0.0],[-42.659705648999925,-22.484663758999929,0.0],[-42.659980398999927,-22.484475747999934,0.0],[-42.660164593999966,-22.484393025999914,0.0],[-42.660346269999899,-22.484374109999965,0.0],[-42.660421939999949,-22.484392233999944,0.0],[-42.660587137999947,-22.484534329999974,0.0],[-42.660678966999981,-22.484650867999946,0.0],[-42.660756787999951,-22.484815694999977,0.0],[-42.660768067999982,-22.484985299999902,0.0],[-42.660746388999975,-22.48507461299991,0.0],[-42.660719843,-22.485235112999959,0.0],[-42.660734286999961,-22.485325881999955,0.0],[-42.660823413999942,-22.485558705999907,0.0],[-42.660991353999989,-22.485929930999916,0.0],[-42.6610901428812,-22.486089986362977,0.0],[-42.661157633,-22.486199331999945,0.0],[-42.661269613999913,-22.486312836999964,0.0],[-42.66148971199992,-22.486494356999973,0.0],[-42.661887037999946,-22.486758554999884,0.0],[-42.662303774068974,-22.486968453401701,0.0],[-42.662497730000013,-22.487065353999959,0.0],[-42.662644425999972,-22.487165267999966,0.0],[-42.662830033999981,-22.487345610999974,0.0],[-42.662950932999948,-22.487485729999943,0.0],[-42.663075679999956,-22.487678532999968,0.0],[-42.663175855999988,-22.48793031799994,0.0],[-42.663236354999938,-22.488071631,0.0],[-42.663394473999958,-22.488344433999924,0.0],[-42.663522929698054,-22.488456788528353,0.0],[-42.663806927999978,-22.488676662999943,0.0],[-42.663936731999961,-22.488794576999961,0.0],[-42.66399523199992,-22.488838266999931,0.0],[-42.664188227999901,-22.488887577999918,0.0],[-42.664290266,-22.488948086999955,0.0],[-42.664330854999903,-22.488987278999925,0.0],[-42.664397628999936,-22.489121294,0.0],[-42.664508319130022,-22.489300323680993,0.0],[-42.66461712499995,-22.489449113999914,0.0],[-42.664713201,-22.489603057999979,0.0],[-42.664758811999953,-22.489713648999977,0.0],[-42.664787530999931,-22.489890964999937,0.0],[-42.664806927999948,-22.489955472,0.0],[-42.664836358999885,-22.490020398999953,0.0],[-42.664924303100626,-22.49014058377227,0.0],[-42.664985959545184,-22.490211238867175,0.0],[-42.665118312750657,-22.490327683714394,0.0],[-42.665245577999904,-22.490423450999952,0.0],[-42.665404433861006,-22.490541974186954,0.0],[-42.665539614,-22.490649323999946,0.0],[-42.665614713999986,-22.490727389999918,0.0],[-42.666012437999932,-22.491208464999943,0.0],[-42.666297383999982,-22.491523960999924,0.0],[-42.666447944999923,-22.491717485999942,0.0],[-42.6665402,-22.491863609999925,0.0],[-42.666637985999927,-22.492021181999952,0.0],[-42.666776068999965,-22.492176712999939,0.0],[-42.666929717,-22.49234411799991,0.0],[-42.667275766999929,-22.492665585999969,0.0],[-42.667659811,-22.493037250999979,0.0],[-42.667921785,-22.493303528,0.0],[-42.668124191999972,-22.493502021999983,0.0],[-42.668210109999976,-22.493606627999942,0.0],[-42.668375748,-22.493819295999941,0.0],[-42.668570939999903,-22.494032363999978,0.0],[-42.668629455999955,-22.493905178999942,0.0],[-42.668672363999946,-22.493801300999966,0.0],[-42.668724054368909,-22.493662407706719,0.0],[-42.668846896592214,-22.493372927093045,0.0],[-42.669045904999933,-22.492903680999909,0.0],[-42.669102264764028,-22.492716793724792,0.0],[-42.669195164999948,-22.492439076999958,0.0],[-42.669256995,-22.492314582999953,0.0],[-42.669351552657353,-22.492126348863341,0.0],[-42.66943461799994,-22.491944407999892,0.0],[-42.669544513999888,-22.491772625999946,0.0],[-42.669751291840711,-22.491504334901251,0.0],[-42.669898491999952,-22.491323674999951,0.0],[-42.67003572099992,-22.491134846999948,0.0],[-42.670136151999905,-22.490959392999923,0.0],[-42.67018106499998,-22.490828007999898,0.0],[-42.670181480999922,-22.490796205,0.0],[-42.67017142599996,-22.490661,0.0],[-42.670142281999972,-22.490502506999967,0.0],[-42.670111797999944,-22.49037389799998,0.0],[-42.670087343999946,-22.490290473999913,0.0],[-42.670053848999935,-22.490229138999908,0.0],[-42.669899099163935,-22.490041385859374,0.0],[-42.669622362999938,-22.489746407999913,0.0],[-42.669377214999905,-22.489511249999879,0.0],[-42.669310624999987,-22.48942608099998,0.0],[-42.669280838999917,-22.489327519999982,0.0],[-42.669278817999938,-22.489237642999928,0.0],[-42.669375704999958,-22.489002625999937,0.0],[-42.669566060999941,-22.488772614999945,0.0],[-42.669776133999946,-22.48859597699991,0.0],[-42.670008752332585,-22.488357906026749,0.0],[-42.668979766999961,-22.482350250999914,0.0],[-42.66812395180861,-22.48133319170427,0.0],[-42.665591170716105,-22.479610788022956,0.0],[-42.663965337567419,-22.479993332303316,0.0],[-42.663324159999917,-22.481319983999953,0.0],[-42.661673056752392,-22.483081650107113,0.0],[-42.659960024305455,-22.481970812005049,0.0],[-42.65994629249672,-22.48095296696971,0.0],[-42.660176617601373,-22.480096329028772,0.0],[-42.660044020310544,-22.47961806185544,0.0],[-42.659779833000016,-22.479620234000038,0.0],[-42.659182208999852,-22.479667957999901,0.0]]]]}},
{"type":"Feature","properties":{"fid":20,"BAIRRO":"BOA VISTA","Area_km2":3.133413},"geometry":{"type":"MultiPolygon","coordinates":[[[[-42.62690192694761,-22.48072354190132,0.0],[-42.631322313469632,-22.480443793185405,0.0],[-42.637422169638903,-22.482253283567708,0.0],[-42.640307528232441,-22.480360622005101,0.0],[-42.640832764383404,-22.475760284113534,0.0],[-42.644292583345646,-22.475452566517525,0.0],[-42.645007896956713,-22.479662569346576,0.0],[-42.64413632356051,-22.481040123820751,0.0],[-42.644158081386394,-22.482488066952218,0.0],[-42.645407918657469,-22.483366310685639,0.0],[-42.648082086632307,-22.482226321812796,0.0],[-42.651062345999918,-22.482509795999885,0.0],[-42.651110967999969,-22.482347414999953,0.0],[-42.651312924999964,-22.482052465999974,0.0],[-42.651616298930975,-22.481791568490348,0.0],[-42.651806142999931,-22.481652768999936,0.0],[-42.652153942999924,-22.481451069999956,0.0],[-42.652406941999963,-22.481328679999898,0.0],[-42.652573622000027,-22.481232727999938,0.0],[-42.652645256999982,-22.481148750999957,0.0],[-42.652689703999933,-22.48101855899996,0.0],[-42.652719318,-22.480834761999933,0.0],[-42.652831839999976,-22.480494617999952,0.0],[-42.652612664999957,-22.480454397999907,0.0],[-42.652383782999934,-22.480376929999988,0.0],[-42.652209064999958,-22.480294176999973,0.0],[-42.652090969999954,-22.480202195999933,0.0],[-42.651971267999912,-22.480073406,0.0],[-42.651905523999986,-22.479971979999963,0.0],[-42.651799190999974,-22.479631804999968,0.0],[-42.651810941999948,-22.479241654999921,0.0],[-42.651842464999916,-22.479071449999971,0.0],[-42.652225559743414,-22.478462734057889,0.0],[-42.652584463,-22.477914927999937,0.0],[-42.652821923525813,-22.477472360425821,0.0],[-42.653281125999932,-22.476527793999907,0.0],[-42.652849817999943,-22.476441320999989,0.0],[-42.652626502000018,-22.476003491,0.0],[-42.652486074000038,-22.475392475,0.0],[-42.652331161,-22.474780958999929,0.0],[-42.651807883999879,-22.473850816999967,0.0],[-42.651499727999969,-22.473212360999987,0.0],[-42.651420650999988,-22.472345977999982,0.0],[-42.65140586269473,-22.47168892765524,0.0],[-42.651369293271848,-22.470809304823089,0.0],[-42.651390206534977,-22.47017895792224,0.0],[-42.651462834777632,-22.469530253711397,0.0],[-42.651516437999923,-22.469080554999888,0.0],[-42.65123689699989,-22.468698123999957,0.0],[-42.651028760999978,-22.468315746000034,0.0],[-42.650777757,-22.467970711,0.0],[-42.650682725999964,-22.467623994999908,0.0],[-42.650297224000028,-22.466718995999916,0.0],[-42.649845151000015,-22.4652494169999,0.0],[-42.649513431999928,-22.464488199999874,0.0],[-42.649079701999931,-22.463752153,0.0],[-42.647977474475418,-22.463036700086523,0.0],[-42.646655146067786,-22.4628071895877,0.0],[-42.644034055737599,-22.463691000679926,0.0],[-42.643786604740775,-22.464189037957688,0.0],[-42.643263215728979,-22.464589877534841,0.0],[-42.642826923085408,-22.464855825615007,0.0],[-42.643153394354705,-22.466523218877576,0.0],[-42.642630926575315,-22.468235532194267,0.0],[-42.640932182948269,-22.467465371779234,0.0],[-42.639970705829477,-22.467780956997153,0.0],[-42.639633091556611,-22.468592990169153,0.0],[-42.639825867424335,-22.469957438771321,0.0],[-42.642461691397585,-22.471614149324417,0.0],[-42.641775945774114,-22.472279244614555,0.0],[-42.636422075918247,-22.472726368618737,0.0],[-42.635724899928825,-22.475941040044201,0.0],[-42.630784396447211,-22.474745752358416,0.0],[-42.622819147999962,-22.474632492,0.0],[-42.623118012,-22.475232536,0.0],[-42.624340134000029,-22.47654408499989,0.0],[-42.62437875699996,-22.47783151099998,0.0],[-42.624459659,-22.477897658999943,0.0],[-42.624422694999957,-22.478158407999899,0.0],[-42.62443717299989,-22.478366829999931,0.0],[-42.624489683,-22.478498857999941,0.0],[-42.624566314999932,-22.478629162999983,0.0],[-42.624679565999976,-22.478722457999954,0.0],[-42.624882181999958,-22.478846512999919,0.0],[-42.624934663999937,-22.478911954999901,0.0],[-42.624966575999927,-22.479052510999907,0.0],[-42.624960540492168,-22.479202601640161,0.0],[-42.62493258199995,-22.4794635169999,0.0],[-42.62493221099993,-22.479561688999951,0.0],[-42.624941015999937,-22.479601131000024,0.0],[-42.624971178999921,-22.479675052999909,0.0],[-42.625001419999975,-22.479717257999937,0.0],[-42.625110715999945,-22.479769669999921,0.0],[-42.625170880999974,-22.479770054999925,0.0],[-42.625229060999956,-22.479762841999985,0.0],[-42.625286011999975,-22.479718792999972,0.0],[-42.625423443999978,-22.479527242999936,0.0],[-42.625525359999962,-22.479408593999967,0.0],[-42.625746711999973,-22.479215978999928,0.0],[-42.625949659,-22.479075813999977,0.0],[-42.626045206999898,-22.479036358,0.0],[-42.626304228999949,-22.478960658999956,0.0],[-42.626439995999874,-22.478898339999965,0.0],[-42.627076630999987,-22.478685085999885,0.0],[-42.627864558999889,-22.478401603999952,0.0],[-42.62807540999993,-22.478366237999957,0.0],[-42.628039607999881,-22.478552868999905,0.0],[-42.628268651,-22.479044526999921,0.0],[-42.62706530100003,-22.480377879999917,0.0],[-42.62690192694761,-22.48072354190132,0.0]]]]}},
{"type":"Feature","properties":{"fid":21,"BAIRRO":"BOCA DO MATO","Area_km2":3.138024},"geometry":{"type":"MultiPolygon","coordinates":[[[[-42.630869346192526,-22.430903504211756,0.0],[-42.631175594999945,-22.43068671899994,0.0],[-42.631671551999887,-22.430298413999768,0.0],[-42.63240984283749,-22.429942322595302,0.0],[-42.632562333147746,-22.429857919525372,0.0],[-42.632599926069702,-22.429799537367042,0.0],[-42.632671030999973,-22.429802604999903,0.0],[-42.632970139999941,-22.42984018299995,0.0],[-42.633180076999906,-22.429910869999841,0.0],[-42.633270071999959,-22.429583056999835,0.0],[-42.633370677999778,-22.429158927999826,0.0],[-42.633539450999884,-22.428726050999952,0.0],[-42.633738255999909,-22.428367798999837,0.0],[-42.633839988999966,-22.428178775999982,0.0],[-42.633853947999967,-22.427913153999786,0.0],[-42.63392968599976,-22.427697485999939,0.0],[-42.634025081,-22.427544589999915,0.0],[-42.634173472999862,-22.427341208999962,0.0],[-42.634293486999923,-22.42712335099986,0.0],[-42.634311553999908,-22.426846177999771,0.0],[-42.634285206584998,-22.426722207141658,0.0],[-42.634255043999929,-22.42658028499989,0.0],[-42.634164429999885,-22.42639488799983,0.0],[-42.633671979999917,-22.426099115999882,0.0],[-42.633569155000032,-22.425907719,0.0],[-42.633641939999848,-22.425625121999982,0.0],[-42.633747743999898,-22.425337068999795,0.0],[-42.633797784999842,-22.425050867999918,0.0],[-42.633872004999944,-22.424726592999885,0.0],[-42.633895669459946,-22.424672098479789,0.0],[-42.634001673008981,-22.424427993500725,0.0],[-42.634038826999983,-22.424342434999918,0.0],[-42.634323004999885,-22.423912099,0.0],[-42.634514641999829,-22.423681736999871,0.0],[-42.634717026999965,-22.423440610999815,0.0],[-42.634975904999806,-22.423172983999784,0.0],[-42.635065407000013,-22.423021104999915,0.0],[-42.635188248999953,-22.422706955000013,0.0],[-42.635316682999928,-22.422423813999963,0.0],[-42.635418906000041,-22.422275934999902,0.0],[-42.635636121999831,-22.42199701099991,0.0],[-42.635745545999896,-22.421744184999795,0.0],[-42.635804472999894,-22.421571662999899,0.0],[-42.635869568754629,-22.421325344230524,0.0],[-42.635885507999831,-22.421265030999841,0.0],[-42.635954521999849,-22.42105670699981,0.0],[-42.635283866461464,-22.42022837756695,0.0],[-42.634860592917335,-22.41946983569801,0.0],[-42.629985930213991,-22.417212168548868,0.0],[-42.630828398,-22.415449883999823,0.0],[-42.62734859531605,-22.413795158809705,0.0],[-42.625836704102142,-22.41562569974133,0.0],[-42.622168842457597,-22.414954501399727,0.0],[-42.622846820580321,-22.408920496106415,0.0],[-42.620331521744617,-22.408398452951872,0.0],[-42.619592525590633,-22.410093398258997,0.0],[-42.617036548067574,-22.410154416289966,0.0],[-42.614894137199315,-22.410039160009088,0.0],[-42.612480535081943,-22.409286604292788,0.0],[-42.610127950995661,-22.409028972606048,0.0],[-42.6090025073118,-22.407523861173384,0.0],[-42.608338088751452,-22.40661537048868,0.0],[-42.607110948349089,-22.406208583615076,0.0],[-42.605727872978434,-22.404859407150465,0.0],[-42.60359224189142,-22.403598367842108,0.0],[-42.601522800328439,-22.405613706864358,0.0],[-42.601578194999945,-22.405664790999936,0.0],[-42.601838486999895,-22.405801760999907,0.0],[-42.602388161999897,-22.405959704,0.0],[-42.602885624019393,-22.406164357091548,0.0],[-42.602947461007091,-22.406210359881122,0.0],[-42.603291282999926,-22.406486841,0.0],[-42.603520198999945,-22.406637827999813,0.0],[-42.603840757999933,-22.406787552999848,0.0],[-42.603572273999816,-22.406794179000034,0.0],[-42.603216724999982,-22.406815379999838,0.0],[-42.602848332999883,-22.406973216999855,0.0],[-42.602627620999904,-22.407109944999888,0.0],[-42.603183716923695,-22.408082882390083,0.0],[-42.603552125978808,-22.408026246934924,0.0],[-42.604463955425842,-22.408357801829936,0.0],[-42.605592861392154,-22.409470393335877,0.0],[-42.606654760433742,-22.410537652638578,0.0],[-42.6066700658522,-22.4105526856282,0.0],[-42.606691505346646,-22.410572632564193,0.0],[-42.606890891121289,-22.410752430796769,0.0],[-42.606915124485681,-22.410773547655538,0.0],[-42.608498254982749,-22.412194634664839,0.0],[-42.610125939964746,-22.413908209356581,0.0],[-42.604806573833457,-22.417379457345646,0.0],[-42.60622078597703,-22.419516846153783,0.0],[-42.608962453515517,-22.418101427399961,0.0],[-42.611409180391661,-22.416029885115961,0.0],[-42.613649194423601,-22.414422166253349,0.0],[-42.615268529578032,-22.416559857126117,0.0],[-42.615975635649932,-22.417331245568054,0.0],[-42.616764337390464,-22.417572584016735,0.0],[-42.616776888939967,-22.417579059409316,0.0],[-42.616834338931142,-22.417604290329507,0.0],[-42.616893440797924,-22.417625973745544,0.0],[-42.616953941453232,-22.417644016804047,0.0],[-42.61697566522696,-22.417649521401472,0.0],[-42.617166969436312,-22.417695787235914,0.0],[-42.617206886059307,-22.417704608028998,0.0],[-42.617269402222121,-22.417715154425821,0.0],[-42.617288873344535,-22.417717643674614,0.0],[-42.617320535837678,-22.41772138831158,0.0],[-42.618932624677541,-22.41799013986218,0.0],[-42.620010412325996,-22.418818821264608,0.0],[-42.620058882506214,-22.418857016241471,0.0],[-42.62010993576996,-22.418892182041358,0.0],[-42.620117752103681,-22.418896862388738,0.0],[-42.621366330386138,-22.419804638190836,0.0],[-42.621373582874696,-22.419811157177715,0.0],[-42.621422053786887,-22.419849351803126,0.0],[-42.621473107775898,-22.419884517229153,0.0],[-42.62149497439259,-22.419898168502524,0.0],[-42.624318059682139,-22.421625731761086,0.0],[-42.625794767692867,-22.424338023916221,0.0],[-42.62971599227302,-22.429721672417706,0.0],[-42.630869346192526,-22.430903504211756,0.0]]]]}},
{"type":"Feature","properties":{"fid":22,"BAIRRO":"CAMPO DO PRADO","Area_km2":0.489461},"geometry":{"type":"MultiPolygon","coordinates":[[[[-42.649850417294729,-22.456321154562911,0.0],[-42.649814165332273,-22.456459353622645,0.0],[-42.649747970999954,-22.4567013119999,0.0],[-42.64972050799998,-22.456876074999983,0.0],[-42.649462304999865,-22.45699284200002,0.0],[-42.649112960000011,-22.457018483,0.0],[-42.648726571999937,-22.457234009999983,0.0],[-42.648587916408239,-22.457315080695871,0.0],[-42.649140939149383,-22.459298895748905,0.0],[-42.64837823866749,-22.460023535613821,0.0],[-42.648474203401179,-22.461037799209024,0.0],[-42.649748316232106,-22.461687025532111,0.0],[-42.64996982234576,-22.46226835118793,0.0],[-42.650169851761696,-22.463513458986704,0.0],[-42.651503117905357,-22.463704879437973,0.0],[-42.65204098051467,-22.463206279639024,0.0],[-42.65229431894749,-22.463272078108421,0.0],[-42.65231021266154,-22.463396528921542,0.0],[-42.652544217394684,-22.463999533377503,0.0],[-42.652747568726845,-22.464133879706221,0.0],[-42.652816526038187,-22.464617428215842,0.0],[-42.653085400773143,-22.464523465735887,0.0],[-42.653436692562813,-22.465186944283182,0.0],[-42.653556693,-22.465098929999936,0.0],[-42.653637104124442,-22.46503619271542,0.0],[-42.653811797306481,-22.464877313542594,0.0],[-42.653914434999933,-22.464780862999906,0.0],[-42.6540494364586,-22.464683593957364,0.0],[-42.654249990999972,-22.464541494999914,0.0],[-42.654352819999964,-22.46444354299997,0.0],[-42.654456501459549,-22.464341048698394,0.0],[-42.654517960393868,-22.464281876535793,0.0],[-42.654569721526663,-22.464235758139932,0.0],[-42.654606436738064,-22.464203045404727,0.0],[-42.654638935999927,-22.464174088999961,0.0],[-42.654669943625208,-22.464149614183391,0.0],[-42.654705002010779,-22.464121942018046,0.0],[-42.65473508499997,-22.464098196999899,0.0],[-42.654761015467436,-22.464072943752477,0.0],[-42.654785397999966,-22.464049197999955,0.0],[-42.654851792594862,-22.463948472590445,0.0],[-42.654915860999921,-22.463851275999918,0.0],[-42.65494411249275,-22.46379399150214,0.0],[-42.65498763196851,-22.463705748571218,0.0],[-42.655022022,-22.463636016999949,0.0],[-42.655056532529862,-22.463592026352529,0.0],[-42.655096891999975,-22.46354057999995,0.0],[-42.655161174674383,-22.463482341154364,0.0],[-42.655258242999921,-22.463394398999952,0.0],[-42.655339528999974,-22.463327354999898,0.0],[-42.655403717293282,-22.463290096047288,0.0],[-42.655483483231734,-22.463243794775877,0.0],[-42.65557726241844,-22.463188497201298,0.0],[-42.655792213600854,-22.463062036202285,0.0],[-42.655902452999932,-22.46299769,0.0],[-42.655934654274844,-22.462974276078238,0.0],[-42.656088469422521,-22.462862435085718,0.0],[-42.656216807640817,-22.462767328146715,0.0],[-42.656258030756703,-22.462736233749109,0.0],[-42.656283245999902,-22.462717213999948,0.0],[-42.656292213619842,-22.462707890879177,0.0],[-42.656325659067022,-22.462673119546974,0.0],[-42.656361330888082,-22.462636033551579,0.0],[-42.656413857999972,-22.462581423999922,0.0],[-42.656454766174093,-22.462527710864407,0.0],[-42.656582345999965,-22.462360195999985,0.0],[-42.656679670999928,-22.462214511999935,0.0],[-42.656738431485238,-22.462103324744959,0.0],[-42.656789943999989,-22.462005852,0.0],[-42.656829276999972,-22.461887093999934,0.0],[-42.65683478099988,-22.461839595999912,0.0],[-42.656814177999948,-22.461729215999984,0.0],[-42.656785058491103,-22.461660189314667,0.0],[-42.656719316876341,-22.461506420647371,0.0],[-42.656650864999946,-22.461349777999953,0.0],[-42.656605908999943,-22.461267391,0.0],[-42.656581792653697,-22.461234663447364,0.0],[-42.656504002789212,-22.461132414655747,0.0],[-42.656347496999977,-22.46094106,0.0],[-42.656239477000014,-22.460763273999937,0.0],[-42.656129215008804,-22.460552921733303,0.0],[-42.655954705757757,-22.460228569570269,0.0],[-42.65580441347219,-22.459902766059951,0.0],[-42.655710365999909,-22.459724079999916,0.0],[-42.655660378999961,-22.459653389999925,0.0],[-42.655567872999953,-22.459515141999955,0.0],[-42.655558247999956,-22.45944296799993,0.0],[-42.655558880999919,-22.45937540599995,0.0],[-42.655521558999951,-22.45930551399994,0.0],[-42.655379167999975,-22.459184145999924,0.0],[-42.655002274999951,-22.458927848999959,0.0],[-42.654726397999958,-22.458759810999904,0.0],[-42.654373329999963,-22.458575072,0.0],[-42.654217587520158,-22.458489498469586,0.0],[-42.654161452999944,-22.458458654999948,0.0],[-42.653958717999956,-22.458353513999953,0.0],[-42.653763375999958,-22.458292546999978,0.0],[-42.653565852999961,-22.458240589999924,0.0],[-42.653411961894335,-22.458203697431735,0.0],[-42.653235828607109,-22.45816370481187,0.0],[-42.653133183234544,-22.458141817371395,0.0],[-42.653040078611255,-22.458121964277794,0.0],[-42.652989245999947,-22.458111124999952,0.0],[-42.652914906371429,-22.45809587477649,0.0],[-42.652776725999942,-22.458067527999916,0.0],[-42.652759022999902,-22.458063896999967,0.0],[-42.652684642041429,-22.458016476412784,0.0],[-42.652584422999929,-22.457952582999908,0.0],[-42.652429577999904,-22.457867506999971,0.0],[-42.652281277736137,-22.457773413328781,0.0],[-42.652212450999961,-22.457729743999941,0.0],[-42.652083780449303,-22.457633388625815,0.0],[-42.652021605999892,-22.457586829,0.0],[-42.65190463514886,-22.457471531841502,0.0],[-42.651805627531587,-22.457371786844028,0.0],[-42.65169590499994,-22.457255718999892,0.0],[-42.651654393686819,-22.457207854128992,0.0],[-42.65156840861215,-22.45710653906109,0.0],[-42.651422762,-22.456931936999986,0.0],[-42.651341701922576,-22.456831684572144,0.0],[-42.651320337623837,-22.456806510410964,0.0],[-42.65128049585698,-22.456761686916998,0.0],[-42.651249344999947,-22.456726640999882,0.0],[-42.651130129988331,-22.456558367305373,0.0],[-42.651053546045823,-22.456449081522035,0.0],[-42.651015431999959,-22.456394569999954,0.0],[-42.650991668373408,-22.456349597154706,0.0],[-42.650974065628318,-22.456316126537946,0.0],[-42.650656186088092,-22.456519671041345,0.0],[-42.650379026916681,-22.456190752102614,0.0],[-42.65011569830282,-22.456260969519054,0.0],[-42.649850417294729,-22.456321154562911,0.0]]]]}},
{"type":"Feature","properties":{"fid":23,"BAIRRO":"CASTÁLIA","Area_km2":2.206227},"geometry":{"type":"MultiPolygon","coordinates":[[[[-42.637614248014074,-22.435270647597861,0.0],[-42.637602923947156,-22.436521834933732,0.0],[-42.637643885052626,-22.436678338441595,0.0],[-42.637759391104169,-22.437119660453334,0.0],[-42.637867109458853,-22.437531225364637,0.0],[-42.637908442214041,-22.437689146952433,0.0],[-42.637945290788423,-22.43782993541242,0.0],[-42.63801112193687,-22.438081457875906,0.0],[-42.638086858759834,-22.438365617567854,0.0],[-42.63814338146625,-22.438586782367963,0.0],[-42.638421416015497,-22.43862724007294,0.0],[-42.638862616816994,-22.438691439608366,0.0],[-42.63920804445462,-22.438741702230573,0.0],[-42.639201528411434,-22.438861210360976,0.0],[-42.639187042575884,-22.439049620152389,0.0],[-42.63917473941882,-22.439230001130461,0.0],[-42.639373955999936,-22.439457415999982,0.0],[-42.644459271999949,-22.438514528999978,0.0],[-42.645212660159359,-22.437917004813183,0.0],[-42.645027062200825,-22.435804043440044,0.0],[-42.645923420110364,-22.434630711217384,0.0],[-42.649775325999883,-22.436015828999864,0.0],[-42.653350416799299,-22.434476304198832,0.0],[-42.654806646934787,-22.433291332617891,0.0],[-42.653607398587837,-22.429493712852548,0.0],[-42.654078531867071,-22.42689534143415,0.0],[-42.654621048976423,-22.424853763891235,0.0],[-42.653179095606845,-22.423840113502706,0.0],[-42.650656912999978,-22.426666290999897,0.0],[-42.648267260845444,-22.427166272651554,0.0],[-42.645720047285806,-22.429574563424289,0.0],[-42.640123468853233,-22.430637856624905,0.0],[-42.638559687187069,-22.424553951804516,0.0],[-42.635885507999831,-22.421265030999962,0.0],[-42.635804472999894,-22.421571662999899,0.0],[-42.635745545999896,-22.421744184999795,0.0],[-42.635636121999831,-22.42199701099991,0.0],[-42.635418906000041,-22.422275934999902,0.0],[-42.635316682999928,-22.422423813999963,0.0],[-42.635188248999953,-22.422706954999963,0.0],[-42.635065407000013,-22.423021104999915,0.0],[-42.634975904999919,-22.423172983999908,0.0],[-42.634717026999965,-22.423440610999926,0.0],[-42.634514641999829,-22.423681736999988,0.0],[-42.634323004999885,-22.423912099,0.0],[-42.634038826999983,-22.424342434999918,0.0],[-42.634001673008981,-22.424427993500725,0.0],[-42.633872004999944,-22.424726592999885,0.0],[-42.633797784999956,-22.425050867999918,0.0],[-42.633747743999898,-22.425337068999898,0.0],[-42.633641939999848,-22.425625121999982,0.0],[-42.633569155000032,-22.425907718999948,0.0],[-42.633671979999917,-22.426099115999882,0.0],[-42.634164429999885,-22.426394887999948,0.0],[-42.634255043999929,-22.42658028499989,0.0],[-42.634311553999908,-22.426846177999892,0.0],[-42.634293486999923,-22.42712335099986,0.0],[-42.634173472999862,-22.427341208999962,0.0],[-42.634025081,-22.427544589999915,0.0],[-42.633929685999874,-22.427697485999939,0.0],[-42.633853947999967,-22.427913153999786,0.0],[-42.633839988999966,-22.428178775999982,0.0],[-42.633738256000015,-22.428367798999826,0.0],[-42.633539450999884,-22.428726050999952,0.0],[-42.633370677999892,-22.429158927999929,0.0],[-42.633270071999959,-22.429583056999945,0.0],[-42.633180076999906,-22.429910869999841,0.0],[-42.632970139999884,-22.429840182999893,0.0],[-42.632671030999973,-22.429802604999953,0.0],[-42.632645790142135,-22.429801516063833,0.0],[-42.632599926069702,-22.429799537367042,0.0],[-42.63256233314786,-22.429857919525372,0.0],[-42.63240984283749,-22.429942322595419,0.0],[-42.631671551999887,-22.430298413999768,0.0],[-42.631175594999945,-22.43068671899994,0.0],[-42.633501349665437,-22.431544411662795,0.0],[-42.635184818326991,-22.433269520891937,0.0],[-42.637671355078226,-22.433941718626098,0.0],[-42.637614248014074,-22.435270647597861,0.0]]]]}},
{"type":"Feature","properties":{"fid":24,"BAIRRO":"CENTRO","Area_km2":0.153699},"geometry":{"type":"MultiPolygon","coordinates":[[[[-42.653059710189325,-22.465489219593049,0.0],[-42.653201331145681,-22.465713299251888,0.0],[-42.653400874456281,-22.46572281333448,0.0],[-42.653896803153032,-22.466416820775237,0.0],[-42.654152745954036,-22.46686247961032,0.0],[-42.653305864750052,-22.46716667576294,0.0],[-42.653381560999946,-22.467524298999937,0.0],[-42.65351200799995,-22.467560410999965,0.0],[-42.653670063999982,-22.467626485999968,0.0],[-42.653896768999914,-22.46777568899995,0.0],[-42.654052153999885,-22.46789567799993,0.0],[-42.654111835314552,-22.467887816246453,0.0],[-42.654138626999838,-22.467884286999887,0.0],[-42.654229523999902,-22.467889357999923,0.0],[-42.654367518865968,-22.467689739017374,0.0],[-42.654538723498206,-22.467596676372121,0.0],[-42.65500818802542,-22.467382692951894,0.0],[-42.655284154533206,-22.467842623724376,0.0],[-42.655454460662042,-22.467833041793202,0.0],[-42.655766370049378,-22.467855493739538,0.0],[-42.656666926782464,-22.46795100084222,0.0],[-42.657098385493612,-22.467971604597846,0.0],[-42.657707933153404,-22.467948212315374,0.0],[-42.657937320999906,-22.467908949999977,0.0],[-42.658116324999924,-22.467712204999945,0.0],[-42.658150787999887,-22.467650484999862,0.0],[-42.658149142999889,-22.46761807099989,0.0],[-42.658138283999847,-22.467593184999828,0.0],[-42.657905839999785,-22.467477867999886,0.0],[-42.657794884999873,-22.467430766999936,0.0],[-42.657744977999926,-22.467395563999951,0.0],[-42.657588750999878,-22.467257016999948,0.0],[-42.657554226999821,-22.467206505999911,0.0],[-42.657540409999967,-22.467047885999879,0.0],[-42.657587138999929,-22.466780037999907,0.0],[-42.657595347999859,-22.466614896999886,0.0],[-42.657552030999909,-22.466293632999911,0.0],[-42.657470634999925,-22.466018655999846,0.0],[-42.657404693999922,-22.465817250999923,0.0],[-42.657330292999859,-22.465704451999787,0.0],[-42.657291819999784,-22.465654536999917,0.0],[-42.657244958999911,-22.465534944999877,0.0],[-42.65715037405829,-22.465375549955684,0.0],[-42.65639055364295,-22.465614572365951,0.0],[-42.65601546827321,-22.465457013622483,0.0],[-42.655905421500847,-22.465366405181726,0.0],[-42.655261090185661,-22.46562458609759,0.0],[-42.655098461731882,-22.465660732342936,0.0],[-42.654966913690714,-22.465541476089975,0.0],[-42.654940689461398,-22.465267174652578,0.0],[-42.654988477705956,-22.464871322672472,0.0],[-42.654849981854852,-22.464572484487917,0.0],[-42.655380590281425,-22.464510911741797,0.0],[-42.655877204498552,-22.464324636476473,0.0],[-42.656203747230506,-22.463935225006875,0.0],[-42.656499152020842,-22.463563276474193,0.0],[-42.656824126751928,-22.46303767678307,0.0],[-42.657066352640022,-22.462389043050052,0.0],[-42.657604995970644,-22.461536885606055,0.0],[-42.657439985655742,-22.46126216065829,0.0],[-42.656719316876206,-22.461506420647201,0.0],[-42.656785058491039,-22.461660189314614,0.0],[-42.656814177999877,-22.461729215999984,0.0],[-42.656834780999816,-22.461839595999901,0.0],[-42.656829276999929,-22.461887093999909,0.0],[-42.656789943999911,-22.462005851999947,0.0],[-42.656738431485167,-22.46210332474493,0.0],[-42.656679670999893,-22.462214511999886,0.0],[-42.65658234599988,-22.462360195999956,0.0],[-42.656454766174022,-22.462527710864432,0.0],[-42.656413857999894,-22.462581423999897,0.0],[-42.656361330888103,-22.462636033551526,0.0],[-42.656325659066965,-22.462673119546825,0.0],[-42.656292213619849,-22.462707890879127,0.0],[-42.656283245999873,-22.462717213999888,0.0],[-42.656258030756646,-22.462736233749066,0.0],[-42.65621680764076,-22.462767328146636,0.0],[-42.656088469422514,-22.462862435085643,0.0],[-42.655934654274859,-22.462974276078224,0.0],[-42.655902452999896,-22.462997689999955,0.0],[-42.655792213600819,-22.463062036202238,0.0],[-42.655577262418376,-22.463188497201255,0.0],[-42.655483483231649,-22.463243794775796,0.0],[-42.655403717293154,-22.463290096047224,0.0],[-42.655339528999946,-22.463327354999869,0.0],[-42.655258242999885,-22.463394398999917,0.0],[-42.655161174674276,-22.463482341154368,0.0],[-42.655096891999904,-22.463540579999801,0.0],[-42.655056532529727,-22.463592026352501,0.0],[-42.655022021999969,-22.463636016999882,0.0],[-42.654987631968481,-22.463705748571151,0.0],[-42.654944112492672,-22.463793991502083,0.0],[-42.654915860999836,-22.463851275999836,0.0],[-42.654851792594798,-22.463948472590403,0.0],[-42.654785397999888,-22.464049197999888,0.0],[-42.654761015467386,-22.464072943752395,0.0],[-42.654735084999807,-22.464098196999871,0.0],[-42.654705002010758,-22.464121942017975,0.0],[-42.654669943625152,-22.464149614183381,0.0],[-42.654638935999856,-22.464174088999869,0.0],[-42.654606436737993,-22.464203045404645,0.0],[-42.654569721526627,-22.464235758139861,0.0],[-42.654517960393775,-22.464281876535722,0.0],[-42.654456501459492,-22.464341048698373,0.0],[-42.654352819999929,-22.464443542999955,0.0],[-42.654249990999922,-22.464541494999882,0.0],[-42.654049436458479,-22.464683593957378,0.0],[-42.653914434999876,-22.464780862999874,0.0],[-42.653811797306389,-22.464877313542498,0.0],[-42.653637104124357,-22.465036192715392,0.0],[-42.653556692999928,-22.465098929999897,0.0],[-42.653436692553669,-22.465186944270666,0.0],[-42.65339758999994,-22.465215623999885,0.0],[-42.653210003027482,-22.465369343219947,0.0],[-42.653059710189325,-22.465489219593049,0.0]]]]}},
{"type":"Feature","properties":{"fid":25,"BAIRRO":"CIDADE ALTA","Area_km2":0.446166},"geometry":{"type":"MultiPolygon","coordinates":[[[[-42.65624017999987,-22.45898611,0.0],[-42.65743998565577,-22.461262160658336,0.0],[-42.657604995970708,-22.46153688560603,0.0],[-42.657066352640022,-22.462389043050106,0.0],[-42.656824126752014,-22.463037676783124,0.0],[-42.656499152020913,-22.463563276474293,0.0],[-42.656203747230528,-22.463935225006903,0.0],[-42.655877204498537,-22.464324636476491,0.0],[-42.655380590281425,-22.464510911741836,0.0],[-42.654849981855023,-22.464572484487896,0.0],[-42.654988477706034,-22.464871322672636,0.0],[-42.654940689461483,-22.465267174652613,0.0],[-42.654966913690849,-22.465541476090035,0.0],[-42.655098461731995,-22.465660732343014,0.0],[-42.655261090185675,-22.465624586097633,0.0],[-42.655905421500897,-22.46536640518179,0.0],[-42.655945387812359,-22.465296260842631,0.0],[-42.656050438694919,-22.465149218054041,0.0],[-42.65727482866091,-22.464797899250403,0.0],[-42.658095008087109,-22.463869728844791,0.0],[-42.658239770980074,-22.462599245952241,0.0],[-42.658675190147463,-22.461935904377313,0.0],[-42.659154648090706,-22.462127041333034,0.0],[-42.65972508573433,-22.462135321197994,0.0],[-42.660464872685004,-22.462160389221019,0.0],[-42.661463206342447,-22.462172561866787,0.0],[-42.66221545305109,-22.462142778917908,0.0],[-42.662605453096184,-22.461876103936156,0.0],[-42.662633230852947,-22.46101834334085,0.0],[-42.662727543221195,-22.460573562673712,0.0],[-42.663923570304306,-22.460519227653574,0.0],[-42.665232883112424,-22.459103381654351,0.0],[-42.665782934238358,-22.456646048383398,0.0],[-42.664730950110133,-22.455928497473501,0.0],[-42.663447527981241,-22.456139239366525,0.0],[-42.662985064794597,-22.457049857126332,0.0],[-42.660598160770554,-22.458692222351065,0.0],[-42.659394442163034,-22.458746422048776,0.0],[-42.658884518,-22.457600301000024,0.0],[-42.658433864999928,-22.457683883999906,0.0],[-42.657975955215896,-22.457706122152022,0.0],[-42.657563035738477,-22.457807623208204,0.0],[-42.656981304999924,-22.45833288599988,0.0],[-42.656853082027908,-22.458435717466326,0.0],[-42.656655678999982,-22.458594028999986,0.0],[-42.656458572999973,-22.458751043999921,0.0],[-42.65624017999987,-22.45898611,0.0]]]]}},
{"type":"Feature","properties":{"fid":26,"BAIRRO":"GANGURI","Area_km2":0.374084},"geometry":{"type":"MultiPolygon","coordinates":[[[[-42.657794884999873,-22.467430766999936,0.0],[-42.65778106314167,-22.467231995566859,0.0],[-42.658123705526521,-22.467222477722821,0.0],[-42.658618633415699,-22.467203442034755,0.0],[-42.659284882497275,-22.467236754488905,0.0],[-42.659917819124928,-22.467427111369371,0.0],[-42.660177541278301,-22.467537505075537,0.0],[-42.660334630258149,-22.467330735184586,0.0],[-42.660563799754982,-22.467152950594311,0.0],[-42.661175039999875,-22.466960947999958,0.0],[-42.662519960999873,-22.466980708999809,0.0],[-42.663683491248889,-22.465754016716232,0.0],[-42.663434338987315,-22.464059101954206,0.0],[-42.663934036261821,-22.463113669471227,0.0],[-42.664481913316763,-22.46216845492086,0.0],[-42.664552930563794,-22.461151833409183,0.0],[-42.663923570304298,-22.460519227653492,0.0],[-42.662727543221138,-22.460573562673627,0.0],[-42.662633230852919,-22.461018343340871,0.0],[-42.662605453096205,-22.46187610393611,0.0],[-42.662215453050983,-22.462142778917826,0.0],[-42.661463206342319,-22.462172561866684,0.0],[-42.660464872684884,-22.462160389221019,0.0],[-42.659725085734351,-22.462135321197994,0.0],[-42.659154648090635,-22.462127041333012,0.0],[-42.658675190147449,-22.461935904377246,0.0],[-42.65823977098006,-22.462599245952156,0.0],[-42.658095008087059,-22.463869728844656,0.0],[-42.657274828660832,-22.464797899250417,0.0],[-42.656050438694876,-22.465149218053906,0.0],[-42.65594538781238,-22.465296260842592,0.0],[-42.655905421500904,-22.465366405181726,0.0],[-42.65601546827321,-22.465457013622483,0.0],[-42.656390553643007,-22.465614572365951,0.0],[-42.65715037405829,-22.465375549955752,0.0],[-42.657244958999968,-22.465534944999948,0.0],[-42.657291819999841,-22.465654536999978,0.0],[-42.657330292999916,-22.465704451999844,0.0],[-42.657404693999922,-22.465817250999923,0.0],[-42.657470634999981,-22.466018655999896,0.0],[-42.657552030999966,-22.466293632999911,0.0],[-42.657595347999923,-22.466614896999939,0.0],[-42.657587138999929,-22.466780037999907,0.0],[-42.657540409999967,-22.467047885999879,0.0],[-42.657554226999878,-22.467206505999961,0.0],[-42.657588750999878,-22.467257016999948,0.0],[-42.657744977999926,-22.467395563999951,0.0],[-42.657794884999873,-22.467430766999936,0.0]]]]}},
{"type":"Feature","properties":{"fid":27,"BAIRRO":"PARQUE SANTA LUIZA","Area_km2":0.682806},"geometry":{"type":"MultiPolygon","coordinates":[[[[-42.657905839999785,-22.467477867999886,0.0],[-42.658138283999847,-22.467593184999771,0.0],[-42.658149142999889,-22.46761807099989,0.0],[-42.65815078799983,-22.467650484999865,0.0],[-42.658116324999924,-22.467712204999945,0.0],[-42.657937320999906,-22.467908949999977,0.0],[-42.657707933153517,-22.467948212315378,0.0],[-42.657098385493612,-22.467971604597892,0.0],[-42.656666926782464,-22.46795100084222,0.0],[-42.655766370049434,-22.467855493739641,0.0],[-42.655454460662042,-22.467833041793202,0.0],[-42.655284154533206,-22.467842623724376,0.0],[-42.65500818802542,-22.467382692951958,0.0],[-42.654538723498263,-22.467596676372128,0.0],[-42.654367518866025,-22.467689739017434,0.0],[-42.654229523999902,-22.467889357999923,0.0],[-42.65435203699991,-22.467940909999925,0.0],[-42.654708154,-22.468146508999894,0.0],[-42.654955777999874,-22.468289516999903,0.0],[-42.65507106299998,-22.468386838999884,0.0],[-42.655132939999874,-22.468474861999876,0.0],[-42.655175925080243,-22.468599312278684,0.0],[-42.6552364223312,-22.468761751622367,0.0],[-42.655271505999963,-22.468853323999948,0.0],[-42.655448838999973,-22.469145209999908,0.0],[-42.655863912999969,-22.469869460999973,0.0],[-42.655991643999869,-22.470097211999928,0.0],[-42.656284027451704,-22.47057372478718,0.0],[-42.656406715813432,-22.47078086813076,0.0],[-42.656474132999911,-22.470893609999898,0.0],[-42.656551631999832,-22.471063257999901,0.0],[-42.656740715999945,-22.471447344999891,0.0],[-42.656809338999835,-22.471592367999904,0.0],[-42.65688250216931,-22.471777835694695,0.0],[-42.656963111999858,-22.471994834999915,0.0],[-42.65702206658267,-22.472259915022619,0.0],[-42.657079754679842,-22.472517348108056,0.0],[-42.65712443400264,-22.472784318361505,0.0],[-42.657140681365831,-22.47316912492704,0.0],[-42.657135833000041,-22.473351462999968,0.0],[-42.657116915999893,-22.473588861999868,0.0],[-42.657091209999976,-22.473741039999933,0.0],[-42.657019949999892,-22.473963489999896,0.0],[-42.656885685999782,-22.474170359999952,0.0],[-42.656664176999925,-22.474522167999915,0.0],[-42.656545111999833,-22.474754356999888,0.0],[-42.657496271202774,-22.474800308375283,0.0],[-42.657508603999872,-22.474725938999825,0.0],[-42.657542407999927,-22.474707791999947,0.0],[-42.657574974999875,-22.474697697999883,0.0],[-42.657604952999975,-22.47470262999996,0.0],[-42.657655816999977,-22.474730825999867,0.0],[-42.657696205999969,-22.474944384999961,0.0],[-42.657722775999957,-22.475056266999957,0.0],[-42.657748202999983,-22.475163332999955,0.0],[-42.65775959018913,-22.475233273249447,0.0],[-42.657764869475557,-22.475271321985808,0.0],[-42.657770520671704,-22.47531471317415,0.0],[-42.657771240666989,-22.475321317147856,0.0],[-42.658220334841872,-22.475381226446814,0.0],[-42.658572409159945,-22.475307127832878,0.0],[-42.658862495149378,-22.475214085011888,0.0],[-42.659194615302908,-22.475127852855337,0.0],[-42.659277683524465,-22.475125940549329,0.0],[-42.659617562918129,-22.474024034936072,0.0],[-42.662583690233646,-22.473997642319262,0.0],[-42.666285188880011,-22.471545954121037,0.0],[-42.666374061999875,-22.470378128999982,0.0],[-42.664950109187487,-22.468201335243975,0.0],[-42.660702613641035,-22.467476333680107,0.0],[-42.660306552902682,-22.467367692397946,0.0],[-42.660177541301891,-22.46753750509351,0.0],[-42.659917819124871,-22.467427111369371,0.0],[-42.659284882497275,-22.467236754488905,0.0],[-42.658618633415642,-22.467203442034755,0.0],[-42.658123705526521,-22.467222477722821,0.0],[-42.657781063141613,-22.467231995566806,0.0],[-42.657794884999873,-22.467430766999936,0.0],[-42.657905839999785,-22.467477867999886,0.0]]]]}},
{"type":"Feature","properties":{"fid":28,"BAIRRO":"PARQUE VENEZA","Area_km2":0.330656},"geometry":{"type":"MultiPolygon","coordinates":[[[[-42.657508603999901,-22.474725938999903,0.0],[-42.657496271202859,-22.474800308375336,0.0],[-42.656545111999911,-22.474754356999906,0.0],[-42.656394341999949,-22.475084905999918,0.0],[-42.656334494999967,-22.475174752999973,0.0],[-42.656287872999918,-22.475228883999904,0.0],[-42.656220514999951,-22.475273773,0.0],[-42.656042582999874,-22.475369282,0.0],[-42.655901587999935,-22.475426329999905,0.0],[-42.655791733999912,-22.475436474999945,0.0],[-42.65560627899994,-22.475426236999986,0.0],[-42.655506656999961,-22.475412631000022,0.0],[-42.655324180999941,-22.475344499999967,0.0],[-42.655172440999927,-22.475296895999943,0.0],[-42.654908078,-22.475221486999935,0.0],[-42.65461449099994,-22.475164720999942,0.0],[-42.654361191999961,-22.475142605999974,0.0],[-42.654156051999948,-22.475135317,0.0],[-42.654003066999984,-22.47514713,0.0],[-42.653892839,-22.475189694999969,0.0],[-42.653769872999966,-22.475259951999906,0.0],[-42.653677739999978,-22.475348147999934,0.0],[-42.653640730999939,-22.47541506299995,0.0],[-42.653608659999946,-22.475502540999983,0.0],[-42.653598021999947,-22.4756196119999,0.0],[-42.65358063799993,-22.475829663999971,0.0],[-42.653540844999917,-22.475993881999976,0.0],[-42.653457729999978,-22.476163875999923,0.0],[-42.653363029999959,-22.476345459999941,0.0],[-42.653281125999932,-22.476527793999907,0.0],[-42.652821923525813,-22.477472360425821,0.0],[-42.652584463,-22.47791492799993,0.0],[-42.652225559743414,-22.478462734057889,0.0],[-42.651842464999916,-22.479071449999971,0.0],[-42.651810941999948,-22.479241654999921,0.0],[-42.651799190999974,-22.479631804999968,0.0],[-42.651905523999986,-22.479971979999963,0.0],[-42.651971267999912,-22.480073406,0.0],[-42.652090969999954,-22.480202195999933,0.0],[-42.652209064999958,-22.480294176999987,0.0],[-42.652383782999934,-22.480376929999988,0.0],[-42.652612664999957,-22.480454397999907,0.0],[-42.652831839999976,-22.480494617999952,0.0],[-42.653026313999895,-22.480504960999919,0.0],[-42.653174359999973,-22.48048019699992,0.0],[-42.653422424801924,-22.480360365216818,0.0],[-42.654108667999928,-22.479955050999902,0.0],[-42.654604379,-22.479692250999896,0.0],[-42.654849531999936,-22.479566889999894,0.0],[-42.655105000999939,-22.479446198999906,0.0],[-42.655710440999933,-22.479302835999931,0.0],[-42.65590746999991,-22.479276784,0.0],[-42.656134772999962,-22.479276782999882,0.0],[-42.656405924999923,-22.47930682,0.0],[-42.656578964999952,-22.47936007599996,0.0],[-42.656726738999922,-22.479392427999986,0.0],[-42.656938844999964,-22.479424160999926,0.0],[-42.657357300999948,-22.479355844999965,0.0],[-42.657508255,-22.479340803999964,0.0],[-42.65773430899997,-22.479324470999938,0.0],[-42.658033128999932,-22.479307986,0.0],[-42.658276572,-22.479317,0.0],[-42.658407666999899,-22.479340308999923,0.0],[-42.658512031999926,-22.479378446999867,0.0],[-42.658623666999922,-22.479465772000015,0.0],[-42.658685976999934,-22.479554517999897,0.0],[-42.658709466999909,-22.479616781999958,0.0],[-42.658722172999909,-22.479711010999956,0.0],[-42.659182208999852,-22.479667957999901,0.0],[-42.659779833000016,-22.479620234000048,0.0],[-42.660044020310544,-22.47961806185544,0.0],[-42.659838011399479,-22.478985825366124,0.0],[-42.659046504268353,-22.477751244293351,0.0],[-42.658575006781284,-22.476312852160085,0.0],[-42.659002545876213,-22.475177722137797,0.0],[-42.658862495149378,-22.475214085011924,0.0],[-42.658572409160016,-22.475307127832878,0.0],[-42.658220334841936,-22.475381226446796,0.0],[-42.657771240667017,-22.475321317147966,0.0],[-42.657770520671718,-22.475314713174168,0.0],[-42.657764869475571,-22.475271321985812,0.0],[-42.657759590189194,-22.475233273249533,0.0],[-42.657748203000018,-22.475163332999973,0.0],[-42.65772277599995,-22.475056266999971,0.0],[-42.657696205999976,-22.474944384999961,0.0],[-42.657655817,-22.474730825999877,0.0],[-42.657604952999968,-22.474702629999957,0.0],[-42.657574974999882,-22.4746976979999,0.0],[-42.657542407999927,-22.474707791999936,0.0],[-42.657508603999901,-22.474725938999903,0.0]]]]}},
{"type":"Feature","properties":{"fid":29,"BAIRRO":"PEDREIRA","Area_km2":1.036096},"geometry":{"type":"MultiPolygon","coordinates":[[[[-42.655710440999769,-22.479302835999874,0.0],[-42.655105000999868,-22.479446198999767,0.0],[-42.654849531999901,-22.47956688999971,0.0],[-42.654604379000034,-22.479692250999847,0.0],[-42.654108667999878,-22.479955050999873,0.0],[-42.653422424801875,-22.480360365216818,0.0],[-42.653174359999809,-22.480480196999842,0.0],[-42.653026313999817,-22.480504960999891,0.0],[-42.652831839999919,-22.480494617999739,0.0],[-42.652719317999924,-22.480834761999915,0.0],[-42.652689703999897,-22.481018558999828,0.0],[-42.652645256999847,-22.481148750999921,0.0],[-42.652573621999977,-22.481232727999899,0.0],[-42.652406941999914,-22.48132867999993,0.0],[-42.65215394299986,-22.481451069999938,0.0],[-42.651806142999874,-22.481652768999883,0.0],[-42.651616298930946,-22.481791568490266,0.0],[-42.6513129249999,-22.48205246599991,0.0],[-42.651110967999898,-22.482347414999932,0.0],[-42.653548441265343,-22.483861882466556,0.0],[-42.654276556333173,-22.485803522647185,0.0],[-42.655490081446089,-22.487159815420565,0.0],[-42.65521882289142,-22.488658875854238,0.0],[-42.655236815999956,-22.490342542999937,0.0],[-42.655951902999902,-22.493969383999904,0.0],[-42.65707235799988,-22.494714259999792,0.0],[-42.657143868999924,-22.494688868999898,0.0],[-42.657270367999786,-22.494668425999919,0.0],[-42.657547164999869,-22.494632527999784,0.0],[-42.657842764999941,-22.494622523999908,0.0],[-42.658145359999935,-22.494603986999891,0.0],[-42.658309266999709,-22.494580196999891,0.0],[-42.658423152999717,-22.494503750999964,0.0],[-42.658515047000037,-22.494370082999925,0.0],[-42.658585464999931,-22.494161718999919,0.0],[-42.658640961999708,-22.493922933999837,0.0],[-42.658721122999964,-22.49360833399987,0.0],[-42.658810668999877,-22.493451531999767,0.0],[-42.658924936999824,-22.493330287999925,0.0],[-42.65909647299992,-22.493180210999977,0.0],[-42.659339548999867,-22.492993227999872,0.0],[-42.659656606999988,-22.492746332999946,0.0],[-42.660031627999842,-22.492448359999909,0.0],[-42.660753082999918,-22.491956478999889,0.0],[-42.661232740999822,-22.491667709999884,0.0],[-42.661437002999833,-22.491567350999897,0.0],[-42.662007813999821,-22.491407622999876,0.0],[-42.662194601999943,-22.491351663999755,0.0],[-42.662373362999858,-22.491295539999726,0.0],[-42.662532551999902,-22.49122408299996,0.0],[-42.662691750999954,-22.491152620999916,0.0],[-42.662757549999981,-22.491109140999871,0.0],[-42.66288112399991,-22.491022009999941,0.0],[-42.662938898999982,-22.490978359999872,0.0],[-42.663015991999828,-22.49095751099992,0.0],[-42.663204014999849,-22.490983729999918,0.0],[-42.663407047999897,-22.491040126999909,0.0],[-42.66353025199988,-22.491079962999887,0.0],[-42.663616501999911,-22.491069754999778,0.0],[-42.663850835999938,-22.491064699999814,0.0],[-42.664040442999976,-22.491046121999872,0.0],[-42.664527232999944,-22.490906814999892,0.0],[-42.664661161999732,-22.490872153999877,0.0],[-42.664858040999832,-22.49087614399992,0.0],[-42.664950448999775,-22.490878016999883,0.0],[-42.6650720519998,-22.490850581999954,0.0],[-42.665141426999924,-22.490822087999895,0.0],[-42.665195272999881,-22.490778326999937,0.0],[-42.66534116299988,-22.490736669999816,0.0],[-42.665413496999925,-22.490738137999983,0.0],[-42.665614713999958,-22.49072738999978,0.0],[-42.665539613999954,-22.490649323999889,0.0],[-42.665442430999974,-22.490570323999915,0.0],[-42.665404433860829,-22.490541974186954,0.0],[-42.665245577999769,-22.490423450999966,0.0],[-42.665118312750678,-22.49032768371438,0.0],[-42.66498595954522,-22.490211238867122,0.0],[-42.664924303100463,-22.490140583772245,0.0],[-42.664836358999821,-22.490020398999896,0.0],[-42.664806927999905,-22.489955471999959,0.0],[-42.664787530999888,-22.489890964999965,0.0],[-42.664758811999889,-22.489713648999956,0.0],[-42.664713200999927,-22.489603057999947,0.0],[-42.664617124999893,-22.489449113999914,0.0],[-42.664508319129993,-22.489300323680986,0.0],[-42.664397628999836,-22.489121293999965,0.0],[-42.664330854999832,-22.488987278999787,0.0],[-42.664290265999966,-22.488948086999919,0.0],[-42.66418822799983,-22.488887577999893,0.0],[-42.663995231999877,-22.488838266999888,0.0],[-42.663936731999911,-22.488794576999851,0.0],[-42.663806927999929,-22.488676662999865,0.0],[-42.66352292969799,-22.4884567885283,0.0],[-42.663394473999915,-22.488344433999874,0.0],[-42.663236354999874,-22.488071630999968,0.0],[-42.663175855999953,-22.48793031799989,0.0],[-42.663075679999793,-22.487678532999947,0.0],[-42.662950932999877,-22.487485729999893,0.0],[-42.66283003399991,-22.487345610999913,0.0],[-42.662644425999815,-22.487165267999959,0.0],[-42.66249773,-22.48706535399992,0.0],[-42.662303774068903,-22.486968453401627,0.0],[-42.661887037999861,-22.486758554999767,0.0],[-42.661489711999877,-22.486494356999902,0.0],[-42.661269613999877,-22.4863128369999,0.0],[-42.661157633000016,-22.486199331999959,0.0],[-42.661090142881164,-22.486089986362977,0.0],[-42.660991353999918,-22.485929930999873,0.0],[-42.660823413999879,-22.485558705999896,0.0],[-42.660734286999912,-22.485325881999863,0.0],[-42.660719842999924,-22.485235112999927,0.0],[-42.660746388999939,-22.485074612999874,0.0],[-42.660768067999925,-22.484985299999835,0.0],[-42.660756787999901,-22.484815694999948,0.0],[-42.66067896699991,-22.484650867999907,0.0],[-42.660587137999869,-22.484534329999914,0.0],[-42.660421939999878,-22.48439223399992,0.0],[-42.660346269999771,-22.484374109999916,0.0],[-42.66016459399993,-22.484393025999903,0.0],[-42.659980398999778,-22.484475747999905,0.0],[-42.659705648999875,-22.484663758999879,0.0],[-42.659344551999823,-22.485101601999865,0.0],[-42.659229031999871,-22.485189734999835,0.0],[-42.659125875999855,-22.485253972999889,0.0],[-42.658928190999923,-22.485350189999963,0.0],[-42.658722586999772,-22.485405102999895,0.0],[-42.658522758999879,-22.485407118999824,0.0],[-42.658274526999833,-22.48539437199997,0.0],[-42.658118704999822,-22.48534952999989,0.0],[-42.658012239999891,-22.485274474999862,0.0],[-42.657857015145964,-22.4850750658237,0.0],[-42.657714659999897,-22.484829441999917,0.0],[-42.657616907999909,-22.484538002999894,0.0],[-42.657555415999923,-22.484281221999883,0.0],[-42.657543275999899,-22.483978355999959,0.0],[-42.657572387590733,-22.483436133591169,0.0],[-42.657584483999869,-22.48309830199997,0.0],[-42.657596033999823,-22.482841643999961,0.0],[-42.657585346999838,-22.482657366999714,0.0],[-42.657558413999823,-22.482521249999934,0.0],[-42.657506260999874,-22.482347092999881,0.0],[-42.657420343999888,-22.482134459999877,0.0],[-42.657364610324692,-22.48181266229539,0.0],[-42.657361990999846,-22.481560294999895,0.0],[-42.657412727999883,-22.481387638999816,0.0],[-42.657483106999905,-22.481240519999915,0.0],[-42.65760003999992,-22.48107144799997,0.0],[-42.657749829999887,-22.480891943999953,0.0],[-42.657896731999926,-22.480753079999825,0.0],[-42.658160269999883,-22.480539012999781,0.0],[-42.658356165999919,-22.480354718999823,0.0],[-42.658521500999882,-22.480164097999932,0.0],[-42.658572228999901,-22.480081347999818,0.0],[-42.658684612999878,-22.479912396999794,0.0],[-42.65872217299983,-22.479711010999885,0.0],[-42.658709466999881,-22.479616781999937,0.0],[-42.658685976999891,-22.479554517999759,0.0],[-42.658623666999858,-22.479465771999969,0.0],[-42.658512031999862,-22.47937844699981,0.0],[-42.658407666999835,-22.479340308999884,0.0],[-42.65827657199992,-22.479317,0.0],[-42.658033128999875,-22.479307985999977,0.0],[-42.65773430899992,-22.47932447099992,0.0],[-42.657508254999868,-22.479340803999946,0.0],[-42.657357300999877,-22.47935584499993,0.0],[-42.6569388449999,-22.47942416099988,0.0],[-42.656726738999851,-22.479392427999866,0.0],[-42.656578964999881,-22.479360075999921,0.0],[-42.656405924999888,-22.479306819999973,0.0],[-42.656134772999735,-22.479276782999879,0.0],[-42.655907469999818,-22.479276783999971,0.0],[-42.655710440999769,-22.479302835999874,0.0]]]]}},
{"type":"Feature","properties":{"fid":30,"BAIRRO":"POÇO VERDE","Area_km2":0.041482},"geometry":{"type":"MultiPolygon","coordinates":[[[[-42.654052153999949,-22.467895677999966,0.0],[-42.653896768999985,-22.467775688999986,0.0],[-42.653670063999961,-22.467626486,0.0],[-42.653512007999936,-22.467560410999951,0.0],[-42.653381560999975,-22.467524298999965,0.0],[-42.653305864750067,-22.467166675762918,0.0],[-42.654152745954079,-22.466862479610391,0.0],[-42.653896803153046,-22.466416820775219,0.0],[-42.653400874456281,-22.465722813334526,0.0],[-42.653201331145752,-22.465713299251924,0.0],[-42.653059710227787,-22.465489219641309,0.0],[-42.65293078516715,-22.465592052450859,0.0],[-42.652757878344161,-22.465734997366258,0.0],[-42.6526097286051,-22.465859694704285,0.0],[-42.652458011515243,-22.465996366198784,0.0],[-42.652373833999903,-22.466075660999927,0.0],[-42.652241001999926,-22.466228421999954,0.0],[-42.652099401999948,-22.466412835999897,0.0],[-42.652025929999986,-22.466541054999961,0.0],[-42.651924139004159,-22.466606467941869,0.0],[-42.651834930875189,-22.466671146165726,0.0],[-42.651784741999926,-22.466708238999978,0.0],[-42.651697933989475,-22.46680623158867,0.0],[-42.65162211607587,-22.466908892122202,0.0],[-42.651576693999957,-22.466974601999944,0.0],[-42.651551392323029,-22.467020195893323,0.0],[-42.651518079999988,-22.467080224999986,0.0],[-42.651500353576303,-22.467147663784843,0.0],[-42.651486331999926,-22.467223856999986,0.0],[-42.651498038999925,-22.467287460999898,0.0],[-42.651542471999946,-22.467346729999914,0.0],[-42.651618635999959,-22.467387680999956,0.0],[-42.651734062999914,-22.467422891999892,0.0],[-42.651868615998907,-22.467434778604442,0.0],[-42.651915823999936,-22.467438948999913,0.0],[-42.651944915448617,-22.467460016280199,0.0],[-42.651962163396682,-22.467472506796177,0.0],[-42.651986268852681,-22.467489963334671,0.0],[-42.65201562599993,-22.46751122299996,0.0],[-42.652055880642813,-22.467532665308642,0.0],[-42.652069824999977,-22.467540092999947,0.0],[-42.652123670977467,-22.467568774711157,0.0],[-42.652151249999967,-22.467583464999972,0.0],[-42.652299855341887,-22.467639065799769,0.0],[-42.65235490599995,-22.467659662999978,0.0],[-42.652365605553427,-22.467662270675337,0.0],[-42.652442819735974,-22.467681089149419,0.0],[-42.652525320224647,-22.467701195945089,0.0],[-42.652549972000024,-22.467707203999911,0.0],[-42.652636768797059,-22.467740747549257,0.0],[-42.652780463093698,-22.467796279611019,0.0],[-42.652911732999911,-22.467847009999939,0.0],[-42.653004548576803,-22.467877221552047,0.0],[-42.653122297999928,-22.46791554899993,0.0],[-42.653304235010786,-22.467939217527739,0.0],[-42.653431564999941,-22.467955781999962,0.0],[-42.653573931,-22.467964051999928,0.0],[-42.653788719,-22.467944361,0.0],[-42.65395924805059,-22.467911199458413,0.0],[-42.65401157899997,-22.467901022999961,0.0],[-42.654052153999949,-22.467895677999966,0.0]]]]}},
{"type":"Feature","properties":{"fid":31,"BAIRRO":"RASGO","Area_km2":0.586036},"geometry":{"type":"MultiPolygon","coordinates":[[[[-42.642945528999967,-22.448999299999937,0.0],[-42.642694258999903,-22.449310285999896,0.0],[-42.642630960999988,-22.449428433,0.0],[-42.642520982999947,-22.449742706999906,0.0],[-42.642474711999945,-22.449956172999975,0.0],[-42.642423636719336,-22.450252572123432,0.0],[-42.644469685441969,-22.450846588594054,0.0],[-42.645087664689235,-22.451536427441372,0.0],[-42.645914841098126,-22.454295654825657,0.0],[-42.642080383415298,-22.455467473039647,0.0],[-42.640640678686225,-22.455389115711277,0.0],[-42.640143800878974,-22.455895443183834,0.0],[-42.640139255706735,-22.456922569934335,0.0],[-42.640649403877028,-22.45790945064493,0.0],[-42.641763264740682,-22.458152680153759,0.0],[-42.643747710759342,-22.45858778612924,0.0],[-42.647333415718023,-22.457039619322241,0.0],[-42.648145241999885,-22.457573906999968,0.0],[-42.648726571999937,-22.457234009999983,0.0],[-42.649112960000011,-22.457018483,0.0],[-42.649462304999865,-22.45699284200002,0.0],[-42.64972050799998,-22.456876074999983,0.0],[-42.649747970999954,-22.4567013119999,0.0],[-42.649814165332273,-22.456459353622645,0.0],[-42.649850417294729,-22.456321154562911,0.0],[-42.65011569830282,-22.456260969519047,0.0],[-42.650379026916681,-22.4561907521026,0.0],[-42.650656186088092,-22.456519671041345,0.0],[-42.650974065628318,-22.456316126537946,0.0],[-42.650934043390485,-22.456240026472717,0.0],[-42.650897177999937,-22.456161031,0.0],[-42.650852589069515,-22.456042922067343,0.0],[-42.650828157999925,-22.455978207999969,0.0],[-42.650797262712487,-22.45587245596726,0.0],[-42.650768855999985,-22.455775221999957,0.0],[-42.650754818742996,-22.455664428217151,0.0],[-42.650739366999957,-22.455542469999983,0.0],[-42.650733831760107,-22.455460007824243,0.0],[-42.650730219999986,-22.455406200999981,0.0],[-42.650706303999954,-22.455329401999926,0.0],[-42.65068453799995,-22.455280479999978,0.0],[-42.650612404935529,-22.455168975105273,0.0],[-42.650524316,-22.455039677999949,0.0],[-42.650413413875825,-22.454911558566835,0.0],[-42.650367892563239,-22.454858970086889,0.0],[-42.650240200999939,-22.454700031999906,0.0],[-42.650186154999986,-22.454601574999909,0.0],[-42.650103234999989,-22.454405434999959,0.0],[-42.650064853999915,-22.454296121999974,0.0],[-42.650036098999912,-22.454171595999963,0.0],[-42.650018156999955,-22.454016109999895,0.0],[-42.650019822945687,-22.453958122358703,0.0],[-42.650025318195055,-22.453864886934312,0.0],[-42.650033089281955,-22.453761795621638,0.0],[-42.650043916999962,-22.453618143,0.0],[-42.650049554999981,-22.45354334699995,0.0],[-42.65003524742751,-22.453408731127475,0.0],[-42.650021837999908,-22.453231672999891,0.0],[-42.650034235728761,-22.453123357972849,0.0],[-42.650039884999984,-22.453074001999916,0.0],[-42.650062247773164,-22.452984313681267,0.0],[-42.650084836999973,-22.452893716999935,0.0],[-42.650124066772506,-22.45280508172274,0.0],[-42.650150973677285,-22.45274428850523,0.0],[-42.650156247,-22.452732373999904,0.0],[-42.650208231999976,-22.452688303999867,0.0],[-42.650252119999962,-22.452667416999958,0.0],[-42.650312292539653,-22.452639724799035,0.0],[-42.650372650999977,-22.45261194699998,0.0],[-42.650425942916648,-22.452576449329342,0.0],[-42.650448364999946,-22.452561513999974,0.0],[-42.650505126000013,-22.452509871999954,0.0],[-42.650523108999892,-22.452467594999934,0.0],[-42.650526977270637,-22.452428967811535,0.0],[-42.650530636,-22.452392432999943,0.0],[-42.65053100285013,-22.452322635442275,0.0],[-42.650527325319786,-22.45226664675695,0.0],[-42.650519083407858,-22.452190419479635,0.0],[-42.650508784737177,-22.452095169716671,0.0],[-42.650502097946514,-22.452033325266772,0.0],[-42.650493299999923,-22.451954738999952,0.0],[-42.650475510999968,-22.451910202,0.0],[-42.650443585999888,-22.451856868999947,0.0],[-42.650394657999946,-22.451801865999986,0.0],[-42.650290921999961,-22.451747860999987,0.0],[-42.650132335999984,-22.451689754999975,0.0],[-42.650026231,-22.451667146999956,0.0],[-42.649928238999983,-22.451649004999968,0.0],[-42.649828459999981,-22.451654409999971,0.0],[-42.649684803999925,-22.45168065699993,0.0],[-42.649494869999927,-22.451746614999941,0.0],[-42.649468598324432,-22.451757533683487,0.0],[-42.649381931239013,-22.451797349077477,0.0],[-42.649215310999971,-22.451902947999923,0.0],[-42.649088746999972,-22.452009261999933,0.0],[-42.648981707999901,-22.452108959999979,0.0],[-42.648902001999964,-22.452155161999929,0.0],[-42.648763291999963,-22.452196957999924,0.0],[-42.648643224999972,-22.452189253,0.0],[-42.648577167056864,-22.452174113778966,0.0],[-42.648547518999955,-22.452167318999937,0.0],[-42.648462779424143,-22.452141380169586,0.0],[-42.648400635999984,-22.452122357999926,0.0],[-42.648254397226331,-22.452041087328404,0.0],[-42.648181277999953,-22.452000451999922,0.0],[-42.648104646285994,-22.451945804543428,0.0],[-42.648002792999918,-22.451870566999915,0.0],[-42.64786862999992,-22.451687696999969,0.0],[-42.647819551022067,-22.451594737571757,0.0],[-42.647748663773527,-22.451444833606029,0.0],[-42.647687883999978,-22.451312513999934,0.0],[-42.647612932838136,-22.451180435989492,0.0],[-42.647424790999956,-22.450880907999895,0.0],[-42.647339377,-22.450753158999898,0.0],[-42.647253589533186,-22.450640873210631,0.0],[-42.647196191887609,-22.450565746268904,0.0],[-42.647183732999913,-22.45054943899995,0.0],[-42.64714267999998,-22.450475574999945,0.0],[-42.646966301664932,-22.450154632278259,0.0],[-42.646853736999965,-22.449947918,0.0],[-42.64673190900001,-22.44977417099993,0.0],[-42.646629409999981,-22.449676925999956,0.0],[-42.646489318999919,-22.449573294999908,0.0],[-42.646149361624211,-22.449345414255745,0.0],[-42.646055440999909,-22.449276901999983,0.0],[-42.64593608,-22.449206121999982,0.0],[-42.645758938,-22.449143375999949,0.0],[-42.645530005999952,-22.449092990999965,0.0],[-42.645245645999964,-22.449078012999966,0.0],[-42.644967511999958,-22.449118562999946,0.0],[-42.644763638350646,-22.449138092119618,0.0],[-42.644464314999986,-22.449160528999858,0.0],[-42.644239570999936,-22.449189185999934,0.0],[-42.644067860999954,-22.449189796999963,0.0],[-42.643803192999897,-22.449191863999975,0.0],[-42.643702439497432,-22.449172618107781,0.0],[-42.643369111999952,-22.449084387999971,0.0],[-42.643254963999915,-22.449053298999964,0.0],[-42.643127507808735,-22.44903105690252,0.0],[-42.642966887246331,-22.449003027212964,0.0],[-42.642945528999967,-22.448999299999937,0.0]]]]}},
{"type":"Feature","properties":{"fid":32,"BAIRRO":"SANTO ANTÔNIO","Area_km2":0.069241},"geometry":{"type":"MultiPolygon","coordinates":[[[[-42.650169851761696,-22.463513458986704,0.0],[-42.649845151000015,-22.4652494169999,0.0],[-42.650297224000028,-22.466718995999916,0.0],[-42.650386256796381,-22.466928009118579,0.0],[-42.650694606978902,-22.466828456674001,0.0],[-42.650934030999956,-22.46713506899987,0.0],[-42.651197905255586,-22.466346862448962,0.0],[-42.651279886787705,-22.466057813580065,0.0],[-42.651341641295858,-22.465596474019122,0.0],[-42.651423621940218,-22.465307424989152,0.0],[-42.651864783043486,-22.464980608178838,0.0],[-42.652816526038187,-22.464617428215842,0.0],[-42.652747568726845,-22.464133879706221,0.0],[-42.652544217394684,-22.463999533377503,0.0],[-42.65231021266154,-22.463396528921542,0.0],[-42.65229431894749,-22.463272078108421,0.0],[-42.65204098051467,-22.463206279639024,0.0],[-42.651503117905357,-22.463704879437973,0.0],[-42.650169851761696,-22.463513458986704,0.0]]]]}},
{"type":"Feature","properties":{"fid":33,"BAIRRO":"SÃO FRANCISCO DE ASSIS","Area_km2":0.428495},"geometry":{"type":"MultiPolygon","coordinates":[[[[-42.653281125999932,-22.476527793999907,0.0],[-42.653363029999959,-22.476345459999941,0.0],[-42.653457729999978,-22.476163875999923,0.0],[-42.653540844999917,-22.475993881999976,0.0],[-42.65358063799993,-22.475829663999971,0.0],[-42.653598021999947,-22.475619611999907,0.0],[-42.653608659999946,-22.475502540999983,0.0],[-42.653640730999939,-22.47541506299995,0.0],[-42.653677739999978,-22.475348147999934,0.0],[-42.653769872999966,-22.475259951999906,0.0],[-42.653892839,-22.475189694999962,0.0],[-42.654003066999984,-22.47514713,0.0],[-42.654156051999948,-22.475135317,0.0],[-42.654361191999961,-22.475142605999974,0.0],[-42.65461449099994,-22.475164720999942,0.0],[-42.654908078,-22.475221486999935,0.0],[-42.655172440999927,-22.475296895999943,0.0],[-42.655324180999941,-22.475344499999967,0.0],[-42.655506656999961,-22.475412631000022,0.0],[-42.65560627899994,-22.475426236999986,0.0],[-42.655791733999912,-22.475436474999945,0.0],[-42.655901587999935,-22.475426329999905,0.0],[-42.656042582999874,-22.475369282,0.0],[-42.656220514999951,-22.475273773,0.0],[-42.656287872999918,-22.475228883999904,0.0],[-42.656334494999967,-22.475174752999973,0.0],[-42.656394341999949,-22.475084905999918,0.0],[-42.656545111999911,-22.474754356999906,0.0],[-42.656664176999968,-22.474522167999964,0.0],[-42.656885685999917,-22.47417036,0.0],[-42.657019949999913,-22.473963489999921,0.0],[-42.657091209999976,-22.473741039999908,0.0],[-42.657116915999964,-22.473588861999939,0.0],[-42.657135833000019,-22.473351463000014,0.0],[-42.657140681365853,-22.47316912492704,0.0],[-42.657124434002611,-22.472784318361541,0.0],[-42.65707975467992,-22.472517348108116,0.0],[-42.657022066582741,-22.472259915022608,0.0],[-42.656963111999936,-22.471994834999904,0.0],[-42.656882502169303,-22.471777835694763,0.0],[-42.656809338999921,-22.47159236799995,0.0],[-42.656740715999931,-22.471447344999941,0.0],[-42.656551631999896,-22.471063257999955,0.0],[-42.656474132999989,-22.470893609999933,0.0],[-42.656406715813432,-22.47078086813076,0.0],[-42.65628402745174,-22.470573724787208,0.0],[-42.65599164399994,-22.470097211999946,0.0],[-42.655863912999948,-22.469869460999956,0.0],[-42.655448838999959,-22.469145209999972,0.0],[-42.655271505999941,-22.468853323999976,0.0],[-42.655236422331186,-22.468761751622349,0.0],[-42.655175925080272,-22.468599312278787,0.0],[-42.655132939999937,-22.468474861999926,0.0],[-42.65507106299998,-22.468386838999912,0.0],[-42.654955777999952,-22.46828951699996,0.0],[-42.65470815399997,-22.468146508999933,0.0],[-42.654352037,-22.467940909999982,0.0],[-42.65422952399998,-22.467889357999972,0.0],[-42.654138626999917,-22.467884286999908,0.0],[-42.654111835314581,-22.467887816246506,0.0],[-42.654052153999949,-22.467895677999966,0.0],[-42.65401157899997,-22.467901022999961,0.0],[-42.65395924805059,-22.467911199458413,0.0],[-42.653788719,-22.467944361,0.0],[-42.653573931,-22.467964051999928,0.0],[-42.653431564999941,-22.467955781999962,0.0],[-42.653304235010786,-22.467939217527739,0.0],[-42.653122297999928,-22.46791554899993,0.0],[-42.653004548576803,-22.467877221552047,0.0],[-42.652911732999911,-22.467847009999939,0.0],[-42.652780463093698,-22.467796279611019,0.0],[-42.652636768797059,-22.467740747549257,0.0],[-42.652549972000024,-22.467707203999911,0.0],[-42.652525320224647,-22.467701195945089,0.0],[-42.652442819735974,-22.467681089149419,0.0],[-42.652365605553427,-22.467662270675337,0.0],[-42.65235490599995,-22.467659662999978,0.0],[-42.652299855341887,-22.467639065799769,0.0],[-42.652151249999967,-22.467583464999972,0.0],[-42.652123670977467,-22.467568774711157,0.0],[-42.652069824999977,-22.467540092999947,0.0],[-42.652055880642813,-22.467532665308642,0.0],[-42.65201562599993,-22.46751122299996,0.0],[-42.651986268852681,-22.467489963334671,0.0],[-42.651962163396682,-22.467472506796177,0.0],[-42.651944915448617,-22.467460016280199,0.0],[-42.651915823999936,-22.467438948999913,0.0],[-42.651868615998907,-22.467434778604442,0.0],[-42.651734062999914,-22.467422891999892,0.0],[-42.651618635999959,-22.467387680999956,0.0],[-42.651542471999946,-22.467346729999914,0.0],[-42.651498038999925,-22.467287460999898,0.0],[-42.650934030999956,-22.46713506899987,0.0],[-42.650694606978902,-22.466828456674001,0.0],[-42.650386256796381,-22.466928009118579,0.0],[-42.650682725999964,-22.467623994999908,0.0],[-42.650777757,-22.467970711,0.0],[-42.651028760999978,-22.468315746000034,0.0],[-42.65123689699989,-22.468698123999957,0.0],[-42.651516437999923,-22.469080554999888,0.0],[-42.651462834777632,-22.469530253711397,0.0],[-42.651390206534977,-22.47017895792224,0.0],[-42.651369293271848,-22.470809304823089,0.0],[-42.65140586269473,-22.47168892765524,0.0],[-42.651420650999988,-22.472345977999982,0.0],[-42.651499727999969,-22.473212360999987,0.0],[-42.651807883999879,-22.473850816999967,0.0],[-42.652331161,-22.474780958999929,0.0],[-42.652486074000038,-22.475392475,0.0],[-42.652626502000018,-22.476003491,0.0],[-42.652849817999943,-22.476441320999989,0.0],[-42.653281125999932,-22.476527793999907,0.0]]]]}},
{"type":"Feature","properties":{"fid":34,"BAIRRO":"TUIM","Area_km2":0.482856},"geometry":{"type":"MultiPolygon","coordinates":[[[[-42.649211208277833,-22.451437517847641,0.0],[-42.649437520160269,-22.451718201597842,0.0],[-42.649468598324432,-22.451757533683487,0.0],[-42.649494869999927,-22.451746614999941,0.0],[-42.649684803999925,-22.45168065699993,0.0],[-42.649828459999981,-22.451654409999971,0.0],[-42.649928238999983,-22.451649004999968,0.0],[-42.650026231,-22.451667146999956,0.0],[-42.650132335999984,-22.451689754999975,0.0],[-42.650290921999961,-22.451747860999987,0.0],[-42.650394657999946,-22.451801865999986,0.0],[-42.650443585999888,-22.451856868999947,0.0],[-42.650475510999968,-22.451910202,0.0],[-42.650493299999923,-22.451954738999952,0.0],[-42.650502097946514,-22.452033325266772,0.0],[-42.650508784737177,-22.452095169716671,0.0],[-42.650519083407858,-22.452190419479635,0.0],[-42.650527325319786,-22.45226664675695,0.0],[-42.65053100285013,-22.452322635442275,0.0],[-42.650530636,-22.452392432999943,0.0],[-42.650526977270637,-22.452428967811535,0.0],[-42.650523108999892,-22.452467594999934,0.0],[-42.650505126000013,-22.452509871999954,0.0],[-42.650448364999946,-22.452561513999974,0.0],[-42.650425942916648,-22.452576449329342,0.0],[-42.650372650999977,-22.45261194699998,0.0],[-42.650312292539653,-22.452639724799035,0.0],[-42.650252119999962,-22.452667416999958,0.0],[-42.650208231999976,-22.452688303999867,0.0],[-42.650156247,-22.452732373999904,0.0],[-42.650150973677285,-22.45274428850523,0.0],[-42.650124066772506,-22.45280508172274,0.0],[-42.650084836999973,-22.452893716999935,0.0],[-42.650062247773164,-22.452984313681267,0.0],[-42.650039884999984,-22.453074001999916,0.0],[-42.650034235728761,-22.453123357972849,0.0],[-42.650021837999908,-22.453231672999891,0.0],[-42.65003524742751,-22.453408731127475,0.0],[-42.650049554999981,-22.45354334699995,0.0],[-42.650043916999962,-22.453618143,0.0],[-42.650033089281955,-22.453761795621638,0.0],[-42.650025318195055,-22.453864886934312,0.0],[-42.650019822945687,-22.453958122358703,0.0],[-42.650018156999955,-22.454016109999895,0.0],[-42.650036098999912,-22.454171595999963,0.0],[-42.650064853999915,-22.454296121999974,0.0],[-42.650103234999989,-22.454405434999959,0.0],[-42.650186154999986,-22.454601574999909,0.0],[-42.650240200999939,-22.454700031999906,0.0],[-42.650367892563239,-22.454858970086889,0.0],[-42.650413413875825,-22.454911558566835,0.0],[-42.650524316,-22.455039677999949,0.0],[-42.650612404935529,-22.455168975105273,0.0],[-42.65068453799995,-22.455280479999978,0.0],[-42.650706303999954,-22.455329401999926,0.0],[-42.650730219999986,-22.455406200999981,0.0],[-42.650733831760107,-22.455460007824243,0.0],[-42.650739366999957,-22.455542469999983,0.0],[-42.650754818742996,-22.455664428217151,0.0],[-42.650768855999985,-22.455775221999957,0.0],[-42.650797262712487,-22.45587245596726,0.0],[-42.650828157999925,-22.455978207999969,0.0],[-42.650852589069515,-22.456042922067343,0.0],[-42.650897177999937,-22.456161031,0.0],[-42.650934043390485,-22.456240026472717,0.0],[-42.650991668373408,-22.456349597154706,0.0],[-42.651015431999959,-22.456394569999954,0.0],[-42.651053546045823,-22.456449081522035,0.0],[-42.651130129988331,-22.456558367305373,0.0],[-42.651249344999947,-22.456726640999882,0.0],[-42.65128049585698,-22.456761686916998,0.0],[-42.651320337623837,-22.456806510410971,0.0],[-42.651341701922576,-22.456831684572144,0.0],[-42.651422762,-22.456931936999986,0.0],[-42.65156840861215,-22.45710653906109,0.0],[-42.651654393686819,-22.457207854128992,0.0],[-42.65169590499994,-22.457255718999892,0.0],[-42.651805627531587,-22.457371786844028,0.0],[-42.65190463514886,-22.457471531841502,0.0],[-42.652021605999892,-22.457586829000014,0.0],[-42.652083780449303,-22.457633388625815,0.0],[-42.652212450999961,-22.457729743999941,0.0],[-42.652281277736137,-22.457773413328781,0.0],[-42.652429577999904,-22.457867506999971,0.0],[-42.652584422999929,-22.457952582999908,0.0],[-42.652684642041429,-22.458016476412784,0.0],[-42.652759022999902,-22.458063896999967,0.0],[-42.652776725999942,-22.458067527999916,0.0],[-42.652914906371429,-22.458095874776493,0.0],[-42.652989245999947,-22.458111124999952,0.0],[-42.653040078611255,-22.458121964277794,0.0],[-42.653133183234544,-22.458141817371384,0.0],[-42.653235828607109,-22.45816370481187,0.0],[-42.653411961894335,-22.458203697431735,0.0],[-42.653565852999961,-22.458240589999924,0.0],[-42.653763375999958,-22.458292546999978,0.0],[-42.653958717999956,-22.458353513999953,0.0],[-42.654161452999944,-22.458458654999948,0.0],[-42.654217587520158,-22.458489498469586,0.0],[-42.654373329999963,-22.458575071999981,0.0],[-42.654726397999958,-22.458759810999904,0.0],[-42.655002274999951,-22.458927848999959,0.0],[-42.655379167999975,-22.459184145999924,0.0],[-42.655521558999951,-22.45930551399994,0.0],[-42.655558880999919,-22.45937540599995,0.0],[-42.655558247999956,-22.459442967999941,0.0],[-42.655567872999953,-22.459515141999958,0.0],[-42.655660378999961,-22.459653389999939,0.0],[-42.655710365999909,-22.459724079999916,0.0],[-42.65580441347219,-22.459902766059951,0.0],[-42.655954705757757,-22.460228569570269,0.0],[-42.656129215008804,-22.460552921733303,0.0],[-42.656239477000014,-22.460763273999937,0.0],[-42.656347496999977,-22.46094106,0.0],[-42.656504002789212,-22.461132414655751,0.0],[-42.656581792653697,-22.461234663447364,0.0],[-42.656605908999943,-22.461267391,0.0],[-42.656650864999946,-22.461349777999953,0.0],[-42.656719316876341,-22.461506420647375,0.0],[-42.65743998565577,-22.461262160658336,0.0],[-42.65624017999987,-22.45898611,0.0],[-42.656458572999973,-22.458751043999921,0.0],[-42.656655678999982,-22.458594028999986,0.0],[-42.656853082027908,-22.458435717466326,0.0],[-42.656079956962209,-22.457390926188097,0.0],[-42.653765869019139,-22.453788353533813,0.0],[-42.65462244469991,-22.453284821523255,0.0],[-42.655285836826508,-22.452348485120162,0.0],[-42.654683901904853,-22.451465418836637,0.0],[-42.653024524690245,-22.451111624827909,0.0],[-42.652639155259621,-22.450188703694852,0.0],[-42.652459533064246,-22.44803613537059,0.0],[-42.651675356608862,-22.447745304058138,0.0],[-42.651561836000049,-22.448060014999978,0.0],[-42.651230434999874,-22.449031967999932,0.0],[-42.650901864819218,-22.449300414604611,0.0],[-42.650130886999854,-22.449525885000018,0.0],[-42.64953814099993,-22.449912644999863,0.0],[-42.648736938620708,-22.45084929960985,0.0],[-42.648869932529117,-22.4510142473877,0.0],[-42.64904457933963,-22.451230855121867,0.0],[-42.649211208277833,-22.451437517847641,0.0]]]]}},
{"type":"Feature","properties":{"fid":35,"BAIRRO":"VALÉRIO","Area_km2":1.092292},"geometry":{"type":"MultiPolygon","coordinates":[[[[-42.647938196329164,-22.44930848620151,0.0],[-42.646845248013165,-22.44834245457951,0.0],[-42.644539550298532,-22.447368065297553,0.0],[-42.643611560506258,-22.445290795839519,0.0],[-42.641605674878356,-22.443356294041738,0.0],[-42.640099476061607,-22.441428930627072,0.0],[-42.639799663974941,-22.44003694593869,0.0],[-42.639373955999936,-22.439457415999982,0.0],[-42.63917473941882,-22.439230001130461,0.0],[-42.639187042575884,-22.439049620152389,0.0],[-42.639201528411434,-22.438861210360976,0.0],[-42.63920804445462,-22.438741702230573,0.0],[-42.638862616816994,-22.438691439608366,0.0],[-42.638421416015497,-22.43862724007294,0.0],[-42.63814338146625,-22.438586782367963,0.0],[-42.638086858759834,-22.438365617567854,0.0],[-42.63801112193687,-22.438081457875906,0.0],[-42.637945290788423,-22.43782993541242,0.0],[-42.637908442214041,-22.437689146952433,0.0],[-42.637867109458853,-22.437531225364637,0.0],[-42.637759391104169,-22.437119660453334,0.0],[-42.637643885052626,-22.436678338441595,0.0],[-42.637602923947156,-22.436521834933732,0.0],[-42.637401647519937,-22.436669036951791,0.0],[-42.637243810959546,-22.436784585640726,0.0],[-42.637041557958526,-22.436932650098235,0.0],[-42.636929290307876,-22.437014838230137,0.0],[-42.636879789856721,-22.43706013576281,0.0],[-42.636759672888047,-22.437170053801772,0.0],[-42.636605350687439,-22.437311272352474,0.0],[-42.63649544425158,-22.43741184624259,0.0],[-42.636413296712931,-22.437487018188673,0.0],[-42.636401558575812,-22.437497759566327,0.0],[-42.636391229747858,-22.437507211305899,0.0],[-42.636378688293519,-22.437518234251623,0.0],[-42.636377374999938,-22.437513798999809,0.0],[-42.636319178999827,-22.437441812999911,0.0],[-42.636091099999874,-22.43722795299982,0.0],[-42.635876246999885,-22.437022442999933,0.0],[-42.634153985245064,-22.439335201462654,0.0],[-42.630422333999888,-22.439466218999939,0.0],[-42.63051530534733,-22.440727298887797,0.0],[-42.631409675921361,-22.444000560768636,0.0],[-42.632247492688521,-22.445123995623018,0.0],[-42.6334467410353,-22.445162066999103,0.0],[-42.634447394729087,-22.444406443700245,0.0],[-42.635521631032532,-22.443658247643441,0.0],[-42.637025450388137,-22.446132887089504,0.0],[-42.64136558726284,-22.449806774882511,0.0],[-42.642406513999902,-22.45035193799993,0.0],[-42.642474711999967,-22.449956172999919,0.0],[-42.642520982999883,-22.44974270699992,0.0],[-42.642630961,-22.44942843299998,0.0],[-42.642694258999825,-22.449310285999843,0.0],[-42.642945528999917,-22.448999299999965,0.0],[-42.642966887246303,-22.449003027212932,0.0],[-42.643127507808742,-22.44903105690253,0.0],[-42.643254963999937,-22.449053298999896,0.0],[-42.643369111999959,-22.449084387999907,0.0],[-42.643702439497417,-22.449172618107745,0.0],[-42.643803192999833,-22.449191864,0.0],[-42.644067860999883,-22.449189796999917,0.0],[-42.644239570999957,-22.449189185999955,0.0],[-42.644464315,-22.449160528999922,0.0],[-42.644763638350639,-22.449138092119544,0.0],[-42.64496751199988,-22.449118562999899,0.0],[-42.645245645999978,-22.449078012999895,0.0],[-42.645530005999888,-22.449092990999986,0.0],[-42.645758937999915,-22.449143375999935,0.0],[-42.645936079999899,-22.449206121999971,0.0],[-42.64605544099993,-22.449276901999955,0.0],[-42.646149361624111,-22.449345414255728,0.0],[-42.646489318999784,-22.44957329499994,0.0],[-42.64662941,-22.449676925999938,0.0],[-42.646731908999982,-22.449774170999941,0.0],[-42.646853736999901,-22.449947918000014,0.0],[-42.646966301664861,-22.450154632278274,0.0],[-42.64714268,-22.450475574999924,0.0],[-42.647183732999849,-22.450549438999818,0.0],[-42.647196191887474,-22.450565746268921,0.0],[-42.647253589533193,-22.450640873210602,0.0],[-42.647339376999923,-22.450753158999873,0.0],[-42.647424790999935,-22.450880907999878,0.0],[-42.647612932838115,-22.4511804359895,0.0],[-42.647687884,-22.451312513999873,0.0],[-42.647748663773484,-22.451444833605986,0.0],[-42.647819551021996,-22.451594737571778,0.0],[-42.647868629999948,-22.451687696999951,0.0],[-42.648002792999932,-22.451870566999901,0.0],[-42.648104646286015,-22.45194580454336,0.0],[-42.648181277999868,-22.452000451999876,0.0],[-42.64825439722631,-22.452041087328386,0.0],[-42.648400635999906,-22.452122357999944,0.0],[-42.648462779424165,-22.452141380169561,0.0],[-42.648547518999976,-22.452167318999894,0.0],[-42.648577167056885,-22.452174113778881,0.0],[-42.648643225,-22.452189252999972,0.0],[-42.648763291999899,-22.452196957999959,0.0],[-42.648902001999943,-22.45215516199989,0.0],[-42.648981707999837,-22.452108959999972,0.0],[-42.649088746999894,-22.452009261999876,0.0],[-42.649215310999978,-22.451902947999887,0.0],[-42.64938193123902,-22.451797349077477,0.0],[-42.649468598324461,-22.451757533683466,0.0],[-42.649437520160291,-22.451718201597828,0.0],[-42.649211208277848,-22.451437517847573,0.0],[-42.649044579339545,-22.451230855121825,0.0],[-42.648869932529124,-22.451014247387661,0.0],[-42.648736938620686,-22.45084929960985,0.0],[-42.648560107475134,-22.450747423147448,0.0],[-42.648303772718862,-22.450113377692897,0.0],[-42.648125259999972,-22.449823329000022,0.0],[-42.647972140999968,-22.449406379999914,0.0],[-42.647938196329164,-22.44930848620151,0.0]]]]}},
{"type":"Feature","properties":{"fid":36,"BAIRRO":"VÁRZEA","Area_km2":0.033449},"geometry":{"type":"MultiPolygon","coordinates":[[[[-42.652816526038187,-22.464617428215842,0.0],[-42.651864783043486,-22.464980608178838,0.0],[-42.651423621940218,-22.465307424989152,0.0],[-42.651341641295858,-22.465596474019122,0.0],[-42.651279886787705,-22.466057813580065,0.0],[-42.651197905255586,-22.466346862448962,0.0],[-42.650934030999956,-22.46713506899987,0.0],[-42.651498038999925,-22.467287460999898,0.0],[-42.651486331999926,-22.467223856999986,0.0],[-42.651500353576303,-22.467147663784843,0.0],[-42.651518079999988,-22.467080224999986,0.0],[-42.651551392323029,-22.467020195893323,0.0],[-42.651576693999957,-22.466974601999944,0.0],[-42.65162211607587,-22.466908892122202,0.0],[-42.651697933989475,-22.46680623158867,0.0],[-42.651784741999926,-22.466708238999978,0.0],[-42.651834930875189,-22.466671146165726,0.0],[-42.651924139004159,-22.466606467941869,0.0],[-42.652025929999986,-22.466541054999961,0.0],[-42.652099401999948,-22.466412835999897,0.0],[-42.652241001999926,-22.466228421999954,0.0],[-42.652373833999903,-22.466075660999927,0.0],[-42.652458011515243,-22.465996366198784,0.0],[-42.6526097286051,-22.465859694704285,0.0],[-42.652757878344161,-22.465734997366258,0.0],[-42.65293078516715,-22.465592052450859,0.0],[-42.653210003027525,-22.465369343220075,0.0],[-42.653397589999983,-22.465215623999914,0.0],[-42.653436692562813,-22.465186944283182,0.0],[-42.653085400773143,-22.464523465735887,0.0],[-42.652816526038187,-22.464617428215842,0.0]]]]}}
]
}
