{
"type": "FeatureCollection",
"name": "contorno",
"crs": { "type": "name", "properties": { "name": "urn:ogc:def:crs:OGC:1.3:CRS84" } },
"features": [
{"type":"Feature","properties":{"fid":1,"id":null,"Name":"Cachoeiras de Macacu","description":null,"timestamp":null,"begin":null,"end":null,"altitudeMode":null,"tessellate":-1,"extrude":0,"visibility":-1,"drawOrder":null,"icon":null,"CD_MUN":"3300803","NM_MUN":"Cachoeiras de Macacu","SIGLA_UF":"RJ","AREA_KM2":954.749},"geometry":{"type":"Polygon","coordinates":[[[-42.58286906,-22.356390919999981,0.0],[-42.582978911999987,-22.35627551,0.0],[-42.583245856,-22.355911625,0.0],[-42.583746435,-22.355551227999989,0.0],[-42.583966147000019,-22.355380270000015,0.0],[-42.584435298000017,-22.35526371300001,0.0],[-42.584604866,-22.355288137000013,0.0],[-42.584719233999976,-22.355431977,0.0],[-42.584940137,-22.355652651,0.0],[-42.585082198,-22.355732397,0.0],[-42.585429757999982,-22.355927500000018,0.0],[-42.585648068000012,-22.356298627999987,0.0],[-42.586342109999983,-22.356408558999984,0.0],[-42.586824756000013,-22.356536017999982,0.0],[-42.587127749999979,-22.356496270000015,0.0],[-42.587458796,-22.356584812,0.0],[-42.58768955599998,-22.356755466999989,0.0],[-42.58795349,-22.356935715,0.0],[-42.58826237,-22.357321842000019,0.0],[-42.588555479,-22.357754293999982,0.0],[-42.588661541,-22.358140278,0.0],[-42.58883718,-22.358289704000018,0.0],[-42.589048854,-22.358556661,0.0],[-42.589245704,-22.358773722,0.0],[-42.589356538,-22.359233951,0.0],[-42.589295516999989,-22.35953844,0.0],[-42.589787095,-22.360222982000014,0.0],[-42.59033679800001,-22.360684108,0.0],[-42.590581628999978,-22.361056741,0.0],[-42.590843741,-22.361501188999988,0.0],[-42.591091911,-22.361705540999985,0.0],[-42.591289683,-22.362226851,0.0],[-42.59157959,-22.362683003,0.0],[-42.591842293000013,-22.363104939,0.0],[-42.592304283999987,-22.363410843,0.0],[-42.59291561000002,-22.363653453,0.0],[-42.593226846,-22.363921728000012,0.0],[-42.593533959999988,-22.363965838000013,0.0],[-42.593850869,-22.364355145,0.0],[-42.594046926999987,-22.36485968,0.0],[-42.594156823999974,-22.365390195999989,0.0],[-42.594254556,-22.36585903500001,0.0],[-42.594279308000011,-22.366100553,0.0],[-42.594284989000023,-22.366292935,0.0],[-42.594783074,-22.366654067000024,0.0],[-42.594856903999982,-22.366974954,0.0],[-42.594787692999986,-22.367378946999988,0.0],[-42.594949356,-22.367751204,0.0],[-42.595329204,-22.36788507,0.0],[-42.595650232,-22.368055562,0.0],[-42.596018160999982,-22.368324674,0.0],[-42.596475932000011,-22.368549926000011,0.0],[-42.596714442,-22.368809582,0.0],[-42.597049728999977,-22.369093273,0.0],[-42.597591060000013,-22.369169107999976,0.0],[-42.597973421000013,-22.369340295,0.0],[-42.59818352700001,-22.36959483499998,0.0],[-42.598414607999977,-22.369748759999986,0.0],[-42.598771221,-22.36992126900001,0.0],[-42.59918204400001,-22.370077861,0.0],[-42.599692587,-22.370185766,0.0],[-42.600406271,-22.370303138999986,0.0],[-42.60086367000001,-22.370550970999986,0.0],[-42.601047449,-22.370696818,0.0],[-42.601633242,-22.371014347999985,0.0],[-42.601910960999987,-22.371349906,0.0],[-42.602213446,-22.371535794,0.0],[-42.602911381000013,-22.371546968,0.0],[-42.603467642999988,-22.371788482000014,0.0],[-42.604238507,-22.372046315,0.0],[-42.605161046000013,-22.372232172,0.0],[-42.605699961,-22.372424645,0.0],[-42.606187254,-22.372542554000013,0.0],[-42.60681872100001,-22.372736393,0.0],[-42.607383663,-22.372953844,0.0],[-42.607919009,-22.373355353,0.0],[-42.608499782,-22.373473766,0.0],[-42.609043822,-22.373735462,0.0],[-42.609238446999989,-22.373849137,0.0],[-42.609337548,-22.373907019,0.0],[-42.609556525,-22.374197468999984,0.0],[-42.609736459,-22.374569232999985,0.0],[-42.61010725700001,-22.375147204000015,0.0],[-42.610239252,-22.375480597,0.0],[-42.610364436999987,-22.375738561,0.0],[-42.610689805,-22.376053039,0.0],[-42.61091834500003,-22.376609901999988,0.0],[-42.611001026999979,-22.377189208,0.0],[-42.610934839,-22.377759875000013,0.0],[-42.610931555000015,-22.377952125000014,0.0],[-42.610946780000013,-22.378157653,0.0],[-42.611069641,-22.378815328,0.0],[-42.611303448999983,-22.379089454,0.0],[-42.611633975,-22.379621597000021,0.0],[-42.611727022,-22.379803253999988,0.0],[-42.611792929,-22.380155382,0.0],[-42.611714604,-22.380530462,0.0],[-42.61160974300001,-22.380880066999989,0.0],[-42.61160332,-22.381256209000011,0.0],[-42.611641835000015,-22.381633015,0.0],[-42.611761242999989,-22.382011015,0.0],[-42.612752018000023,-22.382485531,0.0],[-42.613595925,-22.38302468,0.0],[-42.614228225999987,-22.383376803999987,0.0],[-42.614614143,-22.383723616,0.0],[-42.614879514999977,-22.383962098000016,0.0],[-42.615372532,-22.384522857000015,0.0],[-42.615789001,-22.384888103,0.0],[-42.616161836000011,-22.385445366,0.0],[-42.616584894,-22.385667850000011,0.0],[-42.616939963999982,-22.385793941999985,0.0],[-42.617410729999989,-22.385991972000014,0.0],[-42.618013316,-22.386332943000014,0.0],[-42.61826015,-22.386594873999986,0.0],[-42.618731261999983,-22.386861633,0.0],[-42.619090935,-22.38685857,0.0],[-42.619695140999987,-22.386750415,0.0],[-42.620339025,-22.386952193000017,0.0],[-42.620965076999987,-22.387145345,0.0],[-42.62137193,-22.387157276,0.0],[-42.622254930999979,-22.387342460000024,0.0],[-42.622663989999971,-22.387439018,0.0],[-42.62287559,-22.387684595,0.0],[-42.623280974,-22.38789008,0.0],[-42.624024310000017,-22.388059861999988,0.0],[-42.624779034,-22.388364719,0.0],[-42.625376385000017,-22.388823511,0.0],[-42.62551421500001,-22.389346026,0.0],[-42.625481294,-22.389726835,0.0],[-42.625463339,-22.390146140000017,0.0],[-42.62551145,-22.390489643,0.0],[-42.62567511200001,-22.390775163000015,0.0],[-42.626121985999987,-22.390941623000014,0.0],[-42.626347433,-22.391028654999982,0.0],[-42.626923800999982,-22.391236291,0.0],[-42.62741264400001,-22.391268066,0.0],[-42.627837875,-22.391151309000019,0.0],[-42.628182525,-22.390971982,0.0],[-42.628398466,-22.39085204,0.0],[-42.628778466999989,-22.390821868,0.0],[-42.629205291999988,-22.390851575,0.0],[-42.629628981,-22.391035003,0.0],[-42.630220247000018,-22.391160724,0.0],[-42.630658707,-22.39128420399998,0.0],[-42.631214696,-22.39169282,0.0],[-42.631433659000017,-22.392040422,0.0],[-42.631624509,-22.392486012,0.0],[-42.631849794999987,-22.392899724,0.0],[-42.632118873999978,-22.392972947,0.0],[-42.632328678,-22.393014295,0.0],[-42.632950459,-22.392931432000019,0.0],[-42.633181971,-22.392810543999985,0.0],[-42.633387297000013,-22.392897159,0.0],[-42.633690386000012,-22.393118958999985,0.0],[-42.634111456,-22.393248121,0.0],[-42.634480673,-22.393315024,0.0],[-42.635013067,-22.393245893999971,0.0],[-42.635741068000023,-22.393087468,0.0],[-42.636162489,-22.392899785,0.0],[-42.636578515,-22.392841417999989,0.0],[-42.637458364,-22.393006877999987,0.0],[-42.637887416,-22.392878239,0.0],[-42.638628227,-22.392413624999978,0.0],[-42.638978408,-22.392495194,0.0],[-42.639648429999987,-22.392696075,0.0],[-42.640095032999987,-22.392592769,0.0],[-42.640707540999983,-22.392526462,0.0],[-42.641194627000012,-22.392433239,0.0],[-42.641507966,-22.39251306,0.0],[-42.64160381300001,-22.392867962,0.0],[-42.641645966999981,-22.393392972000015,0.0],[-42.641694303,-22.393801728,0.0],[-42.641941539000022,-22.39452601,0.0],[-42.64202748,-22.394761371,0.0],[-42.642599811,-22.394945299,0.0],[-42.643603472999978,-22.395143873999977,0.0],[-42.644195147999987,-22.39531418100001,0.0],[-42.645132794,-22.395401644999986,0.0],[-42.646024066999978,-22.395305696,0.0],[-42.646412813,-22.395580188,0.0],[-42.646831932999987,-22.395919448,0.0],[-42.647267809,-22.395863233999989,0.0],[-42.647630524,-22.395737636,0.0],[-42.648162086000021,-22.395384253,0.0],[-42.648597173,-22.395209375,0.0],[-42.648942681999984,-22.395515396,0.0],[-42.649408846,-22.395597425,0.0],[-42.649907281,-22.395620258999987,0.0],[-42.650275007999987,-22.395587182,0.0],[-42.650655401,-22.395777211,0.0],[-42.650781645,-22.396135744,0.0],[-42.651338498,-22.396057737,0.0],[-42.651933575,-22.396066383999987,0.0],[-42.652499922,-22.395967292,0.0],[-42.652912432,-22.395496708,0.0],[-42.653096424000019,-22.395248549,0.0],[-42.653572468999982,-22.395097141000015,0.0],[-42.65310842400001,-22.394632054999981,0.0],[-42.652985068,-22.394127696,0.0],[-42.653032789,-22.393622362,0.0],[-42.653239379,-22.393160380000026,0.0],[-42.653251221999987,-22.392809928,0.0],[-42.653432949000013,-22.392620861,0.0],[-42.65395937000001,-22.392402156999989,0.0],[-42.654220047,-22.39240594000001,0.0],[-42.655100816000022,-22.39242708,0.0],[-42.656065536,-22.392608572000011,0.0],[-42.655882364999989,-22.392111800000016,0.0],[-42.655727295,-22.391708222999988,0.0],[-42.655615093,-22.391172628,0.0],[-42.655719577000013,-22.390839701999987,0.0],[-42.65551914400001,-22.390460551,0.0],[-42.65536503,-22.390256517000015,0.0],[-42.655032964,-22.389889407,0.0],[-42.654637068999989,-22.389702493000016,0.0],[-42.654522318999987,-22.389575412,0.0],[-42.654182560000017,-22.388926687,0.0],[-42.653990281000013,-22.388597818,0.0],[-42.654298264999987,-22.387925046,0.0],[-42.654458325,-22.387493078,0.0],[-42.654885797,-22.38724098,0.0],[-42.65504798,-22.387034233000012,0.0],[-42.655322788,-22.386878060000015,0.0],[-42.655730634,-22.38668331100002,0.0],[-42.656009138000016,-22.38669571,0.0],[-42.656613256,-22.386761729000014,0.0],[-42.656942683,-22.386784489999986,0.0],[-42.657529343,-22.387185958,0.0],[-42.658010375,-22.387052573,0.0],[-42.658575904,-22.386711385000016,0.0],[-42.658923138000013,-22.386253993,0.0],[-42.659049203999977,-22.38582954,0.0],[-42.659387076,-22.38577477,0.0],[-42.660033407,-22.385834291,0.0],[-42.660429179,-22.385823296000027,0.0],[-42.660807115000011,-22.385803681,0.0],[-42.661154285,-22.385708184000013,0.0],[-42.661621205000017,-22.385468936999981,0.0],[-42.661624257,-22.385468564000014,0.0],[-42.662071815,-22.385413953,0.0],[-42.66240013100002,-22.385554,0.0],[-42.662633733999989,-22.385713043999981,0.0],[-42.663061762999988,-22.386326165000021,0.0],[-42.663591271,-22.387056288,0.0],[-42.664273643,-22.38741378,0.0],[-42.665156726,-22.387598734999973,0.0],[-42.665612784,-22.387679122000012,0.0],[-42.666015318000014,-22.387801988999986,0.0],[-42.666368726,-22.388174976,0.0],[-42.666903024,-22.388483686,0.0],[-42.667365834000023,-22.388766278,0.0],[-42.66767057,-22.389135625,0.0],[-42.668137535,-22.389396129999987,0.0],[-42.668441341,-22.389509205,0.0],[-42.669159466999979,-22.389578086999979,0.0],[-42.669441463,-22.389381488,0.0],[-42.669846654,-22.389345523999985,0.0],[-42.670288403,-22.389197970999987,0.0],[-42.671147518000012,-22.389256709,0.0],[-42.671701267,-22.389341325,0.0],[-42.672561817,-22.389292216,0.0],[-42.673223197000013,-22.389289437,0.0],[-42.67383332,-22.389187516,0.0],[-42.674309254,-22.38890089300001,0.0],[-42.67465926,-22.388939372,0.0],[-42.675051707999977,-22.38912896,0.0],[-42.675481363000017,-22.389243832,0.0],[-42.675792219000023,-22.389474051,0.0],[-42.676058378999983,-22.38963568,0.0],[-42.676482146000012,-22.389875804,0.0],[-42.676910254,-22.390277268,0.0],[-42.677401141,-22.39058411700001,0.0],[-42.677905732999989,-22.391059586000011,0.0],[-42.678247729,-22.391039416000012,0.0],[-42.678541310000028,-22.391227575,0.0],[-42.678915947,-22.391666597,0.0],[-42.679088183,-22.392141266999985,0.0],[-42.679438477,-22.392427733,0.0],[-42.680104637,-22.392378767,0.0],[-42.680296817000013,-22.392638320000014,0.0],[-42.68062578100001,-22.392741441000013,0.0],[-42.680978627999977,-22.392809362999987,0.0],[-42.681363910000016,-22.39289014,0.0],[-42.681842993,-22.392722002,0.0],[-42.682305014,-22.392777827,0.0],[-42.682903119999978,-22.392786793999978,0.0],[-42.683321829,-22.39287850400002,0.0],[-42.683744523,-22.393090894,0.0],[-42.684152759,-22.393414466,0.0],[-42.684312718,-22.392852718999976,0.0],[-42.684332799000011,-22.392782197999974,0.0],[-42.684583560999982,-22.392558905,0.0],[-42.68475726,-22.39238581,0.0],[-42.685618687999977,-22.392490117,0.0],[-42.686201565,-22.392324014,0.0],[-42.686784088,-22.392155631,0.0],[-42.687032679,-22.391640128,0.0],[-42.687557698000013,-22.391046308000011,0.0],[-42.687805931,-22.390715413,0.0],[-42.687703731999989,-22.390371146,0.0],[-42.687734017,-22.390170911,0.0],[-42.68787020100001,-22.389831187999985,0.0],[-42.688173227,-22.389708969,0.0],[-42.688596949999983,-22.38963977800001,0.0],[-42.689056766,-22.38956274,0.0],[-42.689408853,-22.389475799999982,0.0],[-42.689838329,-22.389146413,0.0],[-42.690351117999988,-22.388779702,0.0],[-42.690839731,-22.388852436,0.0],[-42.69133707000001,-22.388897218,0.0],[-42.691793241000013,-22.388824247,0.0],[-42.69232898100001,-22.388865877000011,0.0],[-42.692814524,-22.389047854000015,0.0],[-42.693216956000022,-22.389179013,0.0],[-42.693551061999983,-22.389091808,0.0],[-42.693659046,-22.388821262,0.0],[-42.693974661000013,-22.388565855999978,0.0],[-42.694631325,-22.387919931,0.0],[-42.694882017,-22.387438558,0.0],[-42.695137423999988,-22.387216447000018,0.0],[-42.695640059999988,-22.387007357000016,0.0],[-42.695841683,-22.386490702999989,0.0],[-42.696050007,-22.386233804,0.0],[-42.696417371999978,-22.385611727,0.0],[-42.696405548,-22.385370516,0.0],[-42.696574505,-22.384938142,0.0],[-42.69668705,-22.384655465000019,0.0],[-42.696899429999988,-22.384450073,0.0],[-42.697355894999987,-22.384079171,0.0],[-42.697912293999977,-22.383984788,0.0],[-42.698363994999987,-22.384009913,0.0],[-42.69916068,-22.384221919,0.0],[-42.699305460000012,-22.384521226,0.0],[-42.699643453,-22.38438765,0.0],[-42.699668030999987,-22.383986663,0.0],[-42.699524438,-22.383424420000019,0.0],[-42.699316687,-22.382936516,0.0],[-42.699269083,-22.382551223999982,0.0],[-42.699647098,-22.381979679,0.0],[-42.699789625,-22.38151348,0.0],[-42.699744492,-22.380977722000022,0.0],[-42.699845564,-22.380845381,0.0],[-42.700034458000012,-22.380839705000014,0.0],[-42.700380883,-22.381095468,0.0],[-42.700721345000012,-22.381167199,0.0],[-42.701130496,-22.380888734999971,0.0],[-42.70144036100001,-22.380633942999989,0.0],[-42.702011163000023,-22.380366135,0.0],[-42.702340357,-22.37984459399998,0.0],[-42.702587316000013,-22.379586283000023,0.0],[-42.702729263,-22.379156139,0.0],[-42.70266422,-22.378737154,0.0],[-42.703130925,-22.37878559000001,0.0],[-42.703673675,-22.378767675999981,0.0],[-42.704114788,-22.37873213300001,0.0],[-42.704656013000012,-22.378908174,0.0],[-42.705111063000011,-22.379667141999988,0.0],[-42.705741208000013,-22.379617553999982,0.0],[-42.706209289,-22.379582388,0.0],[-42.706524156,-22.379570131000026,0.0],[-42.706788726000013,-22.379597831000012,0.0],[-42.707013244999978,-22.379548417,0.0],[-42.707251106,-22.379361911,0.0],[-42.707669967000022,-22.378489919,0.0],[-42.707684571000023,-22.378147316999971,0.0],[-42.707796266999978,-22.377914785,0.0],[-42.707932024999977,-22.377556492,0.0],[-42.707953091,-22.377122691000011,0.0],[-42.708060177999982,-22.376622535,0.0],[-42.708445821999987,-22.376494756,0.0],[-42.708894848,-22.376709610999985,0.0],[-42.709349551,-22.37694180499998,0.0],[-42.709683665999989,-22.377199996999977,0.0],[-42.710047661000011,-22.377586460999989,0.0],[-42.710323753000011,-22.377841891,0.0],[-42.710485287,-22.378146318,0.0],[-42.710676641,-22.377990162,0.0],[-42.71092507,-22.377642507,0.0],[-42.710918249999978,-22.377223213000018,0.0],[-42.710945055,-22.376898046000012,0.0],[-42.710819556,-22.376661613,0.0],[-42.710808259,-22.376367195999986,0.0],[-42.710804218,-22.37595069,0.0],[-42.710759241,-22.375743568,0.0],[-42.710382025,-22.375356919000012,0.0],[-42.709925878999989,-22.374944551,0.0],[-42.710146536,-22.37420278,0.0],[-42.710316831999982,-22.373870202999985,0.0],[-42.710408900999987,-22.373737725999984,0.0],[-42.710583640000017,-22.373497723000025,0.0],[-42.710661838,-22.373429529,0.0],[-42.710857245999989,-22.37325912,0.0],[-42.711147324,-22.373112722,0.0],[-42.711518018999989,-22.372984186999975,0.0],[-42.711292946,-22.372454244,0.0],[-42.711234922000017,-22.371728093,0.0],[-42.711177405,-22.371273673,0.0],[-42.711026638,-22.370716518999977,0.0],[-42.710565761,-22.370194778999984,0.0],[-42.710080597,-22.369627708,0.0],[-42.709511655999989,-22.368739325,0.0],[-42.70908761300003,-22.367983001000013,0.0],[-42.708908748000013,-22.367599159,0.0],[-42.708843611,-22.367210518999986,0.0],[-42.708882436,-22.367035481,0.0],[-42.708985540000022,-22.366777743,0.0],[-42.709180013,-22.36654161900001,0.0],[-42.709203081,-22.366405703,0.0],[-42.708730436,-22.366173257,0.0],[-42.708391601000017,-22.365796926999987,0.0],[-42.708271284,-22.365339172,0.0],[-42.708354281999988,-22.364988993999976,0.0],[-42.70868604,-22.364492017,0.0],[-42.708852046,-22.363947401,0.0],[-42.708906742000018,-22.363525842,0.0],[-42.70933100700001,-22.363245826999979,0.0],[-42.709734814,-22.363026923999989,0.0],[-42.709746301,-22.362324742000013,0.0],[-42.71039037,-22.361912778999987,0.0],[-42.710523071000019,-22.361549776,0.0],[-42.710781428,-22.361450897999987,0.0],[-42.710941892,-22.361342465,0.0],[-42.711484681,-22.361277959999981,0.0],[-42.711723733,-22.360688826,0.0],[-42.712718333,-22.360334991,0.0],[-42.713299741,-22.360225015,0.0],[-42.713928433,-22.360258980000012,0.0],[-42.714544720999982,-22.360175652,0.0],[-42.715209990999988,-22.35992673800002,0.0],[-42.715624161999983,-22.359906668,0.0],[-42.715644228999977,-22.359515106,0.0],[-42.715412351,-22.358851292,0.0],[-42.715399969,-22.35850830499998,0.0],[-42.715629659,-22.357916760999977,0.0],[-42.715780678999977,-22.357475745,0.0],[-42.716076639,-22.357060683,0.0],[-42.716653827,-22.357138026999987,0.0],[-42.717335885,-22.357206176999988,0.0],[-42.718069582999981,-22.357297899999981,0.0],[-42.718711169,-22.357208845,0.0],[-42.719052337,-22.357041143999989,0.0],[-42.719556899999979,-22.356610388,0.0],[-42.720014143000022,-22.356131875,0.0],[-42.720522855000013,-22.355804587,0.0],[-42.721081541,-22.355720481,0.0],[-42.721430534999989,-22.355817368000015,0.0],[-42.722084679,-22.355943634000013,0.0],[-42.722488819,-22.355966043,0.0],[-42.72275039300002,-22.355911195,0.0],[-42.722968254,-22.356054819,0.0],[-42.723552969,-22.356581444999986,0.0],[-42.723963292,-22.356741266,0.0],[-42.724502872000024,-22.356487689,0.0],[-42.725087028,-22.3564959,0.0],[-42.725732192000017,-22.356622025,0.0],[-42.726094795,-22.35643481,0.0],[-42.726573548999987,-22.356291031000016,0.0],[-42.726964603999988,-22.356012239,0.0],[-42.72712553,-22.355787159,0.0],[-42.727333859000012,-22.355689748,0.0],[-42.727507657,-22.355651146,0.0],[-42.727681222,-22.355612595,0.0],[-42.727589312,-22.355576480000014,0.0],[-42.728034019,-22.355475405,0.0],[-42.728712419999987,-22.355769211999974,0.0],[-42.729227565,-22.356152699,0.0],[-42.729726094,-22.356452339,0.0],[-42.730173414,-22.356584034000019,0.0],[-42.730873862000017,-22.356627301,0.0],[-42.731250641,-22.356674389,0.0],[-42.731807702999987,-22.356690558,0.0],[-42.732550922000016,-22.356868198,0.0],[-42.73302426,-22.357058778999985,0.0],[-42.733550439999988,-22.357316989,0.0],[-42.734161041999982,-22.357674400000015,0.0],[-42.734370627000011,-22.357738178000012,0.0],[-42.734614048,-22.357818852,0.0],[-42.735068109,-22.357965335,0.0],[-42.735556996,-22.358306631,0.0],[-42.736052169,-22.35881524000002,0.0],[-42.736298946000012,-22.359119702,0.0],[-42.73648755,-22.359493196,0.0],[-42.736668709,-22.35960147,0.0],[-42.736984885,-22.359505555,0.0],[-42.737256515000013,-22.359688097,0.0],[-42.737462633,-22.359980471,0.0],[-42.737545384,-22.360189337,0.0],[-42.738167438000012,-22.360570593999984,0.0],[-42.739235315999984,-22.360983525999984,0.0],[-42.739748407,-22.360940524999982,0.0],[-42.740026070999981,-22.361002931999987,0.0],[-42.740148521,-22.361213677,0.0],[-42.74005271,-22.361580239,0.0],[-42.73975607000002,-22.362136309,0.0],[-42.739591685,-22.362814432,0.0],[-42.739531194,-22.363133490999978,0.0],[-42.739301126999969,-22.364145044,0.0],[-42.739042723000011,-22.364559503000013,0.0],[-42.739218231999978,-22.365381369000016,0.0],[-42.739315418,-22.36604327600001,0.0],[-42.739327858,-22.36638626600001,0.0],[-42.739317268,-22.367598515999987,0.0],[-42.739518485,-22.367960369,0.0],[-42.739704226,-22.368130689,0.0],[-42.739339177000012,-22.368468404,0.0],[-42.739357321999982,-22.369357648,0.0],[-42.739118891,-22.369861675,0.0],[-42.739009759999988,-22.370495613,0.0],[-42.739289062000012,-22.370457708999982,0.0],[-42.739673791,-22.370571783,0.0],[-42.73974126,-22.370716506,0.0],[-42.740587543,-22.37132871,0.0],[-42.740768161000013,-22.371495068999987,0.0],[-42.741403381,-22.372025734999987,0.0],[-42.741724119,-22.372205802,0.0],[-42.74195201,-22.372568521,0.0],[-42.742940571,-22.372590679,0.0],[-42.74359306600001,-22.37282554,0.0],[-42.744082967999979,-22.37310829800003,0.0],[-42.744690663,-22.373334167,0.0],[-42.745889652000017,-22.373748681,0.0],[-42.746305209000013,-22.373763679,0.0],[-42.746893624,-22.373495652000013,0.0],[-42.74737117,-22.373246096999981,0.0],[-42.748153896,-22.373310635999989,0.0],[-42.748375448,-22.373222048,0.0],[-42.74856236900002,-22.373150587,0.0],[-42.749119459,-22.372986145999981,0.0],[-42.749626162999988,-22.372870750999986,0.0],[-42.750309986,-22.372993024,0.0],[-42.750726469999982,-22.373125558,0.0],[-42.751280650000012,-22.373325576,0.0],[-42.75178918,-22.373485467,0.0],[-42.752145635,-22.373798908,0.0],[-42.752479294,-22.374261990000011,0.0],[-42.752939571000013,-22.374711539999989,0.0],[-42.753166278000023,-22.374973232,0.0],[-42.753253288999979,-22.375103346,0.0],[-42.753527918,-22.375263687,0.0],[-42.753830171000011,-22.375553317,0.0],[-42.754142797999982,-22.375923934000017,0.0],[-42.754454773,-22.37611444,0.0],[-42.75486487500001,-22.376470018,0.0],[-42.75506121,-22.376574025,0.0],[-42.755416505,-22.376643409000014,0.0],[-42.755699706999977,-22.37688673400001,0.0],[-42.755885224,-22.377152164,0.0],[-42.75580513500001,-22.377661100000012,0.0],[-42.756348738,-22.377401076,0.0],[-42.75686323,-22.37727443,0.0],[-42.757213783,-22.377279291,0.0],[-42.757682929999987,-22.377177097000011,0.0],[-42.75790012800001,-22.377088132,0.0],[-42.758153391,-22.376985215,0.0],[-42.758467612,-22.37702074500001,0.0],[-42.758581926000012,-22.377040645,0.0],[-42.758945016999988,-22.37708711,0.0],[-42.759249479999987,-22.377039941,0.0],[-42.759539523,-22.376893452,0.0],[-42.760107733999988,-22.376813179,0.0],[-42.760604033,-22.376943439999987,0.0],[-42.76110818,-22.377145680000019,0.0],[-42.761636897000017,-22.377303931999975,0.0],[-42.762153343999977,-22.377511342999988,0.0],[-42.76268342700002,-22.377794902,0.0],[-42.763111458,-22.377959653,0.0],[-42.763545035999982,-22.378241875000011,0.0],[-42.763692399000014,-22.37856453,0.0],[-42.763896845,-22.378909062,0.0],[-42.764040935,-22.379270768,0.0],[-42.763992177000013,-22.379512435,0.0],[-42.763949911,-22.379967459,0.0],[-42.763979065,-22.380354100999984,0.0],[-42.764228693,-22.38051196000001,0.0],[-42.764529888,-22.380734622,0.0],[-42.764702161999978,-22.381068065,0.0],[-42.764799471,-22.381364357999988,0.0],[-42.76468649,-22.38168292000001,0.0],[-42.76491036100002,-22.382017426000012,0.0],[-42.765189544,-22.382272787000019,0.0],[-42.765471714,-22.382619505,0.0],[-42.766382927999977,-22.38326698,0.0],[-42.766709316000011,-22.383569102,0.0],[-42.766960379000018,-22.38384122,0.0],[-42.767177006,-22.384254435999985,0.0],[-42.767605091,-22.384388763000011,0.0],[-42.767834462999986,-22.38444026900002,0.0],[-42.768274612000013,-22.384291088999984,0.0],[-42.768703435,-22.384221752999974,0.0],[-42.769143068,-22.384334026,0.0],[-42.769520699999987,-22.384401387,0.0],[-42.769862534,-22.384385385,0.0],[-42.770162034000023,-22.38430016500001,0.0],[-42.770486011,-22.384074333999987,0.0],[-42.77070885700001,-22.383873147,0.0],[-42.770823371,-22.383735689,0.0],[-42.770979681,-22.383497849000019,0.0],[-42.771342447,-22.383314691999988,0.0],[-42.771664317,-22.383153392,0.0],[-42.771920141000017,-22.38294284,0.0],[-42.772317566999988,-22.382699710999987,0.0],[-42.772570091,-22.382696283999973,0.0],[-42.77288943,-22.382693777,0.0],[-42.773180409,-22.38256339,0.0],[-42.77334529,-22.382372151999981,0.0],[-42.773492575999988,-22.382122004999989,0.0],[-42.773637736,-22.381904701,0.0],[-42.773765220999977,-22.38178738,0.0],[-42.773805307,-22.381601478,0.0],[-42.773934935,-22.381406952,0.0],[-42.77412568700003,-22.381275593999977,0.0],[-42.77421035,-22.381040248,0.0],[-42.774387641,-22.380795427,0.0],[-42.774755324,-22.380696096999987,0.0],[-42.774963081000017,-22.380705861,0.0],[-42.775288192999987,-22.380807013,0.0],[-42.775495181,-22.380865106,0.0],[-42.775843333,-22.380918234999989,0.0],[-42.776204761,-22.380923144,0.0],[-42.776488989,-22.380940925000015,0.0],[-42.776748604000012,-22.380958305,0.0],[-42.777036957,-22.380659857,0.0],[-42.777325505999983,-22.380634762,0.0],[-42.777674084,-22.380628515000016,0.0],[-42.778037866000012,-22.380665268,0.0],[-42.778546491999982,-22.380900142999987,0.0],[-42.778732088999988,-22.380902693,0.0],[-42.77924027600001,-22.38094814,0.0],[-42.779573819,-22.381093949,0.0],[-42.779871996999987,-22.381204077,0.0],[-42.780134571,-22.381411941,0.0],[-42.780387465,-22.381501417,0.0],[-42.780807617999983,-22.38124917,0.0],[-42.781166914000011,-22.381189597,0.0],[-42.781447873,-22.380973222,0.0],[-42.781897267000012,-22.380328822,0.0],[-42.782524957,-22.380063906999986,0.0],[-42.782631079999987,-22.379927248,0.0],[-42.782941037,-22.379579306000021,0.0],[-42.783208701999989,-22.379271749,0.0],[-42.783395,-22.379046882000011,0.0],[-42.783579236,-22.378968461,0.0],[-42.784078377000021,-22.379100907,0.0],[-42.78441319100002,-22.379126996,0.0],[-42.784908157,-22.37901921100001,0.0],[-42.785260585,-22.37886132,0.0],[-42.785539331,-22.378819902,0.0],[-42.785763414,-22.378595923999985,0.0],[-42.785985133,-22.378406733,0.0],[-42.786310431000011,-22.378303679999988,0.0],[-42.786602077,-22.378135662999984,0.0],[-42.787034617000018,-22.377829815,0.0],[-42.787461828000012,-22.377963948,0.0],[-42.787816411999977,-22.378098524,0.0],[-42.788189897,-22.378228592999989,0.0],[-42.78852123799998,-22.378405767,0.0],[-42.78876630900001,-22.378453674000014,0.0],[-42.789044648000022,-22.378555111,0.0],[-42.789329338000023,-22.378485871999988,0.0],[-42.789538841,-22.378385149999986,0.0],[-42.789851878,-22.378403424999981,0.0],[-42.790066693,-22.378344023,0.0],[-42.790203529,-22.378294326,0.0],[-42.790411785000011,-22.378120848,0.0],[-42.790578379,-22.377915952,0.0],[-42.790712987999989,-22.377855639,0.0],[-42.790891751000011,-22.377334264000012,0.0],[-42.791102393000017,-22.377177289,0.0],[-42.791380128,-22.376911009,0.0],[-42.791297076,-22.376555006,0.0],[-42.791463961999987,-22.37623476700001,0.0],[-42.791825958000011,-22.376003196999989,0.0],[-42.792127903999983,-22.376091347999989,0.0],[-42.79257512,-22.376142429,0.0],[-42.792863094999987,-22.376068838,0.0],[-42.793225526,-22.375947043,0.0],[-42.793357755,-22.37576641999998,0.0],[-42.793487744,-22.375445342,0.0],[-42.793922912,-22.375834632,0.0],[-42.794187987,-22.375976361999985,0.0],[-42.794348662,-22.376170463,0.0],[-42.794568276,-22.376279909999983,0.0],[-42.794677973,-22.376452636,0.0],[-42.794906692999987,-22.376545529,0.0],[-42.795082794999978,-22.376679139,0.0],[-42.795467984,-22.377209227,0.0],[-42.795984491000013,-22.377416533999977,0.0],[-42.796267027999981,-22.37739276,0.0],[-42.796795202999988,-22.377330897999986,0.0],[-42.797058517,-22.37741152,0.0],[-42.79732667,-22.377531497999989,0.0],[-42.797629479999983,-22.377426149,0.0],[-42.797871501,-22.377472447,0.0],[-42.798275997,-22.377477953999982,0.0],[-42.798518526,-22.377492004999986,0.0],[-42.798910619,-22.377551095999987,0.0],[-42.79907716,-22.377652009,0.0],[-42.799624023,-22.377818281999982,0.0],[-42.800023061999987,-22.377941108000023,0.0],[-42.800404925,-22.378087455000014,0.0],[-42.800754003,-22.378206562999981,0.0],[-42.801324763,-22.37840098,0.0],[-42.801951890000012,-22.378526701,0.0],[-42.802425281,-22.378643627,0.0],[-42.80307018100001,-22.37871454,0.0],[-42.803412554999987,-22.378687364,0.0],[-42.803207856,-22.379122363,0.0],[-42.803042467000012,-22.379434882,0.0],[-42.802923012,-22.379680525,0.0],[-42.802672801999982,-22.379903842,0.0],[-42.8025189,-22.38024704,0.0],[-42.802368676,-22.380382536,0.0],[-42.802327925,-22.38105932700001,0.0],[-42.802148820000014,-22.381588639,0.0],[-42.802136155,-22.381938219,0.0],[-42.802273276999983,-22.38264691500002,0.0],[-42.802350819,-22.382910387999988,0.0],[-42.802303529,-22.383226901999972,0.0],[-42.802034713,-22.383651915999987,0.0],[-42.802139998999976,-22.38404007,0.0],[-42.80214471,-22.384212779,0.0],[-42.802192881999979,-22.384455135999989,0.0],[-42.802166269,-22.384731004999985,0.0],[-42.802156854,-22.385034685,0.0],[-42.80231338799998,-22.385292373,0.0],[-42.802302599999983,-22.385506305,0.0],[-42.802179701999989,-22.385787541000017,0.0],[-42.802277986999989,-22.386127490000014,0.0],[-42.802460554,-22.386323333,0.0],[-42.802454963999978,-22.386662085000022,0.0],[-42.802298630999978,-22.387046983,0.0],[-42.802847470000017,-22.387219437999988,0.0],[-42.80337719900001,-22.387060896,0.0],[-42.803689997,-22.387002994000017,0.0],[-42.804116308999987,-22.387010369,0.0],[-42.804743056,-22.387093258,0.0],[-42.805202822000012,-22.38713402900002,0.0],[-42.805473294999977,-22.387407026,0.0],[-42.805885809000024,-22.387619797000024,0.0],[-42.806433586,-22.387730816999984,0.0],[-42.806670298999983,-22.387789275,0.0],[-42.806901923,-22.388172235,0.0],[-42.806969719999977,-22.388475739999976,0.0],[-42.807243614,-22.38863955799998,0.0],[-42.807777601,-22.38856195,0.0],[-42.808195671,-22.38854197500001,0.0],[-42.808552258,-22.388532995999981,0.0],[-42.809392229,-22.388660327,0.0],[-42.809885193,-22.388772044000014,0.0],[-42.810351603000022,-22.388852316,0.0],[-42.811077284,-22.388995362000014,0.0],[-42.811559873,-22.389001895,0.0],[-42.811955557999987,-22.389005570999988,0.0],[-42.812407501,-22.38893643099998,0.0],[-42.81280002099998,-22.388934272999983,0.0],[-42.813082967,-22.388953446,0.0],[-42.813361965000013,-22.389157488,0.0],[-42.813672167999982,-22.389383565999985,0.0],[-42.813846366,-22.389523141,0.0],[-42.814037027999987,-22.389677646999981,0.0],[-42.814160545999982,-22.389851962,0.0],[-42.814290625000012,-22.390081613,0.0],[-42.814448999,-22.390401422,0.0],[-42.814548146,-22.390565756,0.0],[-42.814673764,-22.39074975,0.0],[-42.814949512999988,-22.391239204,0.0],[-42.815176648,-22.39150029,0.0],[-42.814534891999983,-22.391878641,0.0],[-42.814125462,-22.39209587700001,0.0],[-42.813579877999977,-22.392328007999989,0.0],[-42.81287734,-22.392603836999989,0.0],[-42.812069720000011,-22.392791356,0.0],[-42.811566468999978,-22.392978056,0.0],[-42.81145924,-22.39326329,0.0],[-42.811117601,-22.394080492999986,0.0],[-42.811005582,-22.394671458,0.0],[-42.810873312999988,-22.395243037,0.0],[-42.810918499,-22.396294825,0.0],[-42.810868123000013,-22.396886625000015,0.0],[-42.810944033,-22.397289011,0.0],[-42.811090063999977,-22.397766407,0.0],[-42.810567055,-22.397942084,0.0],[-42.810091458999977,-22.398043148,0.0],[-42.809602450999982,-22.398262286,0.0],[-42.809366557000011,-22.398560107,0.0],[-42.809395168000023,-22.398947517999979,0.0],[-42.809294609000013,-22.399462187,0.0],[-42.809182539000012,-22.399885071999986,0.0],[-42.808711037,-22.400468420999989,0.0],[-42.808933042999989,-22.400647025,0.0],[-42.809197117999979,-22.401010154999987,0.0],[-42.809593561,-22.401533949999987,0.0],[-42.809719742,-22.401832114,0.0],[-42.809674423,-22.402111998,0.0],[-42.809537293999988,-22.402851532999989,0.0],[-42.809546355000023,-22.403397952,0.0],[-42.8095587,-22.403757668,0.0],[-42.809570783,-22.404134105,0.0],[-42.809790829,-22.404438107,0.0],[-42.810309468,-22.404944819999987,0.0],[-42.810537869,-22.405231642,0.0],[-42.810903881,-22.405238203999989,0.0],[-42.811127109999987,-22.405242207,0.0],[-42.811694438000018,-22.405191359000018,0.0],[-42.811986471000019,-22.405472249000013,0.0],[-42.812300268,-22.405636959,0.0],[-42.812498603,-22.405651061000011,0.0],[-42.812948769,-22.405571216,0.0],[-42.813398357,-22.405528191999988,0.0],[-42.814047031999984,-22.405418499999989,0.0],[-42.814775756000017,-22.405391931,0.0],[-42.814967668000023,-22.405770799,0.0],[-42.815307615999977,-22.405884097,0.0],[-42.81577252,-22.406057616,0.0],[-42.816712107,-22.406354611,0.0],[-42.817215329,-22.406378132,0.0],[-42.818115746,-22.40613215,0.0],[-42.818790898,-22.406018495000016,0.0],[-42.819197347,-22.406145683999988,0.0],[-42.819664345000014,-22.406185433,0.0],[-42.820096946,-22.406124376,0.0],[-42.820736987,-22.406024307999981,0.0],[-42.821268226,-22.405981303,0.0],[-42.821779136000011,-22.406088531,0.0],[-42.821971327999989,-22.406450673,0.0],[-42.822157397000012,-22.407205731999987,0.0],[-42.822144104,-22.407481486999981,0.0],[-42.82223349,-22.408093094,0.0],[-42.822254598,-22.408469654,0.0],[-42.822337468999983,-22.408922300999986,0.0],[-42.822598415000023,-22.409178919999981,0.0],[-42.82312265600001,-22.409342602,0.0],[-42.823523499,-22.409565407999974,0.0],[-42.823841705,-22.409920884,0.0],[-42.824016056,-22.410274423000011,0.0],[-42.824660116,-22.410664676,0.0],[-42.825048507,-22.411160987,0.0],[-42.825174124,-22.411334941000018,0.0],[-42.825424770999987,-22.411455714,0.0],[-42.825542127000013,-22.411683268,0.0],[-42.82573896600001,-22.411897652,0.0],[-42.825913241,-22.412087461999977,0.0],[-42.826006252000013,-22.412271523,0.0],[-42.826093535,-22.41239009600001,0.0],[-42.82642026900001,-22.412394492,0.0],[-42.827005842999988,-22.412947932000019,0.0],[-42.827455562000019,-22.413068267999972,0.0],[-42.82806873,-22.413027698,0.0],[-42.828885215000021,-22.412931765999975,0.0],[-42.829489558000013,-22.412818983,0.0],[-42.83017438600001,-22.412659041999984,0.0],[-42.83066933,-22.41268845,0.0],[-42.831294303999989,-22.412981139000014,0.0],[-42.83195703900001,-22.413131857,0.0],[-42.832410229,-22.413124127000014,0.0],[-42.833042282000022,-22.41307736,0.0],[-42.833619463,-22.413216313,0.0],[-42.833960195,-22.413276128999989,0.0],[-42.834703558,-22.413208677000014,0.0],[-42.835092455999977,-22.413063413,0.0],[-42.835646374,-22.41304804,0.0],[-42.836347639,-22.413066418,0.0],[-42.836572200000013,-22.413051908999989,0.0],[-42.836868305,-22.413018144,0.0],[-42.837277689,-22.412961472,0.0],[-42.837591616999987,-22.412878824,0.0],[-42.837909089,-22.412720350999987,0.0],[-42.838310899,-22.412429736999982,0.0],[-42.838581294999983,-22.412257450999988,0.0],[-42.838857292,-22.411836598,0.0],[-42.839141582,-22.411480847000011,0.0],[-42.839467076999988,-22.411368136,0.0],[-42.839998206,-22.411333428999988,0.0],[-42.840537036,-22.411603181,0.0],[-42.840703985999987,-22.411854024000018,0.0],[-42.841293888999978,-22.412131237000011,0.0],[-42.841870736,-22.412370224999979,0.0],[-42.842157812000018,-22.412415869,0.0],[-42.842453104,-22.412511792,0.0],[-42.842943108,-22.412810997,0.0],[-42.843805491000019,-22.412815432000013,0.0],[-42.844432891,-22.412986528000015,0.0],[-42.845010121,-22.413410103,0.0],[-42.845531607999988,-22.413789978,0.0],[-42.846073887,-22.41426681,0.0],[-42.846422281,-22.414493842000013,0.0],[-42.846795669000016,-22.414663163,0.0],[-42.847106709,-22.414722556,0.0],[-42.847429213999987,-22.414748823,0.0],[-42.847655168000017,-22.414798923999989,0.0],[-42.847875820000013,-22.414939982,0.0],[-42.848382493,-22.415316862,0.0],[-42.848616699,-22.41554376,0.0],[-42.849023004,-22.415687289,0.0],[-42.849436311000012,-22.415858534,0.0],[-42.849899293,-22.416004671,0.0],[-42.850456224,-22.416207352000015,0.0],[-42.850926919000017,-22.416327522,0.0],[-42.851134391000024,-22.41649300500001,0.0],[-42.851547525000015,-22.416708432999989,0.0],[-42.852288119,-22.416849494,0.0],[-42.85240377600001,-22.416917253,0.0],[-42.852278713,-22.417048472,0.0],[-42.852277613000012,-22.417049626,0.0],[-42.85205102699998,-22.417204908999977,0.0],[-42.851461696999984,-22.417356261000013,0.0],[-42.850649869999977,-22.417512695999989,0.0],[-42.850670926,-22.417897616999976,0.0],[-42.850701616,-22.418240857000015,0.0],[-42.850706361,-22.41851686,0.0],[-42.850792289,-22.418777217999985,0.0],[-42.851013094,-22.419039371,0.0],[-42.851231560999977,-22.41927687,0.0],[-42.85155553300001,-22.420024915,0.0],[-42.851619878,-22.420519114999983,0.0],[-42.851974456999983,-22.421044165000019,0.0],[-42.851900207,-22.421319807,0.0],[-42.85167811,-22.421737675,0.0],[-42.851259897000013,-22.422287022000024,0.0],[-42.851162384,-22.422779068000022,0.0],[-42.851175092000013,-22.42312207,0.0],[-42.851204239,-22.423565632,0.0],[-42.851154645000022,-22.423865996,0.0],[-42.851158102999982,-22.424225597999982,0.0],[-42.851136515,-22.42445944,0.0],[-42.851016912999988,-22.424633446,0.0],[-42.850634094,-22.424962821,0.0],[-42.850681802,-22.425177372000018,0.0],[-42.85053413,-22.425613708,0.0],[-42.850683521,-22.425841464000012,0.0],[-42.851244930999989,-22.425751150999986,0.0],[-42.851732323,-22.42593719000001,0.0],[-42.852246449000013,-22.426316949000018,0.0],[-42.85256282,-22.426514522,0.0],[-42.853184109,-22.426688526,0.0],[-42.854319739999987,-22.426738123000021,0.0],[-42.854864780000021,-22.427076077,0.0],[-42.856692517999988,-22.426511459,0.0],[-42.857382651999977,-22.42628735200001,0.0],[-42.857675632999978,-22.426447201999977,0.0],[-42.857858965,-22.426547227000011,0.0],[-42.858264913,-22.42705432,0.0],[-42.858639257,-22.427276690999985,0.0],[-42.859735616,-22.427317616,0.0],[-42.86030529,-22.427629027,0.0],[-42.860658567,-22.427700942999977,0.0],[-42.86108495,-22.427911157999983,0.0],[-42.861821561000014,-22.427971084999985,0.0],[-42.862551927000013,-22.429025981999985,0.0],[-42.863115862999983,-22.428615356,0.0],[-42.863741802,-22.428669294,0.0],[-42.864057003,-22.428828493,0.0],[-42.864549250000017,-22.429250561,0.0],[-42.865365473,-22.429723789000011,0.0],[-42.8657793,-22.43030622500001,0.0],[-42.866094651,-22.430474103999973,0.0],[-42.866536369000023,-22.430786934,0.0],[-42.867167461,-22.430970223,0.0],[-42.867635189,-22.431473631,0.0],[-42.867971299999986,-22.431656355999987,0.0],[-42.868490018,-22.431791271,0.0],[-42.868855533999977,-22.431926276,0.0],[-42.86910042,-22.432165158,0.0],[-42.86926904300001,-22.432668547,0.0],[-42.869627642000019,-22.432945359,0.0],[-42.869782072,-22.433235561000011,0.0],[-42.869815491,-22.433403238000011,0.0],[-42.869690924,-22.433903304000019,0.0],[-42.86932406,-22.434366725,0.0],[-42.868397332,-22.434973265,0.0],[-42.868870764,-22.435188562,0.0],[-42.869215104,-22.435611198999986,0.0],[-42.869138308,-22.435927934999988,0.0],[-42.868962444,-22.43638634,0.0],[-42.868803183000011,-22.436709957999984,0.0],[-42.868668221,-22.437259621000017,0.0],[-42.869002167,-22.437774101000013,0.0],[-42.869391478,-22.438197331999987,0.0],[-42.869694588000023,-22.438283875,0.0],[-42.869821362,-22.438320071,0.0],[-42.870125494999989,-22.438549572999975,0.0],[-42.870299761999988,-22.438755083,0.0],[-42.870708341000011,-22.439083127999982,0.0],[-42.871346570000028,-22.43945065700002,0.0],[-42.871591200999987,-22.439647251,0.0],[-42.871924961,-22.439845019,0.0],[-42.872346168,-22.440154435,0.0],[-42.872697038000013,-22.440307912,0.0],[-42.872914941999987,-22.440530249999981,0.0],[-42.873350747000018,-22.440880287999974,0.0],[-42.873501421,-22.441044417,0.0],[-42.874098087999982,-22.441540298999989,0.0],[-42.874313297000022,-22.441718085,0.0],[-42.874468104000023,-22.441959531,0.0],[-42.87473777400001,-22.442312298,0.0],[-42.874854682000013,-22.442600055,0.0],[-42.874720484,-22.442948107000014,0.0],[-42.87432835300001,-22.443329676,0.0],[-42.873817095,-22.444033334,0.0],[-42.873462593999982,-22.444321568,0.0],[-42.872946603,-22.444868030999981,0.0],[-42.872706783000012,-22.445173728,0.0],[-42.872300097999982,-22.445532641999989,0.0],[-42.871932049,-22.445805331999981,0.0],[-42.871564535999987,-22.446102848,0.0],[-42.87204287700002,-22.446210741000023,0.0],[-42.872492227,-22.446393825,0.0],[-42.872750999,-22.446753992999977,0.0],[-42.873016856,-22.447016715,0.0],[-42.87351649,-22.447674406,0.0],[-42.87359652300001,-22.448012930999987,0.0],[-42.873523020999983,-22.448549703,0.0],[-42.873656391999987,-22.448831595,0.0],[-42.873808978,-22.449377429,0.0],[-42.873893271,-22.449393406000013,0.0],[-42.874153218000011,-22.449442678,0.0],[-42.874425856000023,-22.449279301,0.0],[-42.874670262999977,-22.448903191999985,0.0],[-42.875023827,-22.448723887999979,0.0],[-42.875444625999982,-22.448854858,0.0],[-42.87589957,-22.448646914,0.0],[-42.875924739999981,-22.448635409,0.0],[-42.876412828000021,-22.448482958999982,0.0],[-42.877376442000013,-22.44841202,0.0],[-42.877747514,-22.448420647,0.0],[-42.878424972999987,-22.44837365,0.0],[-42.878861542000017,-22.44844448,0.0],[-42.87931831,-22.448487207,0.0],[-42.879745984,-22.44858823400001,0.0],[-42.880244076,-22.448814014999989,0.0],[-42.880585677,-22.449206395,0.0],[-42.880775124,-22.449633873000014,0.0],[-42.881248656,-22.449787538000017,0.0],[-42.881752153,-22.449811496,0.0],[-42.882196252,-22.450060177000022,0.0],[-42.882461258000014,-22.450427933000011,0.0],[-42.882696194,-22.45065874900002,0.0],[-42.883254674999989,-22.451147968,0.0],[-42.883536419,-22.451517528,0.0],[-42.883789734,-22.452041247000022,0.0],[-42.884478853,-22.452384465,0.0],[-42.88494773,-22.452634702,0.0],[-42.885014972999983,-22.45308076200001,0.0],[-42.885121659,-22.453429091999979,0.0],[-42.88528711,-22.45356562600001,0.0],[-42.885596802,-22.453700925,0.0],[-42.886450508,-22.453972474000022,0.0],[-42.887253208999986,-22.45437825,0.0],[-42.887935890999977,-22.454622415,0.0],[-42.888854858,-22.454736223,0.0],[-42.889458295,-22.454812900999979,0.0],[-42.889989014000022,-22.454889230999971,0.0],[-42.890354971,-22.455097572999989,0.0],[-42.89050561,-22.455248642,0.0],[-42.890653073,-22.455610132000011,0.0],[-42.890520697,-22.456034857,0.0],[-42.890282975,-22.45642825,0.0],[-42.890248947,-22.456826775999989,0.0],[-42.890208216,-22.457051749000023,0.0],[-42.890081944,-22.457379682000017,0.0],[-42.889969961,-22.457678471,0.0],[-42.889754500000024,-22.458051915999981,0.0],[-42.889863696,-22.458235483,0.0],[-42.89024844599998,-22.458708875,0.0],[-42.890957790000023,-22.458520112,0.0],[-42.891506172,-22.458287874,0.0],[-42.891876266999986,-22.458053302,0.0],[-42.892295144,-22.457885650000023,0.0],[-42.892623575000023,-22.457768412000011,0.0],[-42.893329399,-22.457528518,0.0],[-42.893777725999989,-22.457341252,0.0],[-42.894095189999987,-22.45732805099998,0.0],[-42.894342091999981,-22.457459367000023,0.0],[-42.894667554,-22.457555694999982,0.0],[-42.894989794,-22.457712922,0.0],[-42.895244005,-22.458088077000017,0.0],[-42.895885587,-22.458243775999982,0.0],[-42.89628122,-22.458285768999986,0.0],[-42.896869886,-22.458420897,0.0],[-42.897097190000018,-22.458440133000011,0.0],[-42.897306254,-22.45850795,0.0],[-42.897746022,-22.45903228,0.0],[-42.89836302,-22.458193204,0.0],[-42.898730904,-22.457457894999983,0.0],[-42.899166642,-22.457457820999984,0.0],[-42.899650306999987,-22.457574615999974,0.0],[-42.900145681,-22.457571858,0.0],[-42.900892741,-22.457659509999989,0.0],[-42.901640045,-22.457674179,0.0],[-42.901822904,-22.457372690999975,0.0],[-42.901814689,-22.456744124,0.0],[-42.902051704,-22.456295528,0.0],[-42.902721989,-22.456399651,0.0],[-42.903348889999982,-22.456286374,0.0],[-42.904034113999977,-22.456017732,0.0],[-42.904454435,-22.455834625,0.0],[-42.90480617,-22.455559400999988,0.0],[-42.90523437600001,-22.455193848,0.0],[-42.905517611999983,-22.454985982,0.0],[-42.905788288999979,-22.454782878999985,0.0],[-42.906045406000011,-22.454813833999989,0.0],[-42.906342232,-22.454866503999988,0.0],[-42.906656808,-22.454903132,0.0],[-42.907086274999983,-22.454828007,0.0],[-42.907603707,-22.454801509,0.0],[-42.907915107000029,-22.455049638,0.0],[-42.908209249,-22.45528127,0.0],[-42.908556391,-22.455481045,0.0],[-42.908920429,-22.455729733999981,0.0],[-42.909109917,-22.455927583,0.0],[-42.909503526,-22.455932587000014,0.0],[-42.909740293,-22.455919481,0.0],[-42.910212619,-22.455861426000016,0.0],[-42.910823326000013,-22.456079966,0.0],[-42.911154188999987,-22.456198159999975,0.0],[-42.911643562999977,-22.456253315,0.0],[-42.912051657000013,-22.456372827999989,0.0],[-42.912557245,-22.456371806,0.0],[-42.912959229,-22.456228351,0.0],[-42.91326816399998,-22.455890435000015,0.0],[-42.913451845,-22.455372509999989,0.0],[-42.913803792000017,-22.455167221,0.0],[-42.913928989999981,-22.455067748,0.0],[-42.914165947000022,-22.45496149,0.0],[-42.914417753000023,-22.45482688800001,0.0],[-42.914671202,-22.454605435,0.0],[-42.914884409,-22.454396645,0.0],[-42.915152235999983,-22.453989,0.0],[-42.915225251,-22.453847776000011,0.0],[-42.915334409,-22.453572549999983,0.0],[-42.91547906,-22.453265236,0.0],[-42.91576925,-22.453190062000015,0.0],[-42.916038068999988,-22.452961351999988,0.0],[-42.916106036,-22.452592189999976,0.0],[-42.916260566000012,-22.452386053999987,0.0],[-42.916469595,-22.452339018,0.0],[-42.91703710900002,-22.452097448,0.0],[-42.917287746999989,-22.451867370999988,0.0],[-42.917611951,-22.451588584,0.0],[-42.917891629,-22.451328778999979,0.0],[-42.917953441000023,-22.451271359999986,0.0],[-42.918103728,-22.451048875,0.0],[-42.918188646999987,-22.451006548,0.0],[-42.91824517500001,-22.45109878,0.0],[-42.918342061,-22.451256859000015,0.0],[-42.918339147,-22.45145197299998,0.0],[-42.918420053999988,-22.451677515999979,0.0],[-42.918480264000017,-22.451805961,0.0],[-42.918540474,-22.451934407,0.0],[-42.91865252,-22.452127941000015,0.0],[-42.91872968500001,-22.452228428000012,0.0],[-42.918803098000019,-22.452294942999988,0.0],[-42.918896847,-22.45237656,0.0],[-42.918963708,-22.45243581,0.0],[-42.919077088999977,-22.452539201999986,0.0],[-42.919127361999983,-22.452617315,0.0],[-42.919182784,-22.452716043,0.0],[-42.91932899,-22.452988455999975,0.0],[-42.919442231999987,-22.453237538,0.0],[-42.919619963,-22.453464905000018,0.0],[-42.919823003,-22.4537156,0.0],[-42.919936923999977,-22.453908520999978,0.0],[-42.920002616,-22.45406722900001,0.0],[-42.92002133,-22.454679454999972,0.0],[-42.920070063,-22.454854244,0.0],[-42.920195074,-22.455058855,0.0],[-42.920247829,-22.455205143999986,0.0],[-42.920286769,-22.455379122000021,0.0],[-42.920371976000013,-22.455559719999982,0.0],[-42.920681449999989,-22.456106513999988,0.0],[-42.920723845,-22.456390281000012,0.0],[-42.920691582000011,-22.457013557,0.0],[-42.920750231,-22.457497931999985,0.0],[-42.920919168999987,-22.458226625,0.0],[-42.921049911,-22.458719783999989,0.0],[-42.921200061,-22.459711557,0.0],[-42.921218663,-22.460062991999983,0.0],[-42.9212094,-22.460312668000014,0.0],[-42.921083882999987,-22.46088948,0.0],[-42.92103081,-22.46113337800001,0.0],[-42.921030172,-22.461400924,0.0],[-42.921134509000012,-22.461851462999988,0.0],[-42.921207054,-22.462538504,0.0],[-42.921323621999989,-22.463193939000018,0.0],[-42.921467355000011,-22.463907544,0.0],[-42.921632335,-22.464218314999989,0.0],[-42.921996868000022,-22.464680202,0.0],[-42.922123875000011,-22.464878666,0.0],[-42.922218565000023,-22.465170736999983,0.0],[-42.922284955,-22.465494826,0.0],[-42.922325011,-22.466110342000015,0.0],[-42.922264307,-22.466851501000011,0.0],[-42.922182303999989,-22.467217462000015,0.0],[-42.922154159,-22.467487990999988,0.0],[-42.922157276,-22.467617307000019,0.0],[-42.922166574000016,-22.467686347000015,0.0],[-42.922204991,-22.467851161000013,0.0],[-42.922493395000011,-22.468332506,0.0],[-42.922814285000022,-22.468993374,0.0],[-42.92290866,-22.469217934999975,0.0],[-42.922949375,-22.469371249,0.0],[-42.922981440999983,-22.469494675,0.0],[-42.922991625,-22.469753838,0.0],[-42.922977646,-22.469890619,0.0],[-42.922969102,-22.469974213999983,0.0],[-42.922948486999978,-22.470095202,0.0],[-42.922807784,-22.470469520999988,0.0],[-42.922674562999987,-22.470663963,0.0],[-42.922561111,-22.470906292,0.0],[-42.922494385,-22.471061034000016,0.0],[-42.922410700999983,-22.471393218999989,0.0],[-42.922291222000013,-22.472157535,0.0],[-42.922196664000019,-22.472612711,0.0],[-42.922127622,-22.472850202,0.0],[-42.921966331,-22.473211700000011,0.0],[-42.921848664,-22.473583136,0.0],[-42.921756005,-22.473911246999979,0.0],[-42.921659212000023,-22.474395472,0.0],[-42.921441410999982,-22.475307297999969,0.0],[-42.92142354,-22.475451329,0.0],[-42.921422080000021,-22.475530704,0.0],[-42.92149777800001,-22.475982925,0.0],[-42.921466023,-22.476048463999984,0.0],[-42.921402937000018,-22.476162813999974,0.0],[-42.921293889,-22.47629065,0.0],[-42.921185662000013,-22.476375124,0.0],[-42.921001570999977,-22.476443566999983,0.0],[-42.920222827,-22.476625323,0.0],[-42.920063635,-22.476739344000013,0.0],[-42.919598243,-22.47728255,0.0],[-42.918944756999977,-22.478254952,0.0],[-42.918733162,-22.478511563000019,0.0],[-42.918569844,-22.478679099999987,0.0],[-42.918408359,-22.478793388999982,0.0],[-42.918206534,-22.478936226999974,0.0],[-42.91759423700001,-22.479508272000011,0.0],[-42.917372855999979,-22.479741728,0.0],[-42.917298894999988,-22.479836099000021,0.0],[-42.917258477,-22.479864698,0.0],[-42.917162017000017,-22.479914110000017,0.0],[-42.917049937,-22.479955735,0.0],[-42.916702810000011,-22.48010882099998,0.0],[-42.916356954000022,-22.480313354,0.0],[-42.915977586999986,-22.480695269,0.0],[-42.915560545999988,-22.481270032,0.0],[-42.915475771,-22.481461025,0.0],[-42.915407722999987,-22.481622694000016,0.0],[-42.915387396000014,-22.481785515000016,0.0],[-42.915367476,-22.481933472999987,0.0],[-42.915206404,-22.482519357999987,0.0],[-42.91502331,-22.483172435000011,0.0],[-42.914922722999989,-22.483613905999981,0.0],[-42.914802439,-22.48389853,0.0],[-42.91478423100002,-22.483941613000013,0.0],[-42.914749986,-22.484029878,0.0],[-42.91470061299998,-22.484088055,0.0],[-42.914659602,-22.484131587000018,0.0],[-42.914619188000017,-22.484152858,0.0],[-42.914570615,-22.484181348,0.0],[-42.91443721400001,-22.484239823,0.0],[-42.913913596,-22.484366354999988,0.0],[-42.913891075,-22.484534352,0.0],[-42.913819964,-22.484708482999981,0.0],[-42.913688803,-22.485037447,0.0],[-42.913685289999989,-22.485171227999977,0.0],[-42.913682949,-22.485260404999973,0.0],[-42.913643980000018,-22.485924642,0.0],[-42.913620592999983,-22.486153730000012,0.0],[-42.913602086,-22.486249961000013,0.0],[-42.913558844,-22.486375310999978,0.0],[-42.913475879,-22.486492215,0.0],[-42.913375910000013,-22.486593037000024,0.0],[-42.913197503,-22.486692683999987,0.0],[-42.913060201,-22.486748734999985,0.0],[-42.912399209,-22.487087109000019,0.0],[-42.911811784,-22.487480862,0.0],[-42.91155812,-22.487712440999985,0.0],[-42.911450164,-22.487873279,0.0],[-42.911391081999987,-22.48799815100001,0.0],[-42.911364512999988,-22.488101528000012,0.0],[-42.911347049999982,-22.488160538,0.0],[-42.91126842900001,-22.488588964999987,0.0],[-42.911281802,-22.488693331,0.0],[-42.911335113,-22.488798689,0.0],[-42.911510008999983,-22.489077815,0.0],[-42.911532104999978,-22.48915266,0.0],[-42.911530609,-22.489212049999978,0.0],[-42.911520752,-22.489286082,0.0],[-42.91117929,-22.489916352,0.0],[-42.911009537999988,-22.490788844000011,0.0],[-42.910950647,-22.491062837000019,0.0],[-42.910907903000023,-22.49117315199998,0.0],[-42.910833190999988,-22.491282648,0.0],[-42.910763574,-22.491341226,0.0],[-42.910682866,-22.491368902999987,0.0],[-42.910538553,-22.491380118,0.0],[-42.910314824,-22.491367047000015,0.0],[-42.909737089,-22.491434171,0.0],[-42.909575918,-22.491482088999984,0.0],[-42.909414746000017,-22.491530006,0.0],[-42.909172396,-22.491627845000014,0.0],[-42.909099200000014,-22.491677971,0.0],[-42.909041818,-22.491735917,0.0],[-42.908991903000022,-22.491816318,0.0],[-42.90896544200001,-22.491919572999986,0.0],[-42.908813587999987,-22.492369895,0.0],[-42.908675196,-22.492814235,0.0],[-42.908485471000013,-22.493278065,0.0],[-42.908236312,-22.493775296,0.0],[-42.907822955,-22.494449503,0.0],[-42.907530765,-22.494969571,0.0],[-42.907493229000018,-22.495035352,0.0],[-42.907467348999987,-22.49511625100001,0.0],[-42.907462064000022,-22.49517172,0.0],[-42.907460692,-22.495230991,0.0],[-42.907456358,-22.495534714999984,0.0],[-42.907429812000011,-22.496068866,0.0],[-42.907403711,-22.49650529100002,0.0],[-42.907316578,-22.496814096,0.0],[-42.907265542,-22.496946058,0.0],[-42.907205838,-22.497107389,0.0],[-42.907122848,-22.497238492999987,0.0],[-42.907065205000023,-22.497311027,0.0],[-42.907007736,-22.497376158,0.0],[-42.906551326999981,-22.497756597,0.0],[-42.906411991999988,-22.497908347,0.0],[-42.906289326,-22.498030919000012,0.0],[-42.906157527999987,-22.498204988999984,0.0],[-42.906018927,-22.498327111000012,0.0],[-42.905897476,-22.498397917,0.0],[-42.905394903,-22.498774116,0.0],[-42.904635517,-22.499146337000013,0.0],[-42.904497676000013,-22.499238847,0.0],[-42.904181797,-22.499437575,0.0],[-42.903630723,-22.49980741600001,0.0],[-42.903373433000013,-22.499983511999989,0.0],[-42.903336718,-22.500008509999986,0.0],[-42.903095958999977,-22.500172439000018,0.0],[-42.903038341000013,-22.500213319,0.0],[-42.902988152999988,-22.500260221,0.0],[-42.902931679999988,-22.50030823,0.0],[-42.902881382000011,-22.500358354,0.0],[-42.902825646,-22.500405094,0.0],[-42.902767092999987,-22.500453041000011,0.0],[-42.902709947999988,-22.500500384,0.0],[-42.902660562999984,-22.500544084999984,0.0],[-42.902602594,-22.500595274000013,0.0],[-42.902549851,-22.500635652,0.0],[-42.902501589999979,-22.500687126,0.0],[-42.902447349999989,-22.500730685,0.0],[-42.9023763,-22.500758268,0.0],[-42.902308782000013,-22.500784021000015,0.0],[-42.90224639600001,-22.50082218,0.0],[-42.902184054,-22.50085905,0.0],[-42.90211490799998,-22.50089185,0.0],[-42.902042800000011,-22.500909728,0.0],[-42.901973276,-22.500912845,0.0],[-42.901898489,-22.500907423,0.0],[-42.901827257,-22.500899524999987,0.0],[-42.901749134999989,-22.500890135,0.0],[-42.901678684,-22.50087968,0.0],[-42.901605064999977,-22.500880742,0.0],[-42.901532504,-22.500891510999974,0.0],[-42.901462871,-22.50089785,0.0],[-42.901387579000023,-22.500907248,0.0],[-42.901308215,-22.500913947000015,0.0],[-42.901236567000012,-22.500918292,0.0],[-42.901164984,-22.500920704,0.0],[-42.901084452,-22.500920918,0.0],[-42.901006758999984,-22.50091928,0.0],[-42.900924928999977,-22.500916875,0.0],[-42.900845870999987,-22.500914553,0.0],[-42.900770281,-22.500912331,0.0],[-42.900698852,-22.500910233,0.0],[-42.900630978,-22.500905657999986,0.0],[-42.900559944,-22.500891959999965,0.0],[-42.900496349000022,-22.500863646,0.0],[-42.90044726,-22.500817052,0.0],[-42.900406041,-22.500763592999981,0.0],[-42.900367077000013,-22.500705041,0.0],[-42.900322235999987,-22.500655992,0.0],[-42.900268073999989,-22.500615697999976,0.0],[-42.900206932,-22.500576491,0.0],[-42.900138306999978,-22.500553188000012,0.0],[-42.900073755999983,-22.500532585999984,0.0],[-42.89999735,-22.500513569,0.0],[-42.899923388,-22.500504301,0.0],[-42.899842250999988,-22.500501915,0.0],[-42.899769414,-22.500500420000016,0.0],[-42.899697853,-22.500502187,0.0],[-42.899628374,-22.500504015,0.0],[-42.899559367999977,-22.500512307,0.0],[-42.899490945,-22.500523842,0.0],[-42.899414201000013,-22.500535132,0.0],[-42.899341334,-22.500554921,0.0],[-42.899273451000013,-22.500570986000028,0.0],[-42.899203533,-22.500585702,0.0],[-42.89913131399998,-22.500606798999989,0.0],[-42.899071272,-22.500637285000014,0.0],[-42.899010469,-22.500669683999988,0.0],[-42.898942995000013,-22.500694146,0.0],[-42.898872514999987,-22.500704975,0.0],[-42.89879824600002,-22.500704727,0.0],[-42.89872553999998,-22.500699365000013,0.0],[-42.898656236,-22.500696037000019,0.0],[-42.898587625,-22.50069273,0.0],[-42.898516218,-22.500689986,0.0],[-42.898445978,-22.500693726,0.0],[-42.898382467999987,-22.50072411,0.0],[-42.89833306,-22.500768453999989,0.0],[-42.898277928,-22.50081779,0.0],[-42.898214570999983,-22.500843664,0.0],[-42.898148353,-22.500872031999986,0.0],[-42.898081286,-22.500904891999983,0.0],[-42.89801270200001,-22.500941576,0.0],[-42.897952548999989,-22.500975285,0.0],[-42.897896315,-22.501016203,0.0],[-42.897846060000013,-22.501065036999989,0.0],[-42.897799921,-22.501115282,0.0],[-42.897741124,-22.501170314999989,0.0],[-42.897683328,-22.501216347,0.0],[-42.897625444,-22.501264956000014,0.0],[-42.897576596999983,-22.501313187,0.0],[-42.897534377999982,-22.501370643,0.0],[-42.897492479,-22.501439073,0.0],[-42.897456777,-22.501508975999982,0.0],[-42.89742561,-22.501568047000013,0.0],[-42.897394004,-22.501640004,0.0],[-42.89736807700001,-22.501708259999983,0.0],[-42.897345209000022,-22.501768218999981,0.0],[-42.897308472,-22.50182777,0.0],[-42.897256566000017,-22.501884297,0.0],[-42.897203469,-22.501934981000012,0.0],[-42.897140994,-22.501975716,0.0],[-42.897075532999978,-22.502002172,0.0],[-42.89700630800003,-22.502016906,0.0],[-42.896927877,-22.502016535,0.0],[-42.896855237,-22.502009239,0.0],[-42.896784093000022,-22.501998761,0.0],[-42.89670881,-22.501987517,0.0],[-42.89663795100001,-22.501968662,0.0],[-42.896572838,-22.50194417099998,0.0],[-42.896525809,-22.501898282,0.0],[-42.896500110999987,-22.501837539,0.0],[-42.89650181,-22.501767281000024,0.0],[-42.896504004,-22.501702843,0.0],[-42.896495214,-22.501634858,0.0],[-42.896462493,-22.501576489,0.0],[-42.896405645000023,-22.501533535,0.0],[-42.896334422999978,-22.501504995,0.0],[-42.89626428,-22.501485516000013,0.0],[-42.896195282,-22.501473166,0.0],[-42.896127782,-22.501457636,0.0],[-42.896057055,-22.501434914000015,0.0],[-42.895988101,-22.501421276,0.0],[-42.895913227999984,-22.501418429000012,0.0],[-42.895841104999988,-22.501416307,0.0],[-42.89576939,-22.501422582,0.0],[-42.895700384000023,-22.501430873,0.0],[-42.895630807,-22.501455918,0.0],[-42.895561792,-22.501484848,0.0],[-42.895500922999979,-22.501519179000024,0.0],[-42.895460265,-22.501571519000013,0.0],[-42.89541962900001,-22.501623215999984,0.0],[-42.895354102999981,-22.501651603999985,0.0],[-42.895281388,-22.501666881,0.0],[-42.895211556,-22.501679017000011,0.0],[-42.895134680000012,-22.501694170999986,0.0],[-42.895069979,-22.501718713,0.0],[-42.895006402,-22.501751029,0.0],[-42.894947677999987,-22.501783487,0.0],[-42.894884617999978,-22.501820978000012,0.0],[-42.894818762999989,-22.501859032,0.0],[-42.894752687999983,-22.501903529,0.0],[-42.894697256,-22.501941245,0.0],[-42.89464171499997,-22.501982182,0.0],[-42.894577544,-22.502031894999988,0.0],[-42.894521198999989,-22.502076035,0.0],[-42.894468453999977,-22.50211640800001,0.0],[-42.894401749999979,-22.502158953,0.0],[-42.894342311,-22.502192035,0.0],[-42.894280297,-22.502219236,0.0],[-42.894211368,-22.502245589,0.0],[-42.894136331,-22.502267891,0.0],[-42.894072906,-22.502295696,0.0],[-42.894030233,-22.502346042000021,0.0],[-42.894014233,-22.502408137999986,0.0],[-42.894013357,-22.502474549,0.0],[-42.894021994000013,-22.502547046,0.0],[-42.894041318000014,-22.50261147099998,0.0],[-42.894065430000012,-22.502677973000019,0.0],[-42.894095981,-22.50273886,0.0],[-42.894118838999987,-22.502801454,0.0],[-42.894157624999977,-22.502865163,0.0],[-42.894210939,-22.502909947,0.0],[-42.894284911,-22.502898579,0.0],[-42.894335058,-22.502852967999978,0.0],[-42.894375825999987,-22.502797406,0.0],[-42.89443076200002,-22.50275387,0.0],[-42.894497632,-22.502726812,0.0],[-42.894576304,-22.502720097,0.0],[-42.894648383,-22.502723506999981,0.0],[-42.894715775,-22.502742261,0.0],[-42.894780106,-22.502769309,0.0],[-42.894837108,-22.502807752999981,0.0],[-42.894903221,-22.502823244,0.0],[-42.894971394,-22.502839439,0.0],[-42.89503872,-22.502860126,0.0],[-42.895097307,-22.502892811,0.0],[-42.895152745,-22.502936368999983,0.0],[-42.895184530999977,-22.503001805999986,0.0],[-42.895199738,-22.503064819999988,0.0],[-42.895215639,-22.50312785500001,0.0],[-42.895225816,-22.503195882,0.0],[-42.895222905,-22.503260943,0.0],[-42.89519867100001,-22.503320217000017,0.0],[-42.895139772,-22.50335783,0.0],[-42.895071634000011,-22.503360985999986,0.0],[-42.895000919999987,-22.503358260000013,0.0],[-42.894936026,-22.503327324999976,0.0],[-42.894876468999989,-22.503282356,0.0],[-42.89483458,-22.503228232,0.0],[-42.894789003,-22.50318045,0.0],[-42.894717318999987,-22.50316544,0.0],[-42.894642334,-22.503165813999981,0.0],[-42.894574902999977,-22.503188985999987,0.0],[-42.894517556,-22.503242125,0.0],[-42.89449646,-22.503278410000018,0.0],[-42.894466183,-22.503340223,0.0],[-42.89444792699998,-22.503407411999987,0.0],[-42.894440788,-22.503474285,0.0],[-42.894456579,-22.503540541,0.0],[-42.89449133599998,-22.50360026100001,0.0],[-42.894552432999987,-22.50364076,0.0],[-42.894623267,-22.503619624,0.0],[-42.894689158,-22.503600920999972,0.0],[-42.894763603,-22.503596017000017,0.0],[-42.894830521000017,-22.503608305999983,0.0],[-42.894848437,-22.503673335,0.0],[-42.894820647000024,-22.503735085,0.0],[-42.894753622999978,-22.503766654,0.0],[-42.894685529000022,-22.50376852,0.0],[-42.894622258,-22.503791814,0.0],[-42.894564854,-22.503826246999989,0.0],[-42.894499413999988,-22.503852057,0.0],[-42.894427269000012,-22.503850579,0.0],[-42.894354395,-22.503829728999985,0.0],[-42.894298262,-22.503786150999968,0.0],[-42.894241393000023,-22.503743841,0.0],[-42.894172969000024,-22.503755373,0.0],[-42.89412412,-22.503803602,0.0],[-42.894097783,-22.503863459,0.0],[-42.894092791,-22.50392846,0.0],[-42.894075161,-22.503997604000013,0.0],[-42.894026786,-22.504052297,0.0],[-42.893978047,-22.504097304,0.0],[-42.893915294000017,-22.504125772999984,0.0],[-42.893836919,-22.504144107,0.0],[-42.893769211,-22.504155016,0.0],[-42.893699773,-22.504155551999983,0.0],[-42.893631292,-22.504148375999979,0.0],[-42.893555030000023,-22.504145487,0.0],[-42.893484293,-22.504143405,0.0],[-42.893413666000022,-22.504138102000024,0.0],[-42.893349114,-22.504117496,0.0],[-42.893279059000029,-22.504095438000014,0.0],[-42.893216047000017,-22.504070363,0.0],[-42.893160453,-22.504063107999986,0.0],[-42.893120528,-22.504057897,0.0],[-42.893048624,-22.504046903,0.0],[-42.892991923000018,-22.504003984,0.0],[-42.892944286,-22.50395838,0.0],[-42.892907756999989,-22.503900343999984,0.0],[-42.892856091999988,-22.503853834,0.0],[-42.892795784999983,-22.503819092000011,0.0],[-42.892719495999977,-22.503815491,0.0],[-42.892647882000013,-22.503816599,0.0],[-42.892582533,-22.50384211999998,0.0],[-42.892522249,-22.503882187,0.0],[-42.892450958,-22.503894640999981,0.0],[-42.892381815,-22.503876193999986,0.0],[-42.8923384,-22.503826968999977,0.0],[-42.892303788999968,-22.503762203999983,0.0],[-42.892273009,-22.503702871,0.0],[-42.892238268,-22.503641123,0.0],[-42.892212392,-22.503581218,0.0],[-42.892186549999977,-22.503520559,0.0],[-42.892166422,-22.503459356000015,0.0],[-42.892140776,-22.50339417,0.0],[-42.892114316,-22.503328953,0.0],[-42.892096918,-22.503261052,0.0],[-42.892079782,-22.503187115999985,0.0],[-42.892057124,-22.503109195,0.0],[-42.892040344,-22.503045850000021,0.0],[-42.892022720999982,-22.502964338,0.0],[-42.892006914999989,-22.502897252,0.0],[-42.891986073999988,-22.502833756999987,0.0],[-42.89194288800001,-22.502779251,0.0],[-42.89187719200001,-22.502737505999974,0.0],[-42.891815523999981,-22.502696668,0.0],[-42.891754504000012,-22.502659632,0.0],[-42.891687345,-22.502632946000013,0.0],[-42.891619861,-22.502613805,0.0],[-42.891553998999989,-22.502594724,0.0],[-42.891482875000023,-22.502584514000013,0.0],[-42.8914136,-22.502587975000015,0.0],[-42.891339191999982,-22.502597290000015,0.0],[-42.891276313,-22.502622147,0.0],[-42.891223270000019,-22.502663995,0.0],[-42.891211347,-22.50268266,0.0],[-42.891188381000013,-22.502718611,0.0],[-42.891151899,-22.502772413,0.0],[-42.891130389000011,-22.502837351000018,0.0],[-42.891103259,-22.502900568000012,0.0],[-42.891062751999989,-22.502953464000012,0.0],[-42.891024679999987,-22.50300645,0.0],[-42.890972188000013,-22.503054364,0.0],[-42.890918334,-22.503096182,0.0],[-42.890857432,-22.503131692,0.0],[-42.890796045,-22.503159628,0.0],[-42.890722935,-22.503176547000017,0.0],[-42.890657879,-22.50319527700001,0.0],[-42.890611883,-22.503243433,0.0],[-42.890605766,-22.503309702,0.0],[-42.890649083,-22.503361189999982,0.0],[-42.89071124,-22.503390712,0.0],[-42.890773495,-22.503417972,0.0],[-42.890830455,-22.503454857,0.0],[-42.890878676,-22.503505773,0.0],[-42.890863725999978,-22.503569443999982,0.0],[-42.890819191,-22.503621433,0.0],[-42.89075043,-22.503650605,0.0],[-42.890697225,-22.503696225999988,0.0],[-42.890693608,-22.503761075999975,0.0],[-42.890702204,-22.503825626,0.0],[-42.890655331000012,-22.503875262000012,0.0],[-42.89059059800001,-22.503905338,0.0],[-42.890525019999977,-22.50393614,0.0],[-42.890463240999985,-22.503973129,0.0],[-42.890440204000022,-22.504035743,0.0],[-42.89048108399998,-22.504087140999975,0.0],[-42.890543046999987,-22.50412119,0.0],[-42.890588414999989,-22.504144039999989,0.0],[-42.890608478,-22.504197276000024,0.0],[-42.890584982,-22.50422327,0.0],[-42.89055628,-22.504238581,0.0],[-42.890494383,-22.504254392000011,0.0],[-42.890421466,-22.504262137000012,0.0],[-42.89040605600001,-22.504263066,0.0],[-42.890335499999978,-22.504282771,0.0],[-42.890276772999982,-22.504324406,0.0],[-42.890225969,-22.504370872000013,0.0],[-42.890178283000012,-22.504420476,0.0],[-42.890172199000013,-22.504485990999989,0.0],[-42.890192259999978,-22.504548702,0.0],[-42.890220603,-22.504607943999989,0.0],[-42.89026060700003,-22.504660821000012,0.0],[-42.890273328,-22.504724012999983,0.0],[-42.89024239899998,-22.504781044,0.0],[-42.890173903,-22.504785289000012,0.0],[-42.890113727000013,-22.504747529,0.0],[-42.890059463,-22.504704699,0.0],[-42.890037492000012,-22.504696035,0.0],[-42.889967242999987,-22.504684384,0.0],[-42.889895078,-22.504679423,0.0],[-42.889845191000013,-22.504685873999978,0.0],[-42.889821094000013,-22.504704508999986,0.0],[-42.889824903,-22.504727758,0.0],[-42.88985657300001,-22.504758773,0.0],[-42.889884023,-22.504775454,0.0],[-42.889910861999986,-22.504810407000019,0.0],[-42.88991091,-22.504846936,0.0],[-42.889893941,-22.504888815,0.0],[-42.889860415999969,-22.504924031999973,0.0],[-42.889788851,-22.504927407,0.0],[-42.889718576,-22.504905424000022,0.0],[-42.889669256,-22.504876736,0.0],[-42.889604672,-22.504854241,0.0],[-42.889586194,-22.504849016999987,0.0],[-42.889532214,-22.504831996,0.0],[-42.889501864000017,-22.504830099999985,0.0],[-42.889473936,-22.504842524,0.0],[-42.88944999,-22.50485804300002,0.0],[-42.889447888999989,-22.504906658,0.0],[-42.889490131,-22.50495856,0.0],[-42.889551541000017,-22.504986544,0.0],[-42.88960928,-22.505024213000013,0.0],[-42.889679724,-22.505031376,0.0],[-42.889750494,-22.505030994,0.0],[-42.889821912,-22.505034415,0.0],[-42.889869516,-22.505080774,0.0],[-42.889816991000011,-22.505129443,0.0],[-42.889762454,-22.505168212,0.0],[-42.889687491,-22.505190351,0.0],[-42.889616461,-22.505196767999983,0.0],[-42.889548449000017,-22.505208587000013,0.0],[-42.889482678,-22.505225024,0.0],[-42.889415186,-22.505243662999987,0.0],[-42.889388154000017,-22.505304618,0.0],[-42.88940581,-22.505366484,0.0],[-42.889439902,-22.505424429000019,0.0],[-42.889468764,-22.505490491,0.0],[-42.889469077,-22.505558511,0.0],[-42.889467148999977,-22.505621912999988,0.0],[-42.889449794999983,-22.505684738999982,0.0],[-42.88940072,-22.505691219999985,0.0],[-42.889360642,-22.505686700999988,0.0],[-42.889331136000024,-22.505684089,0.0],[-42.889259618,-22.505688975999977,0.0],[-42.88925383700002,-22.505691027999987,0.0],[-42.889194866,-22.505734324,0.0],[-42.889140912,-22.505778405000012,0.0],[-42.889089717,-22.505833923,0.0],[-42.889042646999989,-22.505888084,0.0],[-42.889004572,-22.50594107,0.0],[-42.888962405999983,-22.505994658,0.0],[-42.888925433999987,-22.506059774,0.0],[-42.888896745000011,-22.506121422,0.0],[-42.888886697,-22.506184521,0.0],[-42.888883827,-22.50625091,0.0],[-42.888894079000011,-22.506314766999981,0.0],[-42.888928008,-22.506376484999983,0.0],[-42.888973728,-22.506428819999986,0.0],[-42.88900200600002,-22.506489571,0.0],[-42.889005762000018,-22.506553185000012,0.0],[-42.889000586000016,-22.506616465,0.0],[-42.888988038,-22.506680982000017,0.0],[-42.888968117,-22.506746736,0.0],[-42.888934491,-22.50680971,0.0],[-42.888892744,-22.506872382000015,0.0],[-42.888852916,-22.506928324,0.0],[-42.888813866,-22.506985051000015,0.0],[-42.888778779,-22.507044193,0.0],[-42.888749212,-22.507107318999989,0.0],[-42.8887137,-22.507176268,0.0],[-42.888685595000013,-22.507243227000014,0.0],[-42.888669733,-22.507309132,0.0],[-42.888647408,-22.50737403900002,0.0],[-42.888625149,-22.507437438,0.0],[-42.888609806000012,-22.507510163,0.0],[-42.888596543000013,-22.507572385999975,0.0],[-42.888587630000011,-22.507646862,0.0],[-42.88858476,-22.507713251,0.0],[-42.888581857,-22.507780396,0.0],[-42.888578954,-22.50784754,0.0],[-42.888581832999989,-22.507912633,0.0],[-42.888591888,-22.507981014999977,0.0],[-42.888595579,-22.508046137999987,0.0],[-42.88859193,-22.508111743,0.0],[-42.888557719,-22.508169406,0.0],[-42.88851383,-22.508225197,0.0],[-42.888452698,-22.508265987000023,0.0],[-42.888400496,-22.50830711,0.0],[-42.888383108,-22.508370691000014,0.0],[-42.888398978,-22.508436268,0.0],[-42.888438203,-22.50848836,0.0],[-42.888505397000017,-22.508514293,0.0],[-42.888580094,-22.508535972999979,0.0],[-42.888645306,-22.508570142999989,0.0],[-42.888696061,-22.508618887000011,0.0],[-42.888730185999982,-22.508676079,0.0],[-42.88873277,-22.508747962000015,0.0],[-42.888728114,-22.508818063,0.0],[-42.888696824,-22.508883390999973,0.0],[-42.888660275,-22.508938699999973,0.0],[-42.888606189,-22.508985798,0.0],[-42.888551096,-22.509037393,0.0],[-42.888534258999982,-22.509107039000021,0.0],[-42.888541813000018,-22.50917684,0.0],[-42.888573111,-22.509242994,0.0],[-42.888613894,-22.509296655000014,0.0],[-42.888657212,-22.509348144,0.0],[-42.888708974999979,-22.509392392,0.0],[-42.888764214999973,-22.509431479999989,0.0],[-42.888829883,-22.509455089,0.0],[-42.888902733,-22.509463098,0.0],[-42.888977624999988,-22.50948025,0.0],[-42.889017672,-22.509504256,0.0],[-42.889074678,-22.509544249,0.0],[-42.889113642,-22.509602377,0.0],[-42.889113175000013,-22.509669610999989,0.0],[-42.889086174,-22.509729811,0.0],[-42.889023939,-22.509758468999987,0.0],[-42.888980245000013,-22.509809733999987,0.0],[-42.889012810999979,-22.509865355,0.0],[-42.888997891999978,-22.509928273000018,0.0],[-42.888963584,-22.509988199,0.0],[-42.888900208999978,-22.510024372,0.0],[-42.888834923,-22.510048382,0.0],[-42.888766647999987,-22.510066235999989,0.0],[-42.888704119000018,-22.510101684999974,0.0],[-42.888689069,-22.51016762,0.0],[-42.888711305000022,-22.510236458,0.0],[-42.888743838000011,-22.510292834000023,0.0],[-42.888786083,-22.510350328000023,0.0],[-42.888842165,-22.510407583,0.0],[-42.888894284,-22.510462423,0.0],[-42.888944452,-22.510524747,0.0],[-42.888993226,-22.510581730000013,0.0],[-42.88904216200001,-22.510634939999978,0.0],[-42.889088826000012,-22.510684287000014,0.0],[-42.889130553,-22.510734961,0.0],[-42.889172701,-22.510794718,0.0],[-42.889211763,-22.510850583,0.0],[-42.889243191,-22.510913718,0.0],[-42.889273808,-22.510976823,0.0],[-42.889322843,-22.51102777,0.0],[-42.889360996,-22.511085866999988,0.0],[-42.889319607,-22.51114024,0.0],[-42.889247921,-22.511161744999974,0.0],[-42.889174026999989,-22.511177878000016,0.0],[-42.889105883000013,-22.511192714999982,0.0],[-42.889035073999977,-22.511212742,0.0],[-42.888969949,-22.511232979999988,0.0],[-42.888895113,-22.511252101,0.0],[-42.888832,-22.511282238,0.0],[-42.888767944999977,-22.511315362999984,0.0],[-42.888701257,-22.511352922000018,0.0],[-42.888640646,-22.511381641000014,0.0],[-42.888592079,-22.511432722999981,0.0],[-42.888571507999977,-22.511494674000016,0.0],[-42.888568637,-22.511561062999988,0.0],[-42.888596169000017,-22.51162027499997,0.0],[-42.888658913,-22.51165511,0.0],[-42.888733844,-22.511652616999964,0.0],[-42.888799285,-22.511681506999977,0.0],[-42.888868687000013,-22.511712811999978,0.0],[-42.888938645,-22.511731292000018,0.0],[-42.889007015,-22.511730065,0.0],[-42.889033780999988,-22.511712929,0.0],[-42.889099561,-22.511692789999969,0.0],[-42.88914107,-22.511692071999981,0.0],[-42.889163537,-22.511694422000023,0.0],[-42.88918810900001,-22.511721136,0.0],[-42.889199882,-22.511789164,0.0],[-42.889200929,-22.511855720999986,0.0],[-42.8891655,-22.51191362,0.0],[-42.889106037,-22.511950252,0.0],[-42.889036896999983,-22.511952471,0.0],[-42.888962304000017,-22.511946887,0.0],[-42.888894304,-22.511933241,0.0],[-42.888823791,-22.511918938000015,0.0],[-42.88875936900002,-22.511892437999986,0.0],[-42.888689229,-22.511866370999982,0.0],[-42.888622125,-22.511844507,0.0],[-42.888551987,-22.511818439,0.0],[-42.888483521999987,-22.511799482,0.0],[-42.88840511199998,-22.511794379999987,0.0],[-42.88833137200001,-22.511801772,0.0],[-42.888257258000017,-22.511820927,0.0],[-42.888196396999987,-22.511861641,0.0],[-42.888146242,-22.511904417,0.0],[-42.888097685999981,-22.511956655,0.0],[-42.88808404,-22.512026928000015,0.0],[-42.888096352,-22.512097916,0.0],[-42.888125516999978,-22.512157003,0.0],[-42.888179097000013,-22.51220557700001,0.0],[-42.888252625999989,-22.512224674,0.0],[-42.88832103799998,-22.512225379,0.0],[-42.88839148200001,-22.512222017999981,0.0],[-42.888465258999979,-22.512213451000019,0.0],[-42.88853937,-22.512214313000026,0.0],[-42.888613742,-22.51220693900002,0.0],[-42.888683125,-22.512197073000024,0.0],[-42.888725811,-22.512249468,0.0],[-42.888725882000017,-22.51226713099998,0.0],[-42.888751384,-22.512278949,0.0],[-42.888789613,-22.512275956,0.0],[-42.888831313,-22.512266058,0.0],[-42.888899592999977,-22.512283821000011,0.0],[-42.888956658,-22.512322482,0.0],[-42.889007762000013,-22.512369219999975,0.0],[-42.889056147,-22.512421771,0.0],[-42.889111793999987,-22.512465103,0.0],[-42.889160887,-22.512515318,0.0],[-42.889198841999978,-22.512577003,0.0],[-42.88921188,-22.512645066999987,0.0],[-42.889224343,-22.512711348,0.0],[-42.889250268,-22.512772700999989,0.0],[-42.889292748,-22.512831566,0.0],[-42.889355995000017,-22.512875106,0.0],[-42.889419708,-22.512903942,0.0],[-42.889484122000013,-22.512916663,0.0],[-42.889528767,-22.512967239,0.0],[-42.889561211,-22.513022884,0.0],[-42.889569875,-22.513089060999977,0.0],[-42.889569042,-22.51315497600002,0.0],[-42.889615546,-22.513206887,0.0],[-42.889674735,-22.513238541,0.0],[-42.889738412,-22.513268552,0.0],[-42.88977663,-22.513322001000013,0.0],[-42.889756916000017,-22.513383865,0.0],[-42.889701808999988,-22.513422972000011,0.0],[-42.88963408,-22.513440537,0.0],[-42.889569048999981,-22.513472896,0.0],[-42.889515691,-22.513516760000019,0.0],[-42.889469016,-22.513569641,0.0],[-42.889417556999987,-22.513613558000014,0.0],[-42.889404789,-22.513676202,0.0],[-42.889424233,-22.513742087,0.0],[-42.889448931000011,-22.513802228,0.0],[-42.889494262999989,-22.513851163,0.0],[-42.889553227,-22.513889874999986,0.0],[-42.889623944,-22.513917725,0.0],[-42.889692358,-22.51391843,0.0],[-42.889767796,-22.513897544,0.0],[-42.889825900000012,-22.513863817999987,0.0],[-42.889868143,-22.513810815999985,0.0],[-42.889870205,-22.513746112,0.0],[-42.889833254,-22.513692697,0.0],[-42.889808017,-22.513629597,0.0],[-42.889842142,-22.513572839,0.0],[-42.889910226,-22.513544098000018,0.0],[-42.889986072,-22.513530288,0.0],[-42.890055902,-22.513526321000018,0.0],[-42.890128352999987,-22.5135395,0.0],[-42.890180762,-22.513585097,0.0],[-42.890185664,-22.513649993,0.0],[-42.89018796,-22.513717171999989,0.0],[-42.890195821,-22.513788626000018,0.0],[-42.890203777000018,-22.513857137999981,0.0],[-42.890202982000012,-22.51392187799998,0.0],[-42.890202029999983,-22.51396371,0.0],[-42.890224058,-22.51402731100001,0.0],[-42.890272016,-22.514073374,0.0],[-42.890342845,-22.514097695,0.0],[-42.890415878999981,-22.514092638,0.0],[-42.890466145999987,-22.514046333000014,0.0],[-42.890535196999977,-22.514027037000012,0.0],[-42.890600812,-22.51405592399998,0.0],[-42.890645361,-22.514109547,0.0],[-42.890688086,-22.514160764,0.0],[-42.890728855,-22.514213694999984,0.0],[-42.890773217,-22.5142732,0.0],[-42.890821808,-22.51431928,0.0],[-42.890885411999982,-22.514351644,0.0],[-42.890956803999977,-22.514358316999981,0.0],[-42.891029124999982,-22.514375612000016,0.0],[-42.891094795000022,-22.514402735,0.0],[-42.891146590000012,-22.514447725,0.0],[-42.891191083,-22.514503112999986,0.0],[-42.891249152999983,-22.514550042999979,0.0],[-42.891318418,-22.514583738999988,0.0],[-42.891385541999988,-22.514605013,0.0],[-42.891456747,-22.514617568,0.0],[-42.891523350999989,-22.514635296,0.0],[-42.89158189,-22.514667519,0.0],[-42.891638956,-22.514706179000012,0.0],[-42.891679147999973,-22.514757327000016,0.0],[-42.891710569,-22.514773160999987,0.0],[-42.891771757000022,-22.514802150999984,0.0],[-42.891846981,-22.514819256999981,0.0],[-42.891918625000017,-22.514842813,0.0],[-42.891981763,-22.514875357,0.0],[-42.892042142,-22.514905271999989,0.0],[-42.89209819,-22.514945523,0.0],[-42.892147845,-22.514993489,0.0],[-42.892187668,-22.515045234,0.0],[-42.892198595,-22.51511546699998,0.0],[-42.892194924,-22.515180336000014,0.0],[-42.89217384,-22.515241108,0.0],[-42.892142305999982,-22.515299809000012,0.0],[-42.892083153999977,-22.515334171999989,0.0],[-42.892016334000012,-22.515367145999985,0.0],[-42.89195014300001,-22.515405321,0.0],[-42.891883447,-22.515429209,0.0],[-42.891810473,-22.515452375,0.0],[-42.891744379,-22.515483410000012,0.0],[-42.891687940999979,-22.515523646,0.0],[-42.891670324000017,-22.515586405,0.0],[-42.891717194,-22.515633689,0.0],[-42.891788340999987,-22.51564231,0.0],[-42.891861611,-22.515649007,0.0],[-42.891932138000023,-22.515651778,0.0],[-42.892001338999989,-22.515649338999985,0.0],[-42.892057024999978,-22.515612989,0.0],[-42.892121104,-22.515576087999971,0.0],[-42.892190462,-22.515561967999982,0.0],[-42.892261297,-22.515542022999988,0.0],[-42.892321856,-22.515507028,0.0],[-42.892370784,-22.515453722,0.0],[-42.89242379,-22.515408902,0.0],[-42.892485117999989,-22.515368723,0.0],[-42.892558038000011,-22.515349451,0.0],[-42.892625258000017,-22.51533855100001,0.0],[-42.892693822000012,-22.515331561999986,0.0],[-42.892762979,-22.515332369,0.0],[-42.892834047,-22.51534682900002,0.0],[-42.892904887,-22.515378165,0.0],[-42.892967895000012,-22.515420444,0.0],[-42.893001989,-22.515482508,0.0],[-42.89298435500001,-22.515546566000019,0.0],[-42.892961849000017,-22.515609269,0.0],[-42.892991778,-22.515669336,0.0],[-42.893053591,-22.515696672,0.0],[-42.893127664,-22.515695589,0.0],[-42.893191591999987,-22.515669721,0.0],[-42.893245253,-22.515628153,0.0],[-42.893305076999987,-22.515595746000017,0.0],[-42.893373491000013,-22.51559979,0.0],[-42.893422467,-22.515646449,0.0],[-42.893457295,-22.515705925,0.0],[-42.893474607000016,-22.515769092,0.0],[-42.893526402,-22.51581383600001,0.0],[-42.893598126,-22.515831549999987,0.0],[-42.893667370000017,-22.515825866,0.0],[-42.893734581,-22.515815616,0.0],[-42.893803381999987,-22.515791102000016,0.0],[-42.893862534,-22.515756739,0.0],[-42.893916849,-22.515718424999989,0.0],[-42.893982148,-22.515694520000014,0.0],[-42.89404602299998,-22.515672545,0.0],[-42.89411754,-22.515653906,0.0],[-42.894188775,-22.515656035,0.0],[-42.894251251,-22.515685974,0.0],[-42.894265750999978,-22.515750406,0.0],[-42.894233544,-22.515807153,0.0],[-42.894203415,-22.515865222999981,0.0],[-42.89420949,-22.515932803,0.0],[-42.894259145999989,-22.515980768,0.0],[-42.894312269000011,-22.51603072000001,0.0],[-42.894354868999983,-22.516083796,0.0],[-42.894381245000012,-22.516148366,0.0],[-42.894388778000014,-22.51621142,0.0],[-42.894381597000013,-22.516277546000012,0.0],[-42.894359780999977,-22.516340905999979,0.0],[-42.894333022,-22.516408103,0.0],[-42.894301461999987,-22.516468752,0.0],[-42.894258138999987,-22.516520826000018,0.0],[-42.894218974,-22.516575545,0.0],[-42.894197873,-22.516637615,0.0],[-42.894191425999978,-22.516701152999989,0.0],[-42.894194059,-22.516764798,0.0],[-42.894248012,-22.516805024000014,0.0],[-42.894284938000013,-22.516864524999988,0.0],[-42.894298748,-22.516928299999986,0.0],[-42.894276259,-22.516989704,0.0],[-42.894279583000021,-22.517054006,0.0],[-42.894327118,-22.517103893999987,0.0],[-42.894403095,-22.517117113,0.0],[-42.894474225,-22.51712703,0.0],[-42.894546055000013,-22.517136955,0.0],[-42.894619989000013,-22.517146255,0.0],[-42.894690989,-22.51716590800001,0.0],[-42.894761909,-22.517191402,0.0],[-42.894827179000011,-22.517221372,0.0],[-42.894886747999983,-22.517259717,0.0],[-42.894945547,-22.517303244,0.0],[-42.894995177999981,-22.51735315600002,0.0],[-42.895046975,-22.5173979,0.0],[-42.895102229,-22.51744528,0.0],[-42.895161709999989,-22.517490114,0.0],[-42.895214974,-22.517529682000013,0.0],[-42.895262562,-22.517575676,0.0],[-42.895307241000019,-22.517630072999989,0.0],[-42.895357666999978,-22.517672854,0.0],[-42.89539743000001,-22.517729142,0.0],[-42.895425265,-22.517789186000019,0.0],[-42.895434117,-22.517858096,0.0],[-42.895439554,-22.517921124000015,0.0],[-42.895454038,-22.517986855000014,0.0],[-42.895467832000023,-22.518051926999977,0.0],[-42.895483641999988,-22.518122865999988,0.0],[-42.895507242,-22.518186106000012,0.0],[-42.895561153000017,-22.518229576000017,0.0],[-42.895629629999988,-22.518229077,0.0],[-42.895695523,-22.518212967,0.0],[-42.895747866,-22.518165541,0.0],[-42.895738316000013,-22.518096623,0.0],[-42.895692204,-22.518044804999988,0.0],[-42.895641141,-22.51799747399998,0.0],[-42.895595815,-22.517939173,0.0],[-42.895568696,-22.517877839999983,0.0],[-42.895550719,-22.517812068000019,0.0],[-42.895537641,-22.517745705,0.0],[-42.895524599,-22.517676746999985,0.0],[-42.895524077999987,-22.517611828,0.0],[-42.895524988000012,-22.51754433,0.0],[-42.895538430999977,-22.517480223,0.0],[-42.895594125,-22.517443224,0.0],[-42.89566255,-22.517446616999987,0.0],[-42.895726378999989,-22.517479817,0.0],[-42.895793843,-22.517502673,0.0],[-42.895865096999977,-22.517503503,0.0],[-42.895935199,-22.517486144,0.0],[-42.896004497,-22.517476566,0.0],[-42.896072956,-22.517477363000019,0.0],[-42.896142787,-22.517480124,0.0],[-42.896212949000017,-22.517510152,0.0],[-42.896283066,-22.517543423999989,0.0],[-42.896349043999969,-22.517572755,0.0],[-42.896406526,-22.517610424,0.0],[-42.896456785999987,-22.517665536,0.0],[-42.896497205,-22.517725077,0.0],[-42.896525048999983,-22.517784471999981,0.0],[-42.896564150000017,-22.517838155,0.0],[-42.896603224,-22.517893784999988,0.0],[-42.896639443,-22.517953925999979,0.0],[-42.896665147,-22.518016542000012,0.0],[-42.896695786,-22.518075969,0.0],[-42.89674334,-22.518124558000011,0.0],[-42.896801556000021,-22.518159639,0.0],[-42.896834307999988,-22.518217793,0.0],[-42.896879076,-22.5182657,0.0],[-42.896946706,-22.518276224000012,0.0],[-42.897015534,-22.518249763,0.0],[-42.897041505000011,-22.518189046999982,0.0],[-42.897047987,-22.518122912,0.0],[-42.897062797999972,-22.518060768,0.0],[-42.897085294,-22.517998713999983,0.0],[-42.89712866,-22.517943395000014,0.0],[-42.897183063,-22.517898589,0.0],[-42.897251061,-22.517881854,0.0],[-42.897319652,-22.517872915999984,0.0],[-42.897395036000013,-22.517878338,0.0],[-42.897463879,-22.517902507999978,0.0],[-42.897509346,-22.517950422999988,0.0],[-42.89757423,-22.517976507,0.0],[-42.897643131999978,-22.517964703,0.0],[-42.897711385,-22.517957091999989,0.0],[-42.897780661000013,-22.517957897000013,0.0],[-42.897850735,-22.517964386,0.0],[-42.897915161,-22.51798977,0.0],[-42.897975497999987,-22.518025597,0.0],[-42.89798517700001,-22.518026817,0.0],[-42.898055106000022,-22.518024398,0.0],[-42.898122692000022,-22.518038166999979,0.0],[-42.898196724000016,-22.518040327,0.0],[-42.898270038,-22.518043776000017,0.0],[-42.898337704,-22.518051704000019,0.0],[-42.898408948999979,-22.518053181999978,0.0],[-42.898478806,-22.518053995,0.0],[-42.898543519,-22.518073572,0.0],[-42.898599526000012,-22.518117066,0.0],[-42.898628095999989,-22.518174522000013,0.0],[-42.898662928,-22.518233997,0.0],[-42.898713355,-22.518276776,0.0],[-42.898746115999977,-22.51833428,0.0],[-42.898768346999987,-22.518395556999987,0.0],[-42.898778606,-22.518463833999984,0.0],[-42.898784744000018,-22.518526871,0.0],[-42.898795718,-22.518593857999988,0.0],[-42.89881369700003,-22.51865962900002,0.0],[-42.898844345,-22.518718406,0.0],[-42.898872880999981,-22.518778457999982,0.0],[-42.898902131999982,-22.518837219,0.0],[-42.898922276,-22.518897821999989,0.0],[-42.898933719000013,-22.518930087,0.0],[-42.898945161999983,-22.518962351999988,0.0],[-42.898982867,-22.519016019,0.0],[-42.899009314999986,-22.519075396,0.0],[-42.898994487000017,-22.519138838,0.0],[-42.898960168,-22.51919686,0.0],[-42.898911362,-22.519241082,0.0],[-42.898879811,-22.519301084,0.0],[-42.898854565,-22.51935986,0.0],[-42.898822342000017,-22.519417906999983,0.0],[-42.898792153,-22.519480521,0.0],[-42.898771012,-22.519545835999985,0.0],[-42.898746402,-22.519609164,0.0],[-42.898742698,-22.51967663,0.0],[-42.898746705,-22.519742237999974,0.0],[-42.898747175,-22.519811051,0.0],[-42.898730949,-22.519874475999977,0.0],[-42.898697328,-22.519932506,0.0],[-42.89865329,-22.519985870999982,0.0],[-42.898599639,-22.520026790999982,0.0],[-42.898539777,-22.520061797000011,0.0],[-42.898475175999977,-22.520085711000014,0.0],[-42.898406478,-22.520102439,0.0],[-42.898341213000023,-22.520123750000021,0.0],[-42.898313845,-22.520184448000013,0.0],[-42.898334659999989,-22.520247006999977,0.0],[-42.898387865,-22.520291117,0.0],[-42.898445253000013,-22.520335925000012,0.0],[-42.898458366,-22.520399692,0.0],[-42.898420581,-22.520455726,0.0],[-42.898349229,-22.520462036,0.0],[-42.898282331,-22.520448925,0.0],[-42.898212779,-22.520425396000025,0.0],[-42.898152405,-22.520394833,0.0],[-42.89809204900002,-22.520362973,0.0],[-42.898018837,-22.520351735,0.0],[-42.897944796,-22.520350223999987,0.0],[-42.897874911,-22.520351358000013,0.0],[-42.897808135,-22.520381090000015,0.0],[-42.897752369,-22.520423283000024,0.0],[-42.897709658,-22.520481856000011,0.0],[-42.897670413,-22.520542417000012,0.0],[-42.897629143000017,-22.520597761,0.0],[-42.897582257,-22.520654988,0.0],[-42.897543108,-22.520708409,0.0],[-42.897501864,-22.520761805999985,0.0],[-42.897456471,-22.520811909999981,0.0],[-42.897406190000012,-22.520861955,0.0],[-42.897360762000012,-22.520914654999988,0.0],[-42.897316697000022,-22.520969965999985,0.0],[-42.897267856,-22.521016784,0.0],[-42.897219739,-22.521061663,0.0],[-42.897158507,-22.521094704,0.0],[-42.897087599999978,-22.521119843,0.0],[-42.897016727,-22.521142386000015,0.0],[-42.896943802000017,-22.521161659999983,0.0],[-42.896873742,-22.521175773999978,0.0],[-42.896803744,-22.521185344999981,0.0],[-42.896728156999977,-22.521194849999986,0.0],[-42.896659484999986,-22.521209629,0.0],[-42.896588028,-22.521223727,0.0],[-42.896515182,-22.52123715900002,0.0],[-42.896448501,-22.521259751,0.0],[-42.896377698,-22.521277102,0.0],[-42.89631176000001,-22.521296456,0.0],[-42.896249828,-22.52132949,0.0],[-42.89619132,-22.521367754999986,0.0],[-42.896162517999983,-22.521431033999985,0.0],[-42.896160262,-22.52149462200002,0.0],[-42.896170511,-22.521563547999978,0.0],[-42.896191945999981,-22.521631955000014,0.0],[-42.896212675000022,-22.521701004,0.0],[-42.896236982999987,-22.521763603,0.0],[-42.896255632,-22.521831329000015,0.0],[-42.896265209000013,-22.521898301,0.0],[-42.89627482,-22.521962676,0.0],[-42.896281558999981,-22.52203286000001,0.0],[-42.896292593999988,-22.522095304,0.0],[-42.89631545200001,-22.522161781,0.0],[-42.896334879999984,-22.522223674,0.0],[-42.896353589999983,-22.522286857000015,0.0],[-42.896363901,-22.522351240000017,0.0],[-42.896385441,-22.52241186,0.0],[-42.896398563,-22.522474977999988,0.0],[-42.896403922,-22.522543847000012,0.0],[-42.896407918,-22.522610103999977,0.0],[-42.896411951,-22.522673765000011,0.0],[-42.896398465,-22.522741117000013,0.0],[-42.89633779,-22.522784551,0.0],[-42.89626152,-22.522792750000011,0.0],[-42.896230164999977,-22.522734611999983,0.0],[-42.896231801,-22.522665176,0.0],[-42.896216635,-22.522598139,0.0],[-42.89617611900001,-22.522545736999984,0.0],[-42.89610799,-22.522520276,0.0],[-42.896036044,-22.522518789,0.0],[-42.895986475999983,-22.522567545000012,0.0],[-42.895990393999988,-22.522639642999987,0.0],[-42.896002704000011,-22.52271119,0.0],[-42.896003941000011,-22.522774819,0.0],[-42.895986306999987,-22.522838877,0.0],[-42.895938188999985,-22.522883755,0.0],[-42.895882492,-22.522920755,0.0],[-42.895826088,-22.522958395,0.0],[-42.895766173000013,-22.522997293999989,0.0],[-42.895740226,-22.523056061999988,0.0],[-42.895758909999977,-22.523121192,0.0],[-42.895780406,-22.523185056,0.0],[-42.895780237,-22.523249317,0.0],[-42.895723056000023,-22.523292791,0.0],[-42.895649031,-22.523289981,0.0],[-42.895581451000012,-22.523275562000013,0.0],[-42.895513408999989,-22.523243611,0.0],[-42.895454554,-22.523203978,0.0],[-42.895418334999981,-22.523143836,0.0],[-42.895409405,-22.523080768,0.0],[-42.895408954,-22.523010657,0.0],[-42.895395213,-22.52294169,0.0],[-42.895372345,-22.522875862,0.0],[-42.895352901,-22.522815267,0.0],[-42.895323039999987,-22.522750006,0.0],[-42.895300959,-22.522677697,0.0],[-42.895279455,-22.522614481000012,0.0],[-42.895244596999987,-22.522556952,0.0],[-42.895194214000021,-22.522510925999988,0.0],[-42.895128155,-22.522487437,0.0],[-42.895052539999988,-22.522498888999984,0.0],[-42.894993952,-22.522542995,0.0],[-42.894988883999979,-22.522607849,0.0],[-42.895003297,-22.522678770999971,0.0],[-42.895018523000012,-22.522741264,0.0],[-42.895044071,-22.522815562,0.0],[-42.895076760999977,-22.522878259,0.0],[-42.895117163,-22.522939098,0.0],[-42.895162464,-22.522999346,0.0],[-42.895202255000015,-22.523053686,0.0],[-42.895227261,-22.523116294,0.0],[-42.895214517,-22.523180408,0.0],[-42.895163614,-22.523224604,0.0],[-42.895100852,-22.523267363999988,0.0],[-42.895034038,-22.523299691,0.0],[-42.894966745,-22.523315782999976,0.0],[-42.894894623,-22.523327276,0.0],[-42.894819987000012,-22.523317967,0.0],[-42.894762652999987,-22.523269263000014,0.0],[-42.894734930999988,-22.523200782,0.0],[-42.894721818,-22.523137015,0.0],[-42.894707988999983,-22.523074538,0.0],[-42.894685078,-22.523011954999983,0.0],[-42.894646039,-22.522953729,0.0],[-42.894582783000011,-22.522929623,0.0],[-42.89451549,-22.522945714,0.0],[-42.894473501,-22.523002348,0.0],[-42.894471898999988,-22.523069189000015,0.0],[-42.894470960999989,-22.523138634,0.0],[-42.894470005,-22.523209377000011,0.0],[-42.89446913699998,-22.52327363,0.0],[-42.894468269,-22.523337883000014,0.0],[-42.894429799,-22.52339261,0.0],[-42.894367265,-22.523418494999984,0.0],[-42.894297902,-22.523432615,0.0],[-42.894230688,-22.523442867,0.0],[-42.894154409000024,-22.523451714,0.0],[-42.894080121,-22.523468374,0.0],[-42.89401488,-22.523487736,0.0],[-42.893948685000019,-22.523525911,0.0],[-42.893903308000013,-22.523574715,0.0],[-42.893862071,-22.523627462,0.0],[-42.893818039,-22.523680175999989,0.0],[-42.89376372000001,-22.523718489999982,0.0],[-42.893693065,-22.523724806,0.0],[-42.893624079000013,-22.523711018,0.0],[-42.893552972000023,-22.523699153999981,0.0],[-42.893482796,-22.523721703999986,0.0],[-42.893440196,-22.523771837999973,0.0],[-42.893416274,-22.523835822,0.0],[-42.893384736,-22.523894524000024,0.0],[-42.89334762,-22.523952511999983,0.0],[-42.893291878,-22.523992757,0.0],[-42.893226521999978,-22.524020555,0.0],[-42.89315919300001,-22.524039243000011,0.0],[-42.893091008,-22.524069605,0.0],[-42.893047673000012,-22.524122328,0.0],[-42.893025839000018,-22.524186985,0.0],[-42.893024217999987,-22.524255124,0.0],[-42.893030964,-22.524324658000019,0.0],[-42.893067269,-22.52437831,0.0],[-42.893123967,-22.524422463,0.0],[-42.893193371,-22.524457027,0.0],[-42.893259299,-22.524490253,0.0],[-42.893318825999977,-22.524531842,0.0],[-42.893368546,-22.52457526500001,0.0],[-42.893405516,-22.524631519999989,0.0],[-42.893421432,-22.524694671,0.0],[-42.893421846,-22.524767378,0.0],[-42.893426548,-22.524832994000011,0.0],[-42.893427706,-22.524902464000011,0.0],[-42.893417694,-22.52497115400001,0.0],[-42.893384008000012,-22.525033725000018,0.0],[-42.893328177,-22.52508046,0.0],[-42.893263625,-22.525100478,0.0],[-42.893188175999988,-22.525099598,0.0],[-42.893119704,-22.525099448,0.0],[-42.893045652,-22.525098582999984,0.0],[-42.892966701000013,-22.525098312,0.0],[-42.892897556,-22.525096206000011,0.0],[-42.892821453,-22.525092072,0.0],[-42.89275161,-22.525089959000013,0.0],[-42.892683164000012,-22.525087862,0.0],[-42.892612596,-22.525087687,0.0],[-42.892543294000014,-22.525097264000021,0.0],[-42.892470499000019,-22.525106800000014,0.0],[-42.892403789,-22.525131337,0.0],[-42.892335506,-22.525168837,0.0],[-42.892281815,-22.525212351,0.0],[-42.892220581,-22.52524539,0.0],[-42.892160052000023,-22.525277789,0.0],[-42.892101612000012,-22.525310861,0.0],[-42.892040183000013,-22.525358179,0.0],[-42.89201283700001,-22.525416929,0.0],[-42.892029371,-22.52548592900002,0.0],[-42.892051557,-22.525550451000026,0.0],[-42.892074352000023,-22.525621472,0.0],[-42.892091637,-22.525686586,0.0],[-42.892101893,-22.52575486300001,0.0],[-42.89211634,-22.525823190000015,0.0],[-42.892148368,-22.525883282999981,0.0],[-42.892177581999981,-22.52594464200001,0.0],[-42.892186476,-22.526010307,0.0],[-42.892163259,-22.526073650000011,0.0],[-42.892123435,-22.526125113999981,0.0],[-42.892072485,-22.526172554999977,0.0],[-42.892018705999988,-22.526222558,0.0],[-42.891962831,-22.526272537000015,0.0],[-42.891912597999983,-22.526318687000025,0.0],[-42.89185399,-22.526364091,0.0],[-42.891804481,-22.526408301,0.0],[-42.891792441,-22.526471775,0.0],[-42.891786682,-22.526535970999987,0.0],[-42.891762104,-22.526596700999985,0.0],[-42.891720166000013,-22.52664943900001,0.0],[-42.891675476,-22.526698899,0.0],[-42.891650173,-22.526761568000012,0.0],[-42.891620731,-22.526820295,0.0],[-42.891619826000017,-22.526887144,0.0],[-42.891637102999987,-22.526952906,0.0],[-42.891677592,-22.527007257000019,0.0],[-42.89173859600001,-22.52704302199998,0.0],[-42.891807320000012,-22.527076281000014,0.0],[-42.891873841000013,-22.527117303,0.0],[-42.891927055,-22.527160766999987,0.0],[-42.891961929,-22.527216998,0.0],[-42.891976306,-22.527290516999969,0.0],[-42.891975366999979,-22.527359963000013,0.0],[-42.891966750999977,-22.527428668,0.0],[-42.891965890999977,-22.527492271999968,0.0],[-42.891974731,-22.527561832,0.0],[-42.891995439,-22.527632178,0.0],[-42.892041509999977,-22.527687243000013,0.0],[-42.892100242,-22.52773596399998,0.0],[-42.892151899999988,-22.527791092999973,0.0],[-42.892214064999983,-22.527844398000017,0.0],[-42.89228332,-22.527889997,0.0],[-42.892354042999983,-22.527930419,0.0],[-42.892419275000023,-22.527963636000013,0.0],[-42.892490051000017,-22.528000164,0.0],[-42.892558723,-22.528037316999985,0.0],[-42.892626756999981,-22.528069917999979,0.0],[-42.892696897,-22.528101895,0.0],[-42.892764214,-22.528135786,0.0],[-42.89280611,-22.528189504,0.0],[-42.892807904,-22.528263524,0.0],[-42.892804913,-22.528329699,0.0],[-42.892781041000013,-22.528389788999981,0.0],[-42.892717010000013,-22.528422796,0.0],[-42.892648555,-22.528421347,0.0],[-42.892581017,-22.528403682000015,0.0],[-42.892523593,-22.528361468000011,0.0],[-42.892458991000012,-22.52833345,0.0],[-42.892392401,-22.528348901000019,0.0],[-42.892354611,-22.528404933,0.0],[-42.892352211999977,-22.528478904999986,0.0],[-42.892351238,-22.52855094600001,0.0],[-42.89235031599997,-22.52861909300001,0.0],[-42.892349447000029,-22.528683346000022,0.0],[-42.892370889000013,-22.528751105,0.0],[-42.89241275,-22.528807417999985,0.0],[-42.892460183,-22.528865095000029,0.0],[-42.892492261999983,-22.528921293999986,0.0],[-42.892525713,-22.528979456,0.0],[-42.892559845999983,-22.529038925,0.0],[-42.89257646,-22.529102083999984,0.0],[-42.892575581000017,-22.529166985,0.0],[-42.892563517,-22.52923240600002,0.0],[-42.892517456,-22.529279903,0.0],[-42.89246239300001,-22.529321453,0.0],[-42.892421825,-22.529376154,0.0],[-42.89241259,-22.529439012,0.0],[-42.892438259,-22.529504223999982,0.0],[-42.892480085,-22.529563133,0.0],[-42.89252688900001,-22.529615610000015,0.0],[-42.892578522,-22.52967268599998,0.0],[-42.892628051,-22.529730387,0.0],[-42.892654384,-22.529798203,0.0],[-42.892633244999978,-22.529862868,0.0],[-42.892603069000018,-22.529924182,0.0],[-42.892616844,-22.529990553000022,0.0],[-42.892652278,-22.530057178,0.0],[-42.892690602000023,-22.530116695,0.0],[-42.892718341000013,-22.530183878999978,0.0],[-42.892735672,-22.530245748,0.0],[-42.892755053999977,-22.530310886,0.0],[-42.892777301,-22.530370865000013,0.0],[-42.892788263999989,-22.530438501,0.0],[-42.892794347,-22.530505432,0.0],[-42.892793381,-22.530576825,0.0],[-42.892792424,-22.530647566999988,0.0],[-42.892785187000023,-22.530717588000016,0.0],[-42.892761307,-22.530778327000014,0.0],[-42.892727707,-22.530834408000011,0.0],[-42.892678092,-22.530886408,0.0],[-42.892646518,-22.530947706,0.0],[-42.89264832,-22.531021077,0.0],[-42.892655118,-22.531086718,0.0],[-42.892650739,-22.531152227999982,0.0],[-42.892623295,-22.531218118,0.0],[-42.892585477000019,-22.531276098,0.0],[-42.892544882000017,-22.531332746,0.0],[-42.892498750000023,-22.531385435,0.0],[-42.892452698,-22.531432284,0.0],[-42.892401092,-22.531476471,0.0],[-42.892339686,-22.531521841,0.0],[-42.892274125,-22.531564566,0.0],[-42.89222167,-22.531619778,0.0],[-42.892177608999987,-22.531674438,0.0],[-42.892136252999983,-22.531735621999985,0.0],[-42.892107525,-22.531793058,0.0],[-42.892092578000018,-22.531864937,0.0],[-42.892081839,-22.531935565,0.0],[-42.892058517,-22.532006696,0.0],[-42.892031744,-22.532074540999975,0.0],[-42.892005016,-22.532139141,0.0],[-42.891976979,-22.532197235000016,0.0],[-42.89194881,-22.532265063000022,0.0],[-42.891917288,-22.532322466000011,0.0],[-42.891877373,-22.532380420999978,0.0],[-42.891829897000022,-22.532429199999989,0.0],[-42.891784384,-22.532487739,0.0],[-42.891751368,-22.532552265,0.0],[-42.89173855100001,-22.532621571,0.0],[-42.89175498,-22.532698359,0.0],[-42.891786169,-22.532768829,0.0],[-42.891811043,-22.53284117199998,0.0],[-42.891836713,-22.532906383,0.0],[-42.891860933,-22.532975473,0.0],[-42.891876865999983,-22.533037326,0.0],[-42.891871759999979,-22.533104775,0.0],[-42.891838743999983,-22.533169301,0.0],[-42.891790542,-22.533220018999987,0.0],[-42.89173691,-22.533258988999975,0.0],[-42.891671496,-22.533290681000015,0.0],[-42.891624054,-22.533336863,0.0],[-42.891585598000013,-22.53339029,0.0],[-42.891592316000022,-22.533461773,0.0],[-42.891640466000013,-22.533518158999986,0.0],[-42.89169859,-22.533560382,0.0],[-42.891757439,-22.533600666000023,0.0],[-42.891765608,-22.53366827100001,0.0],[-42.89170359,-22.533707142,0.0],[-42.891628101,-22.533708856,0.0],[-42.891554744,-22.533708,0.0],[-42.891484154,-22.533709122,0.0],[-42.89141421,-22.533714147000012,0.0],[-42.891342762999983,-22.533726943999987,0.0],[-42.891286336,-22.53376588,0.0],[-42.891277798,-22.533828745,0.0],[-42.891285993,-22.533894401999984,0.0],[-42.89130809,-22.533965415,0.0],[-42.891342178999984,-22.534028129,0.0],[-42.891393114,-22.534085198000017,0.0],[-42.891444792000023,-22.534139030000023,0.0],[-42.891482507000013,-22.534192049,0.0],[-42.891476745000013,-22.534256245,0.0],[-42.891418213,-22.534295806,0.0],[-42.891342121,-22.534290373000012,0.0],[-42.891272468000011,-22.53427398,0.0],[-42.89120055,-22.534269894,0.0],[-42.891131218,-22.534281416999974,0.0],[-42.891070013,-22.534311859,0.0],[-42.89102098,-22.534372304,0.0],[-42.891006100999988,-22.534438989,0.0],[-42.891005188,-22.53450648699998,0.0],[-42.891007119999983,-22.534570124,0.0],[-42.891021524,-22.534641695,0.0],[-42.89105492300002,-22.534703751999981,0.0],[-42.89109468800001,-22.534760041,0.0],[-42.891133791,-22.534813726,0.0],[-42.891158142999977,-22.534873081,0.0],[-42.891172511,-22.534947249,0.0],[-42.89117157,-22.535016693,0.0],[-42.891163006,-22.535081506000015,0.0],[-42.89113832,-22.535150023999986,0.0],[-42.89110525000001,-22.535218444000026,0.0],[-42.891072339,-22.535275182,0.0],[-42.89105676999997,-22.535341211,0.0],[-42.891057139,-22.535417161999987,0.0],[-42.891061832,-22.535483427,0.0],[-42.891073467000012,-22.535553018999977,0.0],[-42.891083766,-22.535618051999986,0.0],[-42.891099602,-22.535687043999975,0.0],[-42.891110565,-22.53575468,0.0],[-42.891115834,-22.53583004,0.0],[-42.891119792,-22.535898893,0.0],[-42.891128641999977,-22.535967803000016,0.0],[-42.891141534,-22.536047796,0.0],[-42.89115254,-22.536112188,0.0],[-42.891164194,-22.536180481,0.0],[-42.891175174000018,-22.53624682,0.0],[-42.891181989000017,-22.536311162,0.0],[-42.891185982,-22.536377420000015,0.0],[-42.89119271,-22.536448252,0.0],[-42.891203356000013,-22.536539253000011,0.0],[-42.891211586999987,-22.536602314,0.0],[-42.891220861999983,-22.536691351999973,0.0],[-42.891226785,-22.536769965,0.0],[-42.891229364,-22.536837504000012,0.0],[-42.891231253,-22.536904384999989,0.0],[-42.891233134,-22.536971916,0.0],[-42.891236375999988,-22.537042059,0.0],[-42.891239575,-22.53711544699998,0.0],[-42.891243516,-22.537185598000018,0.0],[-42.891248183000023,-22.537253810000021,0.0],[-42.891252892999987,-22.537318777,0.0],[-42.891254729,-22.537389553,0.0],[-42.891255876,-22.537459670999986,0.0],[-42.89125549300001,-22.537539509,0.0],[-42.891254341,-22.53762453,0.0],[-42.891253392000017,-22.537694624,0.0],[-42.891251797,-22.537760816,0.0],[-42.891226534,-22.537820238999981,0.0],[-42.891176277999989,-22.537867686999988,0.0],[-42.891113464,-22.53791369,0.0],[-42.891057759000013,-22.537950687999974,0.0],[-42.890998351,-22.538003220000011,0.0],[-42.890938313,-22.538050553999987,0.0],[-42.890874721,-22.538102389,0.0],[-42.890821740999989,-22.538144612,0.0],[-42.890767389,-22.538184871,0.0],[-42.890708190999987,-22.538221828,0.0],[-42.890649045000018,-22.538254891000012,0.0],[-42.890577218,-22.538295594,0.0],[-42.890518772,-22.53832866499998,0.0],[-42.890446935,-22.538370019000016,0.0],[-42.890372383999981,-22.538405496999985,0.0],[-42.890295771999988,-22.538438356,0.0],[-42.890229763,-22.53846225,0.0],[-42.890160277,-22.538484806,0.0],[-42.890089359999983,-22.538509940999987,0.0],[-42.890017036000017,-22.538535709,0.0],[-42.88993907,-22.538565306,0.0],[-42.88985823,-22.538600711000012,0.0],[-42.889786560999987,-22.538629732,0.0],[-42.889719792,-22.538658161999987,0.0],[-42.889643877,-22.538691028,0.0],[-42.889573526,-22.538725906,0.0],[-42.889503865999977,-22.538761441999988,0.0],[-42.889424502,-22.538791022,0.0],[-42.889345872,-22.538818014,0.0],[-42.889279076000015,-22.538848390999977,0.0],[-42.889212271,-22.538879415999983,0.0],[-42.889149038,-22.538904640999984,0.0],[-42.889073168000017,-22.538934261000012,0.0],[-42.889000783,-22.538964572,0.0],[-42.888929034,-22.538999434000015,0.0],[-42.88886628,-22.539040892,0.0],[-42.88881046,-22.539086325999978,0.0],[-42.888764289,-22.539141610999977,0.0],[-42.888718825999987,-22.539196253,0.0],[-42.888674793999989,-22.539248316999981,0.0],[-42.888629889,-22.539313352,0.0],[-42.888601768999983,-22.539377286,0.0],[-42.888572339999989,-22.539434712999984,0.0],[-42.888538745000012,-22.539490145,0.0],[-42.888494723,-22.539541558,0.0],[-42.888439619,-22.539585703,0.0],[-42.888384462000012,-22.539633740999989,0.0],[-42.888332657,-22.539692204000012,0.0],[-42.888287114,-22.539752689,0.0],[-42.888249964000011,-22.539812622,0.0],[-42.888217527999977,-22.539885592,0.0],[-42.888195582,-22.539958037,0.0],[-42.888176554,-22.540021428,0.0],[-42.888154738,-22.540084137000012,0.0],[-42.888119526,-22.540155777,0.0],[-42.888085224,-22.540211849,0.0],[-42.888048116999983,-22.540268537,0.0],[-42.888000398999978,-22.540334836999985,0.0],[-42.887955572000017,-22.540394032,0.0],[-42.887912186,-22.540449997,0.0],[-42.887861867,-22.54050198600001,0.0],[-42.887810935,-22.540547477,0.0],[-42.887762711999983,-22.540599491,0.0],[-42.887715797999981,-22.540658012,0.0],[-42.887668247,-22.540711981000026,0.0],[-42.887618704,-22.540758137000019,0.0],[-42.88756423600001,-22.540806833,0.0],[-42.887511882999988,-22.540854254,0.0],[-42.887453832999988,-22.540909398000014,0.0],[-42.887402054,-22.540965914,0.0],[-42.88735169000001,-22.541021148,0.0],[-42.887302793,-22.541071207000027,0.0],[-42.887262254,-22.541123311,0.0],[-42.887227854,-22.541186521,0.0],[-42.887201086999987,-22.541253717,0.0],[-42.887175823,-22.541313139000014,0.0],[-42.887149797000014,-22.541377097000016,0.0],[-42.887126506000023,-22.541445630999988,0.0],[-42.887106017,-22.541513549,0.0],[-42.887087659999978,-22.541578895,0.0],[-42.887070045,-22.541641004,0.0],[-42.887051025000012,-22.541703745,0.0],[-42.88703408300001,-22.54176781000001,0.0],[-42.887009313999982,-22.541842167999981,0.0],[-42.886986756,-22.541908114,0.0],[-42.88696211100001,-22.541973385999988,0.0],[-42.886936598,-22.542050981,0.0],[-42.886916703,-22.542126696000011,0.0],[-42.886903962,-22.542190159999979,0.0],[-42.886889585000013,-22.542271131,0.0],[-42.886877472,-22.542339795999982,0.0],[-42.886870966,-22.542407227999988,0.0],[-42.886869996,-22.54247862,0.0],[-42.88686755,-22.542555835999973,0.0],[-42.886861733,-22.542623926,0.0],[-42.886850920999983,-22.542699745,0.0],[-42.886840275,-22.542763234,0.0],[-42.886826729,-22.542834479,0.0],[-42.886815979,-22.542905756000021,0.0],[-42.886802546000013,-22.542968564,0.0],[-42.88677997100001,-22.543035806999988,0.0],[-42.886763691999981,-22.543102476,0.0],[-42.886751656999984,-22.543165299,0.0],[-42.886740915,-22.543235927000019,0.0],[-42.886730853000024,-22.543307861,0.0],[-42.886722940999981,-22.543375926,0.0],[-42.886707848,-22.543458187,0.0],[-42.886690039,-22.543534574999985,0.0],[-42.88667361,-22.543612277,0.0],[-42.886662186,-22.543681598999989,0.0],[-42.886652813999987,-22.543754190000023,0.0],[-42.886642762,-22.543825475999984,0.0],[-42.886632064,-22.543892858,0.0],[-42.886620029,-22.543955682,0.0],[-42.886608552,-22.544028897,0.0],[-42.886594962,-22.544103387000014,0.0],[-42.886580098,-22.544168773,0.0],[-42.88656167900001,-22.544238662,0.0],[-42.886544708999978,-22.544304674,0.0],[-42.886526801999977,-22.544382121000012,0.0],[-42.886526148,-22.544384947,0.0],[-42.886511267,-22.544451632,0.0],[-42.88649711,-22.544516378,0.0],[-42.886486429,-22.544582463000022,0.0],[-42.886472962000013,-22.544647866,0.0],[-42.886461467000011,-22.54472238,0.0],[-42.886446576,-22.544789713999972,0.0],[-42.886428828,-22.544861558,0.0],[-42.88641242500001,-22.544937312000012,0.0],[-42.886393961,-22.545010445999988,0.0],[-42.886374843,-22.545080327,0.0],[-42.886359227,-22.5451496,0.0],[-42.88634072,-22.545225979,0.0],[-42.886323688,-22.545296533,0.0],[-42.886309513,-22.545362577,0.0],[-42.886301653,-22.545426748000015,0.0],[-42.886294474,-22.545492223999986,0.0],[-42.886278071,-22.545567979000019,0.0],[-42.886260961000012,-22.545644374999981,0.0],[-42.886248147000011,-22.545713031,0.0],[-42.886236016000012,-22.545782993,0.0],[-42.88622328200001,-22.545845807999982,0.0],[-42.886213344000012,-22.545908656,0.0],[-42.886202583,-22.545980583,0.0],[-42.886187002,-22.546047259000019,0.0],[-42.886169316,-22.54611456,0.0],[-42.886157944,-22.546179988000013,0.0],[-42.886150093,-22.54624351,0.0],[-42.886140712,-22.546316749999988,0.0],[-42.886132790999987,-22.546385463,0.0],[-42.886125638,-22.54644899300002,0.0],[-42.886116318999989,-22.546517691,0.0],[-42.886101375000017,-22.546588918,0.0],[-42.886077408999988,-22.546655496,0.0],[-42.886056264,-22.546720161,0.0],[-42.886038578000012,-22.546787462,0.0],[-42.886023607,-22.546860637000012,0.0],[-42.886010016,-22.546935125,0.0],[-42.885992940999976,-22.547008925,0.0],[-42.885975288999987,-22.54707363,0.0],[-42.885959708,-22.547140305999982,0.0],[-42.885950397,-22.547208354,0.0],[-42.885943740000023,-22.547286820000021,0.0],[-42.885937844000011,-22.547360750999985,0.0],[-42.885934149,-22.547426917,0.0],[-42.885924157,-22.547493659000018,0.0],[-42.885912104999981,-22.54755778,0.0],[-42.885904138,-22.54762973999998,0.0],[-42.885898312999977,-22.547698477,0.0],[-42.885887666,-22.547761966,0.0],[-42.885876276999987,-22.54782869100001,0.0],[-42.885862764,-22.54789734,0.0],[-42.885844424,-22.547961388,0.0],[-42.885817734,-22.54802274,0.0],[-42.885772884999987,-22.548083232,0.0],[-42.885727355999983,-22.548142417,0.0],[-42.885686080000013,-22.548197108000025,0.0],[-42.88563443000001,-22.548243888,0.0],[-42.885568999,-22.548276224999988,0.0],[-42.885504948,-22.548309877999987,0.0],[-42.885453307000013,-22.548356009,0.0],[-42.885387370999972,-22.548374059,0.0],[-42.882780137999987,-22.549818388,0.0],[-42.882680931000017,-22.549873346,0.0],[-42.879313954,-22.55174827,0.0],[-42.878111157000014,-22.552476773,0.0],[-42.877695118,-22.55275664800002,0.0],[-42.877375117,-22.552923759,0.0],[-42.877068228,-22.553098086000013,0.0],[-42.876960247,-22.553169263999976,0.0],[-42.876881889,-22.553236113,0.0],[-42.876784981,-22.553302276000018,0.0],[-42.876704918,-22.553349644,0.0],[-42.87660304,-22.553410586,0.0],[-42.876476553,-22.553473145,0.0],[-42.876368418,-22.553530354,0.0],[-42.876262924,-22.553586369000016,0.0],[-42.876161835,-22.553645616,0.0],[-42.876090253,-22.553694205999978,0.0],[-42.876038964,-22.553730116,0.0],[-42.8759962,-22.553762091999985,0.0],[-42.875959683,-22.553792124000015,0.0],[-42.875899078,-22.553838715000019,0.0],[-42.875812695,-22.554007145,0.0],[-42.875757988,-22.554161716,0.0],[-42.875727786,-22.554285028000017,0.0],[-42.875689153,-22.554484862,0.0],[-42.87564264100002,-22.554678607,0.0],[-42.875592942,-22.554865163,0.0],[-42.875550815999979,-22.555010031,0.0],[-42.875452728,-22.555315666000016,0.0],[-42.875241806,-22.555948165,0.0],[-42.875001246000011,-22.556603489999979,0.0],[-42.875000793,-22.556604728,0.0],[-42.874916111,-22.556843278,0.0],[-42.874819668999983,-22.557020969999989,0.0],[-42.874594096000017,-22.557139981,0.0],[-42.873771174999987,-22.557632796,0.0],[-42.873091947000013,-22.558023879,0.0],[-42.873003073999989,-22.558040671000015,0.0],[-42.87294081600001,-22.558038294,0.0],[-42.872895226,-22.558070197999989,0.0],[-42.872816723,-22.558174875,0.0],[-42.872315032000017,-22.558525985,0.0],[-42.871834697999979,-22.558810758,0.0],[-42.871690741,-22.558825493,0.0],[-42.871629443000018,-22.558838722,0.0],[-42.871538104,-22.558902636,0.0],[-42.871497767,-22.558975234,0.0],[-42.871455425,-22.559014063000017,0.0],[-42.871396744000023,-22.559011833999982,0.0],[-42.871240699999987,-22.558972209,0.0],[-42.871170677000023,-22.558976288999983,0.0],[-42.871139661,-22.559008811999988,0.0],[-42.871122647999982,-22.559055349,0.0],[-42.871124978000012,-22.559082399,0.0],[-42.871098953,-22.559162304,0.0],[-42.871017563000017,-22.559246857,0.0],[-42.870867122,-22.559315318,0.0],[-42.870796044,-22.559413769999981,0.0],[-42.870618753,-22.559798259,0.0],[-42.870456136999977,-22.560035011,0.0],[-42.870242040999983,-22.560339628000015,0.0],[-42.870207591,-22.560425546,0.0],[-42.870193049,-22.560458755000024,0.0],[-42.870134753,-22.560520698999987,0.0],[-42.87003252400001,-22.560614757,0.0],[-42.869971336,-22.560734007999979,0.0],[-42.869904092000013,-22.560900330000013,0.0],[-42.869857098,-22.560993135,0.0],[-42.869754140999987,-22.561100739,0.0],[-42.869420517,-22.561693116000015,0.0],[-42.869228459999988,-22.562067992000014,0.0],[-42.868959083999982,-22.562440161000019,0.0],[-42.868877814,-22.562589389999982,0.0],[-42.868857741,-22.56262999,0.0],[-42.868738161,-22.562871854,0.0],[-42.868635228000016,-22.562993275999972,0.0],[-42.868538457,-22.563092909,0.0],[-42.868397069,-22.563334886,0.0],[-42.868197804,-22.563634137,0.0],[-42.868091412000012,-22.563798169999984,0.0],[-42.868015382000017,-22.563915390999988,0.0],[-42.867929433,-22.564047902000013,0.0],[-42.867841287,-22.564183662,0.0],[-42.867754035,-22.564373739,0.0],[-42.867658313,-22.564512667,0.0],[-42.867583433999989,-22.564604892999981,0.0],[-42.867499751999979,-22.564652703000018,0.0],[-42.867434142,-22.564707967999976,0.0],[-42.867375898,-22.564763508,0.0],[-42.867332741,-22.564812819,0.0],[-42.867315555999987,-22.56485969400001,0.0],[-42.867329603,-22.564873783,0.0],[-42.867342777,-22.564904808,0.0],[-42.867347884,-22.564949112,0.0],[-42.867333688000016,-22.565009677999981,0.0],[-42.867293512,-22.56507269,0.0],[-42.867243844,-22.565104811,0.0],[-42.867183464,-22.565129751999983,0.0],[-42.867095173999978,-22.565194407,0.0],[-42.867055158,-22.565254047,0.0],[-42.867036039,-22.565338222,0.0],[-42.867036928000019,-22.565392578999976,0.0],[-42.867024656000019,-22.565487204,0.0],[-42.866993943999987,-22.565581165,0.0],[-42.866944439000022,-22.565681241,0.0],[-42.866843824999982,-22.565840606999988,0.0],[-42.866794472000016,-22.565865981999984,0.0],[-42.866756885,-22.565878199999982,0.0],[-42.866684341,-22.565923115000011,0.0],[-42.866640426,-22.565986066,0.0],[-42.866630239000017,-22.566040057,0.0],[-42.866627955000013,-22.566084146,0.0],[-42.866609157,-22.56616161700002,0.0],[-42.866577005000011,-22.566211421,0.0],[-42.866522538,-22.566263814,0.0],[-42.86642079300001,-22.56637227300002,0.0],[-42.866362966,-22.566489144999988,0.0],[-42.86632340900001,-22.566610097,0.0],[-42.866314088,-22.566647157,0.0],[-42.866262216999978,-22.566791487,0.0],[-42.86621614500001,-22.56689523899998,0.0],[-42.866189407,-22.566982699,0.0],[-42.866141752999987,-22.567045597,0.0],[-42.866103245,-22.567074816999984,0.0],[-42.865960427000012,-22.567260156,0.0],[-42.865890396,-22.56739713,0.0],[-42.865800320999988,-22.567492560999987,0.0],[-42.865736973,-22.567571954000016,0.0],[-42.865681007000013,-22.567651623,0.0],[-42.865624503,-22.567741492000025,0.0],[-42.865551261,-22.567868218999987,0.0],[-42.865494524,-22.568033018,0.0],[-42.865476466,-22.568236704000011,0.0],[-42.865474608,-22.56841376200002,0.0],[-42.865480123,-22.568945512999989,0.0],[-42.86551391,-22.569291012,0.0],[-42.865513260999982,-22.569516031,0.0],[-42.865532561,-22.569642901,0.0],[-42.86554308299997,-22.569725130999977,0.0],[-42.865543757000012,-22.569783139999988,0.0],[-42.865525587,-22.569847302,0.0],[-42.86549667700001,-22.569904264,0.0],[-42.865468298999978,-22.569951014,0.0],[-42.865465985000014,-22.569995283,0.0],[-42.86547757400001,-22.570057107,0.0],[-42.865480876,-22.570135701,0.0],[-42.865490865,-22.570228188,0.0],[-42.86551617,-22.570665969999983,0.0],[-42.865485745,-22.570893646,0.0],[-42.8654714,-22.571026316999976,0.0],[-42.865473774000023,-22.571193752999985,0.0],[-42.8655033,-22.571338260999987,0.0],[-42.865553506,-22.571504965,0.0],[-42.865583496,-22.571624776,0.0],[-42.866383243999977,-22.571939466,0.0],[-42.866677656,-22.572035339,0.0],[-42.867418278000017,-22.572271573999981,0.0],[-42.867618746000012,-22.572334582999979,0.0],[-42.868251025999989,-22.57254106100002,0.0],[-42.868672479,-22.572670432999985,0.0],[-42.868898225,-22.572747260999982,0.0],[-42.869064176,-22.57282162600001,0.0],[-42.86924297600001,-22.572908689,0.0],[-42.869440121,-22.573019882,0.0],[-42.869807332,-22.573238445000012,0.0],[-42.870015839,-22.573371504,0.0],[-42.870297993,-22.573583715999984,0.0],[-42.870713615,-22.573846326999981,0.0],[-42.871026412,-22.574043743,0.0],[-42.871349865000013,-22.574220342,0.0],[-42.871560021999983,-22.574331971999964,0.0],[-42.871718834000013,-22.57441633,0.0],[-42.872126031999983,-22.574635518000019,0.0],[-42.872506265,-22.574859884,0.0],[-42.87292410500001,-22.575102399000016,0.0],[-42.873133482,-22.575234045,0.0],[-42.873393454,-22.575367781,0.0],[-42.873576772,-22.575465756999971,0.0],[-42.873815594,-22.575605727999989,0.0],[-42.874057714,-22.575748329,0.0],[-42.874110998999974,-22.575779713,0.0],[-42.874470321,-22.575995111,0.0],[-42.874799368,-22.576201421000022,0.0],[-42.875001196,-22.576311600999976,0.0],[-42.875330108000021,-22.576495733,0.0],[-42.875600725,-22.576693637999988,0.0],[-42.875855031,-22.576853715999988,0.0],[-42.876226548999988,-22.57708116300001,0.0],[-42.876464216,-22.577273491,0.0],[-42.876722264,-22.577519803999984,0.0],[-42.876740582999979,-22.577537291,0.0],[-42.876907264,-22.577696391,0.0],[-42.876930378,-22.577718454,0.0],[-42.877211084,-22.577919624,0.0],[-42.877945221000012,-22.578408004000025,0.0],[-42.878807667,-22.579008643999988,0.0],[-42.879400319000013,-22.579422248000022,0.0],[-42.880005611,-22.579828294,0.0],[-42.880021251000016,-22.579839009999986,0.0],[-42.880569024000017,-22.580214342,0.0],[-42.881085264000014,-22.580562007999983,0.0],[-42.881727075,-22.580984558000019,0.0],[-42.881978247000013,-22.581165264,0.0],[-42.882116634999988,-22.58126482699998,0.0],[-42.88239538,-22.58149961200002,0.0],[-42.88294165100001,-22.58195563,0.0],[-42.883150846999989,-22.582127066,0.0],[-42.883335413999987,-22.582315566999984,0.0],[-42.883457682,-22.582527361,0.0],[-42.883540526,-22.582775761,0.0],[-42.883611755,-22.582990875,0.0],[-42.883653441999989,-22.583209046,0.0],[-42.883690726999987,-22.583405178,0.0],[-42.88376077600001,-22.583628120000022,0.0],[-42.883787417,-22.583698516,0.0],[-42.883859523999988,-22.583889056999972,0.0],[-42.884059218000012,-22.584273085,0.0],[-42.884267883999989,-22.584755761999979,0.0],[-42.884491240999978,-22.585355809,0.0],[-42.884695128,-22.585945763999984,0.0],[-42.884879579,-22.586420578,0.0],[-42.885007373,-22.586704362000013,0.0],[-42.885232030999987,-22.587096342999985,0.0],[-42.885394045999988,-22.587443583,0.0],[-42.88554134,-22.587840703,0.0],[-42.885663020000017,-22.588241439000015,0.0],[-42.885847983,-22.588682526,0.0],[-42.886029858,-22.589078415,0.0],[-42.886320676,-22.589840993,0.0],[-42.886621097,-22.590567972999985,0.0],[-42.886708937,-22.590747053999984,0.0],[-42.886954036,-22.59124674300001,0.0],[-42.887191,-22.591667573,0.0],[-42.887349087,-22.591895786,0.0],[-42.887425637999989,-22.592006293,0.0],[-42.887540531000013,-22.592124069,0.0],[-42.887593404,-22.592178268999984,0.0],[-42.887766221,-22.592259348,0.0],[-42.887870591,-22.592295559,0.0],[-42.888040036999989,-22.592349342999984,0.0],[-42.888151315000023,-22.59237791000001,0.0],[-42.888315508,-22.592420061,0.0],[-42.88877676,-22.59258399499998,0.0],[-42.889146321,-22.592717434999987,0.0],[-42.889309906,-22.592776501,0.0],[-42.88940569,-22.592822792,0.0],[-42.889989891000013,-22.59310512399998,0.0],[-42.891165999000023,-22.593583199,0.0],[-42.892107132,-22.59402898,0.0],[-42.89334662,-22.594581970999982,0.0],[-42.894203216999983,-22.594975547,0.0],[-42.894471074,-22.595086216,0.0],[-42.894794390000023,-22.595219797999977,0.0],[-42.895323472999983,-22.595506538999985,0.0],[-42.895859505000018,-22.595735005,0.0],[-42.896513329000022,-22.596066874000012,0.0],[-42.896916382,-22.596249306000015,0.0],[-42.897546813,-22.596549864,0.0],[-42.89866600900001,-22.597076767,0.0],[-42.899524348,-22.597493957000022,0.0],[-42.900721398,-22.598042422,0.0],[-42.900776208,-22.598065743,0.0],[-42.901697375,-22.598457682,0.0],[-42.903098347,-22.599140586000011,0.0],[-42.903719623999983,-22.599410788,0.0],[-42.904977301999978,-22.599947886999978,0.0],[-42.905073377,-22.599996906,0.0],[-42.905926854,-22.600432361999989,0.0],[-42.906694805,-22.600823376999973,0.0],[-42.906986489,-22.60102044,0.0],[-42.907132691000022,-22.601193519,0.0],[-42.907209661999978,-22.601386033,0.0],[-42.907244007,-22.601602859,0.0],[-42.907259979999978,-22.602039313,0.0],[-42.907296206000012,-22.602619110000013,0.0],[-42.907373873999987,-22.603144501,0.0],[-42.907556337000017,-22.603816926,0.0],[-42.907847443,-22.605088768000016,0.0],[-42.907913379,-22.605490376000013,0.0],[-42.907960676,-22.60577846000001,0.0],[-42.908072088999987,-22.606274017,0.0],[-42.908280505,-22.607016537,0.0],[-42.908521705999988,-22.608162908999979,0.0],[-42.908826899,-22.609931009000011,0.0],[-42.909144166999987,-22.611344584,0.0],[-42.909269961,-22.611905046000011,0.0],[-42.909302755,-22.612068114,0.0],[-42.909573120000012,-22.613412503,0.0],[-42.909843673000012,-22.614630173,0.0],[-42.910356563,-22.6173312,0.0],[-42.910382508,-22.617467831,0.0],[-42.91046676,-22.617800120999977,0.0],[-42.910506867,-22.617958302,0.0],[-42.910711232999986,-22.618885653999985,0.0],[-42.910698330999978,-22.619299017,0.0],[-42.910584295,-22.619677840999987,0.0],[-42.910397742999983,-22.620053813,0.0],[-42.91016664,-22.620316075,0.0],[-42.909682385,-22.620629651,0.0],[-42.908894803000017,-22.621176478999978,0.0],[-42.907484456,-22.622175905,0.0],[-42.906922419999987,-22.622602641000022,0.0],[-42.906823796,-22.622677522,0.0],[-42.905855556000013,-22.623412666,0.0],[-42.904301049,-22.624549988000023,0.0],[-42.903571899,-22.625090192,0.0],[-42.90342557200001,-22.625214603,0.0],[-42.903289592,-22.625374130000026,0.0],[-42.903218399,-22.62544644299998,0.0],[-42.903182025,-22.62548339,0.0],[-42.903105075,-22.625650876000019,0.0],[-42.90303687900002,-22.625824797,0.0],[-42.902984511999989,-22.626000369,0.0],[-42.902917470999988,-22.62618785,0.0],[-42.90288305,-22.626366545999975,0.0],[-42.902866712,-22.626533018,0.0],[-42.902835581,-22.626725663999988,0.0],[-42.90279132500001,-22.626905135000023,0.0],[-42.902735112000023,-22.627084089,0.0],[-42.902677596,-22.62725914200001,0.0],[-42.902639784,-22.627436982,0.0],[-42.902555829,-22.627598055,0.0],[-42.902505924,-22.627777903000013,0.0],[-42.902451807,-22.627985327,0.0],[-42.902392894,-22.628156299,0.0],[-42.902331058000023,-22.628334005,0.0],[-42.902268258,-22.628517477000013,0.0],[-42.902207159,-22.6286914,0.0],[-42.902164130000017,-22.628860412,0.0],[-42.902115004999978,-22.629040089999986,0.0],[-42.902079414000021,-22.629218860999984,0.0],[-42.902022692,-22.629392752,0.0],[-42.901979006999987,-22.62956004,0.0],[-42.901916631,-22.629734758,0.0],[-42.901864847000013,-22.629916568999977,0.0],[-42.901808819,-22.630089564,0.0],[-42.90177512,-22.630170657,0.0],[-42.901718764000023,-22.630306268999984,0.0],[-42.901687179,-22.63042613,0.0],[-42.901647099999984,-22.630605745,0.0],[-42.901592356,-22.630790225,0.0],[-42.90155662,-22.630965653999986,0.0],[-42.901502235,-22.631139303,0.0],[-42.901432029000013,-22.631297846,0.0],[-42.901397314,-22.631495680999976,0.0],[-42.901330120999987,-22.631667266,0.0],[-42.901263992,-22.631839136999986,0.0],[-42.901224006000014,-22.632025344999978,0.0],[-42.901155018999987,-22.632199705,0.0],[-42.901080918,-22.632377701,0.0],[-42.901015942000022,-22.63255048900001,0.0],[-42.900951071,-22.632729146999981,0.0],[-42.900899261000013,-22.632931725,0.0],[-42.900868941999988,-22.633083386000024,0.0],[-42.900809464,-22.633259225,0.0],[-42.900763247999983,-22.633439211999981,0.0],[-42.900702981,-22.633615763,0.0],[-42.900650829999982,-22.633802263,0.0],[-42.900608664000018,-22.63398455999998,0.0],[-42.900549245,-22.634162838,0.0],[-42.900499814,-22.634343142999988,0.0],[-42.900408506,-22.634507549,0.0],[-42.900343888,-22.634643862,0.0],[-42.900266329999987,-22.634837974999989,0.0],[-42.900234517,-22.635017427,0.0],[-42.900219026,-22.635191856,0.0],[-42.90016452700003,-22.635385547999988,0.0],[-42.900125067,-22.635588106,0.0],[-42.900094019999983,-22.635742828,0.0],[-42.90002471899998,-22.635924768,0.0],[-42.899980573999983,-22.63614117,0.0],[-42.899923306,-22.636280196999984,0.0],[-42.899864035,-22.636455046000012,0.0],[-42.899766131,-22.636758782000012,0.0],[-42.899645122,-22.637123435,0.0],[-42.899625351,-22.637169769,0.0],[-42.899567997,-22.637295249999983,0.0],[-42.899552611,-22.637373064,0.0],[-42.899533537,-22.637456789000012,0.0],[-42.899468848,-22.637623169,0.0],[-42.899439264,-22.637777546999978,0.0],[-42.899391498999982,-22.637969612999981,0.0],[-42.899348261999982,-22.638190179,0.0],[-42.899327239,-22.638274060000022,0.0],[-42.899325399,-22.638324691,0.0],[-42.899291224,-22.638467451999986,0.0],[-42.899283282999988,-22.638516288,0.0],[-42.8992893,-22.638561966,0.0],[-42.899285766,-22.638621605,0.0],[-42.899291562,-22.638645859000015,0.0],[-42.899296741,-22.638667529,0.0],[-42.899308376,-22.638740369999987,0.0],[-42.899315599,-22.638841052999982,0.0],[-42.899339419,-22.638950623,0.0],[-42.899402076,-22.639135286,0.0],[-42.899471824999978,-22.639339817,0.0],[-42.89958438,-22.639582381,0.0],[-42.899682154000011,-22.639773463,0.0],[-42.899729757,-22.639873502999979,0.0],[-42.899782112,-22.639968096,0.0],[-42.899858505,-22.640189959999983,0.0],[-42.899991268,-22.640530216999981,0.0],[-42.899996386999987,-22.640545454,0.0],[-42.900137406999988,-22.640886543,0.0],[-42.900258503,-22.641239289,0.0],[-42.90031104700001,-22.641391854,0.0],[-42.900334374000018,-22.641444351,0.0],[-42.900354959,-22.641478841999987,0.0],[-42.900410383,-22.641627561999979,0.0],[-42.900451254,-22.641760922999982,0.0],[-42.900594091000023,-22.642097791,0.0],[-42.90071995400001,-22.642444278,0.0],[-42.900835107000013,-22.642727418,0.0],[-42.900976039,-22.643080966000024,0.0],[-42.901107112999988,-22.643423909,0.0],[-42.90125339,-22.643765066000018,0.0],[-42.901387859000017,-22.644127918999988,0.0],[-42.90139619,-22.644149427,0.0],[-42.901516979,-22.644503523,0.0],[-42.901658365,-22.644840191000018,0.0],[-42.901768314,-22.645133103999985,0.0],[-42.901838415,-22.645346848999989,0.0],[-42.901862737999977,-22.645474664999988,0.0],[-42.901903198,-22.645616056,0.0],[-42.901994835000018,-22.645833785000011,0.0],[-42.90211705799998,-22.646176883,0.0],[-42.902271956,-22.646514449,0.0],[-42.902424230000022,-22.6468518,0.0],[-42.90255074200001,-22.647194502,0.0],[-42.902690225000022,-22.647541528999987,0.0],[-42.902815855,-22.647897492999974,0.0],[-42.902953024,-22.648243223999984,0.0],[-42.903068894,-22.648562942,0.0],[-42.903133017000023,-22.648754124999979,0.0],[-42.903264183,-22.649104472,0.0],[-42.903350127,-22.64930018399998,0.0],[-42.903389822,-22.649421609000012,0.0],[-42.903467218,-22.649642129999986,0.0],[-42.903544081,-22.649808016,0.0],[-42.903674368999987,-22.650152211999984,0.0],[-42.903805836,-22.650508523,0.0],[-42.903939783,-22.650848884,0.0],[-42.904072517,-22.651192299,0.0],[-42.904138671,-22.651365222999981,0.0],[-42.904204825,-22.651538146999986,0.0],[-42.904325901999982,-22.651893328,0.0],[-42.90447774699998,-22.652227602,0.0],[-42.904551680999987,-22.652447613999982,0.0],[-42.904574270000012,-22.652514831,0.0],[-42.90463973,-22.652656637999986,0.0],[-42.904730461,-22.652812863,0.0],[-42.904823655999976,-22.652979774,0.0],[-42.904914411,-22.653185661000016,0.0],[-42.905040240999988,-22.653529076,0.0],[-42.905042298000012,-22.653534610999984,0.0],[-42.905226155,-22.65386235,0.0],[-42.905453676,-22.654165648000014,0.0],[-42.905558399,-22.654328039999985,0.0],[-42.905591973,-22.65438010299998,0.0],[-42.90570824600001,-22.654500904,0.0],[-42.90589936,-22.654647667,0.0],[-42.906082781,-22.654784181,0.0],[-42.906352531,-22.654920621999977,0.0],[-42.90666832700002,-22.65513403,0.0],[-42.906869992999987,-22.655270311,0.0],[-42.906365399,-22.655302729,0.0],[-42.905850698999977,-22.655300340000011,0.0],[-42.90537223,-22.655267901,0.0],[-42.90489376,-22.655235462000018,0.0],[-42.903823286000012,-22.654927296,0.0],[-42.900384795000022,-22.653791944999981,0.0],[-42.897644445,-22.652888950000012,0.0],[-42.893978171000022,-22.651650997,0.0],[-42.893090367000013,-22.651358454,0.0],[-42.888317635,-22.649785777,0.0],[-42.884165494,-22.647693488,0.0],[-42.882067103999987,-22.646575568,0.0],[-42.880451273999988,-22.645714733000023,0.0],[-42.880304298,-22.645664813999975,0.0],[-42.879542815,-22.645406186000017,0.0],[-42.878324518,-22.645139581,0.0],[-42.87398790000001,-22.644190579999989,0.0],[-42.871319806999978,-22.643606224,0.0],[-42.870054702,-22.643314276000019,0.0],[-42.869953221,-22.643309004999981,0.0],[-42.868514387,-22.643234266000015,0.0],[-42.868310833,-22.643223693,0.0],[-42.868286931,-22.643222450999978,0.0],[-42.86710087,-22.643251146000011,0.0],[-42.865527621000012,-22.643420604999985,0.0],[-42.86416709600001,-22.643330496,0.0],[-42.862236999,-22.642860136,0.0],[-42.860469095,-22.642341118,0.0],[-42.858344366999987,-22.641822101,0.0],[-42.855233305000013,-22.640891645000014,0.0],[-42.852535876999973,-22.639745075,0.0],[-42.850243082,-22.63868840000001,0.0],[-42.848554197999981,-22.637901704999983,0.0],[-42.847325284999982,-22.637225803000025,0.0],[-42.846477334,-22.636783393999977,0.0],[-42.846260550000011,-22.636654084,0.0],[-42.845776854,-22.636365563,0.0],[-42.845186976000029,-22.636181226,0.0],[-42.84466839200001,-22.636259101999983,0.0],[-42.841696862,-22.636648213,0.0],[-42.839635936,-22.636949318,0.0],[-42.837215344,-22.637282732,0.0],[-42.836088582,-22.637470526,0.0],[-42.835194849,-22.637616146999974,0.0],[-42.834471339000011,-22.637642820999986,0.0],[-42.833274379,-22.637809527999984,0.0],[-42.831413924,-22.638089597,0.0],[-42.828786615000013,-22.638456352999974,0.0],[-42.828168027000011,-22.638523367,0.0],[-42.825812065,-22.638969736,0.0],[-42.825195736,-22.639086506999988,0.0],[-42.824688944999977,-22.639086506999988,0.0],[-42.824062125000019,-22.638993150999976,0.0],[-42.823612015,-22.638899794999983,0.0],[-42.823161905000021,-22.638806439,0.0],[-42.820041141,-22.638292979999989,0.0],[-42.819060901,-22.638192955,0.0],[-42.817373822,-22.637886213999977,0.0],[-42.815573381,-22.637592808,0.0],[-42.814920425,-22.637472405000022,0.0],[-42.813692920999983,-22.637246057,0.0],[-42.811078947999988,-22.636872632,0.0],[-42.810844191000015,-22.636840521999986,0.0],[-42.8093005,-22.636629379,0.0],[-42.808885078,-22.636572559,0.0],[-42.808128968999988,-22.636422669,0.0],[-42.807371374000013,-22.636272485,0.0],[-42.806501161,-22.636105778000015,0.0],[-42.805630947999987,-22.63593907,0.0],[-42.805007337000013,-22.635838847000013,0.0],[-42.804510674,-22.635759026,0.0],[-42.803610453999987,-22.63570568,0.0],[-42.803400403,-22.635682341,0.0],[-42.803162011,-22.635617325000013,0.0],[-42.802923619000012,-22.635552309,0.0],[-42.802390155000019,-22.635932402000019,0.0],[-42.79896265,-22.638319652999986,0.0],[-42.798769268999983,-22.638436348,0.0],[-42.798575889000013,-22.638553043,0.0],[-42.798215801,-22.638706414000016,0.0],[-42.797969074,-22.638766429,0.0],[-42.797715678,-22.638786433999986,0.0],[-42.79744894600001,-22.638719751,0.0],[-42.797108863000012,-22.638599720999977,0.0],[-42.796802121,-22.638459686999983,0.0],[-42.795968584,-22.638012911,0.0],[-42.794334851,-22.637059343999987,0.0],[-42.792274346999982,-22.635805703999988,0.0],[-42.791574175,-22.635358927999988,0.0],[-42.790280525000021,-22.634578737,0.0],[-42.790128108,-22.634554154,0.0],[-42.789893764,-22.634552063999987,0.0],[-42.789632719,-22.634650469,0.0],[-42.788286704,-22.635939070000013,0.0],[-42.786564637,-22.637562,0.0],[-42.785153777000012,-22.638972861,0.0],[-42.784844026999977,-22.639282610999988,0.0],[-42.78473589,-22.639390748000018,0.0],[-42.784627753,-22.639498885,0.0],[-42.783967171,-22.640229065,0.0],[-42.78304396,-22.641474561999985,0.0],[-42.776690756999983,-22.649465834999987,0.0],[-42.775285838,-22.65123299,0.0],[-42.774938949,-22.651669317999989,0.0],[-42.76914961,-22.658951343,0.0],[-42.769094349999989,-22.659020851000012,0.0],[-42.769043116000013,-22.659085295,0.0],[-42.768653296,-22.659575624,0.0],[-42.768527859000017,-22.659733402999986,0.0],[-42.766261721000014,-22.662583826999988,0.0],[-42.766228591000022,-22.662625499,0.0],[-42.766167946999978,-22.662701779,0.0],[-42.765350301000012,-22.663730243,0.0],[-42.765323048,-22.663764523,0.0],[-42.765302021,-22.66379097,0.0],[-42.765287822,-22.66380883,0.0],[-42.764526517,-22.664766426,0.0],[-42.764515257000014,-22.664780588999982,0.0],[-42.764479292999987,-22.664825825,0.0],[-42.763243127,-22.666380715999988,0.0],[-42.763221161,-22.666408346,0.0],[-42.763200383,-22.666434481,0.0],[-42.762904408999979,-22.666806768000015,0.0],[-42.753245149,-22.67895651000001,0.0],[-42.747957763,-22.685607162999982,0.0],[-42.747222037,-22.686532583,0.0],[-42.746151898,-22.686241064,0.0],[-42.745547848,-22.686219729000012,0.0],[-42.745200828,-22.686189917,0.0],[-42.74490135,-22.686095102,0.0],[-42.744730149,-22.685673195,0.0],[-42.744420433000023,-22.685389246000014,0.0],[-42.744201902999968,-22.685171302000011,0.0],[-42.744029388,-22.684960029,0.0],[-42.743937397,-22.684879677,0.0],[-42.743543777000014,-22.684535857000032,0.0],[-42.742870882999988,-22.684390476,0.0],[-42.742504483999987,-22.684407956000012,0.0],[-42.742018426000023,-22.684280306,0.0],[-42.741862225999988,-22.684158345000025,0.0],[-42.741713171000022,-22.684041963,0.0],[-42.741081075,-22.683889599999983,0.0],[-42.740638731999979,-22.683744735,0.0],[-42.740427261,-22.683699552,0.0],[-42.740184401,-22.683499463,0.0],[-42.739742113000013,-22.683183687,0.0],[-42.739205402,-22.683168555000016,0.0],[-42.73887240900001,-22.683133653,0.0],[-42.73857897100001,-22.683167254000011,0.0],[-42.737797997,-22.683163764999978,0.0],[-42.737759186000012,-22.683049974,0.0],[-42.737730121,-22.682838177,0.0],[-42.737799156999984,-22.682597567,0.0],[-42.737722899,-22.68228695900002,0.0],[-42.737810184,-22.681925815999989,0.0],[-42.737515182,-22.681559269,0.0],[-42.737070305,-22.681401988000015,0.0],[-42.736673735,-22.681275588,0.0],[-42.736357758,-22.681195624,0.0],[-42.735980061,-22.680910949,0.0],[-42.735217158000012,-22.680303744,0.0],[-42.735256514,-22.679889076999974,0.0],[-42.735681374,-22.679283578,0.0],[-42.735286424,-22.679059053999989,0.0],[-42.734765999,-22.679044140000013,0.0],[-42.734469839,-22.679243784,0.0],[-42.734078614,-22.678792824999974,0.0],[-42.733749977,-22.678493741000011,0.0],[-42.733385209000012,-22.678413080999988,0.0],[-42.733103142,-22.678250546,0.0],[-42.73256844,-22.678114631,0.0],[-42.732202555000022,-22.67810189799998,0.0],[-42.731739565000012,-22.678057590000019,0.0],[-42.731310228,-22.677945812,0.0],[-42.730403919,-22.677495404,0.0],[-42.729604478999988,-22.677259015999983,0.0],[-42.729208326,-22.677138407,0.0],[-42.728665498,-22.677002362999975,0.0],[-42.728121055999978,-22.676964439,0.0],[-42.727730062000013,-22.676951104000011,0.0],[-42.727241401,-22.677027446000018,0.0],[-42.726574677,-22.677159748000019,0.0],[-42.725359835,-22.677297210000017,0.0],[-42.724691683,-22.677372106999986,0.0],[-42.724086466000017,-22.67730724,0.0],[-42.723681861,-22.677293940999981,0.0],[-42.723343243,-22.677338867,0.0],[-42.722598245,-22.677391768,0.0],[-42.721781011,-22.677123456,0.0],[-42.721318704999987,-22.676944351999989,0.0],[-42.720956395999977,-22.676809738,0.0],[-42.720466376,-22.676432837,0.0],[-42.719953224,-22.676109102,0.0],[-42.719338448,-22.675706507,0.0],[-42.718797814000013,-22.675403425,0.0],[-42.717561293000017,-22.675020093,0.0],[-42.716715007000012,-22.675020468000024,0.0],[-42.71701242,-22.674254665,0.0],[-42.716785932,-22.673685226,0.0],[-42.716613628999987,-22.673282648,0.0],[-42.716177064,-22.673117881999971,0.0],[-42.715734118,-22.672847332000011,0.0],[-42.715156536999977,-22.671865211,0.0],[-42.714587722,-22.671336179,0.0],[-42.714360372999977,-22.670819571,0.0],[-42.714274904,-22.670289365,0.0],[-42.713718683,-22.670014177,0.0],[-42.713282285999981,-22.669825091999982,0.0],[-42.712842392,-22.669846940000014,0.0],[-42.712382213,-22.670177938,0.0],[-42.712044653,-22.670426293999974,0.0],[-42.711469549,-22.670375878000016,0.0],[-42.710764355,-22.670352973,0.0],[-42.710137016999987,-22.6704896,0.0],[-42.709257020999978,-22.670358300999986,0.0],[-42.708558467,-22.669943944,0.0],[-42.708667270999989,-22.669365274,0.0],[-42.70852205500001,-22.668983426,0.0],[-42.708358697999984,-22.668748275999988,0.0],[-42.707817186,-22.66853669,0.0],[-42.707269298999989,-22.668219319,0.0],[-42.707161647,-22.667852772999989,0.0],[-42.7068029,-22.667552259,0.0],[-42.706384715000013,-22.667180566,0.0],[-42.706313397000017,-22.666912298999989,0.0],[-42.706318776,-22.666588869,0.0],[-42.706047135000013,-22.665891692,0.0],[-42.70596884899998,-22.665218672999988,0.0],[-42.705617040999989,-22.66485126,0.0],[-42.705322644999988,-22.66481319999998,0.0],[-42.704894623,-22.664757863999988,0.0],[-42.704556068,-22.664571824999989,0.0],[-42.704151861000021,-22.66393188,0.0],[-42.703913791,-22.663573643999989,0.0],[-42.70359112900001,-22.663410479999978,0.0],[-42.702733071000019,-22.663485250000019,0.0],[-42.701960325,-22.663474162999986,0.0],[-42.701218119000011,-22.663449444,0.0],[-42.700369408,-22.66343974,0.0],[-42.699663393,-22.663339006999976,0.0],[-42.69935247,-22.663447781,0.0],[-42.699099735000011,-22.663481896,0.0],[-42.698898437,-22.663358214,0.0],[-42.699158601,-22.662878791,0.0],[-42.699350557,-22.662587122,0.0],[-42.699673260999987,-22.662259585000022,0.0],[-42.699984902,-22.661968925999986,0.0],[-42.700508733,-22.661456025,0.0],[-42.700614491,-22.660936859000014,0.0],[-42.700387084,-22.660427784,0.0],[-42.700030065,-22.660169192000016,0.0],[-42.69976578,-22.659659038999983,0.0],[-42.699273054,-22.659215931999988,0.0],[-42.699023923,-22.65870599600002,0.0],[-42.698665218,-22.658405466999987,0.0],[-42.698247317,-22.658019693,0.0],[-42.69796619800001,-22.657803563,0.0],[-42.697502899,-22.657221326999981,0.0],[-42.697036031,-22.657045829,0.0],[-42.69664351,-22.656955791,0.0],[-42.696344011,-22.656740501999973,0.0],[-42.695891827,-22.656593343999987,0.0],[-42.69553055,-22.656447492,0.0],[-42.695167866,-22.656386010999988,0.0],[-42.694682094,-22.656435281999986,0.0],[-42.694260481,-22.656625400999978,0.0],[-42.69377968200002,-22.656678874,0.0],[-42.693360431,-22.656627235999974,0.0],[-42.692942208000012,-22.656659263999963,0.0],[-42.693025673,-22.656532126,0.0],[-42.693453334,-22.656251409,0.0],[-42.693644028999977,-22.656035224,0.0],[-42.693760652,-22.655870816,0.0],[-42.69383825500001,-22.655607705,0.0],[-42.693548531999987,-22.655422348,0.0],[-42.692998713,-22.655225696000013,0.0],[-42.692349672000013,-22.655125755,0.0],[-42.69192921,-22.654976258,0.0],[-42.69156794500001,-22.654691726,0.0],[-42.691296131999977,-22.654408482000019,0.0],[-42.690988130999983,-22.654343647,0.0],[-42.690842036,-22.654073236,0.0],[-42.690848624,-22.65367950000001,0.0],[-42.691002781,-22.653468132000011,0.0],[-42.691314947,-22.653283896999984,0.0],[-42.691586580000013,-22.653091527000015,0.0],[-42.691940413999987,-22.652847497000014,0.0],[-42.692028043,-22.652471291,0.0],[-42.692032714,-22.652192031999974,0.0],[-42.691797724,-22.651652640000016,0.0],[-42.691825906,-22.651426565,0.0],[-42.691890074,-22.651161666000021,0.0],[-42.69198161700001,-22.650870154,0.0],[-42.692349002,-22.65030169500001,0.0],[-42.692644645,-22.650132318,0.0],[-42.692061943,-22.649957838,0.0],[-42.691747728,-22.649756478,0.0],[-42.691236005,-22.649228447,0.0],[-42.690765959,-22.648663319000015,0.0],[-42.690826491,-22.6479621,0.0],[-42.691077432,-22.648033661,0.0],[-42.691410446,-22.648061108,0.0],[-42.691769873,-22.647968144000011,0.0],[-42.692229781000023,-22.647702991,0.0],[-42.692657918000016,-22.647392082999982,0.0],[-42.692949963,-22.646950875999984,0.0],[-42.692979906999987,-22.646619133999984,0.0],[-42.693050509,-22.646287978,0.0],[-42.693148657,-22.645768484,0.0],[-42.693114814000019,-22.645331484,0.0],[-42.69325884500001,-22.645015131,0.0],[-42.693460177,-22.644648109999984,0.0],[-42.693514271,-22.644399537,0.0],[-42.693575466999988,-22.644076017,0.0],[-42.693698761,-22.643511587,0.0],[-42.693612974,-22.643291419999986,0.0],[-42.693112306999971,-22.642589668999978,0.0],[-42.692343811,-22.642827734000015,0.0],[-42.691815913000013,-22.642782383999982,0.0],[-42.691523784,-22.642608004000017,0.0],[-42.691244129999987,-22.642416435,0.0],[-42.69094683,-22.642226308999984,0.0],[-42.690599461999987,-22.642085415,0.0],[-42.690065836000016,-22.641896538,0.0],[-42.689732459,-22.641891733,0.0],[-42.689020501000023,-22.642153243999974,0.0],[-42.688815454,-22.642255979000012,0.0],[-42.688357468,-22.642372587,0.0],[-42.688021885999987,-22.642048248,0.0],[-42.687822399,-22.641818887999989,0.0],[-42.687623798000011,-22.641536696,0.0],[-42.687401941,-22.641186223999977,0.0],[-42.687272056,-22.640686092,0.0],[-42.686988227999983,-22.640636700000019,0.0],[-42.68648574600001,-22.640531304000014,0.0],[-42.685907809,-22.640560707,0.0],[-42.685680139999988,-22.640557419,0.0],[-42.685486386000022,-22.640471578,0.0],[-42.684956098,-22.64056961,0.0],[-42.684539389,-22.640684378999989,0.0],[-42.683731013,-22.640600340999988,0.0],[-42.683193087,-22.640593637999974,0.0],[-42.68219688,-22.640538116,0.0],[-42.681701385,-22.640711807,0.0],[-42.681129697000017,-22.640801164000017,0.0],[-42.680682617,-22.640787145,0.0],[-42.680111036,-22.640922309,0.0],[-42.679613141,-22.64102834,0.0],[-42.679294381,-22.641121867000017,0.0],[-42.678697914999987,-22.641184974,0.0],[-42.678050920000011,-22.641213108,0.0],[-42.677560566,-22.641209989000014,0.0],[-42.677106116999987,-22.641150557000014,0.0],[-42.676666533,-22.641174382,0.0],[-42.676253502000023,-22.641070251999984,0.0],[-42.675833229999988,-22.640913170999987,0.0],[-42.675338,-22.640860691999986,0.0],[-42.675062308000022,-22.640811397,0.0],[-42.674733259,-22.640549946,0.0],[-42.674153041,-22.640232005,0.0],[-42.674053948999983,-22.639838002,0.0],[-42.673850554999987,-22.639359443,0.0],[-42.673684764,-22.639062614000022,0.0],[-42.673625947999987,-22.638691842999989,0.0],[-42.67349433499998,-22.638297367999975,0.0],[-42.673181811,-22.638021056000017,0.0],[-42.672827996,-22.63778189,0.0],[-42.672399735,-22.637617135999978,0.0],[-42.672032068,-22.637717485999989,0.0],[-42.671412474,-22.637806627,0.0],[-42.670834678,-22.637828428,0.0],[-42.670507536,-22.637936913,0.0],[-42.669345579000023,-22.637388513,0.0],[-42.668906317999983,-22.637265073000016,0.0],[-42.668657993000018,-22.63703572,0.0],[-42.66840854,-22.636873234,0.0],[-42.668005584,-22.636733597999989,0.0],[-42.667672802,-22.637238768000017,0.0],[-42.667719067,-22.637699287,0.0],[-42.667477882,-22.638113819,0.0],[-42.667303119,-22.638328656999974,0.0],[-42.667117513999983,-22.638652027999989,0.0],[-42.666795847,-22.639031943,0.0],[-42.666422831999988,-22.639252255,0.0],[-42.666139442,-22.639498952999986,0.0],[-42.665788211,-22.640028930999986,0.0],[-42.665655359,-22.640428315,0.0],[-42.665095737,-22.64103050200001,0.0],[-42.664679201000013,-22.641693298999986,0.0],[-42.664526919,-22.642176006999982,0.0],[-42.66413315,-22.643089957000015,0.0],[-42.663669219,-22.643359101,0.0],[-42.663501609,-22.643682729,0.0],[-42.663143757,-22.644070468999981,0.0],[-42.662827017999987,-22.644157817999986,0.0],[-42.662584585,-22.644112478000025,0.0],[-42.662414901999988,-22.644026394,0.0],[-42.662103116,-22.643821186,0.0],[-42.661709718999987,-22.64364823,0.0],[-42.661253004,-22.64349107,0.0],[-42.660857911,-22.643418417,0.0],[-42.660599594,-22.643247430000013,0.0],[-42.660193088,-22.64331674200001,0.0],[-42.660063474,-22.643523869,0.0],[-42.660050502,-22.643757782,0.0],[-42.659784314,-22.643519793,0.0],[-42.659402477000022,-22.643196505,0.0],[-42.658955623,-22.642989319000012,0.0],[-42.658770201,-22.642769229000013,0.0],[-42.658269176000012,-22.642569610000013,0.0],[-42.658035186,-22.642557829,0.0],[-42.657498143000012,-22.642357680999989,0.0],[-42.657240257999987,-22.642161612999988,0.0],[-42.657042857,-22.64211692300001,0.0],[-42.656472209,-22.641774147999982,0.0],[-42.656187661,-22.642087696,0.0],[-42.655771507,-22.642725389,0.0],[-42.65538145,-22.642886897000011,0.0],[-42.655019969,-22.642956854999973,0.0],[-42.654620479000023,-22.643143306,0.0],[-42.653958988999982,-22.643376085999979,0.0],[-42.652924539,-22.643294051,0.0],[-42.652600924000012,-22.643255868,0.0],[-42.65221654800002,-22.643083021,0.0],[-42.651777716,-22.642934456999985,0.0],[-42.651418793999987,-22.642853951,0.0],[-42.650762136,-22.642802520999986,0.0],[-42.650027990000012,-22.642540934,0.0],[-42.649879514,-22.6424902,0.0],[-42.64942635500001,-22.642335355,0.0],[-42.648726417999988,-22.642061363999986,0.0],[-42.648432927,-22.642057693,0.0],[-42.648088174,-22.642203126999984,0.0],[-42.647994599,-22.642324895999987,0.0],[-42.647833557999988,-22.64243857,0.0],[-42.64767525900001,-22.642648547,0.0],[-42.647304629,-22.642800015,0.0],[-42.646961798999989,-22.64291101800001,0.0],[-42.646749378000017,-22.643372048,0.0],[-42.646461804,-22.644085498,0.0],[-42.646385374,-22.644870284999989,0.0],[-42.645936113,-22.64480516,0.0],[-42.645473834,-22.644447217,0.0],[-42.644864052,-22.644287762,0.0],[-42.644577863999977,-22.644089111,0.0],[-42.643835722999988,-22.643624600000017,0.0],[-42.643628606,-22.643316476999974,0.0],[-42.643371884,-22.643053518,0.0],[-42.642667783,-22.642805711,0.0],[-42.642230662,-22.642367872,0.0],[-42.641361873999983,-22.641025733,0.0],[-42.640869328000022,-22.641386354,0.0],[-42.640420088,-22.641847941,0.0],[-42.640404227,-22.64224902099998,0.0],[-42.640400289,-22.642821126,0.0],[-42.640243719000011,-22.64320814,0.0],[-42.639630670999978,-22.642968023000012,0.0],[-42.639349221,-22.642843814999978,0.0],[-42.638997883999977,-22.642847,0.0],[-42.638619532,-22.642849785000021,0.0],[-42.638215596,-22.642768585,0.0],[-42.637927723,-22.642747621000023,0.0],[-42.637706455,-22.643045345,0.0],[-42.637602266999977,-22.643290197999988,0.0],[-42.637420864,-22.643417366,0.0],[-42.637299508000012,-22.643666398,0.0],[-42.637292927,-22.644050893,0.0],[-42.637533918,-22.644179856,0.0],[-42.637702868,-22.644307758,0.0],[-42.638033482,-22.644463125000016,0.0],[-42.638609806000012,-22.644471619,0.0],[-42.638724014,-22.644640516,0.0],[-42.63877989,-22.644870098,0.0],[-42.638770037,-22.645109394,0.0],[-42.638757601,-22.645309867,0.0],[-42.638664833,-22.645467354000012,0.0],[-42.638534042,-22.64574133,0.0],[-42.638454859,-22.645812529999986,0.0],[-42.638360228,-22.645897620999971,0.0],[-42.638130950999987,-22.646136702,0.0],[-42.637865653000013,-22.646375251,0.0],[-42.637715275999987,-22.646740905,0.0],[-42.637620217000013,-22.647032128,0.0],[-42.637589196,-22.647265769999983,0.0],[-42.637547452,-22.647599583,0.0],[-42.637549162,-22.64802600299998,0.0],[-42.637406499,-22.648467016,0.0],[-42.636851164,-22.648809976,0.0],[-42.635896296,-22.649339333,0.0],[-42.635587822,-22.649468552,0.0],[-42.635342672,-22.649581982999987,0.0],[-42.634727155,-22.649756832,0.0],[-42.634040309,-22.649888821,0.0],[-42.633414636999987,-22.6501304,0.0],[-42.633065693,-22.650518196999982,0.0],[-42.63282725100003,-22.650765494,0.0],[-42.632540481999989,-22.651204373,0.0],[-42.632434253,-22.651620836,0.0],[-42.63247139300001,-22.652081222,0.0],[-42.632420773,-22.652406540000019,0.0],[-42.632423899,-22.652749373999988,0.0],[-42.632357705,-22.652932330999985,0.0],[-42.631763336,-22.652923544000011,0.0],[-42.631370288,-22.65302745,0.0],[-42.630988231000011,-22.653324930999986,0.0],[-42.630646752,-22.653425394,0.0],[-42.630255635,-22.653645345,0.0],[-42.630086356,-22.654060874000017,0.0],[-42.629940818,-22.654367095999984,0.0],[-42.629639154000017,-22.654560420999982,0.0],[-42.629346827000013,-22.654706414000014,0.0],[-42.629036488,-22.654873043,0.0],[-42.628750793,-22.655164373,0.0],[-42.628455065,-22.655508102999988,0.0],[-42.62818123,-22.656065768,0.0],[-42.627827282999988,-22.656569072999989,0.0],[-42.627673365,-22.656700526000012,0.0],[-42.627520228,-22.65683131099998,0.0],[-42.627317066,-22.656904301,0.0],[-42.626792285,-22.657038658000012,0.0],[-42.626502948,-22.657101255,0.0],[-42.626258065,-22.657197954,0.0],[-42.625933855,-22.657193148,0.0],[-42.625524299000013,-22.656904583999989,0.0],[-42.624985713,-22.656802863000014,0.0],[-42.62458246700001,-22.656679834,0.0],[-42.624012143,-22.656320228,0.0],[-42.623736419000018,-22.656115481999986,0.0],[-42.62359736600002,-22.655820796999976,0.0],[-42.623476181,-22.655534736999979,0.0],[-42.623345702999977,-22.655265261,0.0],[-42.623136766000023,-22.654844129,0.0],[-42.622944689,-22.654490132000024,0.0],[-42.622525169,-22.65426653,0.0],[-42.622182236000022,-22.654303242,0.0],[-42.621449035,-22.654509732,0.0],[-42.621163881,-22.654329925,0.0],[-42.621013668,-22.654160481,0.0],[-42.6203108,-22.654175123,0.0],[-42.620023662999976,-22.654085554999988,0.0],[-42.619767081,-22.653840979999973,0.0],[-42.619736314,-22.653448362999988,0.0],[-42.619705274000012,-22.653246458,0.0],[-42.619617526000013,-22.653111384,0.0],[-42.61918548500001,-22.652569883,0.0],[-42.619083476000021,-22.65221722199998,0.0],[-42.619119721,-22.651682681000015,0.0],[-42.618971244,-22.651412934,0.0],[-42.618424944,-22.651229241000014,0.0],[-42.617919522,-22.651047901,0.0],[-42.617610649,-22.65091615,0.0],[-42.616976031,-22.650630810999981,0.0],[-42.615752173,-22.650562437,0.0],[-42.615243201999981,-22.650304043,0.0],[-42.614724549000023,-22.650470289999983,0.0],[-42.614009331000013,-22.650294032,0.0],[-42.613807701,-22.649973326000016,0.0],[-42.613529116,-22.649935733,0.0],[-42.613203982000023,-22.649606966,0.0],[-42.613068368,-22.649388205,0.0],[-42.612838151000012,-22.649144706000012,0.0],[-42.612425146,-22.648665195999982,0.0],[-42.612519247,-22.648432501999981,0.0],[-42.612742010000012,-22.648296743,0.0],[-42.612895218999988,-22.647816423999988,0.0],[-42.612679087,-22.647523579,0.0],[-42.612465711000013,-22.647361547999981,0.0],[-42.612354325000013,-22.647056771999978,0.0],[-42.612406105,-22.646641649,0.0],[-42.612405917999979,-22.64613165,0.0],[-42.61225609600001,-22.645836937,0.0],[-42.612073963,-22.645525674999977,0.0],[-42.611820925,-22.645371585,0.0],[-42.611699834,-22.645293428,0.0],[-42.611355815,-22.645158952999981,0.0],[-42.611085051,-22.645044156,0.0],[-42.610830784,-22.64496125,0.0],[-42.610606728,-22.644959429000014,0.0],[-42.6102108,-22.644936803,0.0],[-42.609600554,-22.644735513000011,0.0],[-42.609395406,-22.644690542,0.0],[-42.60913484200001,-22.644653212999984,0.0],[-42.60890317600002,-22.644507626,0.0],[-42.608636069999989,-22.644328067,0.0],[-42.608369834,-22.644098358000022,0.0],[-42.607892973,-22.643817721,0.0],[-42.607406581,-22.643548901999985,0.0],[-42.606879064,-22.643323649,0.0],[-42.606577103000014,-22.643076683,0.0],[-42.606455323000013,-22.642560071,0.0],[-42.606261507,-22.642640555000014,0.0],[-42.60485593300001,-22.642016707999989,0.0],[-42.603534824,-22.64083771300001,0.0],[-42.602890618,-22.639544926,0.0],[-42.601596897,-22.638003609,0.0],[-42.600227209,-22.63674106,0.0],[-42.599003374,-22.635986542000023,0.0],[-42.59748307000001,-22.635265575999988,0.0],[-42.59626082,-22.634842442,0.0],[-42.59483989200001,-22.633505043,0.0],[-42.593899526,-22.631799676000021,0.0],[-42.592752961,-22.630215229,0.0],[-42.59178274,-22.629835563,0.0],[-42.590568450000013,-22.628466331,0.0],[-42.589146277999987,-22.628323037000012,0.0],[-42.587364721999982,-22.62756590699998,0.0],[-42.585868199,-22.625990763,0.0],[-42.584614587000011,-22.625104095000012,0.0],[-42.582395044000023,-22.624644373,0.0],[-42.580175501,-22.624184651,0.0],[-42.578783754,-22.623794968,0.0],[-42.577143564,-22.623634511,0.0],[-42.575503373,-22.623474055,0.0],[-42.574233918,-22.624187336,0.0],[-42.574167480999982,-22.624234333,0.0],[-42.574123666,-22.624265326999975,0.0],[-42.572203403,-22.625623708,0.0],[-42.571506542,-22.626116222999983,0.0],[-42.569344266,-22.623756062999984,0.0],[-42.568232102,-22.622929107,0.0],[-42.566893036000018,-22.62262139800001,0.0],[-42.565391805,-22.621419834,0.0],[-42.564564658999977,-22.620125787,0.0],[-42.580830287,-22.586580105,0.0],[-42.581265139000017,-22.585682657000014,0.0],[-42.581403435000013,-22.585517912999979,0.0],[-42.582081466999988,-22.58471021399998,0.0],[-42.586542801,-22.575421842,0.0],[-42.59344543,-22.561174077,0.0],[-42.603359894,-22.540709558,0.0],[-42.602789291,-22.540517519,0.0],[-42.601810317,-22.540526092,0.0],[-42.601804567999977,-22.540526142999983,0.0],[-42.601181583000013,-22.540516851,0.0],[-42.600416555000017,-22.540531748000014,0.0],[-42.599707707,-22.540573790999975,0.0],[-42.599255764,-22.540501266,0.0],[-42.598821851,-22.54020536199998,0.0],[-42.598814747,-22.539797428,0.0],[-42.598859293,-22.539270279,0.0],[-42.598729441,-22.53892118300001,0.0],[-42.598717182,-22.538888227,0.0],[-42.598410473,-22.538607378,0.0],[-42.59798428900001,-22.538533013,0.0],[-42.597921991,-22.538522143,0.0],[-42.59765968300001,-22.538457047000012,0.0],[-42.597323491,-22.538312189,0.0],[-42.597222294999987,-22.538179580999987,0.0],[-42.597253689000013,-22.537996515,0.0],[-42.597218788,-22.537838679000014,0.0],[-42.597192785000011,-22.537806332999988,0.0],[-42.597122481,-22.537718883999986,0.0],[-42.596917487,-22.537522442,0.0],[-42.596803585,-22.537413294000011,0.0],[-42.596672615,-22.537287789,0.0],[-42.596615592000013,-22.537226677,0.0],[-42.596474048000012,-22.537074980999982,0.0],[-42.596268791,-22.536899924,0.0],[-42.596241803,-22.536772998,0.0],[-42.596204590000021,-22.536597981999989,0.0],[-42.596115391999987,-22.536403161,0.0],[-42.596095233,-22.536230869,0.0],[-42.596119197,-22.535981470999985,0.0],[-42.596252770999989,-22.535628261999989,0.0],[-42.596146503999989,-22.535274942,0.0],[-42.595952447,-22.535121551,0.0],[-42.595241533,-22.534745445,0.0],[-42.594774304,-22.534329983,0.0],[-42.594601337,-22.534295148,0.0],[-42.594487144000013,-22.534207445,0.0],[-42.594395713999987,-22.534141581999982,0.0],[-42.594292344,-22.534097038,0.0],[-42.593982796,-22.534031076,0.0],[-42.593783555000023,-22.533988618,0.0],[-42.593546857,-22.533938178999975,0.0],[-42.593506496,-22.533929577999988,0.0],[-42.593376636,-22.533849347999986,0.0],[-42.593176362,-22.53372561399998,0.0],[-42.593126401000013,-22.533536951,0.0],[-42.593122061999978,-22.533520564000021,0.0],[-42.593113848,-22.533326953,0.0],[-42.59312895599998,-22.533122940999988,0.0],[-42.593121301,-22.53289709,0.0],[-42.593064749,-22.532154538,0.0],[-42.592911925,-22.531625534,0.0],[-42.592871615,-22.531280951,0.0],[-42.592874597,-22.531109006,0.0],[-42.592760593000023,-22.53101055600002,0.0],[-42.592561324,-22.530811401,0.0],[-42.592487618,-22.530737738,0.0],[-42.592291969,-22.53060716300001,0.0],[-42.592209745,-22.530466096,0.0],[-42.591863119000017,-22.53005118,0.0],[-42.591611096,-22.529717702999982,0.0],[-42.591307846,-22.529376408,0.0],[-42.591234888,-22.528913094,0.0],[-42.591290274000023,-22.528695647000013,0.0],[-42.591255219,-22.528408179,0.0],[-42.591316664,-22.528259057000017,0.0],[-42.591377793999989,-22.52798904,0.0],[-42.591440668,-22.527722997,0.0],[-42.591611097,-22.527555547,0.0],[-42.591779677000019,-22.527277299,0.0],[-42.591911328,-22.527104215000012,0.0],[-42.592367588,-22.526789033999982,0.0],[-42.592538849,-22.526677981,0.0],[-42.592464972000023,-22.526598218000018,0.0],[-42.592054482,-22.526399800000025,0.0],[-42.591568404,-22.526136629,0.0],[-42.591377394,-22.526034402,0.0],[-42.590766731,-22.525885518,0.0],[-42.590260366,-22.525727444000022,0.0],[-42.589723775,-22.525310929999982,0.0],[-42.589528246,-22.525243505999988,0.0],[-42.589391487,-22.525123213999986,0.0],[-42.588581409,-22.524778408,0.0],[-42.588324662,-22.524591259,0.0],[-42.588158615,-22.524158796,0.0],[-42.587885288999978,-22.523907463999986,0.0],[-42.587507296000013,-22.523686810000012,0.0],[-42.587590508999988,-22.523559065999983,0.0],[-42.587672528,-22.52349572,0.0],[-42.587860292000023,-22.523348124,0.0],[-42.588157621999983,-22.52308812999998,0.0],[-42.588349857999987,-22.522474017000015,0.0],[-42.588423180999989,-22.522249380000019,0.0],[-42.588303219000011,-22.521828358,0.0],[-42.588212658,-22.521549742,0.0],[-42.588066527,-22.520995014,0.0],[-42.587811481000017,-22.520454416,0.0],[-42.587754401,-22.520214151,0.0],[-42.587688557,-22.520012737,0.0],[-42.587633388,-22.519843978000011,0.0],[-42.587588577,-22.519747324999987,0.0],[-42.58752535,-22.519610949,0.0],[-42.587387708,-22.519314068,0.0],[-42.586993168999967,-22.518648415,0.0],[-42.586779448000023,-22.518462986,0.0],[-42.586696453999977,-22.518386411999973,0.0],[-42.586492063,-22.518189428,0.0],[-42.586286658000013,-22.518025107,0.0],[-42.586095157,-22.51791334,0.0],[-42.586141889,-22.517700455999982,0.0],[-42.586216863000011,-22.517428407000018,0.0],[-42.586352038999983,-22.516983142,0.0],[-42.586344698999987,-22.516682312,0.0],[-42.586312894,-22.51646533,0.0],[-42.586284632999977,-22.516143944,0.0],[-42.586201061999979,-22.515626723,0.0],[-42.586198629,-22.515217981,0.0],[-42.586121411,-22.514883825,0.0],[-42.585917319,-22.514644277999981,0.0],[-42.58563524800001,-22.514231572999986,0.0],[-42.585407464000014,-22.514023919,0.0],[-42.585202253000013,-22.513848851000027,0.0],[-42.584777967,-22.513374529,0.0],[-42.584455451,-22.512748095999985,0.0],[-42.584338277,-22.512015001999988,0.0],[-42.584224629,-22.511416197,0.0],[-42.584010826999979,-22.511175823,0.0],[-42.583849308,-22.511078168,0.0],[-42.58365671,-22.51091259,0.0],[-42.583526882999983,-22.510394674,0.0],[-42.583560293999987,-22.509803963,0.0],[-42.583401917,-22.509597348,0.0],[-42.583241111,-22.509530438000017,0.0],[-42.58308838100001,-22.509288808999983,0.0],[-42.582998962999987,-22.509147343,0.0],[-42.582939664000023,-22.508902451000012,0.0],[-42.582780541,-22.50873882199998,0.0],[-42.582260439,-22.508709513,0.0],[-42.581893874,-22.508499771,0.0],[-42.581584216000017,-22.508246948,0.0],[-42.581291904000011,-22.507856518000015,0.0],[-42.581045493,-22.507390595,0.0],[-42.580681444,-22.506690800999976,0.0],[-42.580570824,-22.506248602,0.0],[-42.580537467999982,-22.506003389999975,0.0],[-42.580379431,-22.505896139,0.0],[-42.580199957,-22.505533474999989,0.0],[-42.579768508999983,-22.504985057,0.0],[-42.579567463,-22.504450625,0.0],[-42.579524087,-22.504256208000026,0.0],[-42.579277924999978,-22.503858324,0.0],[-42.579120723000017,-22.503407627,0.0],[-42.578659248,-22.502915261999977,0.0],[-42.578501525999989,-22.502464333,0.0],[-42.578242364999987,-22.502274784,0.0],[-42.577998261999987,-22.50207905,0.0],[-42.577988268000013,-22.501804199,0.0],[-42.577988527,-22.501572262,0.0],[-42.578100291000013,-22.501133222,0.0],[-42.578199741,-22.500736993000018,0.0],[-42.57841409600001,-22.500385489999982,0.0],[-42.57854093200001,-22.499813061,0.0],[-42.57869619600001,-22.499465291,0.0],[-42.578968,-22.499136150000012,0.0],[-42.579065949,-22.498825892000028,0.0],[-42.578888202,-22.498403997,0.0],[-42.578826482000018,-22.497962347,0.0],[-42.578983566000012,-22.497577733000021,0.0],[-42.578863647,-22.497156707,0.0],[-42.578744476,-22.496692696,0.0],[-42.578637994,-22.496164378,0.0],[-42.578538145,-22.495503187,0.0],[-42.578320333,-22.495044681,0.0],[-42.578251402,-22.494686083999987,0.0],[-42.578139512,-22.494090102,0.0],[-42.577917496999987,-22.49387701199997,0.0],[-42.577188798,-22.493595122,0.0],[-42.576352472,-22.493037233999985,0.0],[-42.575471236999981,-22.492153597,0.0],[-42.574983629999977,-22.491273003999989,0.0],[-42.574875902,-22.49061951900001,0.0],[-42.57474509,-22.490279769000018,0.0],[-42.574623079,-22.490071906,0.0],[-42.574450158,-22.489825430999979,0.0],[-42.574288410000023,-22.489594882,0.0],[-42.57420172299998,-22.489463127,0.0],[-42.573681263,-22.48927111,0.0],[-42.573395535,-22.488986016,0.0],[-42.572956159,-22.488376731,0.0],[-42.572307867000013,-22.487604406,0.0],[-42.571841995,-22.48705196200002,0.0],[-42.571277984999988,-22.48664324200001,0.0],[-42.570457514,-22.486432083000022,0.0],[-42.570071967,-22.486280556999986,0.0],[-42.569784674,-22.486185964000011,0.0],[-42.56960565,-22.486177096,0.0],[-42.569023554000019,-22.486148263,0.0],[-42.568562998,-22.486132572999981,0.0],[-42.568037392,-22.486072202000013,0.0],[-42.567610548,-22.48602074,0.0],[-42.567069769999989,-22.485914181,0.0],[-42.566900917000012,-22.485807488999985,0.0],[-42.566335744000021,-22.48496279,0.0],[-42.566122553,-22.484784777000023,0.0],[-42.56597295600001,-22.484358167000011,0.0],[-42.56572560799998,-22.484134670999989,0.0],[-42.565817556000013,-22.483941163999972,0.0],[-42.566053828,-22.48346358,0.0],[-42.566140743999988,-22.483034419,0.0],[-42.566124548999987,-22.482451294,0.0],[-42.5664659,-22.482360342,0.0],[-42.566633412999977,-22.482107116,0.0],[-42.566717960999988,-22.481813209,0.0],[-42.566858781,-22.481404914,0.0],[-42.567034583,-22.481031763,0.0],[-42.567096340000013,-22.480726808,0.0],[-42.567340855,-22.48018864,0.0],[-42.567414761000023,-22.479726555000013,0.0],[-42.567379592,-22.479547832,0.0],[-42.567333116,-22.479178152,0.0],[-42.567188491,-22.47868312,0.0],[-42.567114087,-22.478080209000019,0.0],[-42.566828812,-22.477743822,0.0],[-42.566434251,-22.477602571,0.0],[-42.566053351999983,-22.477436928999989,0.0],[-42.565608664,-22.477135029000014,0.0],[-42.565125148,-22.476783345999984,0.0],[-42.564764153000013,-22.476236723000017,0.0],[-42.564433958999977,-22.475407845000017,0.0],[-42.564407785000014,-22.474669330000026,0.0],[-42.564334425,-22.474323841999986,0.0],[-42.56390492,-22.473911475,0.0],[-42.56371507,-22.473416635,0.0],[-42.563580509,-22.472787337999989,0.0],[-42.563248791000014,-22.472199961,0.0],[-42.563385823999987,-22.471812754,0.0],[-42.563616818000021,-22.471051891,0.0],[-42.56374390600002,-22.470256158000012,0.0],[-42.563816613,-22.469306982,0.0],[-42.56387493,-22.468661129,0.0],[-42.563632207999987,-22.468110015,0.0],[-42.563372545,-22.467579868,0.0],[-42.563185886,-22.467357395,0.0],[-42.562730387999977,-22.467241874,0.0],[-42.562344591,-22.467274906000014,0.0],[-42.562001978000019,-22.467208498,0.0],[-42.561826874,-22.467127759999975,0.0],[-42.561522588999978,-22.467123158,0.0],[-42.561245624,-22.467069771000023,0.0],[-42.56080861,-22.467087758,0.0],[-42.560349314,-22.467244724000011,0.0],[-42.559994915,-22.467456723,0.0],[-42.559701238,-22.467505550000013,0.0],[-42.559181279,-22.467519394,0.0],[-42.558592987,-22.467410899000015,0.0],[-42.557986119,-22.467208943999982,0.0],[-42.557678773,-22.467242542,0.0],[-42.557405935,-22.467200155,0.0],[-42.556777826,-22.466910676,0.0],[-42.555871572999983,-22.466716456999979,0.0],[-42.555511247000013,-22.466564751,0.0],[-42.555195225000013,-22.4665371,0.0],[-42.554802386000013,-22.466417527000011,0.0],[-42.554007383,-22.466295957,0.0],[-42.55379804,-22.466314895000018,0.0],[-42.553455622,-22.466536929,0.0],[-42.553614169,-22.466076136,0.0],[-42.553753453000013,-22.465641269,0.0],[-42.553797598000017,-22.465431829000011,0.0],[-42.553551418999987,-22.465132913,0.0],[-42.553215228,-22.464685038999988,0.0],[-42.553097785000013,-22.464425254,0.0],[-42.553132991,-22.46409343,0.0],[-42.553174947999977,-22.463779694,0.0],[-42.553316714,-22.463418998999988,0.0],[-42.55316842600002,-22.463080428000026,0.0],[-42.553108608,-22.462738675,0.0],[-42.55293596300001,-22.462219214000012,0.0],[-42.552769503,-22.461702256,0.0],[-42.552475289,-22.461321987,0.0],[-42.551578199000012,-22.460840194,0.0],[-42.551268379,-22.460332789000013,0.0],[-42.551333138,-22.459967487999986,0.0],[-42.551311048,-22.459084453,0.0],[-42.551334455000017,-22.458822621,0.0],[-42.550865027,-22.458247417999988,0.0],[-42.550831388,-22.457927388999984,0.0],[-42.550467033,-22.456742674999983,0.0],[-42.55092907400001,-22.456165501,0.0],[-42.550921656,-22.456130427000016,0.0],[-42.550895084,-22.456004793999984,0.0],[-42.550571332,-22.455754411999983,0.0],[-42.550680677,-22.455578872,0.0],[-42.550769557999978,-22.455496656999983,0.0],[-42.550834839,-22.455436273,0.0],[-42.550982571,-22.455273258,0.0],[-42.55106154,-22.454748602999988,0.0],[-42.551110982999987,-22.454438569,0.0],[-42.551213923,-22.454088455,0.0],[-42.551211890999987,-22.453480302,0.0],[-42.551416176,-22.453093742,0.0],[-42.551571317,-22.452777134,0.0],[-42.55180662999998,-22.452404491999989,0.0],[-42.552335793999987,-22.451877556999985,0.0],[-42.552735379,-22.451625266,0.0],[-42.553205174000013,-22.451427929000019,0.0],[-42.553552532,-22.451505393,0.0],[-42.554240224999987,-22.451108304999988,0.0],[-42.554611534,-22.451007613,0.0],[-42.554928415,-22.450763701999989,0.0],[-42.555127123,-22.450609243,0.0],[-42.555512437,-22.450309733,0.0],[-42.555836773000017,-22.450273199000016,0.0],[-42.556168555,-22.450216729,0.0],[-42.556578843000011,-22.450210644999984,0.0],[-42.556883306,-22.450202958,0.0],[-42.55728209,-22.450098304,0.0],[-42.557496757,-22.449929365,0.0],[-42.55774921,-22.449697504999975,0.0],[-42.557955105,-22.449496159,0.0],[-42.558212344,-22.449377374,0.0],[-42.558540611999987,-22.449256408,0.0],[-42.559017525,-22.449119666,0.0],[-42.55930201000001,-22.448952219999988,0.0],[-42.559543946,-22.448702344,0.0],[-42.55995678,-22.448478382,0.0],[-42.560290493,-22.448311239,0.0],[-42.560682718000017,-22.448107866,0.0],[-42.560899018,-22.447787237999979,0.0],[-42.561015897,-22.447213737,0.0],[-42.561324171,-22.447108205999985,0.0],[-42.562207259,-22.446901199,0.0],[-42.562545415999978,-22.44678016500001,0.0],[-42.562903582,-22.446687653,0.0],[-42.563094173,-22.446877700000027,0.0],[-42.563238175,-22.446965970000029,0.0],[-42.563487356,-22.447092727,0.0],[-42.56371701,-22.447438127,0.0],[-42.563930086,-22.447765244000021,0.0],[-42.564383520999989,-22.448025424,0.0],[-42.564568941,-22.44807083,0.0],[-42.565547791,-22.448310535,0.0],[-42.565392398,-22.44755381,0.0],[-42.565905146999988,-22.447425962,0.0],[-42.566492729,-22.447653269000011,0.0],[-42.567192548000023,-22.447950061999979,0.0],[-42.567662905,-22.448394042,0.0],[-42.568355956000012,-22.448642102000015,0.0],[-42.568950192,-22.448925659999983,0.0],[-42.569884416,-22.449009516,0.0],[-42.570214262,-22.449063682,0.0],[-42.570478826,-22.449067667,0.0],[-42.570795444999987,-22.449121632000018,0.0],[-42.571202383000013,-22.448959585000015,0.0],[-42.571307867,-22.448486621,0.0],[-42.571504069,-22.448191295000022,0.0],[-42.571835006,-22.447931946,0.0],[-42.572262375,-22.447704689999981,0.0],[-42.572515164,-22.447563220000013,0.0],[-42.572552290000012,-22.447292605999976,0.0],[-42.572453137,-22.446937083,0.0],[-42.572377894,-22.446604518000019,0.0],[-42.572399342,-22.446303538,0.0],[-42.572133734999987,-22.445734598,0.0],[-42.571704925999988,-22.445230993999985,0.0],[-42.571662483999987,-22.444876325,0.0],[-42.571865831,-22.44436717,0.0],[-42.571953531,-22.443984329,0.0],[-42.572232670000012,-22.443310596999986,0.0],[-42.572262873999989,-22.442972085000015,0.0],[-42.572429905,-22.442221340999986,0.0],[-42.572234853,-22.441789049,0.0],[-42.572199724,-22.441479684999983,0.0],[-42.572196474,-22.441200931,0.0],[-42.572365623,-22.441015392,0.0],[-42.572994301999977,-22.440986954999985,0.0],[-42.573264874000017,-22.441041216999977,0.0],[-42.573924341,-22.441091331999985,0.0],[-42.574512981,-22.440791344,0.0],[-42.574872043000013,-22.440646089,0.0],[-42.575206146,-22.440538121999985,0.0],[-42.575682318,-22.440499483999989,0.0],[-42.574979584999987,-22.439824758,0.0],[-42.574709297,-22.43939021700001,0.0],[-42.574662160999978,-22.439057426,0.0],[-42.574669218,-22.438651652,0.0],[-42.574382557999989,-22.438346744999986,0.0],[-42.574299725,-22.43825864,0.0],[-42.573951918000013,-22.438108841999988,0.0],[-42.57309329200001,-22.437976092999989,0.0],[-42.572298463000017,-22.437693986999982,0.0],[-42.57189997,-22.437336847000015,0.0],[-42.571592898000013,-22.436935024,0.0],[-42.571141855,-22.437221582,0.0],[-42.570615266,-22.437239864,0.0],[-42.569727716999978,-22.436744707999988,0.0],[-42.569216579,-22.436466424,0.0],[-42.568906203999987,-22.43605587,0.0],[-42.568697627000013,-22.435825532999981,0.0],[-42.568771021,-22.435499931999981,0.0],[-42.568711598999982,-22.435190201,0.0],[-42.568482233999987,-22.434918388,0.0],[-42.568098206999977,-22.434592375,0.0],[-42.567561265999977,-22.43424636300001,0.0],[-42.566947062,-22.434019411000016,0.0],[-42.566508064000011,-22.43397804000001,0.0],[-42.566044699999978,-22.433995651000011,0.0],[-42.565569611999983,-22.433926988999975,0.0],[-42.565044408000013,-22.433697679,0.0],[-42.565014816999977,-22.433119164999987,0.0],[-42.56480842,-22.432736003,0.0],[-42.564342014000012,-22.432533121,0.0],[-42.563835764000011,-22.432291971,0.0],[-42.563525471,-22.431759547,0.0],[-42.563156919999983,-22.431172432,0.0],[-42.562838359000018,-22.430535473,0.0],[-42.562967195000013,-22.430064289999972,0.0],[-42.563044506,-22.429276641,0.0],[-42.563097285,-22.428527179000017,0.0],[-42.563025167999989,-22.428136832,0.0],[-42.562622523000023,-22.42768365800001,0.0],[-42.561876979000012,-22.427539490000012,0.0],[-42.561266256000017,-22.427318795,0.0],[-42.560717479000012,-22.427589767,0.0],[-42.560247935,-22.427567607000011,0.0],[-42.559859998,-22.427543532,0.0],[-42.559709028,-22.427098475000019,0.0],[-42.559465913,-22.426418373,0.0],[-42.559376485,-22.425972602,0.0],[-42.559219358,-22.425691522,0.0],[-42.558818179000021,-22.425467013,0.0],[-42.558451876999989,-22.425161660999979,0.0],[-42.558177737999983,-22.424640060999973,0.0],[-42.557932689999987,-22.424279676,0.0],[-42.557552563,-22.424136433,0.0],[-42.557292431,-22.424099056,0.0],[-42.556970099,-22.424018934,0.0],[-42.55668226400001,-22.424022939,0.0],[-42.556231528,-22.42397105300001,0.0],[-42.556783251000013,-22.423438234,0.0],[-42.556926712000013,-22.422899940000011,0.0],[-42.557052401999982,-22.422421465,0.0],[-42.557144438,-22.421569976,0.0],[-42.557175459,-22.421186285999987,0.0],[-42.557052849,-22.420785206999987,0.0],[-42.55685179200001,-22.420278354,0.0],[-42.556672234,-22.419955856,0.0],[-42.556128951999987,-22.419793306,0.0],[-42.555850649999989,-22.419588161,0.0],[-42.555792386,-22.419159202999985,0.0],[-42.556418767,-22.418639988999978,0.0],[-42.556658997,-22.417919391000012,0.0],[-42.556830545,-22.416957223999983,0.0],[-42.556969666,-22.416279492999987,0.0],[-42.556915079,-22.416158147,0.0],[-42.556666500000013,-22.416011268,0.0],[-42.556597778,-22.415895962999976,0.0],[-42.556278986999978,-22.415470594999988,0.0],[-42.556155593,-22.415114698,0.0],[-42.555996241999978,-22.414961635999987,0.0],[-42.555871134999983,-22.414703637,0.0],[-42.555551117,-22.414472818,0.0],[-42.555318346,-22.414348774,0.0],[-42.555117182000011,-22.414270404,0.0],[-42.554976141999987,-22.41399709800001,0.0],[-42.555210923,-22.413613102,0.0],[-42.555345836,-22.413273839999981,0.0],[-42.555520263000012,-22.412944399,0.0],[-42.55586201,-22.412691285,0.0],[-42.55639702700001,-22.412429237,0.0],[-42.556530831000011,-22.412190219,0.0],[-42.556796203999987,-22.412032031999964,0.0],[-42.556926443,-22.41180451100001,0.0],[-42.557236714999988,-22.411666085999986,0.0],[-42.557476623,-22.411701016999981,0.0],[-42.557850296999987,-22.411891155999982,0.0],[-42.55815567,-22.412015691,0.0],[-42.558752064,-22.41195091,0.0],[-42.558894307,-22.411759345000014,0.0],[-42.558711985,-22.41140605999998,0.0],[-42.55839996200001,-22.410930418,0.0],[-42.558614358,-22.41071521500001,0.0],[-42.558670207999988,-22.410390734999986,0.0],[-42.55852826400001,-22.409948178,0.0],[-42.558644722,-22.409578595,0.0],[-42.558313145,-22.409250727,0.0],[-42.557991004,-22.408950674000018,0.0],[-42.55786755,-22.408635175,0.0],[-42.557893514,-22.408285036999985,0.0],[-42.557912764,-22.408123588,0.0],[-42.55783948800002,-22.407970588000012,0.0],[-42.55762387,-22.407819737,0.0],[-42.557478577,-22.407564507,0.0],[-42.557408451,-22.407405264,0.0],[-42.55716067800001,-22.407213203,0.0],[-42.557010882,-22.406977429,0.0],[-42.556871228,-22.406609174,0.0],[-42.556835672000012,-22.406342045999988,0.0],[-42.55654925,-22.406043946,0.0],[-42.556407687,-22.405800763000013,0.0],[-42.556324134,-22.405483132,0.0],[-42.556021912000013,-22.405162195,0.0],[-42.555400811,-22.40500968,0.0],[-42.555743199000013,-22.404886807,0.0],[-42.556037652,-22.404725545,0.0],[-42.556465901,-22.404325265,0.0],[-42.557093849999987,-22.404086187,0.0],[-42.557412070000012,-22.403955411,0.0],[-42.557658059999987,-22.403785881,0.0],[-42.558020327000023,-22.403452393,0.0],[-42.55787514,-22.40295305,0.0],[-42.558126137,-22.40235567,0.0],[-42.558289763,-22.402075259000011,0.0],[-42.55825556700001,-22.401580343000013,0.0],[-42.557975864,-22.400898186,0.0],[-42.557749304999987,-22.400455879999978,0.0],[-42.557456343000013,-22.399811888,0.0],[-42.557110304,-22.399438854000024,0.0],[-42.556954522999987,-22.399082467999985,0.0],[-42.556919819,-22.398383157000016,0.0],[-42.556910417,-22.397749649,0.0],[-42.556578010000017,-22.397092759999989,0.0],[-42.556597261,-22.396854561,0.0],[-42.556672326000012,-22.39669038400001,0.0],[-42.55681184,-22.396587036999986,0.0],[-42.557056894,-22.396470221000012,0.0],[-42.557100546,-22.396290099,0.0],[-42.556854106,-22.396022735,0.0],[-42.556611846,-22.395749627,0.0],[-42.556282672,-22.395485995,0.0],[-42.556130993,-22.395220884,0.0],[-42.555828922999972,-22.394892417,0.0],[-42.555688030000013,-22.394611582,0.0],[-42.554874409999989,-22.393918370999977,0.0],[-42.554445359999981,-22.393548863,0.0],[-42.555026191,-22.393327137,0.0],[-42.555311550999988,-22.392946868,0.0],[-42.554700161999982,-22.392538212,0.0],[-42.554375833999977,-22.392176626000019,0.0],[-42.554162317,-22.391997306,0.0],[-42.553849789,-22.391804264,0.0],[-42.55367861900001,-22.39140244899998,0.0],[-42.553327830999983,-22.390844741,0.0],[-42.553015225999978,-22.390569424,0.0],[-42.552548951000013,-22.389790831,0.0],[-42.552430889999989,-22.389195354999988,0.0],[-42.552278035,-22.388860959,0.0],[-42.552029825,-22.388685011,0.0],[-42.55183838100001,-22.388288534,0.0],[-42.551802062,-22.387968940000011,0.0],[-42.551765816,-22.387728549,0.0],[-42.551736189,-22.387398903,0.0],[-42.551462387000022,-22.387102107999986,0.0],[-42.55116194,-22.386888468999985,0.0],[-42.551075631,-22.386530482000026,0.0],[-42.551171511,-22.386091711999988,0.0],[-42.551436834,-22.385741701999976,0.0],[-42.551662266,-22.385506226,0.0],[-42.551790952,-22.384954707,0.0],[-42.551832529,-22.384421967,0.0],[-42.552264266000023,-22.384359206999989,0.0],[-42.55260562,-22.384215227,0.0],[-42.552770734000013,-22.384036945999981,0.0],[-42.553028742000023,-22.383641625999985,0.0],[-42.553308273999981,-22.383404814,0.0],[-42.553564434000023,-22.383114921000011,0.0],[-42.553542107000013,-22.382742238999985,0.0],[-42.553610129,-22.382354824999986,0.0],[-42.553665579,-22.382019919,0.0],[-42.553861057,-22.381840498,0.0],[-42.554136414,-22.381669388999985,0.0],[-42.554325172000013,-22.381463155999985,0.0],[-42.554289378,-22.381241226,0.0],[-42.55412353900001,-22.380960636999976,0.0],[-42.553899549,-22.380584357,0.0],[-42.55378655900001,-22.380448115,0.0],[-42.553676241000012,-22.380315095,0.0],[-42.553221954000023,-22.380124121,0.0],[-42.552887003,-22.379838584000012,0.0],[-42.55258645,-22.379656487999988,0.0],[-42.552493109,-22.37950666,0.0],[-42.552470748,-22.379103154,0.0],[-42.552449214999989,-22.379078931,0.0],[-42.552412446000012,-22.379037570000019,0.0],[-42.552392823,-22.379015498,0.0],[-42.552178723,-22.378774662,0.0],[-42.552274329999989,-22.378203014999986,0.0],[-42.552960979999988,-22.377837007,0.0],[-42.552980927,-22.377826374,0.0],[-42.553083156000021,-22.377803119,0.0],[-42.553157742999979,-22.377786151999988,0.0],[-42.553782396,-22.377644056,0.0],[-42.554700865,-22.37752348999998,0.0],[-42.55542472299998,-22.377562829999988,0.0],[-42.555733935000013,-22.37762475900001,0.0],[-42.556307658,-22.377794186,0.0],[-42.556783892999988,-22.377801559999984,0.0],[-42.557250071,-22.37788502199998,0.0],[-42.557628029,-22.377872470999968,0.0],[-42.557707231999977,-22.377708909000013,0.0],[-42.557738571000023,-22.377458565,0.0],[-42.557681863999989,-22.377061527,0.0],[-42.557585969,-22.376494309,0.0],[-42.557549377,-22.376162346000012,0.0],[-42.557340481999987,-22.376025975,0.0],[-42.55707690700001,-22.375853906999989,0.0],[-42.556806341000012,-22.375578648,0.0],[-42.556348229000015,-22.375375881000014,0.0],[-42.555884519000024,-22.375029908,0.0],[-42.55578965199998,-22.374772485999987,0.0],[-42.555581236,-22.374309731,0.0],[-42.555440176,-22.373913875999982,0.0],[-42.555211993,-22.37365635,0.0],[-42.554809778,-22.373499619,0.0],[-42.555042820999986,-22.373108640999984,0.0],[-42.555366996,-22.372719963000023,0.0],[-42.555757273999987,-22.372332281000023,0.0],[-42.556042427,-22.371906113,0.0],[-42.556403896,-22.371653288000015,0.0],[-42.556725056999987,-22.371436751,0.0],[-42.55640313,-22.370939914,0.0],[-42.55617943,-22.370479010999986,0.0],[-42.556126448999969,-22.369909691000014,0.0],[-42.556088959,-22.369482733999988,0.0],[-42.556272348,-22.36905491,0.0],[-42.556478447000018,-22.368847112,0.0],[-42.556896111000022,-22.368582247,0.0],[-42.557489665,-22.368448091,0.0],[-42.558014571,-22.368341331000025,0.0],[-42.558311092,-22.367697094,0.0],[-42.558613408,-22.36716945,0.0],[-42.558962528,-22.366654970000017,0.0],[-42.55922647700001,-22.366380246000013,0.0],[-42.559564346,-22.366046377,0.0],[-42.559780633,-22.365718205000011,0.0],[-42.560039894999989,-22.365247563,0.0],[-42.560216222,-22.364888658000019,0.0],[-42.560391368,-22.364597528,0.0],[-42.560500427,-22.364380727,0.0],[-42.560780825,-22.364091183999982,0.0],[-42.561387926,-22.364107867,0.0],[-42.56178452000001,-22.364121377,0.0],[-42.562158923999988,-22.364014029999982,0.0],[-42.562781354000023,-22.363865594,0.0],[-42.562680946,-22.363556596,0.0],[-42.562336983,-22.363090203000013,0.0],[-42.561955617999978,-22.362684710999986,0.0],[-42.561708508000017,-22.36244729800001,0.0],[-42.561551576,-22.362151859,0.0],[-42.561534895,-22.361714717,0.0],[-42.561390955,-22.361319187,0.0],[-42.56196754,-22.36151785600001,0.0],[-42.562213703999987,-22.361532456,0.0],[-42.562428432,-22.3613512,0.0],[-42.563080565,-22.360849155000022,0.0],[-42.563415658,-22.360673419,0.0],[-42.563689283,-22.36032473800001,0.0],[-42.564029403000013,-22.359776385,0.0],[-42.564366097999986,-22.359424770999983,0.0],[-42.564752889999987,-22.359233800999988,0.0],[-42.565218143000017,-22.359093208,0.0],[-42.566030482999977,-22.359178612,0.0],[-42.566066234999987,-22.359182369999989,0.0],[-42.566501832,-22.359235934,0.0],[-42.566934696,-22.359379364,0.0],[-42.567472559000016,-22.359462696000012,0.0],[-42.567841089999988,-22.359527242,0.0],[-42.568114791,-22.359621747,0.0],[-42.568610361,-22.359531269,0.0],[-42.569406846,-22.35926687,0.0],[-42.569922479000013,-22.359053825,0.0],[-42.570428586999981,-22.359013823999973,0.0],[-42.570814702,-22.359036342,0.0],[-42.571257528,-22.359094199,0.0],[-42.571834196999987,-22.35933590499998,0.0],[-42.572477871,-22.359537856999989,0.0],[-42.57304892299998,-22.359492439999986,0.0],[-42.573586797,-22.359345472,0.0],[-42.573976535,-22.359159019,0.0],[-42.57419539,-22.358978364999974,0.0],[-42.574677305,-22.358659521999989,0.0],[-42.574975730999988,-22.358555305999985,0.0],[-42.575219219,-22.35856079400001,0.0],[-42.575783406,-22.358329362,0.0],[-42.576505588000011,-22.358165768,0.0],[-42.576805799,-22.358132599,0.0],[-42.577100389,-22.35795622600001,0.0],[-42.577522414,-22.357866068,0.0],[-42.578140577999989,-22.357984009,0.0],[-42.578394475,-22.358050922,0.0],[-42.579268469,-22.357901849,0.0],[-42.579671827,-22.357708462,0.0],[-42.580119200000013,-22.357643982,0.0],[-42.580513411000013,-22.357276619,0.0],[-42.580954376,-22.357064763,0.0],[-42.581249579000016,-22.357002137999981,0.0],[-42.581566546999987,-22.356864742999985,0.0],[-42.581910473,-22.35672775,0.0],[-42.582234444,-22.356564136,0.0],[-42.58261756200001,-22.356419205,0.0],[-42.58286906,-22.356390919999981,0.0]]]}}
]
}
